PathFileType	4	(X/Y/Z)	C:\Users\adpatrick\OneDrive - nih.no\Desktop\WebApp1080sync\WebAppv0.1\fp22_m505_left 2_Sports2D\fp22_m505_left 2_Sports2D_m_person00.trc
DataRate	CameraRate	NumFrames	NumMarkers	Units	OrigDataRate	OrigDataStartFrame	OrigNumFrames
60	60	869	22	m	60	0	869
Frame#	Time	Hip			RHip			RKnee			RAnkle			RBigToe			RSmallToe			RHeel			LHip			LKnee			LAnkle			LBigToe			LSmallToe			LHeel			Neck			Head			Nose			RShoulder			RElbow			RWrist			LShoulder			LElbow			LWrist		
		X1	Y1	Z1	X2	Y2	Z2	X3	Y3	Z3	X4	Y4	Z4	X5	Y5	Z5	X6	Y6	Z6	X7	Y7	Z7	X8	Y8	Z8	X9	Y9	Z9	X10	Y10	Z10	X11	Y11	Z11	X12	Y12	Z12	X13	Y13	Z13	X14	Y14	Z14	X15	Y15	Z15	X16	Y16	Z16	X17	Y17	Z17	X18	Y18	Z18	X19	Y19	Z19	X20	Y20	Z20	X21	Y21	Z21	X22	Y22	Z22
0	0.0	0.7292203734692868	0.8325764158955035	0.0301	0.6049552221184062	0.8361899800543475	0.0301	0.5054918206898378	0.34379296984797475	0.0179	0.38644187411237285	-0.1490640850525001	0.023	0.5069653869967887	-0.2703516284422216	0.2179	0.42235596301388006	-0.2854423159609422	0.1804	0.3362089762907995	-0.23520799333965522	-0.0119	0.8206639765004643	0.834743806684082	-0.0301	0.9943264235028569	0.4010903801130059	-0.0179	1.0191344267154612	-0.09489961825131263	0.023	1.1976492794779994	-0.18212675676899417	0.2179	1.210559388947981	-0.17528579484341925	0.1804	0.9755736978741625	-0.1873961200694652	-0.0119	0.884537802209963	1.4504333962265012	-0.0008	1.0738258206037843	1.7358683361720402	0.0655	1.0657436769393827	1.5266134250472339	0.1076	0.6378738905157594	1.3792716746997145	-0.01275	0.5351583685602028	1.024007354123545	0.0119	0.6467580660523237	0.726100241874933	0.0002	1.0115697476222318	1.3293137792729535	0.01275	1.0387396892866132	1.0097824885246425	-0.0119	1.123280588257405	0.7504166041486835	-0.0002
1	0.016666666666666666	0.7303449813027287	0.835516430178523	0.0301	0.6048416725310612	0.8392896748181454	0.0301	0.5087265985607617	0.34245498995685586	0.0179	0.38655015899509165	-0.15137998760815202	0.023	0.5090963862204805	-0.26898052365083597	0.2179	0.4252036574581283	-0.2852135472103748	0.1804	0.3378994849111914	-0.23416024851069805	-0.0119	0.8215991603398985	0.8374663287339424	-0.0301	0.9936080934238124	0.40143581610538026	-0.0179	1.0189559115358033	-0.09747911566995784	0.023	1.1940878904327057	-0.19336958306648597	0.2179	1.2070007232161708	-0.18009278272676088	0.1804	0.9781774294963048	-0.18486520211089133	-0.0119	0.8827013361932764	1.44957519414524	-0.0008	1.0749721200728972	1.729909983118139	0.0655	1.0652696115582974	1.522649640964512	0.1076	0.637243452062671	1.3779199247069178	-0.01275	0.5345506804885666	1.0230963339806118	0.0119	0.6433193132893799	0.7261540465487224	0.0002	1.0106244750907905	1.3297602961077977	0.01275	1.0386995673644408	1.0089963532291077	-0.0119	1.1277786898966304	0.7504813424263023	-0.0002
2	0.03333333333333333	0.7312206847984906	0.8378200271238476	0.0301	0.6048195176820337	0.8416714427954702	0.0301	0.5111880033889302	0.34150124461949116	0.0179	0.3867003853968524	-0.15301242891704586	0.023	0.510849815902156	-0.2678639832408045	0.2179	0.427146741854866	-0.28493832461957097	0.1804	0.3390962630360936	-0.23328157350197123	-0.0119	0.8223205077001066	0.8397316690208647	-0.0301	0.993043711978453	0.40169385045816125	-0.0179	1.0188900389698157	-0.09915189878376753	0.023	1.1914223727256632	-0.20183118534973132	0.2179	1.2044497611028453	-0.18362312303649506	0.1804	0.9799771594825668	-0.18303446702358814	-0.0119	0.8813704219178236	1.449075166479079	-0.0008	1.0762134869615119	1.7252046980817104	0.0655	1.0650165844266213	1.5193599952326604	0.1076	0.6366827751589771	1.376823584804075	-0.01275	0.5340665304262254	1.0225320190673537	0.0119	0.6406873257151627	0.7262229134950664	0.0002	1.0099745959440634	1.3301673180408529	0.01275	1.0386459327605353	1.0083879392632793	-0.0119	1.1312164202635189	0.7505097832056518	-0.0002
3	0.05	0.7317163736086552	0.8391128630257839	0.0301	0.604856744053413	0.8431146827107725	0.0301	0.5126463299558182	0.34111020507672113	0.0179	0.3869239785839823	-0.15377751553408167	0.023	0.5120239634716657	-0.2670660308974613	0.2179	0.4279531222491123	-0.2846821119738269	0.1804	0.339741513908757	-0.23270421517314177	-0.0119	0.8227568396088003	0.8413570739369242	-0.0301	0.9926648039767122	0.4018921064314329	-0.0179	1.0191099814189983	-0.09969001168471726	0.023	1.1899139997708124	-0.20649290801622272	0.2179	1.2031270893651764	-0.18542069241216952	0.1804	0.9807815772765852	-0.18209793359448975	-0.0119	0.8807385663356205	1.448954444015681	-0.0008	1.0774495360575143	1.7221156056425124	0.0655	1.065000917533295	1.5167355484707192	0.1076	0.6362402794088179	1.3761376595171764	-0.01275	0.5336336299357565	1.0223906711520305	0.0119	0.6391224507613382	0.7264167172356243	0.0002	1.0098708677856534	1.3305328019517584	0.01275	1.03858713690232	1.0080575809388395	-0.0119	1.1332829523886032	0.7505540927666878	-0.0002
4	0.06666666666666667	0.7318788589470474	0.8395211827380559	0.0301	0.6048692161131956	0.8439631007179045	0.0301	0.5133800320112213	0.341238178553073	0.0179	0.38720007156363206	-0.1539339973849348	0.023	0.5126458960731376	-0.26652091934890987	0.2179	0.4280804575123323	-0.28457313081035446	0.1804	0.3401028006347926	-0.2324783768599647	-0.0119	0.8230413979119199	0.842599708006021	-0.0301	0.9924183070781928	0.40219774329006497	-0.0179	1.0196787562900989	-0.09942641405149433	0.023	1.18931814248723	-0.20824255421834084	0.2179	1.2025871760174058	-0.18594086541042826	0.1804	0.9809460769600166	-0.18161324145494448	-0.0119	0.8805787663598247	1.4489426458079864	-0.0008	1.0785119400073333	1.7201717250272346	0.0655	1.0650659264509432	1.5143998179544171	0.1076	0.6359222316790151	1.375878722763235	-0.01275	0.5330935645724612	1.0224844843231782	0.0119	0.6384006763016054	0.7268554186006206	0.0002	1.010360360795305	1.3308622370815213	0.01275	1.0385839830256363	1.0080528702654803	-0.0119	1.1344117886429181	0.7506401344756888	-0.0002
5	0.08333333333333333	0.7318098854865315	0.8395264294379067	0.0301	0.6048097275665847	0.8445942383154027	0.0301	0.5136977252177143	0.3417592396904084	0.0179	0.3874554935921475	-0.15376829924634786	0.023	0.5128205843078232	-0.2662155906666462	0.2179	0.4280212783682645	-0.28463240934427547	0.1804	0.3404067457937011	-0.23252832504230012	-0.0119	0.8233769628827258	0.843792591286811	-0.0301	0.9922673950829072	0.402729713863458	-0.0179	1.0204020554769124	-0.09869279451348585	0.023	1.1894277019268347	-0.20845369044603898	0.2179	1.2024830671666158	-0.18584885024789902	0.1804	0.9808535255644181	-0.18100987089115753	-0.0119	0.8805691340657806	1.448798313662977	-0.0008	1.0794198729726545	1.7188768576602227	0.0655	1.0651248778280742	1.5123251557519384	0.1076	0.635710834549735	1.3759475276306607	-0.01275	0.5324210931127827	1.022615704560105	0.0119	0.6381642339908067	0.7275060145214877	0.0002	1.0112404894849807	1.331147103461253	0.01275	1.0387217573173662	1.0083827640947847	-0.0119	1.1350416957032081	0.7506465076571602	-0.0002
6	0.1	0.7315244666365787	0.8394709432343848	0.0301	0.604643927881049	0.8449258898765839	0.0301	0.5137124673746049	0.3425380350382792	0.0179	0.38765536474720835	-0.15339169529302943	0.023	0.5125893423745118	-0.26619415658796414	0.2179	0.42780843956615355	-0.2847279832866758	0.1804	0.3407446853998095	-0.2326804757288083	-0.0119	0.8238654666062237	0.8448412033419016	-0.0301	0.9922459438298978	0.403381886859181	-0.0179	1.02096760953712	-0.09769267317523127	0.023	1.1902029553852524	-0.20782876490045857	0.2179	1.20286787489882	-0.1853857547729326	0.1804	0.980615729311877	-0.1801404919014167	-0.0119	0.8806326328933425	1.4484907203194455	-0.0008	1.0803154629297718	1.718130070269077	0.0655	1.0653287027184268	1.51089850211709	0.1076	0.6355908120219066	1.376158220381541	-0.01275	0.531753565947204	1.0226961139592565	0.0119	0.6380951244613519	0.7281657969407588	0.0002	1.012255187569297	1.3313439483652312	0.01275	1.0390650963256967	1.0089537909930837	-0.0119	1.1351217060919943	0.7503711337918556	-0.0002
7	0.11666666666666667	0.7310358187712425	0.839361963605838	0.0301	0.6043486147437088	0.8446800756727046	0.0301	0.5135744280385398	0.34334289227211656	0.0179	0.38786236853530914	-0.15288773646443252	0.023	0.5120748017699366	-0.2664090391264218	0.2179	0.4273496764798527	-0.2846882570630068	0.1804	0.34119091126292456	-0.23273217242042124	-0.0119	0.824494262277672	0.8454011426055267	-0.0301	0.9924242370534935	0.40391984576756207	-0.0179	1.0211758112855913	-0.09672960877927479	0.023	1.1914209692006605	-0.20674779544316801	0.2179	1.2037042461226264	-0.18456833710610834	0.1804	0.9802061397361591	-0.17923701549785537	-0.0119	0.8808142275180334	1.448118579772109	-0.0008	1.081193560290762	1.7178657678542253	0.0655	1.0658490703165497	1.5103726523741627	0.1076	0.63550970553975	1.3763114380463757	-0.01275	0.5312590429792137	1.0226601356987841	0.0119	0.63792179102571	0.728636614296658	0.0002	1.0132494754218324	1.33135209039706	0.01275	1.0396165232661558	1.0095708579887035	-0.0119	1.1345370671551043	0.7497463441109894	-0.0002
8	0.13333333333333333	0.7304934090347595	0.8391402177594314	0.0301	0.6039806661184194	0.8439387888802551	0.0301	0.513566693367597	0.34386716652196	0.0179	0.38814820403509054	-0.15242938533440878	0.023	0.5115825099127058	-0.2666976302949481	0.2179	0.42691223231025505	-0.2844362411017132	0.1804	0.3417830087886541	-0.23254881359145607	-0.0119	0.825170975348907	0.8453983680622931	-0.0301	0.9928046599498069	0.4042039819733065	-0.0179	1.0210056446483495	-0.09614180175707855	0.023	1.1925493672209826	-0.2058895558665816	0.2179	1.2045480128029258	-0.18364969117862032	0.1804	0.9796609328428805	-0.17858564804799912	-0.0119	0.8810519165338759	1.4477741461338691	-0.0008	1.0819064981479423	1.7177954847129773	0.0655	1.0665600558739383	1.5105302628031303	0.1076	0.6353702087121669	1.3763259042537719	-0.01275	0.5310691713015776	1.0224883779209253	0.0119	0.6374426175562155	0.7288810567834852	0.0002	1.0141080396626472	1.331103048280562	0.01275	1.0402563398465023	1.0100228244580565	-0.0119	1.1336284090680504	0.748937546417667	-0.0002
9	0.15	0.7301172646085518	0.8388574680199661	0.0301	0.6037040593209393	0.8430671025284685	0.0301	0.5137991660703122	0.34395089671507295	0.0179	0.38848751076350335	-0.15216984281070756	0.023	0.511356049953521	-0.2669401481921	0.2179	0.4268868877847337	-0.28406642187747877	0.1804	0.34238517246790867	-0.23219255324355864	-0.0119	0.8257461138801647	0.8450336587936882	-0.0301	0.9932716058873879	0.4042400896509548	-0.0179	1.0205832448736587	-0.09599365449854486	0.023	1.1932155403794087	-0.20568662750268601	0.2179	1.205031090061818	-0.18296617223191217	0.1804	0.9790980391405953	-0.17839301355688517	-0.0119	0.8813076938777855	1.4475280922372071	-0.0008	1.0823590474786424	1.7177568511223835	0.0655	1.0671363113879138	1.5110077379482934	0.1076	0.635154413748317	1.3762547260465405	-0.01275	0.5313017621374948	1.0222691331484177	0.0119	0.636592387504248	0.7289592747771784	0.0002	1.0147018069779221	1.3306700618824343	0.01275	1.0407907050117762	1.010169946001803	-0.0119	1.132823399858345	0.7481930225495651	-0.0002
10	0.16666666666666666	0.7300408924772059	0.8385518658577578	0.0301	0.603684491303064	0.8423223003325667	0.0301	0.5140539926104356	0.343703485380034	0.0179	0.38875672648065834	-0.1521566947132323	0.023	0.5114155752749007	-0.2671355765673463	0.2179	0.42732192281154824	-0.2838250648548942	0.1804	0.34276515265348023	-0.23192759810352495	-0.0119	0.8260993669514873	0.8444835829388018	-0.0301	0.9937034143023775	0.40407649096085807	-0.0179	1.0201288608719898	-0.0960856436480399	0.023	1.1935098239612976	-0.20576161139458415	0.2179	1.2052394524083858	-0.18257833855366076	0.1804	0.9786575276304699	-0.1787388390609204	-0.0119	0.8817719886370022	1.4474400914940833	-0.0008	1.0825501706085767	1.7179274043913688	0.0655	1.0674794471841687	1.511766172110691	0.1076	0.6350585818211134	1.3761857984588997	-0.01275	0.5320062513589824	1.022098692309766	0.0119	0.6354181897970339	0.7289161342950174	0.0002	1.0149885510567556	1.3302666158848997	0.01275	1.0411236492136284	1.0099978280102033	-0.0119	1.1320861392758914	0.7475712954500551	-0.0002
11	0.18333333333333332	0.7302727973155689	0.8381691668541555	0.0301	0.6039325711844283	0.8418587167723061	0.0301	0.5141259852238863	0.3433666046150314	0.0179	0.3888225661136532	-0.15241396214985597	0.023	0.5117044014919948	-0.2672966994079865	0.2179	0.42801996200606135	-0.2839411581952202	0.1804	0.342844478938576	-0.23197911871082233	-0.0119	0.8262208296482423	0.8438975571136369	-0.0301	0.9941257885321355	0.40374884045150766	-0.0179	1.0198152138929322	-0.09631024703614488	0.023	1.1935547354145908	-0.20571244386128404	0.2179	1.2052830828947694	-0.18250884918598947	0.1804	0.9784435934128186	-0.17945332018164886	-0.0119	0.8826665879285924	1.4474990035589788	-0.0008	1.0824879513779375	1.7184783912064745	0.0655	1.0678396793800353	1.513031676626495	0.1076	0.6353932079430555	1.3761815878029284	-0.01275	0.5330923606258664	1.0219961863438578	0.0119	0.6339858927233548	0.7287873365408692	0.0002	1.0150776090938396	1.3301166159409619	0.01275	1.0413061313419731	1.0095743845232172	-0.0119	1.1312388839078635	0.7468146235329748	-0.0002
12	0.2	0.7307122963572692	0.8376436073096124	0.0301	0.6042528040493385	0.8417974312451855	0.0301	0.5141315771030857	0.3430526282092333	0.0179	0.38865541385435803	-0.15293321665616658	0.023	0.5121728224704476	-0.2674007055298627	0.2179	0.42884800969037173	-0.2844054504995327	0.1804	0.3427334537840963	-0.23227785172974838	-0.0119	0.8261904669243277	0.843436894068078	-0.0301	0.9946780041396076	0.4032714993757035	-0.0179	1.0196478446372905	-0.09678576750345874	0.023	1.193169889944514	-0.20591024136874744	0.2179	1.2049430646449428	-0.18306217865744379	0.1804	0.9784826261289926	-0.1801313948383201	-0.0119	0.8839205852747575	1.447630511613148	-0.0008	1.0821350638951361	1.7193396661164464	0.0655	1.0684748010143332	1.5148900060973163	0.1076	0.6363078774564893	1.3762655193266449	-0.01275	0.5343488919859467	1.021978333095546	0.0119	0.6324009024235989	0.7286109721728047	0.0002	1.0151436198792116	1.3302455948170957	0.01275	1.0414095180675527	1.0090115955330796	-0.0119	1.1305173443156737	0.745611654240872	-0.0002
13	0.21666666666666667	0.7311329114567501	0.8369403809812039	0.0301	0.6043480038319123	0.842000741596181	0.0301	0.5142687481385319	0.34266679753461227	0.0179	0.38833263080454644	-0.15351722101150253	0.023	0.5127122665112122	-0.26747715732383714	0.2179	0.42968740263994515	-0.2849456883869365	0.1804	0.3425225772186546	-0.23252500740931564	-0.0119	0.8260956040124952	0.8430638307926104	-0.0301	0.9953992746168535	0.40262675170006323	-0.0179	1.0195452131425697	-0.09756742307015728	0.023	1.19226437766952	-0.20681691045398562	0.2179	1.2040902088561019	-0.18439946391432432	0.1804	0.9787410300084569	-0.1804718030244088	-0.0119	0.8852576820981757	1.4477845348365241	-0.0008	1.081527061935778	1.720427960720103	0.0655	1.0694344233583504	1.5170886889398008	0.1076	0.6376998319783178	1.3764260855632426	-0.01275	0.5355143768592837	1.022172008548153	0.0119	0.6308692709253321	0.7284155959622144	0.0002	1.0153271011261746	1.33044290660666	0.01275	1.0414428434646992	1.0085144523032166	-0.0119	1.1302714389870179	0.743993175705919	-0.0002
14	0.23333333333333334	0.7313263051131026	0.8360662154705324	0.0301	0.6040536327509355	0.8420804180849891	0.0301	0.5144792769711385	0.34214677901949625	0.0179	0.3879363723503868	-0.15386469450606094	0.023	0.5131550220005485	-0.26760563690017025	0.2179	0.43029760707157716	-0.28521128918464456	0.1804	0.3422230876079966	-0.23245830032549136	-0.0119	0.8259870854590418	0.8425364039500479	-0.0301	0.9961387872593966	0.40184208838788044	-0.0179	1.0194804596882283	-0.09843792353203211	0.023	1.1911621032290232	-0.20814731307866705	0.2179	1.2030373762750053	-0.18610780029296808	0.1804	0.9791643972293418	-0.18055407764143414	-0.0119	0.8864814978165176	1.4479641928405629	-0.0008	1.0809127993269698	1.721723626341703	0.0655	1.0706807994803105	1.5191450818605114	0.1076	0.6393322616918032	1.376605726583608	-0.01275	0.5363723452642891	1.0227043426767382	0.0119	0.6295977920601267	0.7281794149730941	0.0002	1.0157239011912105	1.3304357367622877	0.01275	1.041386551600565	1.0083125397478223	-0.0119	1.1303656337142969	0.7423419778304886	-0.0002
15	0.25	0.7313947668627316	0.8351499997115697	0.0301	0.6035567163999547	0.8418862450698256	0.0301	0.5145991121839063	0.3416271108463273	0.0179	0.38754263112497517	-0.15386300122286176	0.023	0.5133688549632772	-0.2677693438802841	0.2179	0.4304890488359334	-0.2849652398892744	0.1804	0.34193807364354517	-0.23202220896634124	-0.0119	0.8259102484866582	0.8417797219296443	-0.0301	0.9967397618288987	0.4011400648214395	-0.0179	1.0194489779633003	-0.09908174867846094	0.023	1.1902586348182036	-0.20938640951770507	0.2179	1.2021704873651375	-0.18760041736012115	0.1804	0.9796299693920589	-0.18060488565180635	-0.0119	0.8874518418351526	1.448191856378783	-0.0008	1.0805771779955418	1.7229781785104255	0.0655	1.072079992749398	1.5205789268103127	0.1076	0.6409196970012486	1.3766878571068781	-0.01275	0.5368169755155305	1.0234352167045555	0.0119	0.6286480590888495	0.7277345395724735	0.0002	1.016383409309963	1.3300129434978685	0.01275	1.0412123228086618	1.0084652953680575	-0.0119	1.130378505145914	0.7410501136950023	-0.0002
16	0.26666666666666666	0.7316987399336451	0.834479678144924	0.0301	0.603309267903395	0.8417301506349552	0.0301	0.5146350890111615	0.34125660870050345	0.0179	0.3872848807947067	-0.15362034432600136	0.023	0.513359970077967	-0.2678193292674118	0.2179	0.4303759095946193	-0.28421529163703935	0.1804	0.3418669923063303	-0.23137741276933507	-0.0119	0.8259274253196491	0.8410801889074241	-0.0301	0.9971817821715124	0.40090847903902327	-0.0179	1.0193729982103275	-0.09933393016827544	0.023	1.1896799279645467	-0.21053885389650948	0.2179	1.2015709577257774	-0.18863081691558242	0.1804	0.9799119880510082	-0.18061581023706472	-0.0119	0.8879499066757464	1.4484399757313804	-0.0008	1.0805978285017235	1.7236805269809683	0.0655	1.073313968696014	1.521107978924475	0.1076	0.6422019724467508	1.3765673168795434	-0.01275	0.53684930674903	1.0240159992950963	0.0119	0.6279244006147501	0.7268412686905223	0.0002	1.017270460825657	1.3290915337168163	0.01275	1.0408984332140854	1.0088078017522393	-0.0119	1.1301727390930083	0.7402611785336339	-0.0002
17	0.2833333333333333	0.7324040639616718	0.8343777641791973	0.0301	0.6036393298760583	0.8419332604827686	0.0301	0.5146863633467049	0.341038983441222	0.0179	0.3873060981522465	-0.15327933231837287	0.023	0.5132319836672602	-0.2676443201951222	0.2179	0.43023881950020304	-0.2832465105827074	0.1804	0.342086527039745	-0.23073573139342765	-0.0119	0.826080131743356	0.8408086514470293	-0.0301	0.9974760357181046	0.4013585254133349	-0.0179	1.0191711454367027	-0.09923077233446255	0.023	1.189451697957338	-0.21182694220734846	0.2179	1.2011914298344226	-0.18923120157515108	0.1804	0.9798716478054901	-0.18042601501838895	-0.0119	0.8878976725981259	1.448640866391665	-0.0008	1.0808908033700353	1.7235254805219458	0.0655	1.0741396734163222	1.5208304630424139	0.1076	0.6430621049066285	1.376241201406158	-0.01275	0.5365673792603081	1.0242640494158082	0.0119	0.627237984941373	0.7254806794622213	0.0002	1.018283586862553	1.3278055150997583	0.01275	1.0405274134776161	1.00906558647991	-0.0119	1.1298682785819198	0.7398689488205628	-0.0002
18	0.3	0.7333240137755529	0.8349753691464736	0.0301	0.6045006228758801	0.8424443166215959	0.0301	0.514770556290916	0.3409009006259143	0.0179	0.38764707620153593	-0.15299932005352251	0.023	0.5130749192961859	-0.26729197990655235	0.2179	0.4301984017204946	-0.28246310680833553	0.1804	0.34250002863675333	-0.2302015361089076	-0.0119	0.8263778616094738	0.8410655336805933	-0.0301	0.9975831407026824	0.4022543060489818	-0.0179	1.018911765160206	-0.0989401491678406	0.023	1.1896693203624926	-0.21314085368354138	0.2179	1.2010523633950978	-0.18945361840065272	0.1804	0.979660394591041	-0.18005028139318258	-0.0119	0.8875960490277708	1.4488042630982283	-0.0008	1.0812909706929672	1.7227714962123897	0.0655	1.0746027948374595	1.5202768279538685	0.1076	0.6435521043651649	1.3757912135684636	-0.01275	0.5361576109457941	1.0242665613166417	0.0119	0.6263999570488793	0.7239461479799755	0.0002	1.0193377479649977	1.326502674720038	0.01275	1.0403031025573841	1.0089838578913457	-0.0119	1.1295087030857036	0.7396560380703351	-0.0002
19	0.31666666666666665	0.7342192410751309	0.8360725437560723	0.0301	0.6056037109465068	0.843060734950268	0.0301	0.5148486982862339	0.3407359570465691	0.0179	0.38820187596177674	-0.15298580087806807	0.023	0.5130223755399317	-0.2669185416933828	0.2179	0.4303030943311205	-0.2821720719312768	0.1804	0.34292691748996296	-0.22982064982093175	-0.0119	0.8267941446139131	0.8416989928098176	-0.0301	0.9975096616359642	0.40310643764273646	-0.0179	1.0187853343598894	-0.09869696569463889	0.023	1.1903350087983682	-0.21417793302821767	0.2179	1.2011006520653882	-0.1893536089772906	0.1804	0.9795398373104979	-0.1796739273965416	-0.0119	0.8874889902720755	1.4490110969947194	-0.0008	1.0815489770661295	1.7220205891140363	0.0655	1.0748598140365049	1.5200783129106985	0.1076	0.6438383723720159	1.3753009707949797	-0.01275	0.5358138702642604	1.024147108783784	0.0119	0.6253488782040196	0.7226114903928652	0.0002	1.02039970843662	1.3255682404257028	0.01275	1.0403809208580226	1.0084700437309666	-0.0119	1.1290638891384641	0.7394749592872466	-0.0002
20	0.3333333333333333	0.7349475379363762	0.8372149257027871	0.0301	0.6066345068851801	0.8436506860582544	0.0301	0.5148862617871042	0.340436875352304	0.0179	0.3887439730267666	-0.1532829725390699	0.023	0.5132601913474755	-0.2667065139631808	0.2179	0.4307330698759437	-0.28246241075501216	0.1804	0.343108741787989	-0.2296432213339471	-0.0119	0.827192440239368	0.8425026528907159	-0.0301	0.9973928821526559	0.4035362964324174	-0.0179	1.0188825706360731	-0.09870666496516994	0.023	1.191252483153065	-0.21481252772107284	0.2179	1.2011332660496885	-0.18910950945722182	0.1804	0.9795376680951878	-0.1794285202787417	-0.0119	0.8878361350051625	1.4492499766633953	-0.0008	1.0815064865368689	1.7217764314600166	0.0655	1.075068048240726	1.5205905998843365	0.1076	0.6441913604676739	1.374784876543316	-0.01275	0.5356345281316829	1.0239206898325668	0.0119	0.6242143364492945	0.7217351451949986	0.0002	1.0214483081245513	1.3251569325488974	0.01275	1.0407221435152314	1.007694992775491	-0.0119	1.128592655819984	0.7393335594977963	-0.0002
21	0.35	0.735356612477378	0.8378973371450105	0.0301	0.6073085310818678	0.8439421455031143	0.0301	0.5148284036952332	0.33999289775164	0.0179	0.38903330622471055	-0.15362140147810666	0.023	0.5137262806811635	-0.26674828895918257	0.2179	0.43154220967028806	-0.28309280089558625	0.1804	0.3428569357751985	-0.22966467114290562	-0.0119	0.8273671223879848	0.8431667413647709	-0.0301	0.9974254061531986	0.40342420880416724	-0.0179	1.019079552830016	-0.09897073705497592	0.023	1.192162243011502	-0.2151141605447442	0.2179	1.200981242675714	-0.18894342096895433	0.1804	0.9794615345551885	-0.17935561605492584	-0.0119	0.8886616489444671	1.4493303739582941	-0.0008	1.0813348845665365	1.7221351790952033	0.0655	1.0754652071031408	1.5217504826912505	0.1076	0.6448885794922222	1.374166133180457	-0.01275	0.5356074126362991	1.0235315254486206	0.0119	0.6232303436301798	0.7213951062912447	0.0002	1.0224571571949492	1.3250642536607777	0.01275	1.0411274619826048	1.0069448356989998	-0.0119	1.1282264925179901	0.7392625736036115	-0.0002
22	0.36666666666666664	0.7353358076149924	0.8377520896543728	0.0301	0.6074619943345995	0.8434512079320727	0.0301	0.5146356594518742	0.33950668416060564	0.0179	0.3889421020050113	-0.1536144071217005	0.023	0.5139873148534208	-0.26695104503277434	0.2179	0.43241783299369324	-0.28357083245286707	0.1804	0.3423003117378287	-0.22977745476987227	-0.0119	0.8272616647245477	0.8432573221569417	-0.0301	0.9977042511290014	0.4029007884446618	-0.0179	1.0191773073065609	-0.09924604428632823	0.023	1.1928765086178477	-0.21519967715427402	0.2179	1.200685296838155	-0.18886875422686644	0.1804	0.9791839467537332	-0.1794694111938901	-0.0119	0.8898051695989289	1.4490213797715494	-0.0008	1.0813917810277458	1.7227612202350953	0.0655	1.0762868538152592	1.5230967801017294	0.1076	0.6459554633538163	1.3734167686164174	-0.01275	0.5356925632178988	1.0229787196790054	0.0119	0.6225823131609609	0.7214718405303231	0.0002	1.0234392167004858	1.3249217438269063	0.01275	1.0413979573166616	1.0063826097926392	-0.0119	1.1280522535195057	0.7391593107760687	-0.0002
23	0.3833333333333333	0.734986708856161	0.8366291775292801	0.0301	0.6072015193765249	0.8419100451769101	0.0301	0.5144040159943715	0.3391338448689214	0.0179	0.38847165816411794	-0.15307556412674572	0.023	0.5136919864367739	-0.26716249589145524	0.2179	0.432971850867659	-0.2835777629571456	0.1804	0.34177508837974396	-0.22980758744535362	-0.0119	0.8270487226436106	0.8425550132563979	-0.0301	0.9981853082839885	0.4022433118058926	-0.0179	1.0190888716291666	-0.09930259275808734	0.023	1.1932971386734086	-0.21520896498421013	0.2179	1.2004414865178974	-0.1886865794781231	0.1804	0.9787536068095785	-0.17970008958601458	-0.0119	0.891037214056195	1.448313449395021	-0.0008	1.0817980002108558	1.723305567398347	0.0655	1.0775386371607167	1.5241596302448177	0.1076	0.6471111594320826	1.3727169559031622	-0.01275	0.5359081303532116	1.0224247702330365	0.0119	0.6223409463068719	0.7217346680711818	0.0002	1.024433856240023	1.3245269743261532	0.01275	1.0414879298124151	1.0060492423883167	-0.0119	1.1280708020389287	0.7388436646764814	-0.0002
24	0.4	0.7345450745886375	0.8345765580003497	0.0301	0.6067768851264913	0.8395914097920555	0.0301	0.5143223049638045	0.33899113922345364	0.0179	0.3877351424185224	-0.15215519003663527	0.023	0.5129279449958448	-0.26734497333563667	0.2179	0.433069781093486	-0.2832023279985517	0.1804	0.3414586846840271	-0.22960266263929457	-0.0119	0.8269608783604451	0.8412531609146238	-0.0301	0.9987687505901861	0.4016973649977823	-0.0179	1.0188604591319554	-0.09913477508452134	0.023	1.1933982712831848	-0.21531646065629484	0.2179	1.2003822677836156	-0.1883036587008502	0.1804	0.9782831431322316	-0.1798605329433492	-0.0119	0.8921872864383446	1.4474996756875589	-0.0008	1.0823196769171253	1.7237582850124007	0.0655	1.0789613864792318	1.5248652797849647	0.1076	0.6480750289303583	1.3723098476669986	-0.01275	0.5362910655265729	1.0220899249305477	0.0119	0.6224640193231236	0.7219476898406088	0.0002	1.0253998961345898	1.323895247280165	0.01275	1.0415082042362886	1.0059381100258538	-0.0119	1.1281945841834558	0.7382106197893272	-0.0002
25	0.4166666666666667	0.7341241269151393	0.8318956367012913	0.0301	0.6062961392615205	0.8370868022352153	0.0301	0.514437081377623	0.33909049516968887	0.0179	0.3869599245774418	-0.1512055009703301	0.023	0.511969896038954	-0.26750663003527886	0.2179	0.4327489312410384	-0.2827006378594348	0.1804	0.341265122816551	-0.22911250221379267	-0.0119	0.8271295353038285	0.8396805313287442	-0.0301	0.999357419278791	0.40139267890129227	-0.0179	1.0185777987709825	-0.0988376315793075	0.023	1.1932502186917495	-0.21558870887180423	0.2179	1.200502450297985	-0.18790654357508885	0.1804	0.9778509240407616	-0.17978859158790905	-0.0119	0.8931745077862313	1.4469581733388974	-0.0008	1.0826818059486385	1.7242339897528516	0.0655	1.080287829387724	1.5253555555767446	0.1076	0.6487776331929187	1.3722305853404768	-0.01275	0.5367982502040552	1.0220438619160008	0.0119	0.6228047813612747	0.7219292756434719	0.0002	1.0262122380488687	1.3230572253359096	0.01275	1.0415916133571035	1.005929945825416	-0.0119	1.1282353475909046	0.7372983458461224	-0.0002
26	0.43333333333333335	0.7336742663801523	0.8291957057641576	0.0301	0.6057253058588121	0.8349126328890341	0.0301	0.5146045410727731	0.33935484714884373	0.0179	0.3863804215208108	-0.150536947784306	0.023	0.5109813862293862	-0.2675702651265367	0.2179	0.43205520199056185	-0.2822479994457519	0.1804	0.34106392970320165	-0.22844567581860167	-0.0119	0.8275629351177547	0.8380375603961486	-0.0301	0.9998535930697808	0.4013936585835505	-0.0179	1.0183157082104055	-0.0984430519137754	0.023	1.1929891689223435	-0.21584398545673267	0.2179	1.2007761916275836	-0.1877665910389165	0.1804	0.97751191054713	-0.17946361391053073	-0.0119	0.8940474778819318	1.446890012786017	-0.0008	1.0828514962239961	1.7246793126057085	0.0655	1.0814673787391025	1.5257155855035978	0.1076	0.6492680093798243	1.3723012222010236	-0.01275	0.5373115702613925	1.0221531207371057	0.0119	0.6231640013438267	0.7216481185288426	0.0002	1.026819086116691	1.3220286804069823	0.01275	1.0417703053226608	1.0058198900663367	-0.0119	1.1279910911911437	0.73629664855949	-0.0002
27	0.45	0.7331855432853568	0.827131825263659	0.0301	0.6051209199528603	0.8333577734933273	0.0301	0.5147011041928231	0.33960799749641934	0.0179	0.38610775605749637	-0.15034309768727766	0.023	0.5101416826417962	-0.2674776729218657	0.2179	0.43116310629041155	-0.2819826103722589	0.1804	0.3408108264223259	-0.2278936767575354	-0.0119	0.8281767471545692	0.8364914916655294	-0.0301	1.0001921441334072	0.40168501045001015	-0.0179	1.0181395938550488	-0.09797466003693354	0.023	1.1926438577878455	-0.21577373282657666	0.2179	1.2011554866304823	-0.18797065246303613	0.1804	0.9773333623145856	-0.17894458635512944	-0.0119	0.8949689280398113	1.4472215075068346	-0.0008	1.0829271391879898	1.7249964762824552	0.0655	1.0825549528122413	1.526107872984708	0.1076	0.6496690988861532	1.3723147703381364	-0.01275	0.5377016250928449	1.0221719493123165	0.0119	0.6233592497072638	0.7212714698892915	0.0002	1.0273227948747812	1.3209400815388883	0.01275	1.041985214162417	1.0055772900817737	-0.0119	1.1273960622673578	0.7354823183575555	-0.0002
28	0.4666666666666667	0.7327816449579789	0.8260281791395224	0.0301	0.6046841700259523	0.8325074495593365	0.0301	0.5147038064648555	0.3395978574611816	0.0179	0.38612948307735956	-0.15073514439719873	0.023	0.5098064622513039	-0.26732391079787804	0.2179	0.43047070392287967	-0.28207559515562775	0.1804	0.3404503103790627	-0.22777505842021273	-0.0119	0.8288568031201435	0.835304625779326	-0.0301	1.0003452185231596	0.40205986377352376	-0.0179	1.0180727546589268	-0.09751966793521835	0.023	1.1920553490379326	-0.21519136713652615	0.2179	1.201480746177146	-0.18836654863186378	0.1804	0.9773582656605576	-0.17832196104507894	-0.0119	0.8960525938722511	1.4476505219486535	-0.0008	1.0829409698062105	1.7252660222337552	0.0655	1.0835013899482118	1.526771653896917	0.1076	0.6502139244748503	1.3721655201073366	-0.01275	0.5378660757718565	1.0219247879032596	0.0119	0.6233136507196124	0.7210576699198284	0.0002	1.027877597294929	1.319997082201443	0.01275	1.042219156987466	1.0054454338545062	-0.0119	1.126558101472272	0.7349756664237386	-0.0002
29	0.48333333333333334	0.7325847766717073	0.8258595664401853	0.0301	0.604551920168966	0.8322655537996505	0.0301	0.5145869266184702	0.3392056782921697	0.0179	0.38635571555226067	-0.15163288180463766	0.023	0.5101743224934695	-0.2672198585872756	0.2179	0.4301999043880667	-0.28253410983727884	0.1804	0.33992044431210994	-0.2281289243169974	-0.0119	0.8295165608040476	0.8346631485131168	-0.0301	1.0002796452313827	0.4022023472573938	-0.0179	1.0180669241501685	-0.09713024218350297	0.023	1.1911334135570002	-0.21415104031236382	0.2179	1.2015985212419145	-0.18870453866634163	0.1804	0.9775492351580471	-0.17775203679880297	-0.0119	0.8972675516954903	1.4478287240255405	-0.0008	1.082981157623229	1.7256637265007342	0.0655	1.0842483334065642	1.5276671019360928	0.1076	0.6510520012916338	1.371903218948969	-0.01275	0.5377668246836084	1.0214699760690946	0.0119	0.6231374922265309	0.7211669763002017	0.0002	1.028568627949887	1.3193358264985031	0.01275	1.0425634641324864	1.00561313462124	-0.0119	1.1256470008692199	0.7345520670377883	-0.0002
30	0.5	0.7326110302341111	0.8264522311635227	0.0301	0.6046745416187141	0.8324319551627088	0.0301	0.5142829669777281	0.3385814782276594	0.0179	0.38665966882615455	-0.15269816779631293	0.023	0.5109098050420314	-0.26716924171738937	0.2179	0.43004933147589025	-0.283080079497654	0.1804	0.3393184916777287	-0.22870584587322626	-0.0119	0.8300814096164663	0.834476711424635	-0.0301	1.0000080041034576	0.4019673694795473	-0.0179	1.0180827870775147	-0.09680291755978312	0.023	1.1901160654458696	-0.21290723028429448	0.2179	1.2015237769259688	-0.18879603459002983	0.1804	0.9778427386587157	-0.17740881481224466	-0.0119	0.8984950806651874	1.447607593638108	-0.0008	1.083258421404076	1.7262454622728758	0.0655	1.084919959605767	1.5284629947128543	0.1076	0.6520610619143998	1.371707847173312	-0.01275	0.5374584622431604	1.0210325308289039	0.0119	0.6230140598044971	0.7215358587147586	0.0002	1.0293858264092823	1.318987508598907	0.01275	1.043099881685122	1.0059521728176293	-0.0119	1.1247956566462796	0.7338505214049151	-0.0002
31	0.5166666666666666	0.7328542284180637	0.8275178279686968	0.0301	0.6049488477893789	0.8329009817304295	0.0301	0.5137677683727848	0.3379348906647076	0.0179	0.3869390549973077	-0.15355258528312024	0.023	0.5114791674151068	-0.26720432420129014	0.2179	0.42969824481795243	-0.2834402330300833	0.1804	0.33889439379719755	-0.22927641533135604	-0.0119	0.8304847203314103	0.8345568813114882	-0.0301	0.9996628343714852	0.40149996341830313	-0.0179	1.0181782666237391	-0.09665883112846241	0.023	1.1893888538198618	-0.2118717375336681	0.2179	1.2013183350486814	-0.1885916443527775	0.1804	0.978216982676372	-0.1773746356542893	-0.0119	0.8995772531971465	1.4471037256165453	-0.0008	1.0837921200154126	1.726907267034464	0.0655	1.0856993865626987	1.5289921771218833	0.1076	0.6530325396959663	1.3717524403624275	-0.01275	0.5370583732165379	1.0207768451602814	0.0119	0.6229766867984579	0.721961326711662	0.0002	1.0302337631651355	1.318916088770111	0.01275	1.0437698688688908	1.0062128917973134	-0.0119	1.1241844917215078	0.7327297304851024	-0.0002
32	0.5333333333333333	0.7333322296076782	0.8286696698281819	0.0301	0.6053045812643575	0.8337613736727504	0.0301	0.5131550253807076	0.33730621227038443	0.0179	0.38717736291140203	-0.15400325725200054	0.023	0.5116952269334474	-0.2674576813389207	0.2179	0.42936879866884636	-0.2835994812789889	0.1804	0.3388226211195634	-0.2297674192615484	-0.0119	0.8306880090223996	0.834897355858333	-0.0301	0.9994273650893502	0.4011068138534407	-0.0179	1.0184163029734965	-0.09692013370578154	0.023	1.1891856945659542	-0.2115431962002011	0.2179	1.2009623193401566	-0.1881875700513597	0.1804	0.9786207678082811	-0.17763183178449374	-0.0119	0.9003644177468402	1.4465028506193531	-0.0008	1.0842817057293874	1.7274711140080796	0.0655	1.0865883289980571	1.5294145663403171	0.1076	0.653883211588007	1.3720651906866461	-0.01275	0.5366754515027189	1.0207128714380704	0.0119	0.6229227776870674	0.7223010192402161	0.0002	1.0309930771394575	1.3190143249569533	0.01275	1.0444336551542797	1.0062646791486605	-0.0119	1.1240880377547944	0.7313348735088285	-0.0002
33	0.55	0.7339427200948536	0.8296210661904051	0.0301	0.6056020983013679	0.8350267204480452	0.0301	0.5126145149893847	0.33669004975570876	0.0179	0.3874385698790164	-0.15405166806969303	0.023	0.5116703542548283	-0.26802606432147297	0.2179	0.42938657813914016	-0.2837414890921324	0.1804	0.3390295944455	-0.2302039345933328	-0.0119	0.83068014638155	0.8355415700275417	-0.0301	0.9993839709341658	0.40099366433859884	-0.0179	1.018715959432082	-0.09760133531834932	0.023	1.1895388694701248	-0.21215132540970522	0.2179	1.200546882717893	-0.18775981579947737	0.1804	0.9789427233799771	-0.17813707873222762	-0.0119	0.9008552973712151	1.445883283741621	-0.0008	1.0845185821220482	1.7278730285838233	0.0655	1.0874764163667778	1.5299323867206953	0.1076	0.6545984501163737	1.3725293360458013	-0.01275	0.5363599579759295	1.0208009540290266	0.0119	0.6228206744453043	0.7225224531651657	0.0002	1.0316671815015894	1.319087878634404	0.01275	1.0450670790011314	1.0060335572388808	-0.0119	1.1246045397739073	0.7299133736532059	-0.0002
34	0.5666666666666667	0.734423757317997	0.8302942725803548	0.0301	0.6056366142991324	0.8363646879831027	0.0301	0.5122071596934075	0.3362832604830546	0.0179	0.3877679506012497	-0.15382257234073518	0.023	0.5114979400341766	-0.26884275138465924	0.2179	0.42957967687847076	-0.28408847406254534	0.1804	0.3392464686925389	-0.23063474940186882	-0.0119	0.830521495839275	0.8363330083998722	-0.0301	0.9994477183248808	0.40109858608504134	-0.0179	1.0189195281612817	-0.09842044723349597	0.023	1.190237553071656	-0.21336662514570495	0.2179	1.200343445717543	-0.18747643476695416	0.1804	0.979149671046303	-0.17881954249930324	-0.0119	0.9012195184984679	1.445270240012171	-0.0008	1.084664496430746	1.7283072428712232	0.0655	1.0883437914616234	1.5305988013597231	0.1076	0.6551935889954086	1.3729923239172959	-0.01275	0.5360868344937905	1.021041431556236	0.0119	0.6227913373567776	0.7226269163659705	0.0002	1.0323967584526763	1.318948215074387	0.01275	1.0458057261174996	1.0054161538802793	-0.0119	1.125424813428016	0.7286731207589384	-0.0002
35	0.5833333333333334	0.7345449914673858	0.8307214361903474	0.0301	0.6053371000440131	0.8373713766751897	0.0301	0.5119064670958807	0.33641740523614394	0.0179	0.3881079314469179	-0.15350882958346193	0.023	0.5112548308604608	-0.2696566221418245	0.2179	0.4296358988558772	-0.2847055294535208	0.1804	0.3392045459173562	-0.23101600931617844	-0.0119	0.8303290777787415	0.8370765608091852	-0.0301	0.9994468400906589	0.40126032019687197	-0.0179	1.018960256949931	-0.09903904922983074	0.023	1.1908533648081077	-0.21460280090410744	0.2179	1.200492734528064	-0.18742293265925478	0.1804	0.9793277031069667	-0.1794960034009895	-0.0119	0.9015518837158002	1.4447726688611477	-0.0008	1.0848982357090273	1.729003606656135	0.0655	1.0891426246877722	1.5313963455006487	0.1076	0.6557763875153183	1.3733579533938922	-0.01275	0.5357735152397415	1.021423484897651	0.0119	0.6230072859662303	0.7226819691001349	0.0002	1.0332130141026676	1.3186201962273234	0.01275	1.0467026855069796	1.0044515343902676	-0.0119	1.1260770530470026	0.7277666801930586	-0.0002
36	0.6	0.734210469941644	0.8309425541965311	0.0301	0.604831777873231	0.8379264986934792	0.0301	0.5116956888663907	0.33720830403419905	0.0179	0.38830740895207827	-0.1532517865667826	0.023	0.5111417389244033	-0.2701441359888602	0.2179	0.42964989335641496	-0.2854248921287003	0.1804	0.3387849280498481	-0.23118154028783722	-0.0119	0.8301308534109317	0.8377693338408051	-0.0301	0.9992664921523945	0.40140406115772403	-0.0179	1.0188364264724052	-0.0992275877575659	0.023	1.191080110288997	-0.2154406099219842	0.2179	1.2008695447561224	-0.18753969501094556	0.1804	0.9795122293251841	-0.17988674266418875	-0.0119	0.9017449913043236	1.4445971387664682	-0.0008	1.0850837189630211	1.729967381044492	0.0655	1.0896245281907133	1.5323576614093588	0.1076	0.6564560906494925	1.3735602168891332	-0.01275	0.5353324023284665	1.0218586843431858	0.0119	0.6235235773158583	0.7228811010028023	0.0002	1.0338737651051302	1.3183998521227132	0.01275	1.0475492548533563	1.0034640803362918	-0.0119	1.1263325262149502	0.7272719908874086	-0.0002
37	0.6166666666666667	0.7334288966316566	0.830953182769053	0.0301	0.6042689885895763	0.838040544524073	0.0301	0.5115494719786259	0.338387929242417	0.0179	0.388256377134355	-0.15300812175934844	0.023	0.5112829193332963	-0.2701824377756578	0.2179	0.42978642799602146	-0.2860487844375306	0.1804	0.3380619614524139	-0.2309938553219678	-0.0119	0.8298249842552512	0.8384297390415693	-0.0301	0.9989337119941806	0.4014216253966368	-0.0179	1.0185322403986727	-0.09888360023451834	0.023	1.1909820948183256	-0.21564749030639058	0.2179	1.2013000664472815	-0.1876805328818449	0.1804	0.9795993413673262	-0.17979796734992629	-0.0119	0.901724520123387	1.444927829329556	-0.0008	1.0850301006851426	1.7311013526541756	0.0655	1.0895834427419304	1.5335428763397203	0.1076	0.6571514932839931	1.3735052792899483	-0.01275	0.5347653989994446	1.0222219551197813	0.0119	0.6241849398029552	0.723360536118146	0.0002	1.0341075421528099	1.3185640373967598	0.01275	1.0480922313507632	1.0027854473871856	-0.0119	1.1262663368848207	0.7271371009662451	-0.0002
38	0.6333333333333333	0.732351516698329	0.8306994151692494	0.0301	0.6037086309953684	0.837648817205446	0.0301	0.5114231120765745	0.33951782010988985	0.0179	0.3880470349762822	-0.15264630758264452	0.023	0.5115174453123307	-0.2700013898423501	0.2179	0.42984562341740096	-0.28653062363890147	0.1804	0.33726356893364834	-0.23052023628789553	-0.0119	0.8293395100676351	0.8388779032936872	-0.0301	0.9985715736416144	0.40111002748650715	-0.0179	1.0180974250720085	-0.09808157611071519	0.023	1.190812233555106	-0.21511156075031454	0.2179	1.2017028612004828	-0.1877405127176716	0.1804	0.9794790335665947	-0.1792823701418063	-0.0119	0.9016008042916871	1.4457931493046257	-0.0008	1.0847691792210157	1.732357216298896	0.0655	1.0890880039514264	1.5349284986070868	0.1076	0.6576446000681938	1.373145070703075	-0.01275	0.5342258351459679	1.0224403877214663	0.0119	0.6247545909837013	0.7240065246653329	0.0002	1.033945855321807	1.3190750575123598	0.01275	1.0483314103902364	1.0024264606742515	-0.0119	1.126106569846599	0.727189607406944	-0.0002
39	0.65	0.7313042972586045	0.8301604026453104	0.0301	0.6032165020195952	0.8368224952221721	0.0301	0.5113425508704765	0.340275106978226	0.0179	0.38788110964617	-0.1521796086175438	0.023	0.5116945736781694	-0.2698846635153955	0.2179	0.42972653730084104	-0.2868775622063525	0.1804	0.3366460217516512	-0.23007723583802672	-0.0119	0.8287847645203341	0.8389223377356663	-0.0301	0.9982799936614738	0.4004357448558369	-0.0179	1.017678067943332	-0.09712238436946412	0.023	1.1907434126550664	-0.21403634064277002	0.2179	1.202035838271615	-0.18768852633396663	0.1804	0.9791585177028339	-0.17861303966980557	-0.0119	0.9014768341401589	1.4470031560787644	-0.0008	1.0843557271978692	1.7335712750139523	0.0655	1.088273094182657	1.5363721619716393	0.1076	0.6578337185396346	1.3725533121356486	-0.01275	0.5338965990678495	1.0225004912188769	0.0119	0.6251101740999995	0.7245962462662048	0.0002	1.033658342298106	1.3196533022326113	0.01275	1.0484125010568563	1.0022157831445098	-0.0119	1.1261654629492133	0.7272404164234727	-0.0002
40	0.6666666666666666	0.7306524626952826	0.8294017657497373	0.0301	0.6029108288945136	0.8359199085298153	0.0301	0.5114030621347437	0.3405694843318807	0.0179	0.3878638351249445	-0.15179931981370107	0.023	0.511920484283905	-0.26980851933838035	0.2179	0.4298335564194227	-0.2870490092479781	0.1804	0.3363635073131684	-0.2300546088576628	-0.0119	0.828377604558423	0.8386440042588462	-0.0301	0.9981117066870918	0.3996945299517933	-0.0179	1.0173729027199834	-0.09642629109050331	0.023	1.1908251598517445	-0.21304913954545926	0.2179	1.202256166585221	-0.18755278896808553	0.1804	0.9787106754145974	-0.17812501449841098	-0.0119	0.9013325541766046	1.448221625940146	-0.0008	1.0836934312444808	1.7343937240193967	0.0655	1.0871952656988049	1.5377204973715801	0.1076	0.6577856036288781	1.3718882765208626	-0.01275	0.5337950073683684	1.0224072588575204	0.0119	0.6252661595395141	0.7250103849297312	0.0002	1.0334316616936174	1.320031218363266	0.01275	1.0483266412044465	1.002077621319658	-0.0119	1.1267015930663005	0.7271801243806282	-0.0002
41	0.6833333333333333	0.7305204438995047	0.828526842244192	0.0301	0.602837473048474	0.8352348810128216	0.0301	0.5116043028725018	0.340536142913878	0.0179	0.3880067738766197	-0.15169948592746885	0.023	0.512267281740511	-0.26961087830634567	0.2179	0.43046499820607825	-0.28706408953631046	0.1804	0.3364301957228103	-0.23058844453527821	-0.0119	0.8281703620633512	0.8382453023604488	-0.0301	0.9981213706263804	0.39916190316676664	-0.0179	1.0171513261126062	-0.09626061923467129	0.023	1.1910538839983003	-0.2126882368478371	0.2179	1.202352089542718	-0.1873694332710966	0.1804	0.978213421667802	-0.17803742881973497	-0.0119	0.9011724685774872	1.4491926115968357	-0.0008	1.0827680538074826	1.734697729945768	0.0655	1.0860594035587436	1.5389819259175597	0.1076	0.6575439916468676	1.3713554506536259	-0.01275	0.5337669712216135	1.0222169632869595	0.0119	0.6253143758769495	0.7252562094041672	0.0002	1.0332381074979038	1.320094171227288	0.01275	1.047946847393398	1.002020647756867	-0.0119	1.1276529291448134	0.7270160107414693	-0.0002
42	0.7	0.7306775254404948	0.82767803639041	0.0301	0.6028705400168475	0.8347434242470787	0.0301	0.5118275449563432	0.3404161155551134	0.0179	0.3882683929264706	-0.1519177583787591	0.023	0.5125784108142462	-0.26935640814697953	0.2179	0.43129635533431887	-0.28705273598330205	0.1804	0.33678111492973367	-0.23145612786287578	-0.0119	0.827960088689318	0.8377596598374658	-0.0301	0.9983250852526666	0.39876411740730283	-0.0179	1.0169688249350974	-0.096607424758716	0.023	1.1913674193960746	-0.21282557409166655	0.2179	1.2023347678091028	-0.18709325649067782	0.1804	0.9777917066863937	-0.17833519372605772	-0.0119	0.9010606119537332	1.4499121290296553	-0.0008	1.081815443660013	1.7348351884645037	0.0655	1.085240934318827	1.5402929927645364	0.1076	0.6570177162554474	1.3711546154145713	-0.01275	0.5336620008408907	1.0220443321647121	0.0119	0.625375793988517	0.7254194463183254	0.0002	1.0329681456242652	1.3199135452125546	0.01275	1.0472897103572356	1.0020061503847992	-0.0119	1.1286160309657836	0.7269044860530044	-0.0002
43	0.7166666666666667	0.7308032713542895	0.8270685875961439	0.0301	0.6028120745722279	0.8343854348692799	0.0301	0.5120276354098281	0.34034773069190677	0.0179	0.3885363651496911	-0.15236047317508886	0.023	0.5127662363785201	-0.2692360682467047	0.2179	0.4319118942549987	-0.2871060017606599	0.1804	0.337345191302967	-0.2323509670507929	-0.0119	0.8275629001423448	0.8372122467164428	-0.0301	0.9986471265825551	0.39838697189133704	-0.0179	1.0169028472927604	-0.09727054403712805	0.023	1.1915754120778774	-0.21296032939796292	0.2179	1.2021811288534	-0.1866474923887224	0.1804	0.9775811045738146	-0.17879907434392636	-0.0119	0.9009574757435899	1.450554769782995	-0.0008	1.081025888753369	1.7351782240010825	0.0655	1.0848695347248625	1.541705773061771	0.1076	0.656116735586364	1.3713888707217468	-0.01275	0.5334315767968485	1.0219756280058303	0.0119	0.6255250368895308	0.7256269085434511	0.0002	1.0325675071325422	1.3196964376406533	0.01275	1.0465371432092723	1.0019832079778757	-0.0119	1.1292148121717884	0.7271268112377448	-0.0002
44	0.7333333333333333	0.7307382247168902	0.8268419848429699	0.0301	0.6025380365079928	0.8342149360595374	0.0301	0.512277722316975	0.3402570396140635	0.0179	0.38870503617079205	-0.15292968365693851	0.023	0.5129809983911289	-0.269251675758542	0.2179	0.43231783361100296	-0.2871770199628978	0.1804	0.33801342096331227	-0.23312739054412018	-0.0119	0.8270348429078597	0.8368323714823072	-0.0301	0.9990009429162573	0.39821167425011494	-0.0179	1.0170905756163269	-0.097955818502396	0.023	1.191450473085215	-0.21281137460387609	0.2179	1.201882563566259	-0.18609710707513524	0.1804	0.9775986485987037	-0.1791725165917741	-0.0119	0.9007119944363927	1.4512642733337273	-0.0008	1.0802588934177657	1.73570522574372	0.0655	1.084648500272405	1.5431523312984143	0.1076	0.6549401788263209	1.3720141617939057	-0.01275	0.5330646427482614	1.0220668197802614	0.0119	0.6257572433660249	0.726005169912015	0.0002	1.0320327083141825	1.3196286621182391	0.01275	1.0458637016491876	1.0020272663227483	-0.0119	1.1293884607018005	0.7278988286059022	-0.0002
45	0.75	0.7303930201944254	0.8269307174271481	0.0301	0.6019896713528883	0.8341497786378458	0.0301	0.5125792798826941	0.3400189284608973	0.0179	0.3887551717843815	-0.15351997778628707	0.023	0.51330100537999	-0.269261304991227	0.2179	0.4325823846004022	-0.2871563855812192	0.1804	0.33858136820561596	-0.2337184629693467	-0.0119	0.8264989142735815	0.8367540500411322	-0.0301	0.9993870885889579	0.3984062570107737	-0.0179	1.0175307738010055	-0.09835566820151874	0.023	1.1910144608239925	-0.21230783032774578	0.2179	1.201564890998967	-0.18566968130917041	0.1804	0.9777522791212159	-0.17933243742475774	-0.0119	0.9002318275411353	1.4520248279580692	-0.0008	1.0792802109615627	1.736277036039309	0.0655	1.0842361015407274	1.5445295745377985	0.1076	0.6537576948147142	1.3728599560837071	-0.01275	0.5325796594227225	1.02239921911991	0.0119	0.6260385886507893	0.7266275197404419	0.0002	1.0313674940131257	1.319808688544965	0.01275	1.045365007516929	1.0022805938760895	-0.0119	1.129239932865656	0.7291794860446124	-0.0002
46	0.7666666666666666	0.7296794297553665	0.827207762822232	0.0301	0.6011684863153319	0.8339804188376226	0.0301	0.5127747448795513	0.3396908119216951	0.0179	0.3887166538343026	-0.15395120714944222	0.023	0.5135245664417942	-0.2691889893703362	0.2179	0.4324774612551931	-0.28700394461551965	0.1804	0.3388539344127487	-0.23400715635035876	-0.0119	0.82592490954669	0.8367691701627961	-0.0301	0.9998305161425312	0.3987368988058425	-0.0179	1.018049938972264	-0.09835555031193469	0.023	1.1905685267775528	-0.21142670660055476	0.2179	1.2014035695839724	-0.18557668108314965	0.1804	0.9779808838413675	-0.17930979707595698	-0.0119	0.8995360165972726	1.4527122549480431	-0.0008	1.0780726374081049	1.7369400344827108	0.0655	1.083539612136557	1.5457525349135772	0.1076	0.6528447278930366	1.3737158438555406	-0.01275	0.5321083903581619	1.022984013314595	0.0119	0.6263377578349298	0.7274349205547291	0.0002	1.0305860033851184	1.320316014585683	0.01275	1.0450822880415043	1.002731284852796	-0.0119	1.1288203795799134	0.7307320608573382	-0.0002
47	0.7833333333333333	0.7286912470650198	0.8276796953444714	0.0301	0.6002564879699184	0.8337357480039302	0.0301	0.5127436610272381	0.3394292713061682	0.0179	0.38860220496830944	-0.15406769545416063	0.023	0.5134878885730816	-0.26902000832076195	0.2179	0.43188997712610994	-0.28682125955148235	0.1804	0.33880867154266203	-0.23389797924697936	-0.0119	0.8252649332623926	0.8366925050871094	-0.0301	1.000259393642907	0.39879124676373395	-0.0179	1.0184704303336698	-0.0981291569222255	0.023	1.1903507912200169	-0.2103971458261691	0.2179	1.201405156157571	-0.18589341295066375	0.1804	0.9782957208128993	-0.17913584662551046	-0.0119	0.8986700074511819	1.4532420583437184	-0.0008	1.0767092858952294	1.737673186508677	0.0655	1.082553270682798	1.5467789229100273	0.1076	0.6523321877827128	1.3744194929059819	-0.01275	0.5318262798442084	1.0236245993682396	0.0119	0.6265566691934978	0.7281927596430343	0.0002	1.0297530039270597	1.3211540800534665	0.01275	1.0450136384784168	1.0032052194410357	-0.0119	1.1282544037583784	0.7323133876108061	-0.0002
48	0.8	0.7277331666957487	0.828381880754443	0.0301	0.5995846909428938	0.8337241109762658	0.0301	0.5125908595230929	0.3392396485436504	0.0179	0.38841187187631615	-0.15390201199209852	0.023	0.513358498376971	-0.2687636988822441	0.2179	0.4312083894117418	-0.2867627105546999	0.1804	0.3385554016702713	-0.2333847419547646	-0.0119	0.8246343137239992	0.8366581910069335	-0.0301	1.000554061243386	0.3984423252068443	-0.0179	1.0187326104362018	-0.09796363965820631	0.023	1.1903835498519202	-0.20973943421427071	0.2179	1.201439189269667	-0.1865825134115184	0.1804	0.9786942266261044	-0.17878430483222313	-0.0119	0.8976686765290155	1.4536699608823533	-0.0008	1.0751446546923857	1.7381900079140675	0.0655	1.0812627522933802	1.5475711717414782	0.1076	0.6520628191861471	1.3749213581234012	-0.01275	0.5317253224569312	1.0239935598816163	0.0119	0.6264858715259983	0.7286176331077493	0.0002	1.0289647238546478	1.3221633739336578	0.01275	1.0450838556162767	1.0035642480717015	-0.0119	1.1278661813929725	0.7337279277548245	-0.0002
49	0.8166666666666667	0.7270449964848332	0.8292229660977297	0.0301	0.5993490558986436	0.8341435074953364	0.0301	0.512537373034236	0.33900861571883745	0.0179	0.3881715652109079	-0.15363453105134217	0.023	0.5133568162925273	-0.2685318017546061	0.2179	0.4308394150341645	-0.2868599547401526	0.1804	0.33820311578397744	-0.23255306488837305	-0.0119	0.8241546339274742	0.8367773085458851	-0.0301	1.000687900776187	0.3978379586498425	-0.0179	1.018897481120359	-0.09798366421291385	0.023	1.1906491396314811	-0.2097423340991854	0.2179	1.2014922112473265	-0.18750169109282372	0.1804	0.9791172068953324	-0.1783273280526259	-0.0119	0.8965861684595222	1.454142318025586	-0.0008	1.0732872980604633	1.7383495675358536	0.0655	1.0797911576310981	1.5481190999653502	0.1076	0.6515813259226391	1.3753042429191447	-0.01275	0.5315453314612792	1.0238810070400515	0.0119	0.6259417082310337	0.7286017874933131	0.0002	1.028219880843172	1.3231253360673758	0.01275	1.0451198440227443	1.0037731304231234	-0.0119	1.1279111034110882	0.7348084414608959	-0.0002
50	0.8333333333333334	0.7266633654640108	0.830026915337857	0.0301	0.5994234348113817	0.8348888233099551	0.0301	0.5127255131180278	0.33870311483006144	0.0179	0.3879458406224503	-0.15339540841055885	0.023	0.5134037908957105	-0.2685071671726443	0.2179	0.4307024816643633	-0.2869839791654222	0.1804	0.33789039844870117	-0.23161284480037703	-0.0119	0.8238196696652265	0.8368848302469435	-0.0301	1.0007057091650136	0.39711605156658225	-0.0179	1.0190531726523677	-0.09811209928699727	0.023	1.1911626983040913	-0.21014552432718245	0.2179	1.2016992727397704	-0.18841113299024775	0.1804	0.9794962159635392	-0.17796091986857795	-0.0119	0.8954670141161059	1.4547239527256146	-0.0008	1.0711469413059884	1.738460317558461	0.0655	1.0783491146318454	1.5484571360484614	0.1076	0.6504146325551589	1.3756676903827572	-0.01275	0.5309920949382485	1.023344844579418	0.0119	0.624939720411424	0.7282743572060661	0.0002	1.0274219341382884	1.3239105064773804	0.01275	1.0449391974084985	1.0038569642397683	-0.0119	1.12830782227589	0.7354924039984553	-0.0002
51	0.85	0.7265445519109356	0.8305820971513876	0.0301	0.5994519750151037	0.8357390958227411	0.0301	0.5132051925966488	0.3383784717713755	0.0179	0.3878352645483493	-0.15320378534164558	0.023	0.5132635970969848	-0.26876819430162713	0.2179	0.43058679700726543	-0.28696335925618993	0.1804	0.33783504484852933	-0.2307935365331895	-0.0119	0.8236389059694422	0.8368590914003238	-0.0301	1.000621059793882	0.3964319532342509	-0.0179	1.0192027883883734	-0.0983527347873484	0.023	1.1918461842556292	-0.21062396140862355	0.2179	1.2020275064399943	-0.1891059898693798	0.1804	0.9797694298470482	-0.177796297342582	-0.0119	0.8942484607420085	1.4553145666107512	-0.0008	1.068801570304988	1.7388512276673092	0.0655	1.0769708284637491	1.548620225220819	0.1076	0.6483905384055855	1.3759903273531189	-0.01275	0.5299575707024885	1.0226079702204904	0.0119	0.6236763208098226	0.7278446939679427	0.0002	1.0265378883707383	1.3245107972958718	0.01275	1.044505814892033	1.0039114730494967	-0.0119	1.1288560241986059	0.7359069231171818	-0.0002
52	0.8666666666666667	0.7265788842982418	0.8306437079147054	0.0301	0.5990547137809878	0.836509767512296	0.0301	0.5139559889187258	0.33808135749688817	0.0179	0.38791626977585303	-0.15307647218619738	0.023	0.512840834986954	-0.2692445746603099	0.2179	0.4305395118716479	-0.2867179422641426	0.1804	0.3382051824942539	-0.2301736534665958	-0.0119	0.823637186736854	0.8368122363822831	-0.0301	1.000455465352257	0.39607231069324067	-0.0179	1.019274239026188	-0.09889386848932913	0.023	1.192522567956545	-0.21125825426521297	0.2179	1.2021617584183402	-0.18954069780742897	0.1804	0.979846971370752	-0.1777836924951122	-0.0119	0.8927728249252581	1.4557560350943874	-0.0008	1.0662627546232062	1.7394720230660599	0.0655	1.075450879098532	1.5487800537031986	0.1076	0.6456791296981259	1.376164579818389	-0.01275	0.5285015496992008	1.021836070741434	0.0119	0.6223682637160886	0.727422265106939	0.0002	1.0255857201828578	1.3249525303797425	0.01275	1.043927837691527	1.0040409796033534	-0.0119	1.129520293599926	0.7362444063227698	-0.0002
53	0.8833333333333333	0.7265157255499712	0.83004235470808	0.0301	0.5980297450129829	0.8369735663923551	0.0301	0.5147763959901398	0.3378314123732421	0.0179	0.38816237851963226	-0.15304765519314315	0.023	0.5121915343618977	-0.26986443463144194	0.2179	0.43058937636136135	-0.2863264812281345	0.1804	0.33895179826586047	-0.2297359317950944	-0.0119	0.8236502120554007	0.8367911311195328	-0.0301	1.0002825129847208	0.3962069056028038	-0.0179	1.0191841333307143	-0.09976337539603565	0.023	1.1930987701744962	-0.2122173892373388	0.2179	1.2019031406368141	-0.18975370434877528	0.1804	0.9796681038940152	-0.17786279671541286	-0.0119	0.8909697242814075	1.455979195218428	-0.0008	1.0634923725705523	1.740181342760841	0.0655	1.0736248661761971	1.549297720295581	0.1076	0.642619621534934	1.3761077908269224	-0.01275	0.5267305363219746	1.0210870903708396	0.0119	0.6211525787370848	0.7269936708348581	0.0002	1.0245402488558064	1.3252196403874341	0.01275	1.0432763368248383	1.0042467218159505	-0.0119	1.130225238167814	0.7365212542602357	-0.0002
54	0.9	0.7260964490950944	0.8288658108561717	0.0301	0.5964874060502774	0.8368551809718149	0.0301	0.5152961229831801	0.33763779372497743	0.0179	0.388479072632211	-0.15309778749699834	0.023	0.5114430681080951	-0.27059571502347896	0.2179	0.4305496419774796	-0.28598888413851997	0.1804	0.33983371289392594	-0.22949878761095474	-0.0119	0.82338369518564	0.836618097150635	-0.0301	1.0001228421422217	0.39665047317714297	-0.0179	1.0189027695035981	-0.10061596822640466	0.023	1.1935521881187414	-0.213311484921321	0.2179	1.2014084703128673	-0.18972413436579202	0.1804	0.9793120381332904	-0.17803681500629615	-0.0119	0.8889399510314627	1.4560534416543218	-0.0008	1.0604968368129926	1.7410642755596364	0.0655	1.0715859647071393	1.5503639222384495	0.1076	0.6395720091805316	1.375807705517281	-0.01275	0.5247843005134273	1.0204535015172782	0.0119	0.6200933059305386	0.7265425499214639	0.0002	1.0233923305955643	1.325357942157941	0.01275	1.0425104440886561	1.0044671295079306	-0.0119	1.1306176510658268	0.7366286952642924	-0.0002
55	0.9166666666666666	0.7252616275603627	0.8274956682655218	0.0301	0.5948037101305368	0.8361101654588239	0.0301	0.515286305298261	0.33751421004367116	0.0179	0.38877826730830223	-0.15323542962019113	0.023	0.5109132032745393	-0.2712558185625399	0.2179	0.43039435954707983	-0.28584884847746783	0.1804	0.3406279159447679	-0.22950953239349295	-0.0119	0.8227196928819245	0.8361923604818389	-0.0301	0.9998846870611472	0.39707993726160434	-0.0179	1.018534553141587	-0.10103392673810126	0.023	1.1937167932850534	-0.21417843563436845	0.2179	1.200896119011537	-0.1894101968829107	0.1804	0.978944048756296	-0.17829278846916224	-0.0119	0.8867892172368517	1.4561428748446876	-0.0008	1.0572392109253792	1.7421729887389141	0.0655	1.0694896621553873	1.5517386242361584	0.1076	0.6368661785137878	1.375348160397685	-0.01275	0.5228751491665287	1.020073651590438	0.0119	0.6191765189460371	0.7261423420515339	0.0002	1.022169418258758	1.3255962623666344	0.01275	1.04156629894927	1.004716361860316	-0.0119	1.130330712690874	0.7366627939376008	-0.0002
56	0.9333333333333333	0.7241898668956007	0.8263641773267256	0.0301	0.5934056404843273	0.8350561893799163	0.0301	0.5148384330596857	0.3374777559289035	0.0179	0.3889900029733725	-0.1536237692193139	0.023	0.5110951295751807	-0.271463950253243	0.2179	0.43047712765143126	-0.28581321204912286	0.1804	0.34126881392802866	-0.229817313727742	-0.0119	0.8218368153129892	0.8356576620290334	-0.0301	0.9994556849361883	0.3973444738139773	-0.0179	1.0182881197207032	-0.1008836871772286	0.023	1.1934052420029528	-0.21466926038776854	0.2179	1.2004720745473847	-0.188877951421063	0.1804	0.9786429223809536	-0.17857629744487147	-0.0119	0.884499086753642	1.4563922853045401	-0.0008	1.0536052076866607	1.743219611619436	0.0655	1.06731228145044	1.552954986574619	0.1076	0.6347067485372334	1.3749171899403805	-0.01275	0.5212104538706434	1.0199537632361824	0.0119	0.6182866544495965	0.7259018902002898	0.0002	1.020856299770946	1.3261691315353268	0.01275	1.0404012385231884	1.0050967257355705	-0.0119	1.1293319349634334	0.7369949055818956	-0.0002
57	0.95	0.7232061600851052	0.8256188545719226	0.0301	0.5925946558782748	0.8339825549826931	0.0301	0.5141402388291828	0.33748949775252673	0.0179	0.3890579063660164	-0.15442805087846917	0.023	0.5121069519951706	-0.27099574806169546	0.2179	0.43102679780070385	-0.28566184169044995	0.1804	0.3417793980304355	-0.23044879430920828	-0.0119	0.8210618318851128	0.8350607173271506	-0.0301	0.998787208424562	0.39751434991951257	-0.0179	1.01833807139357	-0.10031891529301183	0.023	1.192760934601563	-0.21487188628490153	0.2179	1.200279509464642	-0.18826645687091245	0.1804	0.9783963262088042	-0.17884087030106352	-0.0119	0.8820617925630481	1.456808728386716	-0.0008	1.0497179400138026	1.7437879440352386	0.0655	1.065000721447367	1.5536179188023738	0.1076	0.6330309048755387	1.3747274305976518	-0.01275	0.5198703322669745	1.0199526526884835	0.0119	0.617273017609952	0.7258543509444508	0.0002	1.0194446671358002	1.3270398241761654	0.01275	1.0390278774631443	1.0056389249708777	-0.0119	1.1278735040411756	0.7379422583083992	-0.0002
58	0.9666666666666667	0.7226129481589078	0.8250420253886872	0.0301	0.5925132761727177	0.8327679707847566	0.0301	0.5132919403094791	0.33741502921748495	0.0179	0.3889251932427114	-0.15556206152005028	0.023	0.513321108876797	-0.27006195634972474	0.2179	0.4317057314158954	-0.2853645088418191	0.1804	0.34212327164246836	-0.2313268165973271	-0.0119	0.8206533275486279	0.8341095769482765	-0.0301	0.9978983883048463	0.3977696145001318	-0.0179	1.0186946852812035	-0.09961191922556374	0.023	1.192206056113193	-0.21491690464553145	0.2179	1.2004557318860416	-0.18767989500214108	0.1804	0.9782671404942967	-0.17902658668844348	-0.0119	0.8795996299311738	1.4572482601021854	-0.0008	1.0461194622874077	1.7437048000969546	0.0655	1.0626814456275946	1.5535123672817923	0.1076	0.6315541444638633	1.3748796535061594	-0.01275	0.5187958128131044	1.0199721234991448	0.0119	0.6160904728651523	0.7259564157918492	0.0002	1.0180114429785925	1.3279842845417669	0.01275	1.037550915717345	1.006245395943391	-0.0119	1.1262240017083245	0.7395069448186647	-0.0002
59	0.9833333333333333	0.7224799710630472	0.8243249353882224	0.0301	0.593106680075783	0.8311562905533814	0.0301	0.5124491535954242	0.3371221239825857	0.0179	0.38854313607879565	-0.15671635058834715	0.023	0.5140213364614606	-0.2691322721722102	0.2179	0.4320187748179863	-0.28516356075019594	0.1804	0.34215476102221626	-0.23222957093281235	-0.0119	0.8206325224109187	0.8325688554113192	-0.0301	0.9968890187484777	0.3982114618303605	-0.0179	1.0191635835597888	-0.09904553033691718	0.023	1.1919940084926506	-0.2148162533331854	0.2179	1.2009142443163676	-0.18717205528868852	0.1804	0.9783847866146447	-0.17900861298457743	-0.0119	0.8772129246077692	1.457502044333789	-0.0008	1.0433533311050645	1.743114639862502	0.0655	1.0604916013112167	1.552592035076286	0.1076	0.6300392709725201	1.375315958852235	-0.01275	0.5178484866488757	1.0199981983447939	0.0119	0.614864283545318	0.7261525583703966	0.0002	1.0166030546032285	1.3289209091176857	0.01275	1.036073057079642	1.0068315147194082	-0.0119	1.1245476283851374	0.7414477798550257	-0.0002
60	1.0	0.7225711773049835	0.8233582541412979	0.0301	0.5940622415029964	0.8292331355775702	0.0301	0.5118886952954531	0.33662696945935455	0.0179	0.38793479875106923	-0.1575626327613239	0.023	0.5142034112482531	-0.26863000395853887	0.2179	0.4318758797958691	-0.2853110148693337	0.1804	0.3417264052628668	-0.2328710917731396	-0.0119	0.8207411052075312	0.8306865723168803	-0.0301	0.9959530859449668	0.3987292311879674	-0.0179	1.0194902612512298	-0.09881937347057351	0.023	1.1919765346629605	-0.21449334871346987	0.2179	1.2013573768428356	-0.18676806328816123	0.1804	0.9786985889422228	-0.1786929113548916	-0.0119	0.8748883056515847	1.457430118560958	-0.0008	1.0414850873373178	1.742393753622717	0.0655	1.0583820612002222	1.5509988765906424	0.1076	0.6285137332935917	1.375905565658498	-0.01275	0.5169197383015146	1.0200009125325462	0.0119	0.6137819115845224	0.7263906729101873	0.0002	1.0151356538194647	1.3299659799651322	0.01275	1.0346149116345573	1.0074051350532394	-0.0119	1.1229486495357301	0.7434467478544193	-0.0002
61	1.0166666666666666	0.7225307373997653	0.8222593511012349	0.0301	0.5948819955748703	0.8273696964250841	0.0301	0.5117515619572972	0.3360997656843862	0.0179	0.3872293143514156	-0.1578966917670408	0.023	0.5143123197867472	-0.26868975639840925	0.2179	0.43148015633063586	-0.28577675062660796	0.1804	0.3408862860409977	-0.23307591836736644	-0.0119	0.8205980321134733	0.8289496945157262	-0.0301	0.9952682233063651	0.3990519466496894	-0.0179	1.0195695236957438	-0.09895556841935485	0.023	1.1919083457334274	-0.21398366458906157	0.2179	1.2015174274156633	-0.18648603872475544	0.1804	0.9789266466541992	-0.1782136232229698	-0.0119	0.8726552507930796	1.4570790638105222	-0.0008	1.0401734059994394	1.7419739901320983	0.0655	1.0562533415917437	1.5490530667305635	0.1076	0.6271792475402553	1.3765371605401129	-0.01275	0.5160347168358693	1.0199667486566457	0.0119	0.6129041705084134	0.7266258243277214	0.0002	1.0134987659714096	1.3311608164639548	0.01275	1.0331783805424093	1.0080186285930237	-0.0119	1.121458165222864	0.7451634221499522	-0.0002
62	1.0333333333333332	0.7221805511033083	0.821286679667591	0.0301	0.5951261316406866	0.8259283051887737	0.0301	0.5118505228443708	0.33573286875759284	0.0179	0.3866258808828643	-0.1576873234655085	0.023	0.514528021939552	-0.2690925619132448	0.2179	0.43094303683357893	-0.2862964659153436	0.1804	0.3399586386006827	-0.2328869005067333	-0.0119	0.8199654406508521	0.827666057891329	-0.0301	0.9948526442167306	0.3989292298710881	-0.0179	1.019466790277912	-0.09932755756086213	0.023	1.191800131367877	-0.2134829149278607	0.2179	1.2013408470375029	-0.18628703057179993	0.1804	0.9788662323119126	-0.17789027854976167	-0.0119	0.8705979254998685	1.4566510322386794	-0.0008	1.0390362226383971	1.7419899361472828	0.0655	1.0541047137130586	1.5470562830508285	0.1076	0.6261280809798007	1.3771568169392314	-0.01275	0.5152803793321761	1.019947913853521	0.0119	0.612108787425756	0.7268358154359579	0.0002	1.011668624420464	1.33234320120656	0.01275	1.0318146972860198	1.0086632627145609	-0.0119	1.1199902341248595	0.7463008148170726	-0.0002
63	1.05	0.7216474780252146	0.8207334751806912	0.0301	0.5946653068218682	0.8252344581767909	0.0301	0.5118652486643411	0.3356402716564318	0.0179	0.38629601995242063	-0.15706816845827143	0.023	0.5147056979737921	-0.26953091511185123	0.2179	0.4303187781308877	-0.28668148859366205	0.1804	0.339339370966967	-0.23251365414011055	-0.0119	0.8188945884408387	0.8270170708542067	-0.0301	0.9946081093611189	0.39838632157416526	-0.0179	1.0193109453423947	-0.09982869386316853	0.023	1.1917671763819968	-0.21320093760207573	0.2179	1.2009545278089346	-0.1860350170833837	0.1804	0.9786249962374264	-0.17788439351155538	-0.0119	0.8686540662984618	1.4563527178994118	-0.0008	1.0378046796653386	1.7421022581510535	0.0655	1.0519277610511575	1.5451115097245731	0.1076	0.6252245216295759	1.3777377117740974	-0.01275	0.5146411583583799	1.0199202120729538	0.0119	0.6112448893869042	0.7269753778607873	0.0002	1.009700959774342	1.3333382386555264	0.01275	1.0306142711491941	1.0091479898052735	-0.0119	1.1184988888834109	0.746725087839319	-0.0002
64	1.0666666666666667	0.7211973064805494	0.8207821874513587	0.0301	0.5936659002126713	0.8255406629082658	0.0301	0.5116762946702752	0.33585818498218667	0.0179	0.38628419478335857	-0.1563201467014005	0.023	0.5147422226373095	-0.2698322805121912	0.2179	0.42981384203916606	-0.2869548133647644	0.1804	0.3392390402282401	-0.23224027666291713	-0.0119	0.8176397079574652	0.8271575796454935	-0.0301	0.9944529409588329	0.3978329087424576	-0.0179	1.0192263983711907	-0.10046054450280367	0.023	1.1917113999355153	-0.21325521541571352	0.2179	1.2005258246436128	-0.18564924863345977	0.1804	0.9784821821818519	-0.1780277431703458	-0.0119	0.866629209634298	1.4563138674287428	-0.0008	1.0362780847387898	1.7418049452562832	0.0655	1.049606249151681	1.5432359486239426	0.1076	0.6242332362909705	1.3782457427812032	-0.01275	0.5139669382871668	1.0197134549047842	0.0119	0.6103025553816833	0.7269012291437507	0.0002	1.0076770718090908	1.3341075970445964	0.01275	1.0296190039629285	1.0092100836653488	-0.0119	1.1171465099707176	0.7465044750173963	-0.0002
65	1.0833333333333333	0.7209812220646812	0.8214363706626744	0.0301	0.5923924893410559	0.8267170064229101	0.0301	0.5114105559099229	0.33635881494735426	0.0179	0.38651182735351514	-0.1557651285094624	0.023	0.5146340611112924	-0.26994603811449097	0.2179	0.4295568061595881	-0.28723154830305053	0.1804	0.33964930771350255	-0.23226801805652733	-0.0119	0.8164650751518364	0.8279567991394836	-0.0301	0.9943534444463848	0.39773059917797154	-0.0179	1.0192783803813599	-0.10117732447581539	0.023	1.191416784805229	-0.21357529919319884	0.2179	1.2002077611189104	-0.18518258539671786	0.1804	0.9786350202881681	-0.17805350959231578	-0.0119	0.8644411435887478	1.4565871444058653	-0.0008	1.0343846189886798	1.7408696655217475	0.0655	1.0470326887399757	1.5415306689064572	0.1076	0.622997100653359	1.378713772345371	-0.01275	0.5131059813477248	1.0192927976668873	0.0119	0.6093840210961377	0.7264583919620711	0.0002	1.0056775256052908	1.3347118612603432	0.01275	1.0287440295436958	1.0088658318214838	-0.0119	1.1160707925285533	0.7459219912917716	-0.0002
66	1.1	0.7209599100640011	0.8225446152329607	0.0301	0.5911329965185991	0.8281732887899603	0.0301	0.5112195636599033	0.33703865742849815	0.0179	0.3868539848909984	-0.1555737820633936	0.023	0.5142934381656697	-0.2698938231448702	0.2179	0.42934753140178034	-0.28752955659942286	0.1804	0.3404233604509217	-0.2325289619429381	-0.0119	0.8155137351256156	0.8289474935309866	-0.0301	0.9943330109262848	0.3981454142396628	-0.0179	1.0194501435957157	-0.10175004453753976	0.023	1.190843094966325	-0.21388189293711982	0.2179	1.2001235339170921	-0.18466758259195137	0.1804	0.9791072367931327	-0.17784993667009705	-0.0119	0.862163742708263	1.4571395241009215	-0.0008	1.0322307706994132	1.7394520098338793	0.0655	1.044176945352728	1.5400961018594923	0.1076	0.6214686738813675	1.3792663384863133	-0.01275	0.5120646590887918	1.018933166564031	0.0119	0.6085624828291033	0.7256573996201383	0.0002	1.0037629985019394	1.3352741634067338	0.01275	1.0278662380171775	1.00845831664452	-0.0119	1.1151249101588825	0.7454334064764203	-0.0002
67	1.1166666666666667	0.7209637947914749	0.8238014928904179	0.0301	0.5901370281888662	0.8292739253348348	0.0301	0.5111328515333369	0.33774768964198126	0.0179	0.38720359370708574	-0.15572268251161733	0.023	0.5136667808171818	-0.26968721254394484	0.2179	0.42901890535357606	-0.2877205901405995	0.1804	0.34131562900679746	-0.23276206828968232	-0.0119	0.814805125695867	0.8297309327469087	-0.0301	0.9944357804353801	0.39873487494464604	-0.0179	1.0196572479297326	-0.10194347240234926	0.023	1.1901296344480818	-0.21386956823002962	0.2179	1.200283286471486	-0.18407440871322425	0.1804	0.9797364438247542	-0.17747645181036564	-0.0119	0.8598794504709587	1.4578821505002346	-0.0008	1.0299043167863016	1.7379726087790948	0.0655	1.0410216914264738	1.5389894970812223	0.1076	0.6196177301241046	1.3799723697941992	-0.01275	0.5109896489386199	1.0188885571239459	0.0119	0.6078595010108314	0.7246483137447685	0.0002	1.001927970907156	1.3359445512455195	0.01275	1.026944942448879	1.00830977956952	-0.0119	1.114099077624177	0.7454278857959621	-0.0002
68	1.1333333333333333	0.7207794319680186	0.8247850753546925	0.0301	0.589442841072868	0.8296703739032272	0.0301	0.5110718178511057	0.33838099094998747	0.0179	0.38751980638300665	-0.15610095183234018	0.023	0.513007668973116	-0.26930428994438166	0.2179	0.42877384589486695	-0.2877169166264359	0.1804	0.34200949032049127	-0.2327641280666335	-0.0119	0.8143208618427343	0.8301785057328566	-0.0301	0.9945702727588319	0.3990605071878375	-0.0179	1.0197785724527466	-0.10174411932724103	0.023	1.1894596849472379	-0.2133262453067833	0.2179	1.2005603363365167	-0.18343989785096748	0.1804	0.9801832146858989	-0.1771013481712394	-0.0119	0.8576788007444532	1.458728486019074	-0.0008	1.0273820830944969	1.7370474127224422	0.0655	1.0376617056966644	1.538353993844293	0.1076	0.6174452204417128	1.3807471211244857	-0.01275	0.5099796882620561	1.0191230558521587	0.0119	0.6072949985888029	0.7235891718181425	0.0002	1.0001352233723735	1.3368395598345668	0.01275	1.0259358550253515	1.0085441669387605	-0.0119	1.1129354060459715	0.7459505860383914	-0.0002
69	1.15	0.7203010192789299	0.8251553540189842	0.0301	0.5888771843476533	0.8292420824755705	0.0301	0.510905310672152	0.338944299822729	0.0179	0.38783658675396115	-0.15656620855602874	0.023	0.5126504631998414	-0.2688089510334462	0.2179	0.428833984713062	-0.28757056769070904	0.1804	0.3422276526511318	-0.2325253535418434	-0.0119	0.8140690911362563	0.8302207526092675	-0.0301	0.994511963579786	0.3988579051069653	-0.0179	1.01976003542207	-0.10128590405909796	0.023	1.189060347846216	-0.21211709274447402	0.2179	1.2008633253907652	-0.18286735484372593	0.1804	0.9801353236178454	-0.17690716035623236	-0.0119	0.8557235723244028	1.4595838528302487	-0.0008	1.0247632422659703	1.7372706615866589	0.0655	1.034453701457985	1.5383420987271135	0.1076	0.615112557711555	1.3814389794561803	-0.01275	0.5089895946562286	1.019513522149243	0.0119	0.6068180880519982	0.72266030713076	0.0002	0.9984072809835037	1.3379746803426014	0.01275	1.0246812768588687	1.0092109917835546	-0.0119	1.1115958029250237	0.7466688095355939	-0.0002
70	1.1666666666666667	0.7196110392338061	0.8248703049206031	0.0301	0.5883223122818133	0.8280583963037244	0.0301	0.5105478987259144	0.33951559134107734	0.0179	0.3881641326856224	-0.15696050064931477	0.023	0.5126003899208679	-0.2683639412143898	0.2179	0.42910552254940504	-0.2873296562393301	0.1804	0.34187149225747976	-0.23223037920724168	-0.0119	0.8140647050987031	0.8297992386863354	-0.0301	0.9941173093225445	0.39813031835537177	-0.0179	1.0196590958823424	-0.10066929319529572	0.023	1.1891605193844876	-0.210301141871703	0.2179	1.2012618201746437	-0.18241592258529685	0.1804	0.9795869216563207	-0.17694251193011554	-0.0119	0.8541484149636861	1.4603316900447174	-0.0008	1.0223603456045383	1.7388079548433977	0.0655	1.0318123106585604	1.5389422036281224	0.1076	0.6129619841602051	1.3819508811925425	-0.01275	0.507922070684566	1.0200485303491968	0.0119	0.6062547714052874	0.7220758999657483	0.0002	0.9967795279141097	1.3391721269782897	0.01275	1.023050464149066	1.0103058222034746	-0.0119	1.110012310391916	0.7471773122002123	-0.0002
71	1.1833333333333333	0.7188291571719156	0.8242773727843443	0.0301	0.5878491571487418	0.8266041609658913	0.0301	0.5101173885239257	0.3401410913897984	0.0179	0.38840164086187245	-0.15714035949261218	0.023	0.5126806122045913	-0.2680687262122038	0.2179	0.4294340227135675	-0.2869675281614028	0.1804	0.3410353681931453	-0.23207097751476807	-0.0119	0.8142468987985071	0.8292127532108323	-0.0301	0.9934337529954528	0.39711150831011566	-0.0179	1.0195373265833083	-0.10001809845499139	0.023	1.1897945861521697	-0.20840308715449624	0.2179	1.2017676351542765	-0.18214811333420808	0.1804	0.9788292406072098	-0.17708728209491115	-0.0119	0.8529329459082194	1.4608965615860008	-0.0008	1.0204167818134804	1.7411788638893624	0.0655	1.0298210141712205	1.5400595390319067	0.1076	0.6113591527708075	1.3822492090825655	-0.01275	0.5067522219286402	1.0206809793014557	0.0119	0.6054529973981574	0.7219372994466658	0.0002	0.9952323207289927	1.3401362921454796	0.01275	1.0211701081393008	1.0115484986176269	-0.0119	1.1082038092001503	0.7474279731087653	-0.0002
72	1.2	0.7179794532385199	0.8239858569729288	0.0301	0.5875422801267003	0.8257300203205213	0.0301	0.5099306169464608	0.34075890351448074	0.0179	0.3884168959013572	-0.15701957994170782	0.023	0.5128500843513751	-0.2679141990649576	0.2179	0.4297667800445828	-0.28648233990977306	0.1804	0.3399152021955491	-0.23199948717016877	-0.0119	0.8144275673596186	0.8291450957874981	-0.0301	0.992639019393116	0.39619648284575015	-0.0179	1.0193787333403557	-0.09956322581833131	0.023	1.1907401713119534	-0.20738123049565702	0.2179	1.2021398596268396	-0.18222838103290126	0.1804	0.9781821972172984	-0.17719772813762016	-0.0119	0.8519355427793054	1.4612888599623577	-0.0008	1.0188656537474763	1.7435414802513092	0.0655	1.0282034046936896	1.5417189025218367	0.1076	0.610467049430174	1.38231490189191	-0.01275	0.5055770931309717	1.02118736605882	0.0119	0.6044307205773656	0.7221289825301125	0.0002	0.9937685970584045	1.3407008737975619	0.01275	1.0194062292144737	1.01236991090119	-0.0119	1.1062808755900684	0.7477888477134794	-0.0002
73	1.2166666666666666	0.7170813793548643	0.824336957688773	0.0301	0.5873612228533633	0.8259129446453102	0.0301	0.5101682006025382	0.34123505644381996	0.0179	0.38814698026188627	-0.1566128243695158	0.023	0.51312099827077	-0.26791300938693596	0.2179	0.429913491278753	-0.28594407640739034	0.1804	0.3387196480307796	-0.23179530277388238	-0.0119	0.8143808451289593	0.8299254734487667	-0.0301	0.991912056290674	0.39574622682117944	-0.0179	1.0191150798636053	-0.09939703398572121	0.023	1.1917800209428908	-0.2078199459780891	0.2179	1.202163969817319	-0.18273277738023516	0.1804	0.9777839279736243	-0.17728094639179723	-0.0119	0.8510229206161528	1.461568792282767	-0.0008	1.0174637759258849	1.7453781123024263	0.0655	1.0267257075519491	1.5440090139978657	0.1076	0.6101075012079427	1.3821452036090782	-0.01275	0.5045469017603366	1.0213863896568458	0.0119	0.6033137002146963	0.7224559876670017	0.0002	0.9924440098115533	1.340912456096464	0.01275	1.018048375147599	1.012390840920873	-0.0119	1.1043406192225753	0.7485319407557834	-0.0002
74	1.2333333333333334	0.716267833717568	0.8249525855949615	0.0301	0.5872153600925712	0.8266969769147247	0.0301	0.5106542061971312	0.34145955348528895	0.0179	0.3876194082671973	-0.15604686427928394	0.023	0.5134162432485962	-0.2681201784808645	0.2179	0.4295813227862093	-0.2854539319378981	0.1804	0.3376488281490877	-0.2313635168901581	-0.0119	0.8140397755689072	0.8310470826567059	-0.0301	0.9913760602614681	0.39580476301800843	-0.0179	1.018697388755528	-0.09931587317821847	0.023	1.1928823580459	-0.20925589007311468	0.2179	1.2019694447538516	-0.18341136516108092	0.1804	0.9775892223854716	-0.17746652344865121	-0.0119	0.8501394347712107	1.461813798294757	-0.0008	1.016057135540092	1.7468076311424705	0.0655	1.0254994456714666	1.5468182246207098	0.1076	0.6098579888394186	1.3817939575855218	-0.01275	0.5037129352514023	1.0213704916445043	0.0119	0.602185034517097	0.7228735526104599	0.0002	0.9912687730044442	1.3409493200461768	0.01275	1.017054117630229	1.0118468748922524	-0.0119	1.1024221268382517	0.7494558326547828	-0.0002
75	1.25	0.7157496238787404	0.8250938007160664	0.0301	0.587012336279756	0.8272300770120526	0.0301	0.5111504416179609	0.3413700571443126	0.0179	0.3869617704701442	-0.1555922427115934	0.023	0.51371691706303	-0.268478864234334	0.2179	0.4288504593576317	-0.28513046610307513	0.1804	0.3369034630231677	-0.2308793135666998	-0.0119	0.8135635881460754	0.8318067658839651	-0.0301	0.9911303155872828	0.3961582154262832	-0.0179	1.0181822105505398	-0.09916260064110351	0.023	1.193957406784687	-0.21075548140953504	0.2179	1.2018623608243029	-0.1838974216847305	0.1804	0.9775123911751513	-0.17777355650526275	-0.0119	0.8492210721749525	1.4620888877890341	-0.0008	1.0145570955550256	1.7481212038083367	0.0655	1.0247264943177479	1.5497989689156213	0.1076	0.6093472283465626	1.381367338823919	-0.01275	0.502967516922287	1.0212881549815231	0.0119	0.6010809790731065	0.7234242707294285	0.0002	0.9901919221315483	1.3410799666401494	0.01275	1.016172238927018	1.0114110983727362	-0.0119	1.1006267510482737	0.7502413503063807	-0.0002
76	1.2666666666666666	0.7156525029602585	0.824375982677101	0.0301	0.5866086363535756	0.8270996094883113	0.0301	0.5116404674439297	0.34098480750376325	0.0179	0.38634867146353147	-0.15557914519896712	0.023	0.514173758917706	-0.2687778548874771	0.2179	0.4282944834119949	-0.2850806004594256	0.1804	0.33662855625180377	-0.2306597681172027	-0.0119	0.8131555962119968	0.8320652260597002	-0.0301	0.9911803007434055	0.39665529249932086	-0.0179	1.0177531708472067	-0.09907209361212134	0.023	1.1946749451102685	-0.21176444086993085	0.2179	1.2020246989538348	-0.18405608757270184	0.1804	0.977512266582656	-0.17803141855494725	-0.0119	0.8481056615231148	1.4623955144826573	-0.0008	1.0127786320627783	1.7493506038834945	0.0655	1.0243117377731363	1.5525505285836985	0.1076	0.608476025122276	1.3809664600912772	-0.01275	0.5021773220281396	1.0210878997866522	0.0119	0.6001049840879132	0.72395387319585	0.0002	0.9891811874095733	1.3415598910534003	0.01275	1.0151938278562795	1.0116907808011113	-0.0119	1.0992298470625583	0.7508509292207466	-0.0002
77	1.2833333333333332	0.715899076335184	0.8229557901585051	0.0301	0.5859465225652603	0.8263921088828727	0.0301	0.5121137494444631	0.34047538756606216	0.0179	0.3859098198079158	-0.15607694828153879	0.023	0.5148609224758964	-0.2688369340252839	0.2179	0.4283630781696425	-0.28533438692656016	0.1804	0.33683558894620136	-0.23089186115990892	-0.0119	0.8128894146548452	0.8320347790455306	-0.0301	0.9913802390434509	0.3971747188886018	-0.0179	1.0176018984793744	-0.09917035240597315	0.023	1.1947258477830003	-0.2121119805853594	0.2179	1.2025154649787908	-0.18395495466205258	0.1804	0.9775499151766519	-0.17809314405936322	-0.0119	0.8467369627137723	1.4627232051506465	-0.0008	1.0106036403141199	1.750463870208565	0.0655	1.0240137374520977	1.554744708374474	0.1076	0.6073718995062098	1.380667578207345	-0.01275	0.5013741799346678	1.0207373695661786	0.0119	0.5994215281688476	0.7241767261273718	0.0002	0.9882257823610693	1.342426891982663	0.01275	1.0139894983627669	1.0129325126930864	-0.0119	1.0984644509653476	0.7513287520186289	-0.0002
78	1.3	0.7162737011598082	0.821187455044682	0.0301	0.5852529144843612	0.8253250756065321	0.0301	0.5123464150856477	0.34003070278698283	0.0179	0.3857013142718458	-0.15680500032332265	0.023	0.5155562045981215	-0.26863421039121954	0.2179	0.4289099713354297	-0.28581942295328355	0.1804	0.337398910467524	-0.23148570481996078	-0.0119	0.8127342493461585	0.8317618129690991	-0.0301	0.9915675827647702	0.39743213706189395	-0.0179	1.0177670999364197	-0.09929786593869686	0.023	1.1940897928309429	-0.21173837332696194	0.2179	1.2033302521364395	-0.18366162992901117	0.1804	0.9775942978352754	-0.177974750861087	-0.0119	0.8453673417087081	1.4631264358470784	-0.0008	1.0082079903723586	1.7515746207786855	0.0655	1.0237096698252497	1.5561953881298913	0.1076	0.606238665938193	1.3805180690348977	-0.01275	0.5007421415356257	1.0204484025572462	0.0119	0.5991124037874399	0.7240406933813143	0.0002	0.9872998514182934	1.343493065213069	0.01275	1.0124756359165559	1.0150079325801606	-0.0119	1.0981837633102491	0.7515743910352306	-0.0002
79	1.3166666666666667	0.7165690897122298	0.8193537153224018	0.0301	0.5848349104127536	0.8241263186239829	0.0301	0.5121699555090892	0.33962358403065845	0.0179	0.38571109756837224	-0.15748464791920228	0.023	0.5159569367952932	-0.2682201708781601	0.2179	0.42953936486261846	-0.2863854791499448	0.1804	0.33813542644437494	-0.23221735032170399	-0.0119	0.8126051096620494	0.8312453635739762	-0.0301	0.9916864287101242	0.39723154911722997	-0.0179	1.0181181813134104	-0.09926455665066182	0.023	1.1930041093822032	-0.2108188991156396	0.2179	1.204289378478357	-0.18321985854434364	0.1804	0.9776864125909105	-0.17773335061230047	-0.0119	0.8443314905660054	1.4636681032645305	-0.0008	1.0057966232057522	1.7526720279690398	0.0655	1.023220098802898	1.5570823281669517	0.1076	0.6053094157919203	1.3804916607694218	-0.01275	0.5004022693338943	1.0204539644427417	0.0119	0.5991188555752535	0.7237621383880865	0.0002	0.986413773416741	1.344567479001624	0.01275	1.0107255959940638	1.0174754611243173	-0.0119	1.0979333486823715	0.7516134758803837	-0.0002
80	1.3333333333333333	0.7166480787555556	0.8177259338321136	0.0301	0.5846952607343725	0.8230302910201109	0.0301	0.5117503453574702	0.3391210683352095	0.0179	0.3858917702698791	-0.15802549399099275	0.023	0.5159477633718466	-0.26766818263225756	0.2179	0.4300341029494809	-0.2868659968266176	0.1804	0.3388713123990248	-0.23293484689287086	-0.0119	0.8123820595985075	0.830660046044932	-0.0301	0.9917573411109399	0.3967620367723307	-0.0179	1.0184984415695366	-0.09915607126081445	0.023	1.1918285805687139	-0.20990099924921068	0.2179	1.2050350582924008	-0.18276013066807015	0.1804	0.9779029877591529	-0.17740870674771111	-0.0119	0.8437532342500838	1.464345832625197	-0.0008	1.0032475403033012	1.753558698566427	0.0655	1.0222318121883636	1.5581098018456296	0.1076	0.6047664140929625	1.3805228202804225	-0.01275	0.5003000754484725	1.0207253197824386	0.0119	0.5993021638894225	0.7235179299668889	0.0002	0.9856547071098356	1.3455182114151678	0.01275	1.009048458209221	1.0197383141602927	-0.0119	1.09734642026225	0.7517940312075814	-0.0002
81	1.35	0.7164491445583219	0.8165523860003329	0.0301	0.5845744864667742	0.822096775087986	0.0301	0.5113300429613987	0.3385627876217921	0.0179	0.386221101516149	-0.15835786343129488	0.023	0.5155308419029272	-0.2671457511343735	0.2179	0.43024510728009036	-0.2871655179766688	0.1804	0.33944061241224605	-0.23358302811063872	-0.0119	0.8120143387679525	0.8300623662054266	-0.0301	0.9917955813761297	0.39633777826236066	-0.0179	1.0188328858828317	-0.09912310665221656	0.023	1.190895114838276	-0.20946112574200013	0.2179	1.2053060313650656	-0.18251050886134954	0.1804	0.9782164454539897	-0.17714406563191343	-0.0119	0.84351624661061	1.4650811203087049	-0.0008	1.000348643932206	1.754326570544725	0.0655	1.0206665158636437	1.5599143749747482	0.1076	0.6045494083159557	1.3806038860643663	-0.01275	0.5002936282411083	1.0210228196595243	0.0119	0.5994971381302886	0.7232942700452887	0.0002	0.9850867256702538	1.3461749044127913	0.01275	1.0077558490650582	1.0214307454866562	-0.0119	1.0963561064619252	0.7523760801108056	-0.0002
82	1.3666666666666667	0.7160169509275934	0.8159037633653299	0.0301	0.5843363079937199	0.8212004992133487	0.0301	0.5108813885806867	0.3380790967573545	0.0179	0.38670883379725846	-0.15840814545521578	0.023	0.5147528120023062	-0.26687330308127044	0.2179	0.4300367049682534	-0.28728732044993743	0.1804	0.3397449619840131	-0.23410622691016172	-0.0119	0.8115875417423677	0.8292866934431646	-0.0301	0.9917767540901453	0.3960121070092276	-0.0179	1.0191175408486017	-0.09911435330797407	0.023	1.1903423278896845	-0.20943093218507502	0.2179	1.2051311779608056	-0.18263212981727564	0.1804	0.9784533432034536	-0.17713761619875773	-0.0119	0.8433147212532867	1.4657694711104623	-0.0008	0.9972288942518882	1.7553343463452653	0.0655	1.018859405820496	1.5622173038069687	0.1076	0.6043503524158305	1.3807695042296615	-0.01275	0.500264894085332	1.0211422126142964	0.0119	0.5995644055846232	0.7230077560520811	0.0002	0.9846574119683748	1.3464464115492543	0.01275	1.0068779178665042	1.0226380120531937	-0.0119	1.09509407889536	0.7531539971950421	-0.0002
83	1.3833333333333333	0.7154529413208482	0.8157130072829465	0.0301	0.5840825810802972	0.8203852574972238	0.0301	0.5102871383990524	0.3375761914356862	0.0179	0.38733580151109176	-0.15825942432155304	0.023	0.5138694697695512	-0.2669725801455531	0.2179	0.42957082160496834	-0.2872398778685092	0.1804	0.33983403160026737	-0.2343480290549464	-0.0119	0.8112105185210563	0.8283759180948393	-0.0301	0.9916760902510853	0.39562368176425444	-0.0179	1.019399645495531	-0.09907215714049711	0.023	1.190098917709875	-0.20951936824440434	0.2179	1.2046538400990332	-0.1830865685796956	0.1804	0.9785207123633403	-0.17736838265865368	-0.0119	0.8427217015561057	1.4663637223351493	-0.0008	0.9941938781341244	1.7565048447476421	0.0655	1.0171726537713912	1.5640562701156175	0.1076	0.6038815733448972	1.381008527036576	-0.01275	0.5001444664721761	1.0210200187837055	0.0119	0.5994468433879031	0.7226635105048929	0.0002	0.9842622808545074	1.3465146453733554	0.01275	1.0062774706239512	1.0235285004147325	-0.0119	1.093723311859338	0.7537424449503883	-0.0002
84	1.4	0.7148249393418826	0.815895390582517	0.0301	0.5839235708786729	0.8199340719935696	0.0301	0.5096267201360251	0.3367556729287546	0.0179	0.3879925297982376	-0.1581247457971909	0.023	0.5133191811315216	-0.2674200572379175	0.2179	0.4292365102143004	-0.28697325609527374	0.1804	0.33980058769132604	-0.23407452195144246	-0.0119	0.8108685703292541	0.8276983156870779	-0.0301	0.9915177410443194	0.3950774687210302	-0.0179	1.0197587999767912	-0.09913009395668908	0.023	1.19008205144204	-0.2097000176123227	0.2179	1.203939559345699	-0.18369602399478452	0.1804	0.978594557345874	-0.17754150308755245	-0.0119	0.841399793778671	1.4668886943238342	-0.0008	0.9912725518321417	1.7573598819164673	0.0655	1.0156041957639197	1.5648362120036567	0.1076	0.6030437928364367	1.3812628296630498	-0.01275	0.499902012656138	1.020648657654467	0.0119	0.5991606772249817	0.7223796307287376	0.0002	0.983862079245926	1.3467126523531014	0.01275	1.005901702607577	1.024002411783574	-0.0119	1.092395637340119	0.7540472246281089	-0.0002
85	1.4166666666666667	0.7142300677980412	0.8163206696867773	0.0301	0.5838987154220502	0.8199365423084725	0.0301	0.5090020130670438	0.335494456970426	0.0179	0.38848887475876553	-0.15810692973467966	0.023	0.5132885882840957	-0.2680920139556737	0.2179	0.4291546381291456	-0.28646651662134304	0.1804	0.3396337661449862	-0.23318637527076494	-0.0119	0.8104789192658645	0.8274563645560782	-0.0301	0.9913512342436319	0.3944473560059506	-0.0179	1.020214936981186	-0.09940197560781103	0.023	1.1903438623584475	-0.21000243511501152	0.2179	1.203104680583682	-0.1842849850536918	0.1804	0.9789014521015028	-0.1774172616217294	-0.0119	0.839384360380534	1.4674210684283306	-0.0008	0.9882967446007859	1.7579077204688758	0.0655	1.013932167380951	1.5647670388892285	0.1076	0.6018387896373484	1.381548773381024	-0.01275	0.4995869659017458	1.020059198007378	0.0119	0.5987656552858336	0.7222316640836897	0.0002	0.9834619083648544	1.3472602897819483	0.01275	1.0057264515743853	1.023972086181331	-0.0119	1.091244189319818	0.7542520281509975	-0.0002
86	1.4333333333333333	0.7138065729337353	0.8168008328745459	0.0301	0.5840210470132631	0.8201731216543782	0.0301	0.508338913557613	0.33401193307264115	0.0179	0.388658613173295	-0.15807652841196504	0.023	0.5134724082246735	-0.26878872968159945	0.2179	0.4290689570310734	-0.2858215991669162	0.1804	0.33930083130177513	-0.23188310548985333	-0.0119	0.8100706227479861	0.8274660111917167	-0.0301	0.9911930477267259	0.3938653271523757	-0.0179	1.0206580182970342	-0.09977238019262674	0.023	1.1909439246904705	-0.21023287633897647	0.2179	1.20240436349221	-0.18472482987686314	0.1804	0.9794306732956838	-0.17706885491786994	-0.0119	0.837068818524171	1.4680889986181436	-0.0008	0.9853148725116717	1.75876929166805	0.0655	1.0120701777960086	1.5643943854485662	0.1076	0.6002977438903118	1.3819774721823952	-0.01275	0.4993457807793469	1.0194005902046002	0.0119	0.598375100920077	0.7221213114123166	0.0002	0.9829736834342755	1.3482156414171158	0.01275	1.0056275473757148	1.0236970912608543	-0.0119	1.0903252797422947	0.7544563300918837	-0.0002
87	1.45	0.7135237878357938	0.817210647573982	0.0301	0.5841151356821993	0.8205242426834665	0.0301	0.5076225129269104	0.3326421980201631	0.0179	0.38847368184459447	-0.15789318228690297	0.023	0.5134968517775559	-0.26926731373307455	0.2179	0.4288168536728224	-0.2851930414051759	0.1804	0.3389178783038044	-0.23055098182710815	-0.0119	0.8097601175520859	0.8276069451391551	-0.0301	0.9910166601469249	0.39343923972319184	-0.0179	1.0209385858241256	-0.10009282936943266	0.023	1.1917547320517894	-0.21032212632729289	0.2179	1.2019889306975828	-0.18489311324603563	0.1804	0.9799918253089963	-0.17673611834664107	-0.0119	0.83479631047797	1.4690235379578969	-0.0008	0.9825868220090108	1.7602921987430997	0.0655	1.0100985117804984	1.5640967403021042	0.1076	0.5985271010815625	1.3825366651582107	-0.01275	0.49929483844760225	1.0188788106554136	0.0119	0.5981246307332593	0.7219110139554592	0.0002	0.9822405683263559	1.3495239758867519	0.01275	1.0055081482467487	1.0235563366195957	-0.0119	1.0896427821967143	0.7545807979064442	-0.0002
88	1.4666666666666666	0.7131529395232912	0.8174671127461853	0.0301	0.5838174339081398	0.8209915896678129	0.0301	0.5070948857388361	0.331616403745771	0.0179	0.38806826331802147	-0.15765767902536423	0.023	0.5134212183139836	-0.26934027002059063	0.2179	0.4286249473132339	-0.28465738833921334	0.1804	0.3387014046977134	-0.22953615378940512	-0.0119	0.809568386489114	0.827945755069863	-0.0301	0.9907858888869225	0.39324750564001004	-0.0179	1.0209960439113177	-0.10042330537403107	0.023	1.1925244780657305	-0.2105663978605805	0.2179	1.2017323922819363	-0.1847116137534774	0.1804	0.9803801314112873	-0.17655919644846957	-0.0119	0.8325855111886001	1.470239774014188	-0.0008	0.98022109322898	1.7621628091694341	0.0655	1.0080985147445483	1.5640673663731255	0.1076	0.5967336524007106	1.3830094723459845	-0.01275	0.4994080606729353	1.0186033125442129	0.0119	0.5980831857121799	0.7216344849815787	0.0002	0.9811842422092081	1.3509914258030042	0.01275	1.0054329817023813	1.023690705836001	-0.0119	1.0892190038676346	0.754628079901616	-0.0002
89	1.4833333333333334	0.7125696459843349	0.8174377159314773	0.0301	0.582990977079326	0.8213385602895767	0.0301	0.5069513755830884	0.33104441499624543	0.0179	0.3876367721750849	-0.15753695409152427	0.023	0.5135282070524356	-0.2690033762993842	0.2179	0.42873478088415223	-0.2842378727197241	0.1804	0.3387632477494516	-0.228999227088277	-0.0119	0.8094251867484985	0.8282612720656345	-0.0301	0.9904722206601312	0.3933093284003902	-0.0179	1.0208595895647554	-0.10084534672784118	0.023	1.1931071234628476	-0.21116034321742752	0.2179	1.201471211616233	-0.18425293424837996	0.1804	0.9804191259848355	-0.17655010065159446	-0.0119	0.8303207270548951	1.4715920287627529	-0.0008	0.9780474441925093	1.764048250542619	0.0655	1.006114922597146	1.564518047066864	0.1076	0.595140870530766	1.3832288869469198	-0.01275	0.4995929079693391	1.0185966595042986	0.0119	0.5982012144019131	0.7215103394770291	0.0002	0.9797769423784104	1.3523517416940558	0.01275	1.0054812744630832	1.024074376671021	-0.0119	1.089035475404247	0.7547709782075849	-0.0002
90	1.5	0.7118679327685531	0.8171381127848326	0.0301	0.5818788683130425	0.8212660625061565	0.0301	0.5070465853892568	0.3309191949986981	0.0179	0.38729370611153496	-0.15745314239474517	0.023	0.5137962647376493	-0.2684426388505416	0.2179	0.42897883587434416	-0.28395371368935074	0.1804	0.3390505685711377	-0.22885391768905167	-0.0119	0.8093142366010231	0.8281062276341642	-0.0301	0.9900457780914274	0.39355837680734307	-0.0179	1.0205903699117729	-0.10123398113025753	0.023	1.1934694768582454	-0.21183937019574597	0.2179	1.2012766449489334	-0.18372306558416734	0.1804	0.9800472556422336	-0.17670972602110066	-0.0119	0.8280033060597842	1.472883987663499	-0.0008	0.9757873070105345	1.765998330995831	0.0655	1.0041383648675837	1.5656198833822512	0.1076	0.5938442894471205	1.3832599183711087	-0.01275	0.49978780357331487	1.0188658827668646	0.0119	0.5983602036745714	0.721797197237373	0.0002	0.9779707080477358	1.3534638199335727	0.01275	1.00557699746996	1.0247110958994365	-0.0119	1.0889953107599206	0.7550947848458665	-0.0002
91	1.5166666666666666	0.7111271747902811	0.8168821472749734	0.0301	0.580679233925653	0.8208635781864079	0.0301	0.507149374625677	0.33107596750050305	0.0179	0.3870744710485235	-0.1572195415098208	0.023	0.5139518747361193	-0.2678442687677459	0.2179	0.42898018924449927	-0.283725331703992	0.1804	0.3394730048383848	-0.22883856032619584	-0.0119	0.8092404028662696	0.8274244909327664	-0.0301	0.9894966949027952	0.3938961192542905	-0.0179	1.0202717622165292	-0.10143711412411809	0.023	1.1935036602256535	-0.2121847407513721	0.2179	1.2013251513412582	-0.18329284904590049	0.1804	0.9794173955621184	-0.1769956288169734	-0.0119	0.8256885207521008	1.473961012997524	-0.0008	0.9731569427863106	1.7679559567246446	0.0655	1.0020145044469988	1.567247424793787	0.1076	0.5927596693530459	1.3832583014276016	-0.01275	0.4999437042688092	1.0192943333013726	0.0119	0.5985160976873465	0.7226021392777165	0.0002	0.9757714435658581	1.3543990445147776	0.01275	1.0055923538878198	1.0255273474729796	-0.0119	1.0890722103211172	0.7555100810931578	-0.0002
92	1.5333333333333332	0.7103227668419396	0.8170221069351656	0.0301	0.5792774752482936	0.8205252185252353	0.0301	0.5072592765519179	0.33129409908401297	0.0179	0.387014199429579	-0.15685753619271098	0.023	0.5138987564932395	-0.26724004331446477	0.2179	0.42853448783734277	-0.28339070216937395	0.1804	0.33998827335815024	-0.2287172402871297	-0.0119	0.8090874048317682	0.8266372007771715	-0.0301	0.9888795341780564	0.39430785402580354	-0.0179	1.0200117110422715	-0.10147241346291389	0.023	1.1930657110591563	-0.2119649770321761	0.2179	1.201644355696155	-0.18294716172636752	0.1804	0.978801345600508	-0.17721081163333774	-0.0119	0.8233514953460153	1.4747461296552642	-0.0008	0.9698986048670765	1.7695577217292144	0.0655	0.9995270071581489	1.5691141121430403	0.1076	0.591672039636918	1.3833015104616884	-0.01275	0.49995594257204556	1.019626758596529	0.0119	0.5987673949329293	0.7237580032844287	0.0002	0.9733109275447309	1.3553271986198114	0.01275	1.0054939288613647	1.0262985284964679	-0.0119	1.0893977716654415	0.7560365535435133	-0.0002
93	1.55	0.70947357547133	0.8176177083202915	0.0301	0.5776041820596834	0.8205054269231797	0.0301	0.5074593193387159	0.3315385485939653	0.0179	0.38711808810472526	-0.15653219405257093	0.023	0.5137901998337727	-0.2666525248470699	0.2179	0.42766659847565497	-0.2829287362567089	0.1804	0.3405197064937732	-0.228464671920951	-0.0119	0.8086997972616553	0.8261075657910619	-0.0301	0.9882892497397915	0.39487120299049405	-0.0179	1.0198555773472213	-0.10142178394356044	0.023	1.1922261593740466	-0.2111762419231338	0.2179	1.202130598614792	-0.18254037933619685	0.1804	0.9783832181766107	-0.17716847077875617	-0.0119	0.8209632199110312	1.475299183108668	-0.0008	0.9659673371350329	1.7707956469911925	0.0655	0.9966831968247511	1.5711511053118425	0.1076	0.5902822304047399	1.3834348742920155	-0.01275	0.4996407237286993	1.0197510701802006	0.0119	0.599227347161048	0.7249141727693345	0.0002	0.9708204714420279	1.3563571981115659	0.01275	1.0052581468570068	1.0269330577552427	-0.0119	1.0900823535431512	0.756864585099917	-0.0002
94	1.5666666666666667	0.7086726475744837	0.8184353394750276	0.0301	0.5759880890904477	0.8207908057701541	0.0301	0.5076534861976887	0.3319625794382062	0.0179	0.3873433143521702	-0.1563367266097236	0.023	0.5137926327159451	-0.266266483175883	0.2179	0.42661371422303906	-0.28251480528344824	0.1804	0.3409192534261745	-0.228288786965465	-0.0119	0.808092138068642	0.8258800018652431	-0.0301	0.9877798055949363	0.39557943092396347	-0.0179	1.0197086777984596	-0.10128848003611841	0.023	1.1912773515308164	-0.21001156480343908	0.2179	1.202650138543827	-0.18200409785009425	0.1804	0.978173706152471	-0.17694578562687838	-0.0119	0.8185808012529836	1.4758083212716935	-0.0008	0.961630126236113	1.7722549942126036	0.0655	0.9937473959277933	1.573449775240568	0.1076	0.5883221231620653	1.383732830847739	-0.01275	0.4988522058199507	1.0198043564352284	0.0119	0.5998559121817985	0.7258052289531048	0.0002	0.9685089309168826	1.3575019409231952	0.01275	1.0047673710677354	1.0276339856885222	-0.0119	1.0910318257079428	0.7580757078956246	-0.0002
95	1.5833333333333333	0.7079890094102509	0.8192853046221978	0.0301	0.5748747679212518	0.8213866743021732	0.0301	0.5076790976341626	0.3326031265552183	0.0179	0.38767464563627235	-0.1563193746225345	0.023	0.5139389349143565	-0.2662600030565969	0.2179	0.4258037771337614	-0.28234032802746956	0.1804	0.3411348031959357	-0.22842159551007238	-0.0119	0.8074365346042672	0.8259946131453828	-0.0301	0.9873257114399184	0.39623506879198767	-0.0179	1.0194564623458855	-0.1010867533411485	0.023	1.1904685195659648	-0.20883435065208028	0.2179	1.2029976878728375	-0.1813791073684035	0.1804	0.9781241822114207	-0.17669471893964458	-0.0119	0.8162350952989906	1.4764935316915735	-0.0008	0.9572059009046566	1.7742875000546556	0.0655	0.9908635671547897	1.5759803157544723	0.1076	0.5857781323584776	1.3842248013774603	-0.01275	0.4976314243844786	1.0199276709521714	0.0119	0.600457235485512	0.7264266408682896	0.0002	0.9664359544187323	1.3587489582600347	0.01275	1.003959735817153	1.0285558504633274	-0.0119	1.0920601011688829	0.7595880191030218	-0.0002
96	1.6	0.7074279302761953	0.8201680221154211	0.0301	0.5743665567330802	0.8223182824056519	0.0301	0.5075764850089522	0.3332479895250792	0.0179	0.38810345941796287	-0.1565283483002242	0.023	0.5141307176738872	-0.2665939896449301	0.2179	0.42557721529865	-0.2824970043487416	0.1804	0.34124082227687585	-0.22888466867431764	-0.0119	0.8068835160168064	0.8265860878990702	-0.0301	0.9868762717988966	0.3966010647678286	-0.0179	1.019127039603136	-0.1009732264598093	0.023	1.1899086697084078	-0.20811264411445327	0.2179	1.2029346370178096	-0.1807037932298995	0.1804	0.9782389620671136	-0.17632527295562472	-0.0119	0.8138356793269063	1.477489187943598	-0.0008	0.9528362322093107	1.7764858684039917	0.0655	0.9878815785816314	1.5786170279406844	0.1076	0.5829507274504111	1.3848194417090294	-0.01275	0.4961680287346483	1.0200655469725974	0.0119	0.6008469705675734	0.7269428042055537	0.0002	0.9645454667744912	1.3600654320156236	0.01275	1.002990160007972	1.0294902392622776	-0.0119	1.093085041720209	0.7613044883074348	-0.0002
97	1.6166666666666667	0.7069789189275765	0.8209147554789958	0.0301	0.5742656789127933	0.8231716321748721	0.0301	0.5074732989839951	0.3336685629946733	0.0179	0.38853235359216615	-0.15687202623130794	0.023	0.5142272508541437	-0.26707480705210707	0.2179	0.4259087507902513	-0.28295421423277567	0.1804	0.34120844254709876	-0.2295282939515336	-0.0119	0.8064854633729103	0.8274295831975286	-0.0301	0.986454062049367	0.3965753979885077	-0.0179	1.0188440693254037	-0.1010598163405297	0.023	1.189685436308787	-0.20814832559800955	0.2179	1.2024473940556506	-0.1800620156541267	0.1804	0.978497675593718	-0.17570487080933508	-0.0119	0.8113087557080566	1.4787721916373633	-0.0008	0.9485691061638766	1.7783461976046724	0.0655	0.9846697084800887	1.5812708551443544	0.1076	0.580188730597305	1.385343645927569	-0.01275	0.49464204430162007	1.020033133966075	0.0119	0.6009837129742809	0.7275034808248807	0.0002	0.9627835584095237	1.3613099698580489	0.01275	1.0020704509369405	1.0301467314770811	-0.0119	1.094086289330563	0.7630982159199601	-0.0002
98	1.6333333333333333	0.706635734959665	0.821122644209786	0.0301	0.5743803521793003	0.8232571399431189	0.0301	0.5073207707472597	0.3337830871256843	0.0179	0.38880159908790807	-0.15707183160336244	0.023	0.5141719683495486	-0.2675349250881587	0.2179	0.4265263744195863	-0.2835728015166767	0.1804	0.34091535834888836	-0.23019560178577206	-0.0119	0.8062193278510584	0.8279332992884408	-0.0301	0.9861406608745801	0.3961959538792913	-0.0179	1.0186717216182246	-0.10121180082713654	0.023	1.18986546212981	-0.20878390990422785	0.2179	1.201839454188142	-0.17961096330262386	0.1804	0.9787864703155625	-0.17498707535605285	-0.0119	0.8087145056272379	1.4802193025020645	-0.0008	0.9444616872672903	1.7798774533129365	0.0655	0.9813242825240123	1.5838078694344713	0.1076	0.5776203779849476	1.3856832746412475	-0.01275	0.4931397685259188	1.0197601611707559	0.0119	0.6009363471367775	0.7281593486186261	0.0002	0.9611358541809103	1.3622663982339265	0.01275	1.001216982693659	1.0306043289938627	-0.0119	1.0950005940175256	0.7647790656215434	-0.0002
99	1.65	0.7063297925220919	0.8207700182446221	0.0301	0.5745420726440779	0.8225815578044046	0.0301	0.5070498042071527	0.33358234399850806	0.0179	0.3888301000054337	-0.15691695649708398	0.023	0.5140447743719362	-0.2679228201101942	0.2179	0.42719719811860735	-0.2841839581610385	0.1804	0.3404599485210271	-0.23072770938731607	-0.0119	0.8059933655409447	0.8279636955383285	-0.0301	0.9859414762439033	0.39560623723630195	-0.0179	1.0185873530359175	-0.10123208534080674	0.023	1.1902945207628897	-0.2095414806384086	0.2179	1.201396402456201	-0.17940232682785787	0.1804	0.9790125470294275	-0.17441856088475102	-0.0119	0.8061400574232279	1.4816607104488384	-0.0008	0.9405763626334516	1.7811520184991356	0.0655	0.9780167579994662	1.5858734699559347	0.1076	0.5752180791754173	1.3858799334545877	-0.01275	0.49169043660320716	1.019401928117867	0.0119	0.6007839675303988	0.728818745768962	0.0002	0.9595894244683105	1.3628540901631023	0.01275	1.0002649230948224	1.0312197355118091	-0.0119	1.0957606817121106	0.7662646351548731	-0.0002
100	1.6666666666666667	0.7059431670690642	0.8204002125507311	0.0301	0.5744871267878218	0.8219795566358801	0.0301	0.5067805337018139	0.3331392459670055	0.0179	0.3886882387121944	-0.15651663276601485	0.023	0.5139680950301659	-0.268237627118989	0.2179	0.42776481934132055	-0.2846861611024638	0.1804	0.34019152582053513	-0.23093492708595953	-0.0119	0.805691696922138	0.8280567998051632	-0.0301	0.9857649852528276	0.3950557041666343	-0.0179	1.0185474760887916	-0.10105833754137132	0.023	1.1905442973665712	-0.2099910947170187	0.2179	1.2011137139599606	-0.1793094855172972	0.1804	0.9792227250386619	-0.1740190486805583	-0.0119	0.8036177295601721	1.4828525927133966	-0.0008	0.9370102800119431	1.7818634169117369	0.0655	0.9748775146389694	1.5870049075844777	0.1076	0.5729860581593766	1.3860840952924947	-0.01275	0.49034751716753233	1.0191589752484291	0.0119	0.6005406039503365	0.7292832773899554	0.0002	0.9580678621620767	1.363182002768008	0.01275	0.9990588687252766	1.0321677610707365	-0.0119	1.0963507794240408	0.7676834752697157	-0.0002
101	1.6833333333333333	0.7054303335323681	0.8203972537681326	0.0301	0.5740319291653417	0.8219430175747492	0.0301	0.5066086160681921	0.33264785726498114	0.0179	0.3885097879989771	-0.1561528457847954	0.023	0.5139392828888675	-0.2684689308607996	0.2179	0.4280164466613044	-0.2850774245496937	0.1804	0.3403234895439324	-0.23070851672748358	-0.0119	0.8052692383560783	0.8284239903865098	-0.0301	0.9855482315991193	0.3948189677238886	-0.0179	1.0184990153279363	-0.10070352577203012	0.023	1.1902737671903496	-0.20996800066223054	0.2179	1.2008827839951746	-0.1792074552563402	0.1804	0.9795238011466244	-0.17375079682912495	-0.0119	0.8012235041841166	1.4836318608119108	-0.0008	0.9338789441959925	1.7819252265131011	0.0655	0.9720483950348099	1.5872208963195833	0.1076	0.5709096060183345	1.386419318203397	-0.01275	0.48918549336683115	1.019075482759339	0.0119	0.6001709093447067	0.7294429748268	0.0002	0.9564498356000678	1.3633179073557569	0.01275	0.9975533556359747	1.033281768983451	-0.0119	1.0967885021289052	0.7691761914240473	-0.0002
102	1.7	0.7048504665334879	0.8204779214421573	0.0301	0.5733085312230818	0.8220194686256229	0.0301	0.5064191540789414	0.3322525853244216	0.0179	0.38837478996495683	-0.15596376204082174	0.023	0.5138204601530989	-0.2686110160803532	0.2179	0.4277672940938831	-0.2853650526961425	0.1804	0.3406961071427168	-0.2301310392728898	-0.0119	0.8047863710955336	0.8285259808320277	-0.0301	0.9852993062226072	0.3949834043121769	-0.0179	1.01839490012388	-0.10018724986376897	0.023	1.189528948094722	-0.20963146493409074	0.2179	1.2007303436188996	-0.17912051241907906	0.1804	0.9798994576792136	-0.17378439813465685	-0.0119	0.799127335888841	1.4841266112236045	-0.0008	0.9311564382759827	1.7820113124841135	0.0655	0.9696610739268975	1.5873068699207218	0.1076	0.5688627979209886	1.386838937698876	-0.01275	0.48822679527574664	1.0190525611827257	0.0119	0.5996943198252838	0.7294037709598221	0.0002	0.9547113848548358	1.363203249608952	0.01275	0.9958190829506854	1.0343624407604544	-0.0119	1.0970397884319776	0.7707726943764971	-0.0002
103	1.7166666666666666	0.7042512530846287	0.8201530015448985	0.0301	0.5725484902378426	0.8216391284575832	0.0301	0.5061007706411186	0.3318742668018656	0.0179	0.3882884833106437	-0.1559782672192594	0.023	0.5135880864868303	-0.26859819790443	0.2179	0.42715366035659236	-0.28547683504812277	0.1804	0.3410332129197815	-0.2293915011211279	-0.0119	0.8043234879057477	0.8279790984427517	-0.0301	0.9850347940012919	0.39532695615004404	-0.0179	1.018254466676496	-0.09962381869072971	0.023	1.1885859993704704	-0.20934833272299566	0.2179	1.2007304344678054	-0.1791116045952676	0.1804	0.9802426175845511	-0.17425609283991494	-0.0119	0.7974614241563684	1.4845967250768635	-0.0008	0.9285802341264449	1.7828195670793565	0.0655	0.9677610050650796	1.588135932202586	0.1076	0.5667910633857289	1.3871503032500063	-0.01275	0.4874657709069672	1.0189469416494354	0.0119	0.5992042064455263	0.7293591040130459	0.0002	0.9529640014279201	1.3629011001097664	0.01275	0.9940658073378493	1.035487808896727	-0.0119	1.0969694830654926	0.7725342804664741	-0.0002
104	1.7333333333333334	0.7035915859999871	0.8194074924510397	0.0301	0.5717337014789381	0.820790138930401	0.0301	0.5057565291036193	0.3313000356462725	0.0179	0.3882331418219027	-0.15630725359795128	0.023	0.5134555510417035	-0.268317489056052	0.2179	0.4266212598228047	-0.2853216079343376	0.1804	0.3412587598857321	-0.22861643571991988	-0.0119	0.8038930123947342	0.8270767655338019	-0.0301	0.9847459611601626	0.39552581450079227	-0.0179	1.0181776868915275	-0.0993245679384782	0.023	1.187788805382477	-0.20941197112780893	0.2179	1.2008256756800633	-0.1791181865338067	0.1804	0.9805612401422936	-0.17492866363445317	-0.0119	0.7961893006672748	1.485123605193731	-0.0008	0.9258255574232663	1.7842046692927531	0.0655	0.966326133674036	1.5899778874027088	0.1076	0.5649013350131483	1.3872395796363353	-0.01275	0.48693354470388805	1.0186389074424553	0.0119	0.5987817014262975	0.7294038898950184	0.0002	0.9513321034801127	1.3626741269520595	0.01275	0.9925816054915041	1.0368592853751788	-0.0119	1.0964458941444555	0.7745084524496543	-0.0002
105	1.75	0.7028847064534297	0.8186103933632505	0.0301	0.5707998294955561	0.8195898024142658	0.0301	0.5055409168715165	0.33041354590703287	0.0179	0.38820769262488614	-0.1569600830185783	0.023	0.5135587673648403	-0.2678495653715368	0.2179	0.4264632464772923	-0.2849407275571431	0.1804	0.34140823062788306	-0.22787316798791757	-0.0119	0.8035477486207784	0.8261526870345302	-0.0301	0.9844202702667111	0.3954696158457475	-0.0179	1.018260997484629	-0.0995700677698352	0.023	1.1875569080168769	-0.20981601508419742	0.2179	1.2009166731933825	-0.17905288762440014	0.1804	0.9809098175984458	-0.17543553710646587	-0.0119	0.7951370742485925	1.4855882350337817	-0.0008	0.9228221758975186	1.7856167167288026	0.0655	0.9652348535449192	1.592516789594217	0.1076	0.5634376411353825	1.3871740818879015	-0.01275	0.4866244380596389	1.0181455460301545	0.0119	0.598419222676014	0.7295361559552294	0.0002	0.9498932188400179	1.3626873268782036	0.01275	0.9915112416621019	1.0384549682860498	-0.0119	1.0954604445247633	0.7764857834955696	-0.0002
106	1.7666666666666666	0.7023138471356456	0.8179724490984849	0.0301	0.5700106920167892	0.8179304939120212	0.0301	0.5054129849895891	0.3292417188250277	0.0179	0.38823773543302526	-0.1576024775441119	0.023	0.513741917984989	-0.26750786521453984	0.2179	0.42656132036416067	-0.2845386310963855	0.1804	0.34143423591708727	-0.2272820018688821	-0.0119	0.8034870634669727	0.8251427381044745	-0.0301	0.9841076067757604	0.39526862042616556	-0.0179	1.018475920438065	-0.10023436970287222	0.023	1.1882271632491799	-0.21036904386480448	0.2179	1.2010829328707697	-0.17897792942244103	0.1804	0.9811424874303369	-0.17571503925213483	-0.0119	0.7941127016158657	1.4858717635378702	-0.0008	0.9198825692335938	1.7869062770991129	0.0655	0.9641895055256342	1.595072855475655	0.1076	0.5623149800234383	1.3870720965740202	-0.01275	0.48643396679279716	1.0176516897426173	0.0119	0.597972077245846	0.7297310023506378	0.0002	0.9486960108275331	1.3628539000203332	0.01275	0.990705803970476	1.0400434645827796	-0.0119	1.094130282243714	0.7781150492366915	-0.0002
107	1.7833333333333332	0.7020377167283534	0.8174873383092817	0.0301	0.5697234727526288	0.8159365592752829	0.0301	0.5052599696474869	0.32784241507161505	0.0179	0.38840074388818685	-0.1578322649566678	0.023	0.5138932257874289	-0.267472696385366	0.2179	0.4267254070733288	-0.2842581553936314	0.1804	0.3413093844772481	-0.22697730754375528	-0.0119	0.8038340005450701	0.8240609019085074	-0.0301	0.9839403809395176	0.3950111419848336	-0.0179	1.018700078110583	-0.10088581607984559	0.023	1.1897781901562197	-0.21097542621554402	0.2179	1.2014778648121616	-0.17901134936519125	0.1804	0.9810230208058016	-0.17588612511085833	-0.0119	0.7929861953291907	1.4859952545105102	-0.0008	0.9173920735161618	1.788148440706934	0.0655	0.9628842625567146	1.5968887373491787	0.1076	0.5612268714117831	1.3869934061449722	-0.01275	0.48623527947548634	1.0172979539838298	0.0119	0.5972217766853469	0.7299103548290803	0.0002	0.9477530802804537	1.3630569085583992	0.01275	0.9898844315244784	1.041402600241649	-0.0119	1.0926572400849104	0.7792806563691296	-0.0002
108	1.8	0.7020339122843595	0.8171867824174294	0.0301	0.5699756063201129	0.8141730739376021	0.0301	0.5051415410950524	0.32633700094051726	0.0179	0.3888160406373205	-0.1575984989683414	0.023	0.5141938002926072	-0.26758237209820285	0.2179	0.42700714888192093	-0.28404585465102417	0.1804	0.34117093176886837	-0.2269698944631575	-0.0119	0.8044116671080956	0.8233172541760506	-0.0301	0.9840187343616195	0.39465504693966513	-0.0179	1.0188752566909143	-0.10121927026429199	0.023	1.1917370321305214	-0.21159093448233093	0.2179	1.2020196468151358	-0.1791231322186016	0.1804	0.980528085034427	-0.1759015573535608	-0.0119	0.791729251267935	1.4860990586263934	-0.0008	0.9153903500276985	1.7891410185556567	0.0655	0.9613091724268068	1.597559656030537	0.1076	0.5600374835560873	1.3869661270517368	-0.01275	0.48592767861568037	1.0170265000041196	0.0119	0.5960610250635053	0.7299655984165595	0.0002	0.9470210850063399	1.36335805245078	0.01275	0.9888996828389446	1.042376943621767	-0.0119	1.0912510820093	0.7801238381030382	-0.0002
109	1.8166666666666667	0.7022484234636662	0.8169998293390099	0.0301	0.5706149770602968	0.8129650744531813	0.0301	0.5051462286291485	0.3250042734308697	0.0179	0.38953158109133235	-0.1571435727629512	0.023	0.5147792460715197	-0.26759440653467564	0.2179	0.42748379200244313	-0.28385599536452294	0.1804	0.34118370710299917	-0.22715273479408138	-0.0119	0.8049484034760255	0.8231016623686773	-0.0301	0.9843016451380437	0.39413826665016555	-0.0179	1.0190264329075338	-0.10120181481612398	0.023	1.1934530370950023	-0.21204858884028696	0.2179	1.2024725530732756	-0.17918272780245587	0.1804	0.9798386226370795	-0.17565362300572754	-0.0119	0.7904339386893954	1.4863131411399744	-0.0008	0.9136941074051155	1.789594606249371	0.0655	0.9597626865041688	1.5972644701526602	0.1076	0.5588404019732232	1.3870269429309783	-0.01275	0.4854408966818967	1.0167556808449474	0.0119	0.5945949242303974	0.7298882361080519	0.0002	0.9463909947450269	1.3638934676744474	0.01275	0.9877369701287871	1.0428773072235724	-0.0119	1.0900190822974043	0.7807172038854713	-0.0002
110	1.8333333333333333	0.7026771677776567	0.8165668617621825	0.0301	0.571555801592386	0.8119584314464705	0.0301	0.5051799790312201	0.32415083047061977	0.0179	0.39039975088821943	-0.15666872994405254	0.023	0.5154503878463108	-0.2674679157300605	0.2179	0.42801332415959276	-0.283757771413035	0.1804	0.34132991718063604	-0.2274085991038117	-0.0119	0.8053801187472115	0.8229193759137102	-0.0301	0.9846760638087254	0.39347386295477393	-0.0179	1.0191546374205704	-0.10088695145700123	0.023	1.1945572096650545	-0.21217388547815452	0.2179	1.2027658722903878	-0.17918350429871896	0.1804	0.9791603450421161	-0.17523005925114946	-0.0119	0.7892723322913976	1.48662497476706	-0.0008	0.9122690430131731	1.7895639343215288	0.0655	0.9585568190651647	1.596603518055675	0.1076	0.5577457016304231	1.387160486334212	-0.01275	0.48476026730964233	1.0165599548398383	0.0119	0.5930460482779879	0.7297465472588347	0.0002	0.9457076083633361	1.3646340951078884	0.01275	0.986410881472087	1.0428993372149322	-0.0119	1.0889493094651617	0.780953099551418	-0.0002
111	1.8499999999999999	0.703234500185464	0.8156275407774213	0.0301	0.5726472966284251	0.8107538078168933	0.0301	0.5051541533831095	0.32386078413888525	0.0179	0.391136348910293	-0.15625933051281746	0.023	0.5159567879633836	-0.2672801286376989	0.2179	0.428437518979678	-0.2837552691767258	0.1804	0.3414641884993982	-0.22766789624677364	-0.0119	0.8057709826514105	0.822272848942639	-0.0301	0.9850515343587485	0.39271731791806025	-0.0179	1.01922612160569	-0.10030766166013473	0.023	1.1950402073885213	-0.2119366361920354	0.2179	1.202928438031036	-0.17921725481742262	0.1804	0.9786592543107547	-0.1747926327163788	-0.0119	0.7883868181905564	1.4869070158920565	-0.0008	0.9111483313486081	1.7893371619846132	0.0655	0.9577873223984202	1.5961553448727774	0.1076	0.5567862769160418	1.387256508264776	-0.01275	0.4839123779043668	1.0165691160239936	0.0119	0.5915874905294716	0.7295106572541559	0.0002	0.9448717112092829	1.3653680057948618	0.01275	0.9850421967027088	1.0425142131922527	-0.0119	1.0879602079521322	0.7807921885877545	-0.0002
112	1.8666666666666667	0.7037108227016852	0.8143900742460438	0.0301	0.57356212930586	0.8095219358848694	0.0301	0.5051622079728801	0.32396845496730353	0.0179	0.39152852379804837	-0.15602628891534928	0.023	0.5162674402999294	-0.2670054967635151	0.2179	0.4287935943724288	-0.2837197876595195	0.1804	0.3415224840250601	-0.22793681119157969	-0.0119	0.8060685239388798	0.8213420654834593	-0.0301	0.9853095296851654	0.3919550016385021	-0.0179	1.0192514798700882	-0.09956661103536756	0.023	1.1949732534038473	-0.2113729982681179	0.2179	1.2028885893298193	-0.1792418063582528	0.1804	0.9784092621644163	-0.1743398202004467	-0.0119	0.7877909957588972	1.4870780353842692	-0.0008	0.9101892574988248	1.7890772509734434	0.0655	0.9573527872024137	1.5960981795372615	0.1076	0.5559417500560945	1.3872189659114706	-0.01275	0.4829181934750781	1.016841039715042	0.0119	0.5902537876415477	0.7290663346273699	0.0002	0.9439573392871543	1.3658875933437697	0.01275	0.983896130001854	1.041857709439018	-0.0119	1.0869294058764916	0.7803812941329263	-0.0002
113	1.8833333333333333	0.7038726832639995	0.8132233600175577	0.0301	0.5740342275045593	0.8086119144344975	0.0301	0.5052388823194994	0.32432485210214657	0.0179	0.3915155979159091	-0.15605837225940267	0.023	0.5163901561622574	-0.26657726565641454	0.2179	0.4291534216668614	-0.28356480014387453	0.1804	0.341497698990195	-0.22827841724787445	-0.0119	0.8061418059017182	0.8205529174126898	-0.0301	0.9853237579816612	0.39135604335753105	-0.0179	1.0192750200655354	-0.0988281571728487	0.023	1.1944729658734343	-0.21051105897946581	0.2179	1.202651889264352	-0.17910389153484632	0.1804	0.9783447070671923	-0.17381864325493404	-0.0119	0.7874057825638082	1.4871702421807562	-0.0008	0.9092278783642691	1.788866917936733	0.0655	0.9570396100088118	1.5962408640390957	0.1076	0.5551396110828166	1.3870747287864282	-0.01275	0.48178095145810906	1.0173643760186577	0.0119	0.5889553100722704	0.7284347461154795	0.0002	0.9431508230114001	1.3660647293782062	0.01275	0.9831940634859951	1.0410498840344304	-0.0119	1.0858121019386542	0.7798201921314728	-0.0002
114	1.9	0.703544802268617	0.8122503394475612	0.0301	0.574018276409597	0.8080114766255875	0.0301	0.5051570487266838	0.3249250076613718	0.0179	0.39114340204100057	-0.15627458887388213	0.023	0.5162631110705167	-0.26609693228411174	0.2179	0.42950727114866455	-0.28334463658520515	0.1804	0.341318162538391	-0.22871340881624996	-0.0119	0.8059483348145606	0.8199749435673317	-0.0301	0.9851068040314085	0.39108366006343703	-0.0179	1.0192578262385892	-0.09818983863437866	0.023	1.1937912599555807	-0.20948533930341007	0.2179	1.2024709476071034	-0.17877484953838918	0.1804	0.9783542289498233	-0.1733690252329019	-0.0119	0.7871560019480903	1.4872662512081107	-0.0008	0.908368243379664	1.7888999432878663	0.0655	0.9565796590691593	1.5963565236493835	0.1076	0.554277368952027	1.3869530736929303	-0.01275	0.4805342700985298	1.018018250653182	0.0119	0.5875868990430596	0.7278108763354555	0.0002	0.9425882910195846	1.3658135035567054	0.01275	0.9829223657071418	1.0400919916536657	-0.0119	1.0847191990921823	0.7790475960903305	-0.0002
115	1.9166666666666667	0.702647456186721	0.8114901177958972	0.0301	0.5734823556839619	0.8075889764436862	0.0301	0.5047031724019858	0.325659881650673	0.0179	0.3905871847660465	-0.15654683232279018	0.023	0.5159308902182895	-0.26577543563489714	0.2179	0.42986825688305386	-0.2831560628403201	0.1804	0.3410031750173124	-0.2291587746884526	-0.0119	0.8054635520713385	0.8195381705694864	-0.0301	0.9848017661348474	0.39114034531561354	-0.0179	1.019069577949046	-0.09770650618093692	0.023	1.1931486679660843	-0.2086190946548088	0.2179	1.2025671002556424	-0.17838147607280438	0.1804	0.9784183484377772	-0.17318717532146924	-0.0119	0.7869168805426159	1.4874052057686473	-0.0008	0.9078498272016922	1.7892369578628573	0.0655	0.9558505180929769	1.59642062225437	0.1076	0.5533162209233862	1.3870039854156209	-0.01275	0.47928630641750375	1.0185629699071428	0.0119	0.5861501047054588	0.7273709366573504	0.0002	0.9423280005869007	1.3651672054146715	0.01275	0.9828815028711023	1.0389481677934864	-0.0119	1.0837070935512871	0.7780780664561364	-0.0002
116	1.9333333333333333	0.701261106884113	0.8111330306780931	0.0301	0.5722786180342058	0.807447007489304	0.0301	0.5040157931822166	0.3262344378197717	0.0179	0.3901053367688103	-0.15691598207658042	0.023	0.5155857167780014	-0.2657452376129721	0.2179	0.43026073507760004	-0.2830618085063297	0.1804	0.34077385175754343	-0.22949935445542619	-0.0119	0.8045604261644553	0.8193801231258735	-0.0301	0.9845015183616261	0.3914406017740623	-0.0179	1.0186562016437837	-0.09750579047506437	0.023	1.192656823175094	-0.20823437881981344	0.2179	1.2028344169461633	-0.17804109461527154	0.1804	0.9785915020951477	-0.1732281642818097	-0.0119	0.7864864544052732	1.4875306579941048	-0.0008	0.9076848314580497	1.789567902298752	0.0655	0.9550365857500515	1.5966179873840718	0.1076	0.5523668882244547	1.3873253643071464	-0.01275	0.47817345248711574	1.018827241592538	0.0119	0.5847287314510146	0.7272220466876625	0.0002	0.942364732031722	1.3643604430447116	0.01275	0.98289637740232	1.037735667016629	-0.0119	1.0826123172146698	0.7771433874495233	-0.0002
117	1.95	0.6996988035458249	0.8113465760639222	0.0301	0.5704390224471896	0.8076054134334222	0.0301	0.503430348688394	0.32649919154124596	0.0179	0.38981973665099556	-0.15749132539410815	0.023	0.5153937896660663	-0.2659835786903577	0.2179	0.430615241895846	-0.28308583300627854	0.1804	0.34080449984679057	-0.22970552694940485	-0.0119	0.8031581433382388	0.8195330485884434	-0.0301	0.9841178481724657	0.3919534191152783	-0.0179	1.0181402749258723	-0.097679958256705	0.023	1.1924864321720583	-0.20831449963223608	0.2179	1.2030590292703651	-0.1777769678553226	0.1804	0.9788591875786105	-0.17330787234037204	-0.0119	0.7858232167315183	1.4875896156266142	-0.0008	0.9077327946304088	1.7896785988055401	0.0655	0.9544313046886806	1.5972024729326761	0.1076	0.5515867242250156	1.3879335800936228	-0.01275	0.4772737261333682	1.0188602636340647	0.0119	0.583357417040239	0.7274799172419757	0.0002	0.9425522765639022	1.3637353528198088	0.01275	0.982892914804242	1.0367494186242074	-0.0119	1.081293328937326	0.7764859132456413	-0.0002
118	1.9666666666666666	0.6983932142025356	0.8119990463986383	0.0301	0.5684030639617295	0.8077738597583777	0.0301	0.5030651981202086	0.3265629725824572	0.0179	0.38963621203490084	-0.15820455932755817	0.023	0.5153872436169652	-0.2663391138430763	0.2179	0.4308049441712893	-0.2831914159538589	0.1804	0.341042842031984	-0.22982717060835106	-0.0119	0.8014482010549898	0.8197062524689365	-0.0301	0.9834675881665239	0.39264089269482527	-0.0179	1.0177220652061614	-0.09809280109758971	0.023	1.1928303815176828	-0.2084744680526305	0.2179	1.2032838179785887	-0.1775087138644884	0.1804	0.9791193611141342	-0.1733930283059284	-0.0119	0.7851743102045124	1.48766307672805	-0.0008	0.908065243845363	1.7898310820217647	0.0655	0.9541680228687821	1.5982029863536644	0.1076	0.5509799588223834	1.388738203572582	-0.01275	0.4765672771941058	1.0187967164120084	0.0119	0.5820100711126827	0.7281566539662732	0.0002	0.942620262055393	1.3635830689558295	0.01275	0.9828112177964251	1.0362986771209712	-0.0119	1.079853093049756	0.7762107624750216	-0.0002
119	1.9833333333333334	0.6975424046063012	0.8128222001763591	0.0301	0.5666506961969454	0.8078205280180484	0.0301	0.5027572078166841	0.32648479222823273	0.0179	0.3894354659663339	-0.15883719503389115	0.023	0.5155439813087507	-0.26669176677580914	0.2179	0.43076689855022077	-0.2833127236018376	0.1804	0.34137262781924893	-0.22988187999674792	-0.0119	0.7998021082049304	0.8197591332316616	-0.0301	0.9824888384455307	0.3933739454313118	-0.0179	1.0175241888038826	-0.09852358631805191	0.023	1.1936398573007343	-0.2083479742163467	0.2179	1.2036786392817502	-0.17706319603365825	0.1804	0.9793582084732181	-0.17354487738061275	-0.0119	0.7847902818296479	1.487881811411069	-0.0008	0.9088397962761708	1.7901669779099458	0.0655	0.9542398825746059	1.5992542476842813	0.1076	0.5504604562320717	1.3895194317255346	-0.01275	0.4759437645161969	1.0186085391179125	0.0119	0.5806912991710996	0.7290128852288034	0.0002	0.9423856436865635	1.3639886293401542	0.01275	0.9826054945675596	1.036483753415726	-0.0119	1.0784277240587528	0.7764030322020754	-0.0002
120	2.0	0.6969152991577608	0.8135834372591156	0.0301	0.5652673948119997	0.8079419295902809	0.0301	0.5023292256363528	0.32616255700222824	0.0179	0.38924163263713857	-0.15923007620810561	0.023	0.5158417337167035	-0.2670232075257467	0.2179	0.4305507117704641	-0.2834407974820424	0.1804	0.34175908473464167	-0.22985020039293116	-0.0119	0.7984440209649711	0.8198672861005822	-0.0301	0.9812728741802655	0.3940152694981912	-0.0179	1.0175502682417823	-0.09891456308802143	0.023	1.194614412225995	-0.20783317400139442	0.2179	1.2042325007014718	-0.17630214888574605	0.1804	0.9797462689650267	-0.17368528015591575	-0.0119	0.784641197159732	1.488238513841044	-0.0008	0.9098482940493872	1.7902279729457446	0.0655	0.9545928563784487	1.5998802506654677	0.1076	0.549995884695727	1.3900410541204957	-0.01275	0.4752532774015119	1.0181423970758556	0.0119	0.5794051093005331	0.7296731586194658	0.0002	0.9419060739109246	1.364707719461399	0.01275	0.9823087202936529	1.037006813166375	-0.0119	1.077008342667648	0.7770599006482776	-0.0002
121	2.0166666666666666	0.6961434558818449	0.8139573398561194	0.0301	0.5641541892073645	0.808059474764003	0.0301	0.5017065899236448	0.3256025760324454	0.0179	0.3891612031137552	-0.15933055259562043	0.023	0.516144973458365	-0.2672945974847018	0.2179	0.43024867413857143	-0.2836156503983147	0.1804	0.3421351644026833	-0.22978588098462865	-0.0119	0.7973599913695608	0.8199176480250759	-0.0301	0.9798910049957495	0.3945059705569579	-0.0179	1.0177505905268216	-0.09926663850006497	0.023	1.1955143955029535	-0.20694930448536356	0.2179	1.204841099623454	-0.1753049919162496	0.1804	0.9804463639974289	-0.1736714121744529	-0.0119	0.7845371638059118	1.4885614759232648	-0.0008	0.9105850882370534	1.7896487802046488	0.0655	0.955050948927611	1.5999300418665396	0.1076	0.5495160155253052	1.3902303769976891	-0.01275	0.4744010870516908	1.0174400397264716	0.0119	0.5780719846288392	0.7298662144729618	0.0002	0.9413759474940854	1.3652477522987327	0.01275	0.9819484639916523	1.0372272220318879	-0.0119	1.0756436918252328	0.7778093311850904	-0.0002
122	2.033333333333333	0.695098970062988	0.8135897271025195	0.0301	0.5633699286134016	0.8076136826769238	0.0301	0.5008528554888342	0.3249952402530552	0.0179	0.3892540245510064	-0.15912176812110876	0.023	0.5162272423589829	-0.267441489113934	0.2179	0.42991574522498904	-0.28383094446396906	0.1804	0.3423354160233453	-0.22982090045166287	-0.0119	0.7964816668204364	0.8193121605935797	-0.0301	0.9783245194577276	0.3947672559680219	-0.0179	1.0180497491927027	-0.09950413838100422	0.023	1.1963139324744052	-0.2057089988850207	0.2179	1.205464075907159	-0.17438737984063934	0.1804	0.98137674445763	-0.17352243224974978	-0.0119	0.7843882462491721	1.4886618592068126	-0.0008	0.9107521997488067	1.7888165315632027	0.0655	0.9553362481638389	1.5996666810900517	0.1076	0.5489381424473272	1.3901733672018384	-0.01275	0.47339083541883936	1.0168133354959819	0.0119	0.5765759819100814	0.7295414961619799	0.0002	0.9409542354958031	1.3652350783624345	0.01275	0.9814633111964032	1.0366124507871401	-0.0119	1.074528609160311	0.7780728587983808	-0.0002
123	2.05	0.693860873991196	0.8124876857256919	0.0301	0.5628603561826652	0.8062984886777657	0.0301	0.499775639725704	0.32437047760442234	0.0179	0.38956574832880786	-0.15875474648736332	0.023	0.516039150515194	-0.2674818741381934	0.2179	0.42961624576226637	-0.2840153649644392	0.1804	0.34230029448079613	-0.23005996625819897	-0.0119	0.7957117430522092	0.8177205250615761	-0.0301	0.976600810953711	0.3945817396631295	-0.0179	1.0183372329309364	-0.09966967529746273	0.023	1.196954507799172	-0.20431984159941394	0.2179	1.2059196675398738	-0.17389413998399617	0.1804	0.9822721274083034	-0.173338788527413	-0.0119	0.7842042747574455	1.488480335707902	-0.0008	0.9104256329251253	1.7882558686553658	0.0655	0.9553261450112505	1.5994458744430948	0.1076	0.5483824542547662	1.3899679713959292	-0.01275	0.47223016283460983	1.016542375944927	0.0119	0.5748403570583885	0.7288156259108666	0.0002	0.9407369767230522	1.3647511881489451	0.01275	0.9808530676878777	1.0351908380216117	-0.0119	1.0737625267663404	0.7775665587704481	-0.0002
124	2.0666666666666664	0.6924991401270099	0.8111207658115684	0.0301	0.5621880933491572	0.8045613886242889	0.0301	0.4985530494427583	0.3234978614339079	0.0179	0.3901676335984101	-0.15866708342859162	0.023	0.5157776120811173	-0.267491044088226	0.2179	0.4294295311474724	-0.284132669374515	0.1804	0.34221708874018697	-0.23052846975774513	-0.0119	0.7948082066006473	0.8156079813863646	-0.0301	0.9749063031764897	0.3937967075520559	-0.0179	1.018529712899469	-0.10002415282856282	0.023	1.1971486720347309	-0.20334915839412904	0.2179	1.2057886423636985	-0.17398170455302436	0.1804	0.9828906998983934	-0.1731107544479401	-0.0119	0.783978995284225	1.4881268117286501	-0.0008	0.9097793343966007	1.787868059398691	0.0655	0.9551451110641438	1.5994075991297294	0.1076	0.5480710049865144	1.389652568190415	-0.01275	0.4708561081101101	1.0166704194206924	0.0119	0.5728205489427571	0.7278565317227665	0.0002	0.940760854265534	1.3641513100175164	0.01275	0.9803123177229723	1.0334377936502064	-0.0119	1.073282115871931	0.7763694516710884	-0.0002
125	2.0833333333333335	0.6911195623912035	0.8099304713132496	0.0301	0.5610582544325288	0.8030195419371033	0.0301	0.4972832013821712	0.3223759917194572	0.0179	0.3910019711686969	-0.15917836827752366	0.023	0.5156065686308028	-0.2675266188087564	0.2179	0.42931189701595823	-0.28424245864200864	0.1804	0.34229178869230314	-0.23114585411733302	-0.0119	0.7935757102160862	0.8136979158412831	-0.0301	0.9735075482656546	0.39264856852437796	-0.0179	1.0186213822790728	-0.10072463677431462	0.023	1.1966701908562367	-0.20326408319393194	0.2179	1.2049178891650356	-0.1745818707466719	0.1804	0.9830746457957307	-0.17286281389029481	-0.0119	0.7837391900367212	1.4877941475361767	-0.0008	0.9089409191083251	1.7873630546045345	0.0655	0.9549448797881896	1.5995230223515151	0.1076	0.5479898466112332	1.3892196286258978	-0.01275	0.4692516461487728	1.0170970523998453	0.0119	0.5704853179755711	0.7268352921410337	0.0002	0.9409558349987146	1.363571209312957	0.01275	0.9800721096069797	1.0318313113204751	-0.0119	1.0730626853586278	0.774684593402164	-0.0002
126	2.1	0.6899772776986192	0.8089094026923226	0.0301	0.5597963909735961	0.8017429136702424	0.0301	0.49605166225716807	0.32145852233893446	0.0179	0.39177162792460896	-0.16007164706107452	0.023	0.5155216978914138	-0.2676098419463615	0.2179	0.42918453034212245	-0.2844076177466856	0.1804	0.3424607349671417	-0.23171295075292955	-0.0119	0.7921604017858562	0.8122474511942579	-0.0301	0.9726048001043507	0.3916128205351866	-0.0179	1.0186137476466774	-0.10155870583275717	0.023	1.1957049119527645	-0.20388987766086078	0.2179	1.203788097861961	-0.1754587016731648	0.1804	0.9827769140629133	-0.17283090078273888	-0.0119	0.783614226007385	1.487575024582721	-0.0008	0.9080963515944633	1.7869312094106944	0.0655	0.9547801652333476	1.5997457940683089	0.1076	0.5478858670915582	1.3886509320503528	-0.01275	0.4675759843670361	1.0176896513737046	0.0119	0.5678617030171021	0.7259046660368975	0.0002	0.9411894348589417	1.3628747183021133	0.01275	0.980155610763883	1.0306855720506587	-0.0119	1.0730850797787992	0.7728438728112133	-0.0002
127	2.1166666666666667	0.6892236643616791	0.8079180385605216	0.0301	0.5588217322242481	0.8005588040439663	0.0301	0.49498429701119445	0.3211492167625527	0.0179	0.3921177728417658	-0.16088513609347058	0.023	0.5155477577901574	-0.2676713180542699	0.2179	0.42921812508075335	-0.28460733355234397	0.1804	0.34252663374043074	-0.23203288830217547	-0.0119	0.7908828847223235	0.8111938499159174	-0.0301	0.9722460992674464	0.3909132426394949	-0.0179	1.018487997732619	-0.10218089478917815	0.023	1.19464084150668	-0.20468669309547832	0.2179	1.202983096600505	-0.17624928399689777	0.1804	0.9821878077691427	-0.17317595896812205	-0.0119	0.7837032347459819	1.4873974050199008	-0.0008	0.9074660020944185	1.786873341406367	0.0655	0.9547186748122338	1.5999753078457213	0.1076	0.5476022069290453	1.387988871824467	-0.01275	0.4661211052186607	1.0182296165559017	0.0119	0.5651111383749642	0.7251252969992831	0.0002	0.9414058521757419	1.3620778117125898	0.01275	0.9803482271890586	1.0302162226355858	-0.0119	1.0731396388138534	0.7713060629413223	-0.0002
128	2.1333333333333333	0.6886563799393209	0.8071283361811148	0.0301	0.5580743407456857	0.7996179415590313	0.0301	0.49423611862822653	0.3214230904121719	0.0179	0.39188204909988694	-0.16139195513828425	0.023	0.5157989078530405	-0.267556587775085	0.2179	0.4297100679380383	-0.28477140085693997	0.1804	0.3424679138554282	-0.23206352363695038	-0.0119	0.7898839583363301	0.8105947515791346	-0.0301	0.9722964797974637	0.3904237913535148	-0.0179	1.0183083618333202	-0.10246927520102538	0.023	1.193669359006623	-0.20532642797950898	0.2179	1.2025619289132958	-0.176600350239213	0.1804	0.9817199387125238	-0.1736645129364756	-0.0119	0.783929530064855	1.4871710164898009	-0.0008	0.9071710198953701	1.7870054092648435	0.0655	0.9548647105428051	1.6000510450669687	0.1076	0.5472252915166812	1.3873750821288993	-0.01275	0.465155785876797	1.0184192196432629	0.0119	0.5625140975532452	0.7244543470952803	0.0002	0.9416292372161472	1.3614863805946458	0.01275	0.9803929957134354	1.0304804887660828	-0.0119	1.07299993212545	0.7703018979185946	-0.0002
129	2.15	0.6880922925613095	0.8068065044448911	0.0301	0.5574479053371754	0.7991474683628181	0.0301	0.4938042034275178	0.3220349527342955	0.0179	0.39116027150073207	-0.16159633193064188	0.023	0.5162510301085945	-0.2671872521435363	0.2179	0.43065163665335376	-0.28484168840167884	0.1804	0.3423320164615407	-0.23189425423357032	-0.0119	0.7891776070484988	0.8104927756675963	-0.0301	0.9725052002056792	0.39002227072699247	-0.0179	1.0182277516580138	-0.10248902063505305	0.023	1.1928233690696333	-0.2057602429113203	0.2179	1.202273569869891	-0.17644600157075177	0.1804	0.9816618491470976	-0.17395445210811286	-0.0119	0.7841427004149987	1.4868802844855245	-0.0008	0.9072600583917946	1.7869950566729278	0.0655	0.9552126831139516	1.5998820056305134	0.1076	0.5468971192494458	1.386946442890746	-0.01275	0.464723521486047	1.0181241460490869	0.0119	0.5602667694703399	0.7238545219450384	0.0002	0.9417959684166689	1.361337597858104	0.01275	0.9801876143981069	1.0312194642413146	-0.0119	1.0727605390072674	0.769575583444559	-0.0002
130	2.1666666666666665	0.6877523584308144	0.8069282108647641	0.0301	0.5572580210474671	0.7990958415516266	0.0301	0.4934308340691046	0.3227938826165163	0.0179	0.39018100756592516	-0.1614991152549478	0.023	0.5166924469558076	-0.2666473773326172	0.2179	0.4317197294511354	-0.2848155573608979	0.1804	0.3419851520643326	-0.23163357013335772	-0.0119	0.7888736599505187	0.8107210399799981	-0.0301	0.9726635556999961	0.38975676758375727	-0.0179	1.0183220060157594	-0.10226430233073071	0.023	1.1922093536860539	-0.20599938367243967	0.2179	1.2020771958519356	-0.17609436000623988	0.1804	0.9819020702680464	-0.17404142350164528	-0.0119	0.7842789091601752	1.4865436967644778	-0.0008	0.9078021202260289	1.7868844980759355	0.0655	0.9556355532906113	1.5994226182819262	0.1076	0.5466330429187027	1.3867105749383295	-0.01275	0.4645748973480513	1.0175315556405002	0.0119	0.558333251787419	0.7233326730356434	0.0002	0.9417295987515799	1.3615771245254031	0.01275	0.9798052313485309	1.0319472323084695	-0.0119	1.072718107670039	0.7687393435963389	-0.0002
131	2.183333333333333	0.6878459892209514	0.807266012763773	0.0301	0.5577065038852369	0.7993174385420407	0.0301	0.4928651323745112	0.32358272890319784	0.0179	0.3891781534316064	-0.16109916569015947	0.023	0.5169638016607645	-0.26610930935866167	0.2179	0.43259624508258	-0.2847358396202488	0.1804	0.34133662103979884	-0.23137740598294282	-0.0119	0.7890580389187889	0.811110188376161	-0.0301	0.9726862855778518	0.38966335037057476	-0.0179	1.0184800507544933	-0.10181398965507722	0.023	1.1920019281305352	-0.206063681889766	0.2179	1.2021101894362531	-0.17590627484330956	0.1804	0.9821838726752519	-0.1741566899976391	-0.0119	0.7843079039854972	1.4862028871282176	-0.0008	0.9087631888798583	1.7867683302286745	0.0655	0.9560709128589925	1.5985634486613731	0.1076	0.5463235457464153	1.3865734993061432	-0.01275	0.4644394174304264	1.0169164844408471	0.0119	0.5566588556948259	0.7228114923651763	0.0002	0.9413602096964068	1.361994947958787	0.01275	0.979395617801576	1.0322851051948252	-0.0119	1.0728991421639753	0.7678181322759141	-0.0002
132	2.2	0.6881190577293426	0.8076465436788796	0.0301	0.5583886408850636	0.7997154650544399	0.0301	0.49216619978515286	0.32427972899135193	0.0179	0.3883193599497607	-0.16054160639040566	0.023	0.5170372950214489	-0.2657849612020729	0.2179	0.4329908726099158	-0.28469680335742326	0.1804	0.3406842556365278	-0.23120456174143578	-0.0119	0.7895888098863045	0.8115877976364801	-0.0301	0.9725601141701021	0.38968452833839784	-0.0179	1.0184927958431527	-0.10132949286812902	0.023	1.1922882762226865	-0.2060457556863138	0.2179	1.2023769973691865	-0.17596144019943963	0.1804	0.9824626063831056	-0.17442201979861455	-0.0119	0.7841724950098627	1.4859222223132271	-0.0008	0.909835205740686	1.786360207247301	0.0655	0.9565514802929059	1.5972679352785941	0.1076	0.5458379196320707	1.386442504413212	-0.01275	0.4643050650519333	1.0163602287568	0.0119	0.5553583736459294	0.7221112968890004	0.0002	0.9408467650196951	1.362337736658157	0.01275	0.9790503787829343	1.0321233727264245	-0.0119	1.0729271117582404	0.7671933014400785	-0.0002
133	2.216666666666667	0.688227905700122	0.8078617990897003	0.0301	0.5588699969280037	0.8000281148830292	0.0301	0.4915611548598017	0.32482685847786585	0.0179	0.3876821314187426	-0.16002161975319706	0.023	0.5168874995489553	-0.26586584325036977	0.2179	0.43264885389887336	-0.28486342535810844	0.1804	0.3404317871853007	-0.23120127810766064	-0.0119	0.790249287344456	0.8119275869826394	-0.0301	0.9722960662969892	0.38979362553537783	-0.0179	1.0182313860277576	-0.10103722513345081	0.023	1.1930137960365284	-0.20598840598048695	0.2179	1.202811734717704	-0.17610325012967465	0.1804	0.9827371248682049	-0.17483653730658083	-0.0119	0.7839710390963767	1.4857250464352736	-0.0008	0.9106386029326302	1.7854661850540505	0.0655	0.957015829780453	1.5958387543735937	0.1076	0.5451372399100837	1.3862726933321854	-0.01275	0.46427091085150257	1.0158421835449054	0.0119	0.5544756896302347	0.721220579534893	0.0002	0.9404342682989448	1.3623026470281145	0.01275	0.9787019101406638	1.031563072266547	-0.0119	1.0724416278662798	0.7670951346959035	-0.0002
134	2.2333333333333334	0.6882073965636321	0.8075246882694251	0.0301	0.5592343570036434	0.7998225032199938	0.0301	0.4911078745034432	0.32534420728974356	0.0179	0.3872570725191406	-0.159569077761387	0.023	0.5165414644660047	-0.26637553420480153	0.2179	0.4316989244625277	-0.28528591713272433	0.1804	0.3405597851097634	-0.23148500720045542	-0.0119	0.7909804739026614	0.8117252133086093	-0.0301	0.9719477840118609	0.39001232750519127	-0.0179	1.0177505414643966	-0.1009153118171576	0.023	1.1940047216320582	-0.20571820964763857	0.2179	1.2034666176738391	-0.17616544657138516	0.1804	0.9827843470289452	-0.1753875199062699	-0.0119	0.7840173694300925	1.4855440821436978	-0.0008	0.9110816624770246	1.7845181116631392	0.0655	0.9573120836633192	1.5948639343997726	0.1076	0.5443633958009726	1.3860395332031685	-0.01275	0.4643208076169417	1.015456875731591	0.0119	0.5537795120268706	0.7204379732447775	0.0002	0.940296580076462	1.361684202617926	0.01275	0.9782117856218849	1.0308529988317172	-0.0119	1.0714565796881286	0.7674056050716695	-0.0002
135	2.25	0.6882192650116679	0.8064072077895738	0.0301	0.5595666259381976	0.7989594807003002	0.0301	0.49073202716790587	0.3259271947113363	0.0179	0.38700287049140497	-0.15917500007600882	0.023	0.5162354478095965	-0.2671090830261792	0.2179	0.43074904484700827	-0.2857394554785989	0.1804	0.3407193006934502	-0.23203643621195572	-0.0119	0.7917456812972969	0.8108607265889374	-0.0301	0.9716643458928498	0.390258591179619	-0.0179	1.0172492306945076	-0.10081673570740808	0.023	1.1949310463082305	-0.20513558644181976	0.2179	1.20428767706031	-0.17610523161888617	0.1804	0.9824241851356756	-0.17590927601066886	-0.0119	0.7844802170495823	1.4852626744354211	-0.0008	0.9113394360708457	1.783996193045887	0.0655	0.9574281516338181	1.5947276719645462	0.1076	0.543826695562798	1.3857016759764935	-0.01275	0.464416694911446	1.0153401600141099	0.0119	0.5529727463907083	0.7200640012496795	0.0002	0.9405374564623058	1.360637360180436	0.01275	0.9775836388047879	1.030243344271088	-0.0119	1.0702276243546252	0.7678522624606878	-0.0002
136	2.2666666666666666	0.6881658522944625	0.8047682460397517	0.0301	0.5594252959644294	0.7977546954133014	0.0301	0.4904322706574391	0.32635927523860914	0.0179	0.38694065680636985	-0.15901516514182887	0.023	0.516279543172717	-0.2677530078121552	0.2179	0.4304133504177767	-0.2859192181707977	0.1804	0.3406571010473941	-0.23258095551561486	-0.0119	0.7922890351321232	0.8096593644513425	-0.0301	0.9716584429561712	0.3903503582406596	-0.0179	1.0168992243714272	-0.10076871777731297	0.023	1.1953883618648293	-0.2046200728673137	0.2179	1.2048671278659195	-0.17603550155844566	0.1804	0.9818064528260244	-0.1760454436804734	-0.0119	0.7851630572202482	1.4847724473908004	-0.0008	0.9115226146984641	1.7837171609845242	0.0655	0.9575102809157643	1.5952468083399967	0.1076	0.5438020794604648	1.3852072039860692	-0.01275	0.46456024100741117	1.0154268571242258	0.0119	0.5519666269843316	0.7200781145498624	0.0002	0.9412149865218404	1.3595673447434597	0.01275	0.9770261759289542	1.029786436802491	-0.0119	1.0690019209226584	0.7681363430881509	-0.0002
137	2.283333333333333	0.6878857591858689	0.8030617891128106	0.0301	0.5584153117039888	0.7964975101398188	0.0301	0.4902255563006226	0.32633679901429685	0.0179	0.38713178409486665	-0.1592059712687384	0.023	0.5167029321568901	-0.2680864894959709	0.2179	0.4307863746395972	-0.28571231684012566	0.1804	0.3403117307995528	-0.23281939885335143	-0.0119	0.7923625798341387	0.8084128524703175	-0.0301	0.9719866226812509	0.39028567415690624	-0.0179	1.0167270576628142	-0.10085049701103484	0.023	1.1952442607610594	-0.2046577641183036	0.2179	1.2048343450780066	-0.17611855314459193	0.1804	0.9811518783735931	-0.17567079897328478	-0.0119	0.7858412478180932	1.4839879286274271	-0.0008	0.9115547781466178	1.783304006941085	0.0655	0.9576811065859901	1.5959435412058425	0.1076	0.544312634019898	1.3845114003783856	-0.01275	0.46465400535348234	1.015515868748895	0.0119	0.5508727070876799	0.72025888608399	0.0002	0.9422648482102015	1.358696839333986	0.01275	0.9767577806131965	1.0294027067606812	-0.0119	1.0679776554365648	0.7679795394163542	-0.0002
138	2.3	0.687468195400197	0.8015130807844529	0.0301	0.5568838879618375	0.7951709833331264	0.0301	0.49010084858822767	0.3259004091266561	0.0179	0.38753625322925617	-0.15952544035415397	0.023	0.5171733932356828	-0.2680700277530916	0.2179	0.4314132639170867	-0.2852456924418805	0.1804	0.33975904878748725	-0.2326818584040985	-0.0119	0.7921169135448594	0.8071055332760557	-0.0301	0.9724303977118633	0.390310234872073	-0.0179	1.016687279561018	-0.10096406395693926	0.023	1.1948113882215323	-0.20520149880509878	0.2179	1.204338304326874	-0.1763930921970819	0.1804	0.9805186213060803	-0.17514876084965725	-0.0119	0.7865577431710497	1.4829240777455042	-0.0008	0.911397566690326	1.7829024091653736	0.0655	0.9579869930051639	1.5965715388215294	0.1076	0.5451781837570262	1.383624997026423	-0.01275	0.4645152806183997	1.01559234360883	0.0119	0.5497810049431795	0.7204940418122198	0.0002	0.9434751661225791	1.3579898093162435	0.01275	0.9767935655948303	1.0291416748404985	-0.0119	1.0672932547666532	0.7673146931546492	-0.0002
139	2.3166666666666664	0.6871015574368725	0.8001703571989724	0.0301	0.5555010221665733	0.7937910358299681	0.0301	0.4901572054189721	0.3253272144363956	0.0179	0.3879934827436191	-0.15971832310570455	0.023	0.5173205991665785	-0.2677592313219201	0.2179	0.4317855410550214	-0.2847269119998183	0.1804	0.33924859264932844	-0.23231115508562059	-0.0119	0.7919038848353401	0.8057540661313859	-0.0301	0.9727025758756012	0.39053977186202127	-0.0179	1.0167569006347597	-0.10104717639877626	0.023	1.1945047799413593	-0.2058675134796891	0.2179	1.2037495246379144	-0.17675403713638227	0.1804	0.9800073302018372	-0.17485914467398192	-0.0119	0.7873945513501074	1.481818903641635	-0.0008	0.911173724428636	1.7828389347219387	0.0655	0.9584357034508781	1.5971642132148485	0.1076	0.5462349633420281	1.3826864520004627	-0.01275	0.4641178165988939	1.0157772274138281	0.0119	0.5486888652770668	0.7208068253735554	0.0002	0.9446289694277826	1.3574396704429463	0.01275	0.9770010021819259	1.0292044006605081	-0.0119	1.0668974454274722	0.7664039006517946	-0.0002
140	2.3333333333333335	0.6868247478041389	0.7991683206725821	0.0301	0.5545748323466931	0.7926317915963146	0.0301	0.4905490011854772	0.3247939989966991	0.0179	0.3883248119553623	-0.1597834462416747	0.023	0.5170076343952086	-0.26723020495929745	0.2179	0.4317681877814883	-0.28426713256487535	0.1804	0.3391018958160947	-0.23188686866290756	-0.0119	0.7918374353774761	0.8046265225588092	-0.0301	0.9726764392787269	0.39073799429866757	-0.0179	1.0169390733462271	-0.10125637206109463	0.023	1.1944452072101297	-0.20643393961133488	0.2179	1.2031733307235901	-0.17709166518133318	0.1804	0.9798622185048739	-0.17471999856003123	-0.0119	0.7882272408017048	1.4810447974952392	-0.0008	0.9110333795451102	1.7829934666244978	0.0655	0.958977974409689	1.597653774737257	0.1076	0.5473812610298682	1.3819075024471588	-0.01275	0.46369971774586305	1.0159965012800838	0.0119	0.5476795286663096	0.7211875341048569	0.0002	0.9456015467265654	1.3571453934571995	0.01275	0.9772808000440367	1.0296660331238323	-0.0119	1.0665278616295444	0.7655970734411587	-0.0002
141	2.35	0.6866525163261474	0.7986380740160735	0.0301	0.554221930566419	0.791850405991629	0.0301	0.49121652826087	0.3244535805668348	0.0179	0.3883924583789196	-0.15969721566047743	0.023	0.5162779553344927	-0.26656652608225384	0.2179	0.4315283616065939	-0.2839012747543569	0.1804	0.3394158225955838	-0.23149258487168825	-0.0119	0.791865681047271	0.8038633696197964	-0.0301	0.9724116684959824	0.39063617257200955	-0.0179	1.0172330567273868	-0.10163626297070169	0.023	1.1945223682986488	-0.20676865654213183	0.2179	1.2026333564678868	-0.17740410453744723	0.1804	0.9801956838949257	-0.17449029362373847	-0.0119	0.788909651213268	1.4808151882327452	-0.0008	0.9111089687170348	1.7830584686233437	0.0655	0.9594963810786736	1.5977802824218503	0.1076	0.5484245267287216	1.3814191768378083	-0.01275	0.4634923146916506	1.016077647368469	0.0119	0.5469086291893864	0.7215883372923863	0.0002	0.9463167685390322	1.3571089037205573	0.01275	0.977608879683945	1.030308493446542	-0.0119	1.0660001077471701	0.7650218287341469	-0.0002
142	2.3666666666666667	0.6867746271347779	0.7984382897045496	0.0301	0.5546517053153305	0.7912392404754919	0.0301	0.49188624804760767	0.3245267849169659	0.0179	0.3881778005637705	-0.15923373191531356	0.023	0.5152708828318014	-0.26585867772242566	0.2179	0.4312629380978839	-0.28366307533555757	0.1804	0.3399611090333413	-0.2311390846060907	-0.0119	0.792078692015881	0.8032336632253516	-0.0301	0.9720573845975264	0.3902459795031005	-0.0179	1.0175996430794287	-0.10188081277426084	0.023	1.194676167983971	-0.20668190053292052	0.2179	1.2023718720385481	-0.17773304101334833	0.1804	0.9807784283716946	-0.17423466549111236	-0.0119	0.7895054989008994	1.4810592657447128	-0.0008	0.9115467635833707	1.7830528297743753	0.0655	0.9599089297719874	1.597416266831999	0.1076	0.549090914136525	1.3812271097404594	-0.01275	0.46347563654546187	1.0160625385018307	0.0119	0.5463898588303824	0.7219905327754547	0.0002	0.9467702814914825	1.3571604196511282	0.01275	0.9779762009946735	1.030829892116685	-0.0119	1.0654129618761263	0.7646679812698249	-0.0002
143	2.3833333333333333	0.687383485950307	0.7982921506745534	0.0301	0.5558533860084026	0.7906883383467618	0.0301	0.49243216727354794	0.32499206573213146	0.0179	0.387848472354376	-0.15832950057846035	0.023	0.5142960143965111	-0.2652586651461189	0.2179	0.4310693486577846	-0.2835175125437598	0.1804	0.3404444279477941	-0.23078352864969603	-0.0119	0.7926753713708461	0.8026020598363576	-0.0301	0.971750636725824	0.3896977651980372	-0.0179	1.0179791790734347	-0.10170793553016182	0.023	1.194888378399272	-0.20619423591431113	0.2179	1.2025633810970977	-0.17801241220701292	0.1804	0.9812758837569805	-0.17411104199769886	-0.0119	0.7901433185147433	1.481542344436277	-0.0008	0.9124240292537427	1.7830608192388477	0.0655	0.9602850972440257	1.5966589588382227	0.1076	0.5492832121901497	1.3812734123203934	-0.01275	0.46359475326303495	1.0160732775127712	0.0119	0.5460714381938204	0.7223202465402141	0.0002	0.9471086546801654	1.3571733328804272	0.01275	0.9783841057487211	1.031126494451143	-0.0119	1.064911220106256	0.7646687857751938	-0.0002
144	2.4	0.6884232036462223	0.7981332145060741	0.0301	0.5573901527237475	0.7905217962800426	0.0301	0.49303944595448024	0.325467509220421	0.0179	0.38763748211514343	-0.15733860296054378	0.023	0.5137555638754842	-0.2649861620602871	0.2179	0.43094936319492405	-0.28335447019848775	0.1804	0.34073828703910203	-0.23030372139519756	-0.0119	0.7937005809063139	0.8022650193114328	-0.0301	0.9715716108192934	0.38907240125384307	-0.0179	1.0183318463548876	-0.10123706951421878	0.023	1.1950010476781905	-0.20567814245294766	0.2179	1.2029748231977992	-0.1780987864317177	0.1804	0.9816258449848777	-0.17398028596954143	-0.0119	0.7907579999934803	1.4819954462765024	-0.0008	0.9136623032009783	1.7828462444882645	0.0655	0.9607358353433366	1.5956205578534235	0.1076	0.5491896131868362	1.381481475164537	-0.01275	0.46398057016412864	1.0160462185622512	0.0119	0.5460239959095181	0.7223767640334662	0.0002	0.9475068871456442	1.3572261418159641	0.01275	0.9788754239157945	1.0312954301357389	-0.0119	1.0644760547836625	0.7652450978045467	-0.0002
145	2.4166666666666665	0.6897508962500417	0.7980552757390609	0.0301	0.5588034126178106	0.790993150698751	0.0301	0.4938665360274362	0.3256473946574399	0.0179	0.3876270154396081	-0.15668554486283948	0.023	0.5137876904394689	-0.2651887426418406	0.2179	0.43084606848232004	-0.28315050794220104	0.1804	0.34079875205897964	-0.22965321178703463	-0.0119	0.7949488392485196	0.8024552876238218	-0.0301	0.9715219754285064	0.38852985446576693	-0.0179	1.018605836319589	-0.10069412537528581	0.023	1.1948062509714956	-0.20548379696694746	0.2179	1.2032326645769318	-0.17798944746906362	0.1804	0.9819576326265376	-0.17362522004331885	-0.0119	0.7912064481242306	1.4822363557732752	-0.0008	0.9150648963547537	1.7823300403084141	0.0655	0.961221720358302	1.594482274425502	0.1076	0.5490943326352384	1.3817708431934352	-0.01275	0.4646873803909735	1.0159273912063382	0.0119	0.5463297393520343	0.7219990876120753	0.0002	0.9479622815369626	1.3574356831320116	0.01275	0.9794882775759997	1.031487270976162	-0.0119	1.0641230809355529	0.7663581718968603	-0.0002
146	2.433333333333333	0.6913458732351145	0.7980780362822779	0.0301	0.5600254691510543	0.7918944314358601	0.0301	0.4947526294577489	0.32560362254535075	0.0179	0.3876731172328047	-0.15646015266983157	0.023	0.5141201698012132	-0.26578246568894925	0.2179	0.43069676964807196	-0.2830304166108369	0.1804	0.34053546949482516	-0.22898766054636296	-0.0119	0.7960981262072004	0.8029824262101174	-0.0301	0.9715618480815316	0.38827153584738483	-0.0179	1.0187157710565766	-0.10001499424702491	0.023	1.1942941289832094	-0.20559713683785374	0.2179	1.20326432272232	-0.17786246521278298	0.1804	0.9822454379460469	-0.17313410235900598	-0.0119	0.791545825835042	1.4822628533032272	-0.0008	0.9164294541742527	1.7820217992596996	0.0655	0.9616418776190875	1.593603444783229	0.1076	0.5492376395651261	1.382056075236967	-0.01275	0.4654362483380744	1.0159029837016385	0.0119	0.5469245345689094	0.7212796997422755	0.0002	0.9483681783385572	1.3577896385962096	0.01275	0.9801987173319194	1.031808887530566	-0.0119	1.0640397780291653	0.7675764003891159	-0.0002
147	2.45	0.6930706581601761	0.7982283727358912	0.0301	0.5611463642304363	0.7929869642185069	0.0301	0.4954576290396346	0.3255256503825983	0.0179	0.3875892844777423	-0.1565380942800317	0.023	0.5144517854426807	-0.2664827426597132	0.2179	0.4305262545440865	-0.2831378360011935	0.1804	0.3399426207085096	-0.2285087910120573	-0.0119	0.7969150929584615	0.8037160416985516	-0.0301	0.9717161485705844	0.38828852565319244	-0.0179	1.0186311294513097	-0.0991339846415601	0.023	1.193621743887586	-0.2058549409602507	0.2179	1.2032409095485201	-0.17785058550281532	0.1804	0.9823372470010444	-0.17272858193776616	-0.0119	0.7919298436063453	1.4821895316149896	-0.0008	0.9175724808143021	1.7823378218709907	0.0655	0.9620465692409307	1.593243489799097	0.1076	0.5498394913656907	1.3822547762738504	-0.01275	0.4658981729920168	1.016095104999126	0.0119	0.5476657705605215	0.7204583522643421	0.0002	0.9487324036058811	1.3582673941826153	0.01275	0.9809497956932838	1.0322487110069156	-0.0119	1.0643473971729267	0.7683510914629254	-0.0002
148	2.466666666666667	0.6945014375129439	0.7986872080705114	0.0301	0.5620231724886865	0.7943050572589189	0.0301	0.49600648310852186	0.32547901720560957	0.0179	0.3874126107865111	-0.1568756076637238	0.023	0.514821030666771	-0.2670446141024326	0.2179	0.43044520077180554	-0.28352708143306465	0.1804	0.3392721161704898	-0.2283272597458273	-0.0119	0.797409784013833	0.8048771300482663	-0.0301	0.97206139970777	0.38842871579483385	-0.0179	1.018434755932171	-0.09836421058148126	0.023	1.1928991077980169	-0.20629054544864686	0.2179	1.2032357678140166	-0.17795070590911205	0.1804	0.9821911148056485	-0.17245160399515952	-0.0119	0.7923717269930449	1.4821014464442972	-0.0008	0.9183593805363867	1.7829724668385212	0.0655	0.9626001873172249	1.5933031315939477	0.1076	0.5510385400926611	1.382351961648338	-0.01275	0.46609272443587385	1.0163168187902423	0.0119	0.5484740689942712	0.719671152895513	0.0002	0.9491679667149836	1.3588841425915301	0.01275	0.9816914283467383	1.0326559734921403	-0.0119	1.0649047078877394	0.7684096760087187	-0.0002
149	2.4833333333333334	0.6953296189677829	0.7995908005624017	0.0301	0.5625528494990226	0.7958751094260875	0.0301	0.4965724507489029	0.32555195846912127	0.0179	0.3873458876100369	-0.15739027797498162	0.023	0.5153508803193805	-0.2674122532273566	0.2179	0.4304424746148069	-0.28410334876401566	0.1804	0.33886465365540414	-0.22846021505160333	-0.0119	0.797823930206153	0.8065840180631133	-0.0301	0.972584946574292	0.3887255384331011	-0.0179	1.0182013542585435	-0.09809376816419371	0.023	1.192225184991128	-0.20701106731863994	0.2179	1.203219799564344	-0.178169027049324	0.1804	0.9818378319351733	-0.1723126099563469	-0.0119	0.7928649660645658	1.4819505059726972	-0.0008	0.9188989435877134	1.783439068670901	0.0655	0.9633868266324086	1.5933607858172878	0.1076	0.5527414844356746	1.382442072405266	-0.01275	0.46631515237703713	1.0164573507569186	0.0119	0.5493281784385878	0.7190191695654229	0.0002	0.9497222660866109	1.3594914711365265	0.01275	0.9823445323560639	1.0328731709478218	-0.0119	1.0654531524830646	0.7679142280975535	-0.0002
150	2.5	0.6957385890326941	0.800733214968588	0.0301	0.5630594015499725	0.7975515966269329	0.0301	0.4971703414210467	0.32590099942783246	0.0179	0.38744918300989345	-0.1577425570930598	0.023	0.5158434014381253	-0.26765124442224986	0.2179	0.4303083398822974	-0.28458815024586004	0.1804	0.338825590058593	-0.22880002965784235	-0.0119	0.7984768072812136	0.8085578544535275	-0.0301	0.9731538441089467	0.38930653294742573	-0.0179	1.01791898365293	-0.09835027174023218	0.023	1.1917864538969434	-0.20790078363198583	0.2179	1.2032640563189674	-0.17855139003263207	0.1804	0.981295539672596	-0.1724550108571033	-0.0119	0.7935383461601607	1.4816099228350479	-0.0008	0.9195362204521954	1.7836557397469723	0.0655	0.964335936749874	1.5929172828089104	0.1076	0.5546099397317398	1.3826244062220199	-0.01275	0.46680067279756726	1.0167478653553006	0.0119	0.5501657509161185	0.7187238053076794	0.0002	0.9503206621162186	1.3597907820330315	0.01275	0.982780241494914	1.0329150101751472	-0.0119	1.065827943222312	0.7672786453102486	-0.0002
151	2.5166666666666666	0.6961325878698572	0.8017309369743907	0.0301	0.5639028453720278	0.7991933700679731	0.0301	0.49771239485908586	0.326493086497588	0.0179	0.3875854583474008	-0.1576363852571973	0.023	0.5159942144290708	-0.26782909789868553	0.2179	0.4299398009538914	-0.2846709788091987	0.1804	0.339012743609373	-0.22912415330456978	-0.0119	0.7995626633253242	0.8104305399025322	-0.0301	0.9736505940229008	0.38996894981184793	-0.0179	1.0176085940069612	-0.0989234453675698	0.023	1.1916410696350836	-0.20867313322867143	0.2179	1.2034189257730576	-0.17902254659817135	0.1804	0.9806952510601065	-0.17290478002842716	-0.0119	0.7944639378694456	1.4810929440860872	-0.0008	0.9204534521198605	1.7835937133011377	0.0655	0.9652901999745082	1.5918370002087776	0.1076	0.5562284391472905	1.3828825734601013	-0.01275	0.467616216366279	1.017355531042779	0.0119	0.5509735767154492	0.7189028270159016	0.0002	0.9508741356610785	1.3596316962261459	0.01275	0.9829269872660451	1.0329233098581518	-0.0119	1.0659653047014823	0.7668342445248855	-0.0002
152	2.533333333333333	0.6966637130827152	0.8024779023874682	0.0301	0.5649217104394405	0.8007932656953444	0.0301	0.4982197024511405	0.32708092657830984	0.0179	0.38765499306426077	-0.15720665992863825	0.023	0.5157789321963036	-0.26791203319389373	0.2179	0.4295230584020632	-0.28424245552932054	0.1804	0.3393152189294784	-0.2292333150092606	-0.0119	0.8009501214937683	0.8120564881831103	-0.0301	0.974090177051134	0.39030910679446335	-0.0179	1.0173682715364856	-0.0996513757938376	0.023	1.191563514509981	-0.20913805332923324	0.2179	1.2035289131365396	-0.17938861952628193	0.1804	0.9803008438087766	-0.1734009398275119	-0.0119	0.7954706916387735	1.4806299014310644	-0.0008	0.9214219539106634	1.7829662791050385	0.0655	0.9661203013207897	1.5905495236277898	0.1076	0.5572845865187003	1.3831289007349101	-0.01275	0.46875276311655883	1.0180773287412124	0.0119	0.5519271989686726	0.7193149755925639	0.0002	0.9513900056759643	1.3591273497521639	0.01275	0.9829053861896789	1.032907500636173	-0.0119	1.0658697834324664	0.7666631159159402	-0.0002
153	2.55	0.6972258440605748	0.8030838585762023	0.0301	0.5656549944829788	0.8022999368242227	0.0301	0.4987147718814191	0.327485998689341	0.0179	0.3877093581249148	-0.156795443195475	0.023	0.5152903705221017	-0.26778624225490555	0.2179	0.42921550934120517	-0.2834378274463607	0.1804	0.339798315535258	-0.22911777252890975	-0.0119	0.8022261423086338	0.8133688803998143	-0.0301	0.9745808001940531	0.3903222757834114	-0.0179	1.017258893857164	-0.10034262616177884	0.023	1.1913172773838314	-0.20935661970234776	0.2179	1.2034410059890186	-0.17962811919036978	0.1804	0.9802571014610842	-0.17371673697645518	-0.0119	0.7962929275809607	1.4804550640993905	-0.0008	0.9220678020879801	1.7817665952876456	0.0655	0.9668404862322273	1.5896492800123985	0.1076	0.5576692493673466	1.3832807673558554	-0.01275	0.47011694348011723	1.0186352545607782	0.0119	0.5531909548239133	0.7195585256634154	0.0002	0.9519446249400395	1.3584545840519777	0.01275	0.9829742166037189	1.0327077492521521	-0.0119	1.0656633637768371	0.7666550304261164	-0.0002
154	2.5666666666666664	0.6977320867649539	0.8034585449586586	0.0301	0.5659083315727371	0.8034206634146593	0.0301	0.49908395500890956	0.3276665081106142	0.0179	0.38781669361565	-0.1565336442652145	0.023	0.5145240693067258	-0.26740333137314415	0.2179	0.42888853906270924	-0.28250639714287523	0.1804	0.3405406674656686	-0.22894975122303501	-0.0119	0.8030429924853332	0.8141753309664573	-0.0301	0.9752276260337729	0.3904258659842038	-0.0179	1.0172630908755305	-0.10068744231301784	0.023	1.190942912347146	-0.20955604416248627	0.2179	1.203254828580703	-0.17996957331962055	0.1804	0.9804424605576352	-0.1739534636835656	-0.0119	0.7968384842255655	1.48061829043003	-0.0008	0.9222723459594858	1.7806560607544188	0.0655	0.9676048143158584	1.5893918151103665	0.1076	0.5575245188126228	1.383250356357491	-0.01275	0.47149469948441897	1.0189663913811282	0.0119	0.5546795413099208	0.7194431346333982	0.0002	0.952584388725969	1.3576752189866061	0.01275	0.983287372934009	1.032259303781244	-0.0119	1.065503759673348	0.7666079344015337	-0.0002
155	2.5833333333333335	0.6981856881537329	0.8034835385861718	0.0301	0.5658233663775334	0.8039300756042488	0.0301	0.4993010437633373	0.3276253867856036	0.0179	0.3879587587715673	-0.15639417577449874	0.023	0.5136288590303185	-0.26683649046628205	0.2179	0.4283890364172099	-0.28168818381497124	0.1804	0.34143308687599305	-0.22890191627274162	-0.0119	0.8033258847623418	0.8144305460360514	-0.0301	0.9761041868244857	0.3908577232757456	-0.0179	1.017380049553715	-0.10055123963783696	0.023	1.19064474830076	-0.20988541703571717	0.2179	1.2031770966097037	-0.18049639262941064	0.1804	0.9806704983070595	-0.17427040773332408	-0.0119	0.7972605421630515	1.4810390342221362	-0.0008	0.9222057108617903	1.7803565787517734	0.0655	0.968494369671779	1.5896794399597698	0.1076	0.5572181406948281	1.3829871328297672	-0.01275	0.47269578900534365	1.0190747044429223	0.0119	0.5562309035086459	0.7190800309257931	0.0002	0.9532781953184838	1.3568295958168073	0.01275	0.9837910091308033	1.0316382626455252	-0.0119	1.0654171805656032	0.7663594897767497	-0.0002
156	2.6	0.6985471981027026	0.8034610768786734	0.0301	0.5656177693772799	0.8041211825877789	0.0301	0.4996263968437838	0.32749954874267306	0.0179	0.38810256010570887	-0.1564381567384626	0.023	0.5130214316667578	-0.266246898373062	0.2179	0.4278544115008301	-0.2811717877306299	0.1804	0.3422005026613409	-0.2290482550132965	-0.0119	0.8031547271639449	0.814517820969613	-0.0301	0.9772184832479002	0.3914647182414113	-0.0179	1.017674828406267	-0.10017615606795534	0.023	1.1905709229993777	-0.21032470195828873	0.2179	1.2032503732815207	-0.18093242771714851	0.1804	0.9809004335578795	-0.17454585626581914	-0.0119	0.7977920949363733	1.4815906467162236	-0.0008	0.9220600187121706	1.7809235632269844	0.0655	0.9693471182839527	1.5903527538630078	0.1076	0.5572127207836924	1.3825798761209858	-0.01275	0.4736711305240369	1.0188785138819303	0.0119	0.5578780752423125	0.7187484995707982	0.0002	0.9539505865748453	1.3560908133311231	0.01275	0.9843715200140147	1.030836023394977	-0.0119	1.0653377175313652	0.7659512737511764	-0.0002
157	2.6166666666666667	0.6987192041967903	0.8038186082452137	0.0301	0.5654783557417523	0.8045330843813393	0.0301	0.5003938704068058	0.32755940829013247	0.0179	0.38827299352977634	-0.15671378678841416	0.023	0.5129595457900812	-0.26582755484400705	0.2179	0.42754427977505255	-0.2810228839821632	0.1804	0.34263608987952043	-0.22937765103528204	-0.0119	0.8026417486051587	0.8148517160148417	-0.0301	0.9784520958490591	0.3920694916649566	-0.0179	1.01815553261324	-0.09989611860518056	0.023	1.1908036503838322	-0.21083325580159296	0.2179	1.2033383833880094	-0.18101808934425664	0.1804	0.9811525860569867	-0.17461781400970425	-0.0119	0.798598754575097	1.482072878287069	-0.0008	0.9219476698041029	1.781849621017477	0.0655	0.96994043646698	1.591279921355808	0.1076	0.5578334854611158	1.3822437351069636	-0.01275	0.4744504294009351	1.0184365451755482	0.0119	0.5597480570443065	0.7187676702659916	0.0002	0.9545911118473938	1.3556390866959305	0.01275	0.9849236293233602	1.0297838202213758	-0.0119	1.0652724201657096	0.7656278518823624	-0.0002
158	2.6333333333333333	0.6987294418176576	0.8045486119992663	0.0301	0.5655756015368285	0.8053212446893045	0.0301	0.5017337818510076	0.3279383441543778	0.0179	0.388516453637727	-0.15707337414644304	0.023	0.5132342934377018	-0.26574337204059295	0.2179	0.4274804268650906	-0.2811612350139049	0.1804	0.3428124086384961	-0.22978409100855887	-0.0119	0.8019581982897619	0.8153999544691488	-0.0301	0.9795997186433273	0.39263656149876147	-0.0179	1.0186587944100465	-0.09983748830646029	0.023	1.1912948380415695	-0.21142261732040862	0.2179	1.2032352590306223	-0.18079945698282088	0.1804	0.98139144595556	-0.17455878807213218	-0.0119	0.799770432277782	1.4822766344908724	-0.0008	0.9220435606530897	1.7826018067147416	0.0655	0.970289628264846	1.5922420980575098	0.1076	0.5590898164044463	1.3821422823973146	-0.01275	0.4751295402873888	1.0180677397363853	0.0119	0.5617942652292502	0.7193201587070451	0.0002	0.9552907889142968	1.3554708291812523	0.01275	0.985286537179667	1.0286025004838344	-0.0119	1.0653388178597032	0.7656559014252707	-0.0002
159	2.65	0.6988386676104091	0.805420143005592	0.0301	0.5660949903235305	0.806320620747063	0.0301	0.5036211017143741	0.3284729226950333	0.0179	0.3888526471449999	-0.1573810031198713	0.023	0.5135109387871112	-0.2660835145868358	0.2179	0.427498838095115	-0.28153491849195245	0.1804	0.34298432092787123	-0.23007807473028624	-0.0119	0.8013801181896325	0.8159989647951887	-0.0301	0.9804946372348377	0.39307726375378926	-0.0179	1.0189796797291313	-0.100009873315983	0.023	1.1917282737641524	-0.2120057990993933	0.2179	1.2027336248163436	-0.18033951803769088	0.1804	0.9816291023861168	-0.17435186325055554	-0.0119	0.8012462377782064	1.4821736265384151	-0.0008	0.9225772837284598	1.782841800747261	0.0655	0.9705957737954957	1.5930153438894505	0.1076	0.560803407385406	1.3822195344215036	-0.01275	0.47590939079168987	1.0179521069221822	0.0119	0.5638666536355247	0.7202345063980159	0.0002	0.9561129188556371	1.355542852003359	0.01275	0.9853475374364071	1.0275887341653005	-0.0119	1.0656320457685116	0.766178108875355	-0.0002
160	2.6666666666666665	0.6993922485509476	0.8064890244789518	0.0301	0.5672484474111396	0.8074904815792556	0.0301	0.5059909301276342	0.3288529411997227	0.0179	0.38926925257477407	-0.1577253743312759	0.023	0.5137236213803426	-0.26676135932149486	0.2179	0.42752126953626385	-0.282167809199368	0.1804	0.3433048750193977	-0.23007262898715325	-0.0119	0.8012210116081149	0.816860165754439	-0.0301	0.9811201694413426	0.3931974166673479	-0.0179	1.0190549136415887	-0.10046204278092914	0.023	1.1917324794158486	-0.21230756540287618	0.2179	1.2017599235351357	-0.17949792968571113	0.1804	0.9819456313893572	-0.173678745052362	-0.0119	0.8027542122953799	1.4819409197265725	-0.0008	0.9236382886169683	1.7824270595234288	0.0655	0.9709927966117429	1.5935846331413028	0.1076	0.5628655857171833	1.3823157862818658	-0.01275	0.4769668926184662	1.0178556357216244	0.0119	0.5659766714932075	0.7210681946801475	0.0002	0.9570075343375863	1.3559686245891838	0.01275	0.9852330668924664	1.0269415483407942	-0.0119	1.066104414095065	0.7671118217578012	-0.0002
161	2.683333333333333	0.7005499766437939	0.8079421083332048	0.0301	0.5691318992752159	0.8088013355947352	0.0301	0.5086415074876008	0.32885945636252245	0.0179	0.3896707708316295	-0.15814798998331356	0.023	0.5138979452548588	-0.26750478987502513	0.2179	0.4275300005701641	-0.2829606082647468	0.1804	0.34372208120034375	-0.22970435729193353	-0.0119	0.8016524913702723	0.818232052391367	-0.0301	0.9816279337224844	0.3928516338956053	-0.0179	1.0188932950127143	-0.10115349735411575	0.023	1.1913081071924874	-0.21205091392308356	0.2179	1.200517151991712	-0.17825173804608027	0.1804	0.9822737575891648	-0.17243190124377197	-0.0119	0.8039977392840637	1.481794609948746	-0.0008	0.925116436414855	1.7815362317784857	0.0655	0.9715333128180033	1.5940254258865265	0.1076	0.5651600807777677	1.3824214777754853	-0.01275	0.4782959401325707	1.017510213161951	0.0119	0.5682330675028374	0.7215430639053704	0.0002	0.9578620948710797	1.3568289504654618	0.01275	0.9852245103429973	1.0266374658658033	-0.0119	1.0666751425125294	0.7680858209309396	-0.0002
162	2.7	0.702156722854046	0.8096204995462074	0.0301	0.5715394468580983	0.8099513555109241	0.0301	0.5112063184194346	0.3284650358907159	0.0179	0.3898714280271087	-0.15840965606962887	0.023	0.5139053557499557	-0.26806567588417796	0.2179	0.4274615625558335	-0.2836506476002538	0.1804	0.34405249273761523	-0.2291063185747004	-0.0119	0.8025987183987614	0.8197976804217217	-0.0301	0.982195910777554	0.39204760726885096	-0.0179	1.0184796725603098	-0.10182711458893459	0.023	1.1908321563288908	-0.21118803552060172	0.2179	1.1994158701417708	-0.17691627860847497	0.1804	0.9823883669938418	-0.17106129287121338	-0.0119	0.8048467411322827	1.4818579464772446	-0.0008	0.9267840915460868	1.780633152267676	0.0655	0.972311719510567	1.5942877169403495	0.1076	0.5673561806160503	1.3826409183295696	-0.01275	0.4797838176429427	1.0169955460888436	0.0119	0.5706309165008466	0.7217662858596441	0.0002	0.9585492507237113	1.3579262789881286	0.01275	0.9854808072248898	1.0265801878319534	-0.0119	1.0673876940770897	0.7686578189283454	-0.0002
163	2.716666666666667	0.7038528623544313	0.8111169469422332	0.0301	0.5739668426064014	0.8107255780054426	0.0301	0.5133912507861875	0.32777769823005104	0.0179	0.3897752517441035	-0.15830568603780765	0.023	0.5136731304547844	-0.26835640970449276	0.2179	0.42733402716564567	-0.2839759788400498	0.1804	0.3440844891824597	-0.22851791151055623	-0.0119	0.8037901443330691	0.8210193487727135	-0.0301	0.9828768628431014	0.39095759956513665	-0.0179	1.017899633817634	-0.10223645975351996	0.023	1.190551535704775	-0.2099087861561637	0.2179	1.1987843119717414	-0.17586730671208353	0.1804	0.9821714861196845	-0.17011220481062	-0.0119	0.8053330008214876	1.482125082458335	-0.0008	0.9284371121878566	1.7801234767325558	0.0655	0.9734422432167633	1.5943626210581445	0.1076	0.5690917092944786	1.382981586597149	-0.01275	0.4813552760691135	1.016526791487492	0.0119	0.5731802301798539	0.7219418051322378	0.0002	0.9589402818973735	1.3589483604466759	0.01275	0.9859578909782245	1.0266820046433993	-0.0119	1.0683340793552873	0.7686613328743883	-0.0002
164	2.7333333333333334	0.7052947162063973	0.8121988233590786	0.0301	0.575842878796442	0.8113932994388681	0.0301	0.5151375638572165	0.32695560049807526	0.0179	0.38949106802817474	-0.15790963781836767	0.023	0.5133954645475487	-0.2683760153596226	0.2179	0.42731373337449885	-0.28384333228544395	0.1804	0.3437186849228989	-0.2281167750234893	-0.0119	0.8049169912029501	0.8218238922778226	-0.0301	0.9836103402878621	0.389818140840597	-0.0179	1.0173996494729767	-0.10239404713627435	0.023	1.1903168396929509	-0.20849144548382598	0.2179	1.1986515593540537	-0.17529806766617892	0.1804	0.9817088738183435	-0.16980524002216693	-0.0119	0.8056263297834294	1.4824980987140013	-0.0008	0.9300730854093707	1.7801818163920204	0.0655	0.9749639058123695	1.5944274966574465	0.1076	0.5702705739388337	1.3833129225514618	-0.01275	0.4829278505452221	1.0161443540325292	0.0119	0.5760368231553811	0.7220836645513841	0.0002	0.9589654459340541	1.3597428578546442	0.01275	0.9865400751283288	1.0267692481185176	-0.0119	1.0695096251117238	0.7682247208765696	-0.0002
165	2.75	0.7063911025247818	0.8128251351462925	0.0301	0.5769713497942377	0.8122286966686434	0.0301	0.5164639179296736	0.32623669587147647	0.0179	0.3891989517078329	-0.1573142848175476	0.023	0.513319183321011	-0.26819616922950984	0.2179	0.4275029703288162	-0.28344227028993824	0.1804	0.3430164732930482	-0.22798302892639769	-0.0119	0.8058809171000861	0.8223281439800202	-0.0301	0.9843468949338458	0.3887887388291875	-0.0179	1.017203928711805	-0.10240724800716562	0.023	1.1899798981778387	-0.20717423781525	0.2179	1.198913546283863	-0.17524424015668588	0.1804	0.9811538736645058	-0.17019079151154262	-0.0119	0.8060234526949062	1.4828581858655567	-0.0008	0.9318521933968484	1.780894914736555	0.0655	0.9767962612446709	1.5946201063178078	0.1076	0.5710423639457137	1.3834440597818234	-0.01275	0.4843732237322219	1.0158210205328742	0.0119	0.5792024908903438	0.7221239347014979	0.0002	0.9587102182920085	1.3602907132706128	0.01275	0.9871083114323144	1.0267184181842515	-0.0119	1.0708091672926654	0.7675858185385636	-0.0002
166	2.7666666666666666	0.7073665114534036	0.8129611865026238	0.0301	0.5777142997245508	0.8129791547748276	0.0301	0.5172929774560776	0.3259206738681489	0.0179	0.3890247159093302	-0.15649023147220695	0.023	0.5134467376373251	-0.26798670869342	0.2179	0.4278037040198399	-0.2831278395983749	0.1804	0.34210215997585947	-0.22812446064436018	-0.0119	0.8069158212233252	0.8223533043662768	-0.0301	0.9851295542849875	0.38799982916218184	-0.0179	1.0173410677248491	-0.10223032734143168	0.023	1.189700775926336	-0.20612901224805663	0.2179	1.199614313837965	-0.17561548468104993	0.1804	0.9806117439407599	-0.17128940729441494	-0.0119	0.8068077696307064	1.4831386200518537	-0.0008	0.9338234310495701	1.7822847802500623	0.0655	0.9787283947707497	1.5948594653792567	0.1076	0.5716611565928379	1.3832118830843052	-0.01275	0.48567470530264223	1.0156352524506462	0.0119	0.5823326041944206	0.7220833905457607	0.0002	0.9583979159577514	1.3606085684036964	0.01275	0.9874814893515144	1.0266838243513878	-0.0119	1.072106082718212	0.7670187937878616	-0.0002
167	2.783333333333333	0.7084693471037291	0.8127213950198551	0.0301	0.5784864901226152	0.8133822160114751	0.0301	0.5175997341358807	0.32608068539614493	0.0179	0.38903947271039035	-0.15555498439432072	0.023	0.5136099558606398	-0.26789456874755024	0.2179	0.42809196726804616	-0.2831300204408791	0.1804	0.3411582835027312	-0.22843279463043745	-0.0119	0.8082548139127032	0.8219369001775276	-0.0301	0.9860125011597581	0.38767348883247077	-0.0179	1.0176886500991105	-0.10183287106733223	0.023	1.189584384927641	-0.20554962092008552	0.2179	1.2007755076106936	-0.17623107578829242	0.1804	0.9801804806920412	-0.1728914775939643	-0.0119	0.8080411237570906	1.4833569939638094	-0.0008	0.935831708253583	1.784041511516392	0.0655	0.9804664417551926	1.5948727701877579	0.1076	0.5724019845637659	1.3825624417440867	-0.01275	0.48702818184105917	1.0155829592543977	0.0119	0.585087473807018	0.7220046526562038	0.0002	0.9582548876243081	1.360820006466813	0.01275	0.9874823346149832	1.0269188106893348	-0.0119	1.0733000874381915	0.7667573267665144	-0.0002
168	2.8	0.7097031940893038	0.8125307619227142	0.0301	0.5793007388054636	0.8137715419742372	0.0301	0.5175870153545549	0.3264263667163877	0.0179	0.3892319357964692	-0.15490013539545325	0.023	0.513730193349838	-0.2679793845141888	0.2179	0.4283404907335718	-0.2834670415567391	0.1804	0.3404573725242332	-0.22874045712619426	-0.0119	0.8097095133121394	0.8217784836704314	-0.0301	0.9869549494005413	0.3880349033789606	-0.0179	1.0181151041332424	-0.10145419952716626	0.023	1.1893993793236832	-0.20567676639762295	0.2179	1.202046532528842	-0.1769564877130675	0.1804	0.9800180800347438	-0.17448281544435118	-0.0119	0.8095223592917772	1.4835346239103835	-0.0008	0.9377047410138584	1.7854971378071713	0.0655	0.9818143152248544	1.5943166191368294	0.1076	0.5734189608688007	1.3815840798217156	-0.01275	0.4886805028575325	1.015380888747278	0.0119	0.5874624521059644	0.7218173666898796	0.0002	0.9584353242247138	1.3611117922747447	0.01275	0.9871784518087529	1.0274615004783934	-0.0119	1.07432693170989	0.7667962321779448	-0.0002
169	2.8166666666666664	0.7109333425072566	0.8126903845034106	0.0301	0.5800069890070374	0.8145305144071741	0.0301	0.5174615525437043	0.3266679178522065	0.0179	0.38947475133039283	-0.1548647862720654	0.023	0.5138227819232197	-0.2683114437887163	0.2179	0.4285010796150839	-0.28406728265909514	0.1804	0.3401429217098228	-0.229039813293893	-0.0119	0.8108367236274068	0.8223959108639671	-0.0301	0.9878543574662413	0.3890792647150808	-0.0179	1.018516352482448	-0.10136069925812859	0.023	1.1889817278549852	-0.206532128105571	0.2179	1.2029380563553242	-0.17782524183512421	0.1804	0.9801895448109499	-0.17565029419557923	-0.0119	0.8109895540589255	1.4836043862216028	-0.0008	0.9393745857059574	1.7862379459110083	0.0655	0.9828273058832273	1.5931338759806113	0.1076	0.5746209940157515	1.3805075008196723	-0.01275	0.49070484613107745	1.014737938437555	0.0119	0.5896519963875867	0.7213356983338076	0.0002	0.9589971281211744	1.361470303595578	0.01275	0.986885592934267	1.0281768834828091	-0.0119	1.0751920358527562	0.7668618140423618	-0.0002
170	2.8333333333333335	0.7120627467988845	0.8129636296649158	0.0301	0.5806009470685931	0.8154352661703245	0.0301	0.5172115369278149	0.32682386873512476	0.0179	0.3896117868579182	-0.1554005547728407	0.023	0.5138885083612126	-0.2689545009144693	0.2179	0.42850897932225157	-0.28480864323698685	0.1804	0.34002388598363553	-0.22950582461109853	-0.0119	0.8114301418159106	0.8233527080352846	-0.0301	0.9886019884593187	0.390452969386266	-0.0179	1.0187788382275016	-0.1014714968905373	0.023	1.1885514613146035	-0.2077270983429058	0.2179	1.2033536431779768	-0.1789031274952332	0.1804	0.9805275781560283	-0.17640187634714435	-0.0119	0.8123188521516947	1.4834517255080981	-0.0008	0.9407943110714013	1.7864856340703577	0.0655	0.9836830227599822	1.591776408595057	0.1076	0.5757998583214223	1.379618580085104	-0.01275	0.49296522361741796	1.0137259080189436	0.0119	0.5917638442233364	0.7204367465383725	0.0002	0.9598575805159583	1.3616696870427254	0.01275	0.9868681071728657	1.0290318755622765	-0.0119	1.07595644129156	0.7667557807473266	-0.0002
171	2.85	0.7129693391577382	0.8130445884414389	0.0301	0.5810815702556782	0.8161524612788594	0.0301	0.5168530395887607	0.32703591876089483	0.0179	0.38956598651400925	-0.1561933052572556	0.023	0.5139861391239708	-0.2697546233762254	0.2179	0.4284351032209908	-0.28546853653659965	0.1804	0.3398236114461508	-0.23017641780368522	-0.0119	0.8115834595605134	0.8240127373553818	-0.0301	0.9891111393163095	0.3916771322926424	-0.0179	1.0188207984599493	-0.10153180883006284	0.023	1.1883587151714565	-0.20875649169564878	0.2179	1.2035602607636184	-0.1799796879419026	0.1804	0.9808284186795979	-0.17687466946296906	-0.0119	0.813455790280606	1.4830226180683486	-0.0008	0.9418552808666788	1.786476770803671	0.0655	0.9844524871628406	1.590810322707691	0.1076	0.5768587620642807	1.3790712415329593	-0.01275	0.4952077171763569	1.012660149055875	0.0119	0.593763557892675	0.7192853526135228	0.0002	0.9608163069972444	1.3616025229937012	0.01275	0.9871937280845766	1.0300864624733719	-0.0119	1.0765948964096146	0.7666600431356682	-0.0002
172	2.8666666666666667	0.7134252241522462	0.8130991613731517	0.0301	0.581302161802788	0.8168044140461422	0.0301	0.516625931034463	0.3273317285869145	0.0179	0.3893447500732453	-0.15697079104754705	0.023	0.5141872437795524	-0.27028585021657825	0.2179	0.4283559648768071	-0.28577060848964064	0.1804	0.3395562143611221	-0.23078123097083605	-0.0119	0.811452396732001	0.824466170020369	-0.0301	0.9893649878645131	0.3925628001341031	-0.0179	1.0187074362863902	-0.10150105660904163	0.023	1.1883851967128605	-0.20935079339244952	0.2179	1.2037709661138716	-0.18060296237994064	0.1804	0.9810467097093561	-0.17703915889982844	-0.0119	0.8142638233948406	1.4823879837876857	-0.0008	0.9424407113195927	1.7859829842723813	0.0655	0.9850904186621281	1.5904798747983007	0.1076	0.5777932148165598	1.3788481803126134	-0.01275	0.4971371846118571	1.0117196950246268	0.0119	0.5956323661334739	0.7183090899383532	0.0002	0.961688243948382	1.3613589513454423	0.01275	0.9878250569490405	1.031154846369031	-0.0119	1.0769849236366225	0.7669593653846448	-0.0002
173	2.8833333333333333	0.7133090964867314	0.8134857621694842	0.0301	0.5812080215792973	0.8175117066494859	0.0301	0.5167039034771763	0.32772808747833754	0.0179	0.38902870706723086	-0.15757620562201216	0.023	0.5143164149817714	-0.27019500855229583	0.2179	0.4281125892757317	-0.2855938828184424	0.1804	0.3394506238470973	-0.23105339101511999	-0.0119	0.8112127922180705	0.8250782258730186	-0.0301	0.989404071138937	0.39327371044670995	-0.0179	1.0186335846789953	-0.10148656121500436	0.023	1.1885952237282353	-0.20945063240568515	0.2179	1.2040284081522505	-0.18049711708030103	0.1804	0.9812144797504445	-0.17690856576138994	-0.0119	0.8146656618570595	1.481750752336494	-0.0008	0.9425346636625355	1.784936198117087	0.0655	0.9855763870719251	1.5907758225391566	0.1076	0.5785959321876379	1.3789294738691507	-0.01275	0.49856113592289775	1.010911136160112	0.0119	0.5974682600913733	0.7178933467346383	0.0002	0.9624507166811684	1.360988125537024	0.01275	0.9886329613170424	1.0318365921757362	-0.0119	1.0771686014505977	0.7677967304350529	-0.0002
174	2.9	0.7128538093127251	0.814301662323027	0.0301	0.5810569418079322	0.8179978925985748	0.0301	0.5169468134084396	0.3282928123722832	0.0179	0.38874988041918945	-0.1579366904696485	0.023	0.514084179855199	-0.2695531765592976	0.2179	0.42751535664047674	-0.2851425977413914	0.1804	0.33963367104336417	-0.2310523756544047	-0.0119	0.8110868032703917	0.825756766911379	-0.0301	0.9892945061336864	0.3939587482361062	-0.0179	1.0187298733589953	-0.1014690434726544	0.023	1.1890932361424982	-0.2090858048610102	0.2179	1.2043394500059244	-0.1797870845979433	0.1804	0.9813350529225843	-0.1766805550931373	-0.0119	0.8148708196825347	1.4813529092255346	-0.0008	0.9422539283917265	1.7838738779347632	0.0655	0.985961685741183	1.5915549545075411	0.1076	0.5793473570863704	1.3793060471525878	-0.01275	0.49955693333528717	1.0102580950977136	0.0119	0.5994115009935137	0.7181317229487003	0.0002	0.9632397519086822	1.3605013961362349	0.01275	0.9893679012764215	1.032008388476095	-0.0119	1.077402314717216	0.7689128179544517	-0.0002
175	2.9166666666666665	0.7124688726674019	0.8154945216051069	0.0301	0.5811899997830262	0.8181633934911646	0.0301	0.5171590860669023	0.328935534156805	0.0179	0.3886145371284673	-0.15808785062602995	0.023	0.5135502787971693	-0.26872951212877305	0.2179	0.42670179364936084	-0.2847616484604778	0.1804	0.3400664078381813	-0.2309760511802271	-0.0119	0.8112052575115024	0.8263206901180419	-0.0301	0.989149390512774	0.3945581786569599	-0.0179	1.0189641697140723	-0.10141925309243097	0.023	1.1898130216222742	-0.20850059953928027	0.2179	1.2046394891297059	-0.17886088160114838	0.1804	0.9814413986606361	-0.17645422473501293	-0.0119	0.8152174941145252	1.4813037677118472	-0.0008	0.9418004556559307	1.7831980626890966	0.0655	0.9862496914968758	1.592402285158757	0.1076	0.5802122927837124	1.3798200414992807	-0.01275	0.5004057798422967	1.009774637022237	0.0119	0.6015193897358734	0.7188572466383879	0.0002	0.9641625348344923	1.3600609850066359	0.01275	0.9898469124490995	1.0319015708526673	-0.0119	1.077802037705467	0.7699012249539021	-0.0002
176	2.933333333333333	0.71236524504535	0.8171160037627883	0.0301	0.5816702840367617	0.8185353453831445	0.0301	0.5173974074386422	0.3294473853835271	0.0179	0.38866557140719155	-0.15814585219426772	0.023	0.5130695027291098	-0.2680307593473058	0.2179	0.4260018643890955	-0.2846213431132	0.1804	0.3406339546197817	-0.2308400473967024	-0.0119	0.8114734556157821	0.8270654026161102	-0.0301	0.9890735245932513	0.3950132864452945	-0.0179	1.0192176115573544	-0.10153840403859775	0.023	1.190394157265566	-0.20816215343818775	0.2179	1.2046936512704505	-0.1781554378230788	0.1804	0.9816468855447755	-0.17609735402324633	-0.0119	0.8158434493893583	1.4815191979541722	-0.0008	0.9414545965841896	1.782613421565627	0.0655	0.9863431308235063	1.5927042229859212	0.1076	0.5812208893895475	1.3802720673796771	-0.01275	0.5013219349037714	1.009446662896135	0.0119	0.6036934519627744	0.7198230570660773	0.0002	0.9651681141458254	1.359855749974178	0.01275	0.9901380427810893	1.0316472253919406	-0.0119	1.07823627313057	0.7704505465637103	-0.0002
177	2.95	0.7125116985308704	0.8190634413125769	0.0301	0.5822935857190963	0.8195923048244617	0.0301	0.5177666435695383	0.329854942875007	0.0179	0.38887093856105176	-0.1582020333356285	0.023	0.5128322953533658	-0.2675508127396874	0.2179	0.42557227944623366	-0.2847340335265118	0.1804	0.34112636895427106	-0.23058768377939556	-0.0119	0.8116639227003578	0.8282467785374575	-0.0301	0.9890501504850273	0.3953896861934713	-0.0179	1.0193576135648983	-0.10197287880803046	0.023	1.1906117802730845	-0.20832487459994442	0.2179	1.204331454179007	-0.17797793171228607	0.1804	0.9819669031346621	-0.17556289962964627	-0.0119	0.816661590951585	1.48182968629464	-0.0008	0.9415486522699698	1.7818209688809539	0.0655	0.9862553061877624	1.5921452098026108	0.1076	0.5822162602094698	1.3806797867556067	-0.01275	0.5022802993188611	1.0094080260240723	0.0119	0.6057094359231568	0.7208215565883245	0.0002	0.9661216364666887	1.3598158628682937	0.01275	0.9904355833488666	1.0310990017574644	-0.0119	1.0786886072468156	0.7703196391930461	-0.0002
178	2.966666666666667	0.7128421322320199	0.8208266793719596	0.0301	0.5828861087714077	0.8210614415896459	0.0301	0.5181164889156574	0.3304464898911558	0.0179	0.38909175432236776	-0.15823977355126637	0.023	0.5127977861610776	-0.2672422364415343	0.2179	0.4253926831215552	-0.2850974472779612	0.1804	0.3412737600604143	-0.2302964606181243	-0.0119	0.8116576045902992	0.8294708241580049	-0.0301	0.9889612779953996	0.3957075908026684	-0.0179	1.019297814413305	-0.10243735096680347	0.023	1.1906337850574433	-0.20880650587289099	0.2179	1.2037437716696364	-0.1783785854594053	0.1804	0.9821852230736429	-0.1750851993591351	-0.0119	0.8175390139135515	1.4820944278469328	-0.0008	0.9422638164071552	1.7811382699756408	0.0655	0.9862721601905332	1.5909780393654644	0.1076	0.5830588151483315	1.3812049243966242	-0.01275	0.503100158907529	1.0098901796708757	0.0119	0.6073659709269646	0.7217223051968209	0.0002	0.9669189920749635	1.359679065358187	0.01275	0.9908723839175203	1.0301427899206794	-0.0119	1.0793986397962292	0.7693560573271293	-0.0002
179	2.9833333333333334	0.7133051294654972	0.8219069026262874	0.0301	0.5833953991666331	0.8224071701473541	0.0301	0.5182058342200029	0.3313338381211432	0.0179	0.38916985716590835	-0.15818804132813563	0.023	0.5129577009208638	-0.26703833919857906	0.2179	0.4254942403117876	-0.28562178526661025	0.1804	0.3409752663441837	-0.23006521943355093	-0.0119	0.8115425911580544	0.8303094431678303	-0.0301	0.9887402489346842	0.39583897833360376	-0.0179	1.0191102203762037	-0.10254993119740857	0.023	1.19066465713144	-0.20934597411761127	0.2179	1.2032767282591186	-0.179144904277912	0.1804	0.9821071417576027	-0.17486200591728052	-0.0119	0.8183550592972347	1.4822214348750866	-0.0008	0.9434165009230923	1.780904523955653	0.0655	0.9867142250939323	1.5897016889543825	0.1076	0.58372611096971	1.3818631148550284	-0.01275	0.503639087786092	1.010840707181167	0.0119	0.6086020522474562	0.7224747962558036	0.0002	0.9675265411497203	1.3593375079595136	0.01275	0.9915119576242826	1.0289091395770031	-0.0119	1.0805247295028781	0.7677279505203388	-0.0002
180	3.0	0.7137430835124111	0.8222455396939053	0.0301	0.5837076557566838	0.8235204559547132	0.0301	0.5179794488133576	0.33219385705832344	0.0179	0.3890765603567863	-0.15805187708610757	0.023	0.5133404914778715	-0.2668919788385065	0.2179	0.42595357488192376	-0.2860839910035153	0.1804	0.340414732730558	-0.22989466679726914	-0.0119	0.8114743068192173	0.8309514742015605	-0.0301	0.9884238693677392	0.3956962074463118	-0.0179	1.0190395919714708	-0.10236462607684271	0.023	1.1906415008477087	-0.2098341385459197	0.2179	1.2030544668865102	-0.1799550423569246	0.1804	0.9818234919002043	-0.17476036963973643	-0.0119	0.8189790986249924	1.4821573254924225	-0.0008	0.9445677132781006	1.7809034707153986	0.0655	0.9876154354093711	1.5886631372375921	0.1076	0.5842148494083375	1.3824397265778043	-0.01275	0.5038964465385087	1.01177463175726	0.0119	0.6094505328790308	0.7230658695663573	0.0002	0.9679470836377695	1.3589544112375058	0.01275	0.9923496357539038	1.027634088653704	-0.0119	1.0819033734100627	0.7659741641132999	-0.0002
181	3.0166666666666666	0.7139162698085488	0.8220468733582297	0.0301	0.5836807830258117	0.824430350972416	0.0301	0.517504094518866	0.3326052371837001	0.0179	0.38888311363949074	-0.15788702281355002	0.023	0.5138106414788564	-0.26677914157248456	0.2179	0.4266955241539088	-0.2863525257869223	0.1804	0.3398371310499032	-0.22978662334306277	-0.0119	0.811507307074663	0.8316232073726335	-0.0301	0.9880250403346091	0.39543503310559597	-0.0179	1.019270720148799	-0.10221188616184515	0.023	1.190427136273611	-0.2101458607359004	0.2179	1.2030353713899988	-0.18062707730792849	0.1804	0.9815799730817935	-0.17458892821250713	-0.0119	0.8193550131200628	1.4819090182656094	-0.0008	0.9453931894444423	1.7808835816651944	0.0655	0.9887458797676194	1.5880041235966478	0.1076	0.5845174440784695	1.3827036948239475	-0.01275	0.5039988740709892	1.0122105134633665	0.0119	0.6099831662598125	0.7234563486144772	0.0002	0.9681699438011224	1.358716329850884	0.01275	0.9932460337063875	1.0265764597950344	-0.0119	1.0832056195574806	0.7646660241560703	-0.0002
182	3.033333333333333	0.7137223337790177	0.8214970292086062	0.0301	0.5833796800347171	0.8249062896215436	0.0301	0.5168100657290814	0.3324419809229627	0.0179	0.3886559464632395	-0.15769411264618416	0.023	0.5141697471139334	-0.2667198847778578	0.2179	0.42753606689705	-0.28652846811299437	0.1804	0.33927949232435956	-0.22982839603922528	-0.0119	0.8115856291995783	0.8320418843279428	-0.0301	0.9875121379418247	0.3953118685832585	-0.0179	1.0197032811294344	-0.10221250463917896	0.023	1.1900515558469134	-0.21017527416943088	0.2179	1.2032196076842419	-0.18122655733859896	0.1804	0.9815150264342923	-0.1744405699525974	-0.0119	0.8195899717050851	1.4815443439933054	-0.0008	0.9458279905083838	1.7809987946437165	0.0655	0.98982209064608	1.5878098787325485	0.1076	0.584741959384365	1.382615022947244	-0.01275	0.5040885038758838	1.012128346592113	0.0119	0.6103691974982537	0.723572890202498	0.0002	0.9682334952141661	1.3586004502543634	0.01275	0.9940020032405623	1.026045985632272	-0.0119	1.0841930594512756	0.7640890723459673	-0.0002
183	3.05	0.7132648777669857	0.8208732338933112	0.0301	0.582994163511684	0.8248915123221936	0.0301	0.5159644398873735	0.33182083945677776	0.0179	0.38845470661855575	-0.15744591632184207	0.023	0.5144246887543122	-0.2667316656444704	0.2179	0.42838424426470995	-0.28668978823217606	0.1804	0.3386957254251205	-0.23007297097931434	-0.0119	0.8116324998881658	0.8320378112363431	-0.0301	0.986954458820092	0.3954521971571037	-0.0179	1.0200563016062563	-0.10228168850218239	0.023	1.1896419030063248	-0.21014742746597156	0.2179	1.2035392832917313	-0.18187734428123217	0.1804	0.9816094596036389	-0.17450794670896086	-0.0119	0.8198541467210527	1.481143911954634	-0.0008	0.9459319977165846	1.7812043253120662	0.0655	0.9906131342198156	1.5880186647948185	0.1076	0.5851252999076927	1.3822506096519642	-0.01275	0.5042165004356376	1.0118021408509057	0.0119	0.6108385242652035	0.7233891283207108	0.0002	0.9683158582734168	1.3584555287211377	0.01275	0.994573290999357	1.026136453828557	-0.0119	1.0848029151973144	0.764190678120856	-0.0002
184	3.0666666666666664	0.7126660798201833	0.8205985259783598	0.0301	0.5825430767417854	0.8248137677732477	0.0301	0.515160612702131	0.33093907837687137	0.0179	0.3883663277491966	-0.15712949202018772	0.023	0.5146967164406298	-0.26682156379511185	0.2179	0.4291609717226347	-0.2866929754994268	0.1804	0.338270656573155	-0.2303768989738153	-0.0119	0.8115737883293245	0.8320316345441209	-0.0301	0.9865423826372199	0.3958746308344468	-0.0179	1.0201047946999158	-0.1024192486442663	0.023	1.1893047564372574	-0.21051590945122203	0.2179	1.2037269129919075	-0.18250985834564828	0.1804	0.9817709077593775	-0.1747475027314937	-0.0119	0.8202263958112053	1.480774043541984	-0.0008	0.9458927642149324	1.7809002017625004	0.0655	0.990986341825748	1.58823006023408	0.1076	0.5858563838965212	1.3816793762427793	-0.01275	0.5043698831406584	1.011396388108565	0.0119	0.6114718611760772	0.7229848417844625	0.0002	0.968641686842444	1.3581859522849014	0.01275	0.9950922256279472	1.0264224591138622	-0.0119	1.0851052633016145	0.7645592340125196	-0.0002
185	3.0833333333333335	0.7119780701369542	0.8208036923739591	0.0301	0.5818832520623369	0.8249695940222626	0.0301	0.5145686547900231	0.33009327096320235	0.0179	0.3884788592774227	-0.15671446692313482	0.023	0.5149437593406284	-0.2670799860960576	0.2179	0.42964560258955514	-0.2864031559678718	0.1804	0.33826993727428967	-0.23050360033295586	-0.0119	0.8113349692117591	0.8322807540118204	-0.0301	0.9864364362161127	0.396498547550992	-0.0179	1.0197773906803513	-0.10264695930305413	0.023	1.1891806569545817	-0.2114189624216848	0.2179	1.2035864717944442	-0.18292336545288718	0.1804	0.9818588122284695	-0.1749682391212552	-0.0119	0.8207142606480919	1.4804706235778486	-0.0008	0.94601131506172	1.7798377464157005	0.0655	0.9909908685777699	1.5880724650294304	0.1076	0.5869297767751442	1.3809988076973136	-0.01275	0.5045205219324918	1.0109632902547514	0.0119	0.6121335079662592	0.7224793890459866	0.0002	0.969295056218957	1.357728589238933	0.01275	0.9956799928694681	1.026286808135765	-0.0119	1.085259014827501	0.7645196454663402	-0.0002
186	3.1	0.7113085793228275	0.8211484467316663	0.0301	0.5810051207424898	0.8251690929078435	0.0301	0.5142058235546553	0.32964627444793354	0.0179	0.38879225734490086	-0.15618146780749345	0.023	0.5149828096923507	-0.26763471896409236	0.2179	0.4296655117654513	-0.28590992703563106	0.1804	0.33865374289106753	-0.23037373774990028	-0.0119	0.8109511310207029	0.8323741291214837	-0.0301	0.9866363397810263	0.3970510905311719	-0.0179	1.019202229872375	-0.10282460521090143	0.023	1.189412742663106	-0.21252428305679638	0.2179	1.203280439741714	-0.18306209037571675	0.1804	0.98174158083346	-0.17516476222009508	-0.0119	0.8213020755300912	1.4801987756883372	-0.0008	0.9464011127496927	1.7786982320718148	0.0655	0.9908420661240045	1.5876538786999401	0.1076	0.588161952807744	1.3803415609141556	-0.01275	0.5046228437319837	1.0106289876356211	0.0119	0.6126724514903386	0.7219703798581257	0.0002	0.9701815140828631	1.3570424391001474	0.01275	0.9963790968532555	1.0256081300553324	-0.0119	1.0854572460510128	0.7635958493170256	-0.0002
187	3.1166666666666667	0.7108262935065376	0.821354670034644	0.0301	0.5800976561399618	0.8253407398855805	0.0301	0.5140471702878131	0.32977122193287606	0.0179	0.38918560818381537	-0.15562597202605888	0.023	0.5147378911109252	-0.2684254195189048	0.2179	0.4293374026414293	-0.2853928201958078	0.1804	0.3391648933090101	-0.2301085795721556	-0.0119	0.8105911593290329	0.8320469738474295	-0.0301	0.986997906219597	0.3972128295958084	-0.0179	1.0186812573528075	-0.1028125734743435	0.023	1.1899468126200998	-0.21339122974164307	0.2179	1.2031126833990962	-0.18302422592822334	0.1804	0.9814452197641379	-0.17548368627767744	-0.0119	0.8218577351682754	1.4798852628137333	-0.0008	0.9468487286626844	1.778145627492037	0.0655	0.9907549466181956	1.587290378958012	0.1076	0.5893233684891187	1.379797132414676	-0.01275	0.5046589686280664	1.01054858468853	0.0119	0.613046082795987	0.721570960137533	0.0002	0.9711253727071426	1.3563013777039763	0.01275	0.9972435776811681	1.0248257099831177	-0.0119	1.0858307051098306	0.7619109747065193	-0.0002
188	3.1333333333333333	0.7106005111144471	0.8215016292491899	0.0301	0.5793171774921765	0.8257574667200599	0.0301	0.5140943085383888	0.33027568850881445	0.0179	0.3894796564098939	-0.1552429413492584	0.023	0.5143297487234422	-0.26914321645956774	0.2179	0.4289459806405066	-0.28491939605311095	0.1804	0.33963015839436483	-0.22986491616435872	-0.0119	0.8103684949401772	0.8317212202848124	-0.0301	0.9873646286105738	0.39691183862609075	-0.0179	1.0184736257542046	-0.10264682324818387	0.023	1.1905221302995432	-0.2137088292919935	0.2179	1.2031901856648033	-0.18284667623705983	0.1804	0.9811540854074737	-0.1758710673256804	-0.0119	0.8221784914953403	1.4794947996623706	-0.0008	0.9471015289156672	1.7780068457891864	0.0655	0.9908514115764026	1.5870865195923989	0.1076	0.5902452773585617	1.3793694804809016	-0.01275	0.5046797333771447	1.010774325337923	0.0119	0.613233231071401	0.7213710950678374	0.0002	0.971952108443111	1.3558446533479844	0.01275	0.9983428610317066	1.0243497225100395	-0.0119	1.0863712040287365	0.7600213381121025	-0.0002
189	3.15	0.7106066237332608	0.8216450633659799	0.0301	0.5787474904003496	0.8263607384186757	0.0301	0.5142324016449137	0.3308402306694715	0.0179	0.3895146984155343	-0.15511841641812596	0.023	0.5138986552579987	-0.26952177700781554	0.2179	0.42865282142771194	-0.28450151723668243	0.1804	0.33994868625197483	-0.2296951220822709	-0.0119	0.8102803025607368	0.8317017902055356	-0.0301	0.987667984380532	0.3963521840436864	-0.0179	1.0185721949472801	-0.10237677056251036	0.023	1.1909381391911302	-0.2133354132736153	0.2179	1.2034795055834753	-0.18250465707145672	0.1804	0.9810086111402694	-0.176105991394734	-0.0119	0.8223009003001893	1.4789924972121455	-0.0008	0.9471690402804831	1.7778777530573433	0.0655	0.9912050793395837	1.5870277638429926	0.1076	0.5908287297929556	1.3790140474361305	-0.01275	0.5047549497667496	1.0113024147136875	0.0119	0.6132179005629855	0.7212790102937292	0.0002	0.9725624793751488	1.3557802907403922	0.01275	0.9995979220643252	1.0242783170185976	-0.0119	1.0869734910406788	0.7584215574528196	-0.0002
190	3.1666666666666665	0.7108461879443826	0.8215891718636698	0.0301	0.5785278643609182	0.8265650249304324	0.0301	0.514219239604751	0.3313428586131032	0.0179	0.3892330234744447	-0.15513883901691228	0.023	0.5134586240592726	-0.26957766445279924	0.2179	0.4284724040639647	-0.28424279837536437	0.1804	0.3400028379874807	-0.2295779499819917	-0.0119	0.8103412325423094	0.831602235048436	-0.0301	0.9878980189217245	0.3957498901852298	-0.0179	1.0187631535325092	-0.10193939434279152	0.023	1.1912144743592734	-0.2123790380933302	0.2179	1.2039704921098755	-0.18206874277921947	0.1804	0.9809682559158064	-0.17615663472116816	-0.0119	0.8225935719711366	1.4783280742210194	-0.0008	0.9472844273934686	1.7778625274026512	0.0655	0.9918374973790542	1.5872059830474186	0.1076	0.5911007667636382	1.3786894778392709	-0.01275	0.5048857264926251	1.012113992780439	0.0119	0.6130245506292464	0.7210657930533133	0.0002	0.9730309647497346	1.3558933176927415	0.01275	1.0007561410335426	1.024627783209922	-0.0119	1.0876002722811269	0.7572885631908344	-0.0002
191	3.183333333333333	0.7113022522199197	0.8212088057691256	0.0301	0.5787484058894388	0.8260838584776626	0.0301	0.5139517406917333	0.3317901029462265	0.0179	0.388744363911039	-0.15518859338367805	0.023	0.5130250008992054	-0.26942567647260324	0.2179	0.4284680294893159	-0.2842222775312052	0.1804	0.3397870540652438	-0.22951419454768524	-0.0119	0.8105960023525783	0.8311288432180945	-0.0301	0.9880200348904759	0.39517630156600947	-0.0179	1.0188799957644712	-0.10135423062989603	0.023	1.1914385029489771	-0.21118887007338785	0.2179	1.2045548634227436	-0.18167774534030695	0.1804	0.9809306188500362	-0.1761201811970061	-0.0119	0.8233882165886426	1.4775715300314796	-0.0008	0.9476357132451771	1.778167124628215	0.0655	0.9926377769593208	1.5876504277272814	0.1076	0.5912958791948744	1.3783607465991787	-0.01275	0.5049897372503704	1.0130335696273947	0.0119	0.6126247595814158	0.7206810631513486	0.0002	0.9735900710062279	1.3560066364752048	0.01275	1.0017191340109461	1.0253769304348068	-0.0119	1.0883415987996374	0.7565646079153706	-0.0002
192	3.2	0.7118571148525745	0.8206745711458691	0.0301	0.5792599191090433	0.8253873622355405	0.0301	0.5135817460900011	0.3321016437412246	0.0179	0.38829652027558087	-0.1552872645555385	0.023	0.5127180028297122	-0.26908350994294833	0.2179	0.4287114302164277	-0.28436361138739197	0.1804	0.3395149003337599	-0.22949361957111875	-0.0119	0.8110120140852919	0.8307311186719393	-0.0301	0.9879761514096265	0.3946798431484385	-0.0179	1.018895798005132	-0.100843149475724	0.023	1.191591284977329	-0.21016692962059322	0.2179	1.2049093747375947	-0.18140824115667528	0.1804	0.9809088066149763	-0.17593711230435127	-0.0119	0.8246275497061585	1.476937692466177	-0.0008	0.9482429991069449	1.778482468966962	0.0655	0.9933864030685525	1.5880501208544868	0.1076	0.5917144074911711	1.3780248868167584	-0.01275	0.5049912287835404	1.0137420683622427	0.0119	0.6119067710586257	0.7203389990073255	0.0002	0.9744255813268574	1.3561308131414613	0.01275	1.0027346947007307	1.0262807202024207	-0.0119	1.089229766779198	0.7560779536807569	-0.0002
193	3.216666666666667	0.7123872913411645	0.820149195703595	0.0301	0.5798015219839615	0.8248963026949503	0.0301	0.513261451618983	0.3321646966105011	0.0179	0.38809234680102705	-0.15545895268056067	0.023	0.51260833588362	-0.2686069834450447	0.2179	0.4290645634797232	-0.28456468296823184	0.1804	0.33942269292582017	-0.22944671534459402	-0.0119	0.8114750255998927	0.8308617013255033	-0.0301	0.9877431522964014	0.39434174074530837	-0.0179	1.01884288426662	-0.10054799092914472	0.023	1.1916467794740508	-0.2095206439063878	0.2179	1.2047902820518057	-0.1813118591393368	0.1804	0.9809539391887944	-0.1755241052629895	-0.0119	0.82598939512942	1.4766232465096676	-0.0008	0.9490906284383704	1.7784016332578974	0.0655	0.9939347157306893	1.5880745395373685	0.1076	0.5924535122675781	1.3777637163725598	-0.01275	0.5048726217010671	1.0140710323814106	0.0119	0.6108450565587711	0.7202172489696667	0.0002	0.9755058029075613	1.3562013964708057	0.01275	1.0040053243664264	1.0270487121623773	-0.0119	1.0901195061465614	0.755703626237505	-0.0002
194	3.2333333333333334	0.7128533006137355	0.8195177294349479	0.0301	0.5802712181498675	0.8243080220045731	0.0301	0.5129457384921288	0.33201038251793424	0.0179	0.38811219623955123	-0.1556075309553487	0.023	0.5126468287299941	-0.2681519363027975	0.2179	0.4292970548841708	-0.28476281740675674	0.1804	0.33951430726823606	-0.22936130942901523	-0.0119	0.8118677848945202	0.8312421622049827	-0.0301	0.9873543420714427	0.39414686225814677	-0.0179	1.0187560480167124	-0.10031997451810254	0.023	1.1917310130542653	-0.20917180662369514	0.2179	1.2043363020992672	-0.18145512403021966	0.1804	0.9810061533268769	-0.17502083446428665	-0.0119	0.8272689934359228	1.4767062694574715	-0.0008	0.9502140213963008	1.7780428007480775	0.0655	0.9943219070725099	1.5878616420652847	0.1076	0.593388789442774	1.377709315380278	-0.01275	0.504643306740705	1.0141500745716605	0.0119	0.6096370259948879	0.7202649923444225	0.0002	0.9766592147876069	1.3560152498113807	0.01275	1.0053025123119892	1.0276745773112708	-0.0119	1.0908608963085002	0.7555352629486812	-0.0002
195	3.25	0.713188833872155	0.8187078479654677	0.0301	0.5806493850634499	0.8233497000873415	0.0301	0.5125819715959203	0.33182663815904045	0.0179	0.38819161816244974	-0.1556549183401497	0.023	0.512816299362282	-0.2678153544216829	0.2179	0.42941132696593	-0.28487200339566726	0.1804	0.33963233366218043	-0.229355699796454	-0.0119	0.8120748314588828	0.8315060577108481	-0.0301	0.9869051476779043	0.39398644298021723	-0.0179	1.018644173549436	-0.10003306082559235	0.023	1.192003127467452	-0.20895013650997565	0.2179	1.2038264855471645	-0.18173377735340443	0.1804	0.9810017887961756	-0.17464501003785082	-0.0119	0.8284445768770015	1.4771254313096538	-0.0008	0.9515935483499401	1.7776597203553421	0.0655	0.9947020877323515	1.587672640728235	0.1076	0.5943620122394	1.3779003995876205	-0.01275	0.5043486058199461	1.014203075617545	0.0119	0.6085458190820247	0.7203269170099555	0.0002	0.9777698212714432	1.3555580043131696	0.01275	1.0062787303862006	1.0282429172851923	-0.0119	1.0915030405189186	0.7557685648271067	-0.0002
196	3.2666666666666666	0.7132725329784616	0.8180033528424662	0.0301	0.5808045583912356	0.8225136566580031	0.0301	0.5122942563111028	0.3318626279505414	0.0179	0.3882215182999848	-0.15571353253172118	0.023	0.5131879458778685	-0.2675799467452205	0.2179	0.4296096496264807	-0.28482538671017316	0.1804	0.33968590197223186	-0.22952464474759204	-0.0119	0.812004194252961	0.8318466630070045	-0.0301	0.9865459382286385	0.39382271620905185	-0.0179	1.0184979566946681	-0.09987509063049506	0.023	1.192450946542154	-0.20880142111736918	0.2179	1.2033304774006448	-0.18180970796864715	0.1804	0.9810290811683092	-0.17443184130958714	-0.0119	0.8294527064327312	1.4776481060236655	-0.0008	0.9530548016761814	1.7770878496012168	0.0655	0.9952456473764466	1.5873541723926095	0.1076	0.5952630451073526	1.3782210507607842	-0.01275	0.5040838295868915	1.014303051540792	0.0119	0.6076168293860009	0.7202841004066393	0.0002	0.9788584829752729	1.3550730717841555	0.01275	1.0069508969148195	1.0285425545348053	-0.0119	1.0922724092892968	0.7564175310013515	-0.0002
197	3.283333333333333	0.7131608273062022	0.8176835638495074	0.0301	0.5807034530144785	0.8222859889962706	0.0301	0.5121745913295792	0.332334194786317	0.0179	0.3881974088978432	-0.15592054422171162	0.023	0.5137560383924172	-0.2673967522475685	0.2179	0.42997339832052556	-0.28466373187108496	0.1804	0.3396809822656813	-0.22980101854554727	-0.0119	0.8117251212481813	0.8323350482823154	-0.0301	0.9863865792970775	0.39369592090782635	-0.0179	1.018357032074707	-0.10008997900325338	0.023	1.192931226994041	-0.20869678895103339	0.2179	1.2028226614414157	-0.18144345111918384	0.1804	0.9812262392236785	-0.17430296039818374	-0.0119	0.8302148569760671	1.4779703241739797	-0.0008	0.9543611973423675	1.776187436227187	0.0655	0.99610878400445	1.5866947582839146	0.1076	0.5960418343972453	1.3785794871623795	-0.01275	0.5039139126968961	1.0144025984808793	0.0119	0.6066958084559236	0.7200345433551627	0.0002	0.9800186298931479	1.354687023166762	0.01275	1.007577272760176	1.028245225222175	-0.0119	1.093375287623813	0.7571859074368724	-0.0002
198	3.3	0.7131394768209808	0.8176568716937386	0.0301	0.58064495052639	0.8223765193745808	0.0301	0.5120860835976293	0.3332527473317763	0.0179	0.38814310831211823	-0.15623069226714578	0.023	0.5143278050721063	-0.26727319921640474	0.2179	0.4303809341953769	-0.28452629514666883	0.1804	0.3396083387902946	-0.2300811555999012	-0.0119	0.8114818066321191	0.8323916416564185	-0.0301	0.9863972965566588	0.3935748396733422	-0.0179	1.0183223024327153	-0.10062907167714347	0.023	1.193297311861227	-0.20852510544472225	0.2179	1.2024163243212616	-0.18076525432273252	0.1804	0.9815976037571336	-0.1743033420465427	-0.0119	0.8308268275371721	1.4779723272659349	-0.0008	0.9553651315331171	1.775368591699755	0.0655	0.99732412321101	1.5859635862816173	0.1076	0.5967361463341083	1.3790359903999336	-0.01275	0.5038132224380364	1.0144909374360191	0.0119	0.6056540358137644	0.7194572978430307	0.0002	0.9812830278611446	1.3542847658806338	0.01275	1.008304540441948	1.0273993873120608	-0.0119	1.0948366964117844	0.7576188477538588	-0.0002
199	3.3166666666666664	0.7134123998779335	0.817731265746791	0.0301	0.5809805331301046	0.822409510920075	0.0301	0.5118906454048517	0.3343059151730218	0.0179	0.38807964793576255	-0.1565976736494061	0.023	0.5147078641953966	-0.26732990378717475	0.2179	0.43074840806382597	-0.2845460919335111	0.1804	0.3394310794817542	-0.23044093087802675	-0.0119	0.8115036640945689	0.8316505456514462	-0.0301	0.9864621196767612	0.3933981606470906	-0.0179	1.018449430319817	-0.10120846133705201	0.023	1.1934207690656806	-0.20830866883638155	0.2179	1.2022477754464007	-0.18011115249019977	0.1804	0.982006493557274	-0.17454005868678057	-0.0119	0.8314774796765718	1.4777853029391157	-0.0008	0.9560315877154627	1.775095658824486	0.0655	0.9986600040573573	1.5855903893283696	0.1076	0.5974170927986506	1.3796017564027248	-0.01275	0.5037483788381715	1.014573624337505	0.0119	0.6044353780467872	0.7185657119167567	0.0002	0.982563186901842	1.353820182855746	0.01275	1.0091965160750678	1.0264068013359524	-0.0119	1.0965501685962782	0.75745481121847	-0.0002
200	3.3333333333333335	0.7139160715852475	0.8178635895525197	0.0301	0.5817358486294096	0.8225747790965755	0.0301	0.511675582142072	0.33504764856480923	0.0179	0.3880697434557945	-0.1571361918010462	0.023	0.514899768017957	-0.26772097372303544	0.2179	0.43117279142483356	-0.2847586454476846	0.1804	0.339171159025852	-0.23109432668282723	-0.0119	0.8119104403353966	0.8306143035871408	-0.0301	0.9865051900124364	0.3932462639296636	-0.0179	1.0186531567469856	-0.1015543932127755	0.023	1.1932498475138722	-0.20831646241007462	0.2179	1.2022836653078248	-0.1797389386066404	0.1804	0.9822520331728659	-0.17493936863594275	-0.0119	0.8322685524432112	1.477572025437612	-0.0008	0.9564659919315722	1.7752849463953408	0.0655	0.9998098961058469	1.5855624372350303	0.1076	0.5980467128435399	1.3800932783008306	-0.01275	0.5037619975031874	1.0145929122725472	0.0119	0.6030211929565295	0.7176918863951255	0.0002	0.9837485114026495	1.3534284787229967	0.01275	1.0103476077972473	1.0255202956562353	-0.0119	1.0984027672396572	0.7567942748100647	-0.0002
201	3.35	0.7144703901859875	0.8179437380085318	0.0301	0.582680807192796	0.8229750217795367	0.0301	0.5115556033499975	0.33524618374585163	0.0179	0.3882120565353217	-0.15790059630055053	0.023	0.5150283315917462	-0.26845994865914896	0.2179	0.43172726373949455	-0.28509146841932814	0.1804	0.3388969934209717	-0.23213333464287195	-0.0119	0.8127544546598997	0.8298291526698355	-0.0301	0.9865527968993549	0.3932610543665324	-0.0179	1.0187708344709088	-0.1015006514347372	0.023	1.1928878355776014	-0.20868507573973757	0.2179	1.2024611459698686	-0.17972442995615207	0.1804	0.9821391816434922	-0.1752902625214919	-0.0119	0.8332239168554735	1.4773686454871844	-0.0008	0.9569120707818836	1.775640765480846	0.0655	1.0007592019410434	1.5855262980961893	0.1076	0.5984157243685034	1.380380370027313	-0.01275	0.5039114393967913	1.014536188099047	0.0119	0.6015044684148076	0.7172741906024018	0.0002	0.9847822766787824	1.3531753431442226	0.01275	1.0117368104964777	1.0246997265977948	-0.0119	1.1002582101578071	0.7558791455287028	-0.0002
202	3.3666666666666667	0.7149712682423469	0.8177477198259149	0.0301	0.5836440332341236	0.8231430597878702	0.0301	0.5114763842708766	0.3350418985557235	0.0179	0.388565433783641	-0.15870514282889242	0.023	0.5152078677816583	-0.2693796332164392	0.2179	0.43227939142735755	-0.2854459831538085	0.1804	0.338647392615721	-0.23339356730146882	-0.0119	0.8139764328566782	0.829152656354433	-0.0301	0.9866930886627691	0.3934192991843278	-0.0179	1.0187330409812487	-0.10102639850517672	0.023	1.1924790014963151	-0.20911307386123404	0.2179	1.2028447426284137	-0.17997569221726817	0.1804	0.9816132550553169	-0.1754860498010045	-0.0119	0.834335166813145	1.4770918337894738	-0.0008	0.9575380110276147	1.7761108822372829	0.0655	1.001717687796208	1.5852431411860155	0.1076	0.598350123191839	1.3805495203543459	-0.01275	0.5041898876058362	1.0145224845789838	0.0119	0.60008924164858	0.7174210839964282	0.0002	0.9855818461612177	1.352966549904436	0.01275	1.0131575155198358	1.0239332502211662	-0.0119	1.1019345777238498	0.7548147942569231	-0.0002
203	3.3833333333333333	0.7154183469566877	0.8173344013914315	0.0301	0.584604920903884	0.8228268276979642	0.0301	0.5114192974526094	0.33478125551164417	0.0179	0.3890931957905327	-0.1592783635327842	0.023	0.5155548806297233	-0.27022460925649944	0.2179	0.4327052212020534	-0.2857750643601257	0.1804	0.33847819376605776	-0.23452045807065372	-0.0119	0.815322497920783	0.8284399755735916	-0.0301	0.9869719786386502	0.3935940904081019	-0.0179	1.018592692582062	-0.10035323706759446	0.023	1.1920102824205216	-0.209273494210351	0.2179	1.2033935065916654	-0.18035721913701266	0.1804	0.980850001465224	-0.17558244639628376	-0.0119	0.8354453377739544	1.4766114587058938	-0.0008	0.9583320770212251	1.776548057048558	0.0655	1.0027534252579642	1.5845803523140036	0.1076	0.5979850702857286	1.3806492276017752	-0.01275	0.5045355811043658	1.014591814811793	0.0119	0.5989066138552216	0.717853491336861	0.0002	0.9860376433425403	1.3527780985858575	0.01275	1.0144410423256796	1.0233200790683663	-0.0119	1.103297645439867	0.7536701019359603	-0.0002
204	3.4	0.7158086169201288	0.8171531755537574	0.0301	0.5855184046020021	0.8225473577365765	0.0301	0.5115623710877201	0.33468505429070383	0.0179	0.3896388994045114	-0.1594799756376678	0.023	0.5161573739982223	-0.27076569499558845	0.2179	0.433081216437281	-0.2860560904166294	0.1804	0.3385003684497049	-0.23513590213996882	-0.0119	0.8164030133938605	0.8281787536928575	-0.0301	0.9873598146929713	0.393788590835314	-0.0179	1.0183732982263527	-0.0998867632464299	0.023	1.191332442153739	-0.2093258280916558	0.2179	1.2037577656909557	-0.18082461952294868	0.1804	0.9801341782440846	-0.17565585228891267	-0.0119	0.836232461025564	1.4759063903246012	-0.0008	0.9592742728333085	1.776458374571431	0.0655	1.0037305808220418	1.5833878972930493	0.1076	0.5976857667053801	1.380531100940378	-0.01275	0.504855466212518	1.014572364582968	0.0119	0.5978919679840305	0.7181922254722112	0.0002	0.9862124118554935	1.3527498585344333	0.01275	1.0156222144549465	1.0228628764375594	-0.0119	1.1043101414839842	0.7527250657515575	-0.0002
205	3.4166666666666665	0.7160705410733132	0.8174462849825274	0.0301	0.586207548056929	0.822774109010911	0.0301	0.511992307529497	0.3346916191212054	0.0179	0.389959008125741	-0.1593210706771222	0.023	0.5169249723598848	-0.27093516502751064	0.2179	0.43347945521703357	-0.286308692393229	0.1804	0.33873501802581324	-0.23509741159624578	-0.0119	0.8169199753059552	0.8287461193620156	-0.0301	0.987829465162374	0.39405120581407455	-0.0179	1.0180216409307212	-0.099857529643675	0.023	1.1904154287014055	-0.20956224421472558	0.2179	1.2036046161692244	-0.1813749265992781	0.1804	0.9796406360660902	-0.17573191716219308	-0.0119	0.8365702605000949	1.4751766298471594	-0.0008	0.9603748367322434	1.7756723153010987	0.0655	1.004522977350316	1.5818703083871235	0.1076	0.5977302038569872	1.3800871567004924	-0.01275	0.5050514151669271	1.0143610293655259	0.0119	0.5969058231237461	0.7182245109762705	0.0002	0.9864109542265405	1.3529090945395936	0.01275	1.0168185950747355	1.0224988457287643	-0.0119	1.1050188567419252	0.7522847017148611	-0.0002
206	3.433333333333333	0.7161406014668504	0.8178501067478918	0.0301	0.5865100310651011	0.8231886655131523	0.0301	0.5124587215542673	0.3345862313246158	0.0179	0.3898616171457566	-0.15887562231288588	0.023	0.5176182018093796	-0.2708671776501937	0.2179	0.43382307235037715	-0.28662871968552456	0.1804	0.33903387580260125	-0.2346146247501348	-0.0119	0.8168788873858213	0.8296792996288196	-0.0301	0.9884127044383146	0.3942735780842088	-0.0179	1.0175224474555924	-0.10005015198275992	0.023	1.1894607671925808	-0.20986665412152258	0.2179	1.203021453797334	-0.18197055768089695	0.1804	0.9793526302923119	-0.17584708439629854	-0.0119	0.8367519615791364	1.4747418220867985	-0.0008	0.9615505272832249	1.7747754910166558	0.0655	1.0051116344749427	1.5807393165208108	0.1076	0.5981616439338399	1.3794778700408097	-0.01275	0.5050575241164768	1.014132347396054	0.0119	0.5959375918496083	0.718012925021414	0.0002	0.9869304950084534	1.353022373353861	0.01275	1.0180524110300295	1.0223054240847487	-0.0119	1.1055557820034962	0.7523752470992776	-0.0002
207	3.4499999999999997	0.7160482939853896	0.8179525632014123	0.0301	0.5864190212691124	0.8233249611403111	0.0301	0.5126649144426958	0.3342015473592356	0.0179	0.38935561910158484	-0.15827964867828756	0.023	0.5180869866877119	-0.2707189019638282	0.2179	0.43405158483453776	-0.28705745435590296	0.1804	0.33922355152647454	-0.2340049880523264	-0.0119	0.8165207762902755	0.8303319556556158	-0.0301	0.9891401603197725	0.3943631400817899	-0.0179	1.0169794406416988	-0.10006606140567033	0.023	1.1886893621725725	-0.20997436144096948	0.2179	1.2023706445236604	-0.1825344501677329	0.1804	0.979137760197931	-0.17598457366471573	-0.0119	0.8371397968595603	1.474806867197231	-0.0008	0.9626271525980715	1.7743553518437185	0.0655	1.005523095619075	1.580563493673985	0.1076	0.5988802094787158	1.3790178734505087	-0.01275	0.5048684334525745	1.0141720666422018	0.0119	0.5951201561829952	0.717770759889641	0.0002	0.987796722885384	1.3529369278254617	0.01275	1.0192413372638958	1.0224500457305978	-0.0119	1.106120482177599	0.7529061477155538	-0.0002
208	3.466666666666667	0.7158844110633236	0.817864847240649	0.0301	0.5860119969867218	0.8232760931228869	0.0301	0.5126073947590112	0.33353726624959956	0.0179	0.3886428705497489	-0.15771162583642062	0.023	0.5182938277397737	-0.27046864020452716	0.2179	0.4341753452411182	-0.2875007522919487	0.1804	0.33922918755323134	-0.23342693521635346	-0.0119	0.8160627583440336	0.8307063450476372	-0.0301	0.98992252963984	0.3944754298082746	-0.0179	1.0165870742003735	-0.09976083232642106	0.023	1.1882191923094008	-0.2098597741471836	0.2179	1.2019129515308937	-0.1828975196750739	0.1804	0.9788542350552305	-0.1759688139207547	-0.0119	0.8378023974853988	1.475330174931832	-0.0008	0.9634317493049367	1.7743340255057372	0.0655	1.0058408837551331	1.581290271685584	0.1076	0.5998046128222423	1.3789159622319151	-0.01275	0.5045612400406789	1.0146953244634072	0.0119	0.5945231573083314	0.7176912332657392	0.0002	0.9888223938675098	1.352815922766731	0.01275	1.02031594714629	1.0228937290375797	-0.0119	1.1069348561654508	0.7538642496172857	-0.0002
209	3.4833333333333334	0.7157541781820457	0.8179327447138524	0.0301	0.5854357320268699	0.8232597396059589	0.0301	0.5124385193696755	0.33277633856576333	0.0179	0.3879687677681411	-0.15723917006292995	0.023	0.5181381555574508	-0.27002482337258255	0.2179	0.434134298540437	-0.28787051203474084	0.1804	0.33908032142433053	-0.2329407887800236	-0.0119	0.8156089174120452	0.8310706320695332	-0.0301	0.9905220367086635	0.39483618339606025	-0.0179	1.0165060165649142	-0.09925521053233895	0.023	1.1881997052542645	-0.20956310844239515	0.2179	1.2017650571979768	-0.1828519042617535	0.1804	0.9784418849570501	-0.17566526002750235	-0.0119	0.8386166455623156	1.4760891442273658	-0.0008	0.9639022321388718	1.7744477211685286	0.0655	1.0062414361704128	1.582547285856787	0.1076	0.60091223127788	1.3791994741421616	-0.01275	0.5042770814906116	1.0158127979024345	0.0119	0.59404377379808	0.717904926423058	0.0002	0.989896850459626	1.3528345388655114	0.01275	1.0212819766746388	1.023302766906239	-0.0119	1.1081207446282972	0.7550818989955108	-0.0002
210	3.5	0.7158011653432801	0.8182942842950567	0.0301	0.5849816828150202	0.8231151756083086	0.0301	0.512231507048093	0.33215400182832666	0.0179	0.3874946394568841	-0.15680920412194194	0.023	0.5175369311340733	-0.26949175084174176	0.2179	0.4338510855506933	-0.2881654400746613	0.1804	0.33886308016268096	-0.23266469308726975	-0.0119	0.8152731825398708	0.8313088849508976	-0.0301	0.9906897584269189	0.39543368374664245	-0.0179	1.0167524362060028	-0.09871598491797065	0.023	1.188790265324258	-0.2089911601176987	0.2179	1.2020340737003135	-0.18235700675752953	0.1804	0.977942420606649	-0.17517310365340677	-0.0119	0.839486612334115	1.4768174462429893	-0.0008	0.9641182694005652	1.7748175908403414	0.0655	1.00683265748783	1.5839990637953663	0.1076	0.6021650435314354	1.37975585758007	-0.01275	0.5041649251601468	1.017500103855898	0.0119	0.5936006693148002	0.7184233432401754	0.0002	0.9910778851132866	1.3529260289461436	0.01275	1.0221499385839101	1.0234212435221792	-0.0119	1.109572051831891	0.7561060227042972	-0.0002
211	3.5166666666666666	0.7161562478806242	0.818927754127355	0.0301	0.5849290527194287	0.8227356321086928	0.0301	0.5120484744283081	0.33177705231861393	0.0179	0.38727829314375356	-0.15645162534908258	0.023	0.516698667227045	-0.2690910205822461	0.2179	0.433470721611314	-0.28832973790466354	0.1804	0.33866737480191084	-0.23270130777592427	-0.0119	0.8151989542545174	0.8312867381001683	-0.0301	0.9903445241612604	0.39608989491019037	-0.0179	1.0172018559535048	-0.09832870454580502	0.023	1.189902714805728	-0.20817831922144553	0.2179	1.2027254651427939	-0.18160515014010217	0.1804	0.977411449235591	-0.17464554805425617	-0.0119	0.840307618575221	1.4772944468075735	-0.0008	0.9642096792779119	1.775550644050373	0.0655	1.0074990489907996	1.5853002786894506	0.1076	0.6035130666975409	1.3803386658468233	-0.01275	0.5043167305844825	1.019511443828691	0.0119	0.5932799473375311	0.7191547933718622	0.0002	0.9923865922557447	1.3529585429571773	0.01275	1.0228927525101321	1.0233439222665655	-0.0119	1.111032332757718	0.7565717291046997	-0.0002
212	3.533333333333333	0.7167814320319312	0.8198135034121662	0.0301	0.5853115621997643	0.8225222221433679	0.0301	0.512029008009883	0.33164671850086525	0.0179	0.3873316236408873	-0.15632910534693595	0.023	0.5160484043887493	-0.2688845977339864	0.2179	0.4333051187804117	-0.2882011220106766	0.1804	0.3385869424013302	-0.2329597281000649	-0.0119	0.8153987235138281	0.8313832121666467	-0.0301	0.9896342664792943	0.3967772637295364	-0.0179	1.017652396506382	-0.09827727357688652	0.023	1.1911538996451598	-0.2074962694074356	0.2179	1.2035980987354005	-0.1808672996961044	0.1804	0.976881011865949	-0.1741419829042222	-0.0119	0.8409068788897982	1.4773786803315814	-0.0008	0.9643417937466112	1.7762833630037924	0.0655	1.008042524419497	1.5860967620209927	0.1076	0.6049454352370527	1.3806998265645067	-0.01275	0.5046929378192949	1.0214187817318703	0.0119	0.5931904947311728	0.7200392158329185	0.0002	0.9936914653316018	1.3528625375930328	0.01275	1.0235354220035768	1.0232527718206894	-0.0119	1.1122994221784992	0.7565604599361336	-0.0002
213	3.55	0.7174321672982154	0.8208595578109846	0.0301	0.5859320578574517	0.8228857837760559	0.0301	0.5122163361551269	0.33185491838563286	0.0179	0.3876420651505031	-0.15650161462029447	0.023	0.5157839260901224	-0.2687965034107392	0.2179	0.4334244104680238	-0.28775280597680114	0.1804	0.3386711028632568	-0.23319287049579968	-0.0119	0.8157152479099612	0.8320092063794562	-0.0301	0.9888486372043259	0.39762483078069516	-0.0179	1.0179274093561235	-0.09851915425278471	0.023	1.192224225916311	-0.20719493641771544	0.2179	1.204398680989428	-0.18029829196460126	0.1804	0.9764234663090886	-0.1737606043197957	-0.0119	0.8412535553635837	1.4770533102501968	-0.0008	0.9646868646221926	1.776653038997432	0.0655	1.0084209253130962	1.5863620308517772	0.1076	0.6064128526314445	1.380781997151365	-0.01275	0.5051202335586736	1.0228809352204686	0.0119	0.5933723704373984	0.721050258454139	0.0002	0.9948088188434355	1.3525136224266003	0.01275	1.0241590542588062	1.0232236936469998	-0.0119	1.113296619887972	0.7564612512442664	-0.0002
214	3.5666666666666664	0.7178245005964676	0.8218584719853959	0.0301	0.5865377246992991	0.8236594944784639	0.0301	0.512436927174371	0.3325750442431075	0.0179	0.38812754016461826	-0.15674965159541182	0.023	0.515770033115119	-0.2687753181912635	0.2179	0.43356549235302494	-0.2872638875064482	0.1804	0.33883583173870047	-0.23324277306115077	-0.0119	0.8160047914608302	0.8329719552217574	-0.0301	0.9882532550652898	0.3986207603925117	-0.0179	1.0179816476457444	-0.09874537096534508	0.023	1.1931413884003572	-0.2070410638923443	0.2179	1.2051626104683846	-0.17991293157807725	0.1804	0.9761391995485559	-0.17371769709889118	-0.0119	0.8416069270914802	1.476479640807642	-0.0008	0.96525070729632	1.7767536767233696	0.0655	1.008728229123729	1.5864748433209892	0.1076	0.6077633605150917	1.380664541456911	-0.01275	0.5054713813089542	1.023809413574693	0.0119	0.59389014946083	0.7220791680696702	0.0002	0.995609328288515	1.3517839497538324	0.01275	1.0247802177330632	1.0234093892287273	-0.0119	1.113986651143693	0.7565934012228336	-0.0002
215	3.5833333333333335	0.7178303941545233	0.8226543546458914	0.0301	0.5869661196289828	0.8244599146735687	0.0301	0.5125279159036656	0.3337574043613009	0.0179	0.38864294165329816	-0.1567687110332667	0.023	0.5159152268151413	-0.2687881250869604	0.2179	0.4335726803375351	-0.28705597100889163	0.1804	0.33894483991722174	-0.23315688748196578	-0.0119	0.8162416170462912	0.8338521640774713	-0.0301	0.9879757571118402	0.39951733108369025	-0.0179	1.0178991437697171	-0.09874170691182832	0.023	1.1940134736696772	-0.20691123789401597	0.2179	1.2059752632648637	-0.17979387256156404	0.1804	0.9760819581031026	-0.1741637855276747	-0.0119	0.8422166828915043	1.4759133255244676	-0.0008	0.9658623559697296	1.7767287055934113	0.0655	1.0090024714004493	1.5866607831348323	0.1076	0.6088668248759574	1.3804213690402716	-0.01275	0.5058279453351335	1.0242312548241657	0.0119	0.5948242454035968	0.7228761968272547	0.0002	0.9960659172433652	1.350794572020718	0.01275	1.0253960678176777	1.0240151614593573	-0.0119	1.1143696415512692	0.7570232067963886	-0.0002
216	3.6	0.7175111979047049	0.8231899760035668	0.0301	0.5871607258089412	0.825211951490167	0.0301	0.5125479454819016	0.3349887664699534	0.0179	0.38904023592839987	-0.15646639504135362	0.023	0.5162929451450529	-0.26877867620611723	0.2179	0.4335941930264939	-0.28713193015711086	0.1804	0.33897978410424534	-0.23303601710443833	-0.0119	0.8164240359395998	0.8346224245727941	-0.0301	0.9879936935814093	0.40007252487136485	-0.0179	1.0178295904660295	-0.09860352566969308	0.023	1.1946674780873368	-0.2072076109798511	0.2179	1.2066140215956747	-0.18013887033434703	0.1804	0.9762352983162043	-0.17496798900276592	-0.0119	0.8429563858733874	1.4754962940907597	-0.0008	0.9664090367542622	1.7764316293378675	0.0655	1.0092227898472659	1.5866097083680923	0.1076	0.6096859557510874	1.380115257218099	-0.01275	0.5063543715267995	1.0241274426564413	0.0119	0.5961434526592896	0.7231458468998805	0.0002	0.9962660313259907	1.3499156206244096	0.01275	1.0260739881826013	1.024997845411183	-0.0119	1.114580193641923	0.7576279948870682	-0.0002
217	3.6166666666666667	0.7170392775822144	0.8234074765447857	0.0301	0.5871254048110401	0.8259048857225237	0.0301	0.5126133428508471	0.3358456257147448	0.0179	0.38919308849193834	-0.15594129967498507	0.023	0.5168286158008185	-0.2686852395875006	0.2179	0.433712126014067	-0.2872468934598315	0.1804	0.33900598024201783	-0.23287726487116026	-0.0119	0.8165492888123527	0.8353817924659087	-0.0301	0.988187074937262	0.4002710283230132	-0.0179	1.017941156471075	-0.09845617688254883	0.023	1.1948945198725538	-0.20809053490565724	0.2179	1.2068295587988573	-0.1809166029916885	0.1804	0.9765146471510036	-0.17580237550720293	-0.0119	0.843494469468496	1.4751881602444907	-0.0008	0.9669623600582353	1.7758353704729994	0.0655	1.0094468370425698	1.5859752696192218	0.1076	0.6102074090026017	1.3798037444304192	-0.01275	0.5070988036598032	1.0235077743443066	0.0119	0.5977000435524523	0.7228096524393574	0.0002	0.9963768405884076	1.3494136147646547	0.01275	1.0268246785004707	1.0260997028416514	-0.0119	1.1147898042187903	0.7582019522084736	-0.0002
218	3.6333333333333333	0.7166275084102113	0.82335383173825	0.0301	0.5869550347423697	0.8263094957591597	0.0301	0.5126703601949426	0.33629871911775894	0.0179	0.3890381512147993	-0.15532737880044395	0.023	0.517230360469318	-0.2684775011809788	0.2179	0.4337459724869473	-0.2872521818467965	0.1804	0.33898735004708747	-0.23264507764342365	-0.0119	0.8166839790457873	0.8359254427920565	-0.0301	0.9884491329331864	0.4002624236908728	-0.0179	1.0183337215173431	-0.09820981184917213	0.023	1.1948555216139813	-0.20893376710751685	0.2179	1.2067846628429255	-0.1817209634332666	0.1804	0.9768261302240928	-0.17643141120335024	-0.0119	0.8437629357980269	1.4748977455580214	-0.0008	0.9676541462900853	1.7752653804611958	0.0655	1.009789653048801	1.5849584857463799	0.1076	0.6104764535513688	1.3795106458788076	-0.01275	0.5079856457964733	1.0225659152752717	0.0119	0.5993526350851	0.7221141342251568	0.0002	0.9965430550522144	1.3492324167904777	0.01275	1.0275074808478974	1.0271619270466577	-0.0119	1.1150196283175553	0.7585252528972461	-0.0002
219	3.65	0.7164370327346691	0.8233496409794607	0.0301	0.5867882085503214	0.8264432479958898	0.0301	0.5126090717930172	0.3365872676347666	0.0179	0.3886543849525089	-0.1548199626577107	0.023	0.5173998110327216	-0.2682102932185027	0.2179	0.43360021545580923	-0.2871765038863173	0.1804	0.3387977723596807	-0.2323838931081339	-0.0119	0.8168906553439322	0.8361288401838498	-0.0301	0.9887644338195233	0.40022636988269644	-0.0179	1.0189586709459688	-0.09779042280788847	0.023	1.194824805569109	-0.20916635343318982	0.2179	1.2067781097032027	-0.18220711274512888	0.1804	0.9771562746745068	-0.17683631664307967	-0.0119	0.8439981407236605	1.4745871990717496	-0.0008	0.9685307801125662	1.7748866357187212	0.0655	1.0102974737163646	1.5839853557578727	0.1076	0.6106492595907683	1.3791987531723942	-0.01275	0.5088748219859696	1.02152390004508	0.0119	0.6010179702680719	0.7213527767047765	0.0002	0.9967839639563142	1.3491825537769597	0.01275	1.027966812636303	1.028055971915893	-0.0119	1.115216403642408	0.7585034329270718	-0.0002
220	3.6666666666666665	0.7164838577547102	0.8237948958573309	0.0301	0.5866338236088642	0.8268775891387925	0.0301	0.512486291148422	0.33683636705842096	0.0179	0.3882621651039582	-0.15465615961878051	0.023	0.5176010807309613	-0.2679903267432206	0.2179	0.4334727640185674	-0.2870627648846335	0.1804	0.3384246496332365	-0.23217519147632673	-0.0119	0.8171085261164525	0.8363168114696993	-0.0301	0.9891457373315419	0.40035202575647577	-0.0179	1.0196519475841725	-0.09734831454947795	0.023	1.194765023054034	-0.2090325540250048	0.2179	1.2067915996666732	-0.18244796119668968	0.1804	0.9775345940020519	-0.17708411950257774	-0.0119	0.8443959648257178	1.474234583617427	-0.0008	0.969538561437731	1.7744355237171061	0.0655	1.0109504521782469	1.5831258323131627	0.1076	0.6108422768576837	1.3787958748271847	-0.01275	0.5096311383732047	1.0203337294367183	0.0119	0.6026200726591204	0.7206477498824169	0.0002	0.9970349403475514	1.349162707159477	0.01275	1.0281825037890029	1.028427906283649	-0.0119	1.115429896974586	0.7582682012127596	-0.0002
221	3.683333333333333	0.7166575929680208	0.8247653074097953	0.0301	0.5864069673068256	0.8280110566843096	0.0301	0.5124297754020201	0.33697189951323847	0.0179	0.38809637546022846	-0.15485938326816062	0.023	0.5180126438253853	-0.2678965687738403	0.2179	0.43352053782366307	-0.28694706808114145	0.1804	0.337988580199361	-0.2320775974806542	-0.0119	0.81722087501423	0.8367651135515672	-0.0301	0.9895516893828399	0.4007146790886347	-0.0179	1.02023183386294	-0.09701961277091976	0.023	1.1945704959711698	-0.208912192898874	0.2179	1.206750123434219	-0.18262744315855062	0.1804	0.9779160435596573	-0.17718321819619118	-0.0119	0.8449838048860918	1.4737689178444267	-0.0008	0.9705561931418268	1.7737973359653285	0.0655	1.0117392668301934	1.582263413880853	0.1076	0.6109763675904853	1.3783254108859055	-0.01275	0.5102464312861379	1.0188662963100252	0.0119	0.6040891400257998	0.7201005157662913	0.0002	0.9972559770402892	1.3491366204551571	0.01275	1.0282066037787334	1.027977672325866	-0.0119	1.1157450902128367	0.7580056907141395	-0.0002
222	3.6999999999999997	0.7168736161125164	0.8259731769536602	0.0301	0.5861515050119798	0.8294475271282481	0.0301	0.5124130473638068	0.33686165762392367	0.0179	0.38823567257404246	-0.15516138291062084	0.023	0.5184277053644889	-0.2680161872425789	0.2179	0.4336360196674125	-0.2869047787885531	0.1804	0.33757489044023076	-0.23210295717902363	-0.0119	0.8171970576170373	0.837279770710383	-0.0301	0.989941908323673	0.4010880729300435	-0.0179	1.0205996784989546	-0.09675071273580042	0.023	1.1944033371409537	-0.2085942540856511	0.2179	1.206870447281785	-0.18265394818928918	0.1804	0.978197696014942	-0.17712706007631557	-0.0119	0.8457035257935148	1.4731557551480523	-0.0008	0.971424959169943	1.7733525128531311	0.0655	1.0125955557789759	1.5815025649650196	0.1076	0.6109059012790139	1.3779351989144741	-0.01275	0.5108411093225	1.0173469053560005	0.0119	0.6054182228551515	0.7198892862103671	0.0002	0.9974141995439845	1.349103746728022	0.01275	1.0280239807662654	1.0268969833561474	-0.0119	1.1161347332605593	0.757707611193339	-0.0002
223	3.716666666666667	0.717134867325904	0.8271175851179368	0.0301	0.5860148391059231	0.8306062698121578	0.0301	0.5123215505932506	0.33641999429353403	0.0179	0.388556570260263	-0.1553159564275888	0.023	0.518615005564188	-0.2684241263614167	0.2179	0.43374949510380484	-0.28694553181504684	0.1804	0.3372148543486901	-0.23218773834248752	-0.0119	0.8171096233319978	0.8376998260785237	-0.0301	0.9903554341602392	0.401106206681759	-0.0179	1.0207798055270034	-0.09651829137006056	0.023	1.1943784840507599	-0.20792896464140453	0.2179	1.207292102624621	-0.18241797805405502	0.1804	0.9783437649115886	-0.17700699743100615	-0.0119	0.8463759225664904	1.4725402378280918	-0.0008	0.9720055507992162	1.7733549254246288	0.0655	1.013288655792664	1.5810287643423213	0.1076	0.6106787435630471	1.3777096014936694	-0.01275	0.5115191946850247	1.0162295817516431	0.0119	0.6066269241403061	0.7201220967836608	0.0002	0.997422257514498	1.3491669944322053	0.01275	1.027648766621505	1.0256477140907891	-0.0119	1.1165501121211006	0.7572419754496349	-0.0002
224	3.7333333333333334	0.7173783649942445	0.828055696403733	0.0301	0.586016233540051	0.8314292689125794	0.0301	0.5121489003407987	0.33569269874514257	0.0179	0.3888576213227872	-0.1553066822477309	0.023	0.5186736448305772	-0.26904659597141006	0.2179	0.43402161251385224	-0.2869502250476927	0.1804	0.3369696464275709	-0.23222703448265508	-0.0119	0.8170438674572423	0.8383080515236132	-0.0301	0.9908320208344931	0.40068857753009335	-0.0179	1.0208266540886424	-0.09647997159948135	0.023	1.1942675334793473	-0.20744993469681813	0.2179	1.207702410276166	-0.18217365035625022	0.1804	0.9783860872908029	-0.17697410820042195	-0.0119	0.8467213074348854	1.4721700749424662	-0.0008	0.9722373590522274	1.7735109420528303	0.0655	1.0135664396978223	1.580867762042696	0.1076	0.6105237877450829	1.3775637948632564	-0.01275	0.512287437112111	1.0157376781719345	0.0119	0.607679181550526	0.7207661279185966	0.0002	0.9972097045127549	1.3494368058772699	0.01275	1.0272890726232322	1.0245080223576284	-0.0119	1.1170477381918862	0.7566313340060686	-0.0002
225	3.75	0.7174488268044713	0.8286240524706393	0.0301	0.5860478894702333	0.8319790309057064	0.0301	0.511914292611069	0.3348921420547367	0.0179	0.3889581860440295	-0.1551970058134633	0.023	0.5187445847100077	-0.2697206558454844	0.2179	0.43449286145918803	-0.2868092002369651	0.1804	0.33688103357589777	-0.23215082448926538	-0.0119	0.8170024410232549	0.8392453027725558	-0.0301	0.9912862149132619	0.40012244455763774	-0.0179	1.0207511284412936	-0.0967714317111088	0.023	1.1938989080017155	-0.20759256965658382	0.2179	1.2077585111869653	-0.18224700393683632	0.1804	0.978322863143481	-0.1770890286918527	-0.0119	0.846620769473556	1.47219881851666	-0.0008	0.9721277751341063	1.7736051527449097	0.0655	1.0133947598241886	1.5810589373114072	0.1076	0.6105927903241902	1.3774080853523396	-0.01275	0.513065218999	1.0157974018004798	0.0119	0.6085432549047886	0.7216813381471415	0.0002	0.9968506516829221	1.3498213850967458	0.01275	1.0271761510889055	1.023656013145896	-0.0119	1.1176329811786485	0.7560838641519151	-0.0002
226	3.7666666666666666	0.7173433238418329	0.8286103885677445	0.0301	0.5861117297166604	0.8319963425341363	0.0301	0.5115096582198821	0.3342488376576133	0.0179	0.38875839198185597	-0.15499302732302203	0.023	0.5186522220509091	-0.2703608708038948	0.2179	0.43484375067068154	-0.2865749804928796	0.1804	0.33689592768984944	-0.23197935611950346	-0.0119	0.8169325510466006	0.840093051128319	-0.0301	0.9915542403784128	0.39966244875718077	-0.0179	1.0205796097193158	-0.09730172290405352	0.023	1.1935112964871502	-0.20800125710854697	0.2179	1.2075979981828722	-0.18255426110622133	0.1804	0.9781155912500721	-0.1772467728852891	-0.0119	0.8462895450532446	1.4726400550093495	-0.0008	0.9716949805462253	1.7739166131774113	0.0655	1.0129628814544533	1.5817442825001167	0.1076	0.6108995886676698	1.377294244159283	-0.01275	0.5137380991109304	1.0162673572367935	0.0119	0.6093253459161223	0.7226290893959805	0.0002	0.9965445195485525	1.3501065075067404	0.01275	1.0273095053612318	1.0233392968236346	-0.0119	1.1180744808448617	0.7557380253293763	-0.0002
227	3.783333333333333	0.7173010098281258	0.8280563620262705	0.0301	0.5863839107487628	0.8314266013455653	0.0301	0.5109206746256711	0.33382022941306183	0.0179	0.3883677878299749	-0.15470081906627098	0.023	0.5182217792866785	-0.27091080367122505	0.2179	0.4347930842887181	-0.2863955176817893	0.1804	0.33692904623605163	-0.23180811700206408	-0.0119	0.8168820321174498	0.840552637878941	-0.0301	0.9915671737804339	0.39925212074008126	-0.0179	1.020376512398427	-0.09785949078404088	0.023	1.1933863643161986	-0.20823480341992048	0.2179	1.207520907242437	-0.18274978144372095	0.1804	0.9777527382708074	-0.17723944080411094	-0.0119	0.846048897491042	1.4733876664017793	-0.0008	0.9710126092313872	1.7745835624826891	0.0655	1.0124774590738446	1.5828362088913677	0.1076	0.6114375243491946	1.3772705410232704	-0.01275	0.5142441488577462	1.0170118023061105	0.0119	0.6102381403203679	0.7233892337442289	0.0002	0.996442124536674	1.3502535628131684	0.01275	1.0275418927167852	1.0235893677645695	-0.0119	1.1180819434285743	0.7555716273131399	-0.0002
228	3.8	0.7175420992539823	0.8273360269531004	0.0301	0.5869862743344092	0.8307810106405819	0.0301	0.5104495239783207	0.3335335387277346	0.0179	0.3880687481903568	-0.15438085248028385	0.023	0.5176870629944341	-0.27126324428844384	0.2179	0.43449232540994037	-0.286341315820177	0.1804	0.3369533433530285	-0.23172603606302963	-0.0119	0.8169999359723114	0.8408948646181305	-0.0301	0.9914060573160198	0.3987382909050045	-0.0179	1.020208368217944	-0.09833281376678792	0.023	1.1934957806250106	-0.2084300267045686	0.2179	1.207501744118988	-0.18265332496814876	0.1804	0.9772932796199411	-0.17691268920895564	-0.0119	0.8460092097272016	1.4742070274973962	-0.0008	0.9702984539395313	1.775191980097035	0.0655	1.0120340109336223	1.5839298264534172	0.1076	0.6120934776526938	1.3772498318488906	-0.01275	0.5145832031573823	1.0178237783895419	0.0119	0.6114200523831658	0.723924416537562	0.0002	0.9965309124773506	1.3504042308132693	0.01275	1.0277418140779369	1.0240636031912362	-0.0119	1.1176328672510392	0.7556055497615008	-0.0002
229	3.8166666666666664	0.7180712189659633	0.8267461229244901	0.0301	0.587806405634275	0.8304352207472568	0.0301	0.510377820596979	0.33339127768933513	0.0179	0.388003179674117	-0.15410260914697252	0.023	0.5174071866559353	-0.27136772770651707	0.2179	0.43426143894907393	-0.2864231705402188	0.1804	0.33695357877890764	-0.23178807402936363	-0.0119	0.8173456097279113	0.841244687418268	-0.0301	0.9911887342187137	0.39812120767645004	-0.0179	1.0201554697118438	-0.09869952477754383	0.023	1.1937419392302988	-0.208768522306294	0.2179	1.207448826052392	-0.18229685684127708	0.1804	0.976879765186245	-0.1763153935400308	-0.0119	0.8461352096605421	1.4748560045691932	-0.0008	0.9698376857977188	1.7753968836773382	0.0655	1.0116808048106853	1.584723203221014	0.1076	0.6125864422197251	1.3771909652807706	-0.01275	0.5147469458658642	1.01846564429621	0.0119	0.6128399901298683	0.7243543419876743	0.0002	0.9967202176309181	1.350568537390262	0.01275	1.02776110661702	1.0243825511650042	-0.0119	1.116963599048521	0.7558965028082806	-0.0002
230	3.8333333333333335	0.7187700012267132	0.8261947176619453	0.0301	0.5885777501640227	0.8300904867667375	0.0301	0.5105829602427583	0.33350302155777506	0.0179	0.3880095343674938	-0.1538834252005402	0.023	0.5174127610676417	-0.27129786075885853	0.2179	0.43419240792322217	-0.2866706400191458	0.1804	0.3368619156509682	-0.23201070419157124	-0.0119	0.8178529871345412	0.8411014777079989	-0.0301	0.9910107056945491	0.3974279564383363	-0.0179	1.0202730653518315	-0.09891218687771051	0.023	1.194172353544534	-0.20897818523037065	0.2179	1.2075373440610524	-0.1817395063397735	0.1804	0.9766859895875986	-0.17569094022414602	-0.0119	0.8464283983922964	1.475265140258373	-0.0008	0.9697960156391677	1.7754006991903204	0.0655	1.0114653820498043	1.5852228114333908	0.1076	0.612726260653817	1.3772240599837842	-0.01275	0.5147257551933228	1.018813442481882	0.0119	0.6143511488003346	0.724802630178598	0.0002	0.9969989213903336	1.3505195814959057	0.01275	1.0274585280031001	1.0244054395746556	-0.0119	1.1162441247041406	0.7562753903969122	-0.0002
231	3.85	0.7194653753301308	0.8254991962352288	0.0301	0.5890539547643517	0.8294718372613121	0.0301	0.510805947840536	0.3339127891781626	0.0179	0.3878370477922186	-0.15373604183855002	0.023	0.5174889772297665	-0.27114685555791274	0.2179	0.4342747120439473	-0.2870253652292089	0.1804	0.33664864123341376	-0.23230946075387818	-0.0119	0.8184168788788527	0.8401305858166759	-0.0301	0.9909644283810817	0.3965896745940063	-0.0179	1.0205000119949406	-0.09901388836114264	0.023	1.1947263488149629	-0.20882438081095203	0.2179	1.2078307671138993	-0.1810410718211338	0.1804	0.9768295961294733	-0.17526809638473773	-0.0119	0.8468182851954235	1.4755128263401256	-0.0008	0.9701334794970263	1.7754242252712653	0.0655	1.0113738916445711	1.5854720935994067	0.1076	0.612565022192298	1.377456036360144	-0.01275	0.5145631005328757	1.018865952142163	0.0119	0.6157526748110359	0.7252827828723046	0.0002	0.9974244299350373	1.3501016681966713	0.01275	1.026864228463035	1.0241659608504998	-0.0119	1.1154315706130127	0.7564006458357192	-0.0002
232	3.8666666666666667	0.7199122533419945	0.8247688166979451	0.0301	0.5891293738567688	0.8288931050441228	0.0301	0.511062829588636	0.33451078824133756	0.0179	0.3874009528479308	-0.15376296378075843	0.023	0.517484844529319	-0.2709472729252287	0.2179	0.4345906477848538	-0.28727861012519784	0.1804	0.33642389493667485	-0.23251174837233066	-0.0119	0.8189220509559167	0.8387565276609404	-0.0301	0.9910930388834424	0.3956367748332063	-0.0179	1.0206954309600444	-0.09921137492537124	0.023	1.1950987271264877	-0.20856434755026051	0.2179	1.207953039326826	-0.1803712399353354	0.1804	0.9772845941666078	-0.17510092066681118	-0.0119	0.8471130300939355	1.4756761409526788	-0.0008	0.9706818572545862	1.7752686931240946	0.0655	1.0113841049712298	1.585404007435143	0.1076	0.6122247455325148	1.3777808539058818	-0.01275	0.514338014703078	1.018647975986656	0.0119	0.6168329965524494	0.7257281855997971	0.0002	0.9979604762555718	1.349470051872494	0.01275	1.0261707127284576	1.0237673761479567	-0.0119	1.1145111366925353	0.75608920555248	-0.0002
233	3.8833333333333333	0.7199506430265429	0.8241900842898611	0.0301	0.588900060236694	0.828516151231625	0.0301	0.5114755550351199	0.3351204305771609	0.0179	0.386842954302219	-0.15402563027179902	0.023	0.5173183072534174	-0.2706765260667463	0.2179	0.43507856482708707	-0.28724526271833317	0.1804	0.3363605783176138	-0.23247376431006625	-0.0119	0.8193183724926785	0.8374123181266907	-0.0301	0.9913533087929831	0.39476292522776996	-0.0179	1.0207910466757777	-0.0995809374915255	0.023	1.1951742395475033	-0.20843466541203476	0.2179	1.207594711057483	-0.17993421147028457	0.1804	0.9778603004046442	-0.17517979481250628	-0.0119	0.8472757922117927	1.4757841921377004	-0.0008	0.9712665835119331	1.774863847052156	0.0655	1.0116277795639017	1.5850571588666502	0.1076	0.6117802006254394	1.3779544639533359	-0.01275	0.5141560696346383	1.018220914369414	0.0119	0.6174887758179582	0.7261256295937443	0.0002	0.9984741750839107	1.3488668768220677	0.01275	1.0254765491172102	1.0234234566796419	-0.0119	1.1136580491497918	0.7554699360251133	-0.0002
234	3.9	0.7196704288266278	0.8237098370096394	0.0301	0.5886068392431582	0.8279340807563924	0.0301	0.5119500421012283	0.33562719178799466	0.0179	0.38641239625514423	-0.1543500190179678	0.023	0.5168511865050517	-0.270294569043987	0.2179	0.43536366998390663	-0.28690030242770515	0.1804	0.33652429233108017	-0.23213603193791874	-0.0119	0.8196444537284983	0.8359745117697873	-0.0301	0.9916604342131495	0.39408323743942575	-0.0179	1.0208449423803772	-0.09991505815306016	0.023	1.1952449704124868	-0.2081655576611057	0.2179	1.207024442668146	-0.17972972760091357	0.1804	0.9783620309164804	-0.1755373192793741	-0.0119	0.8475340665561479	1.4758573893135687	-0.0008	0.9717613015437468	1.774627917777899	0.0655	1.0122996019854782	1.5846762659738611	0.1076	0.6113086859528971	1.3778333460934171	-0.01275	0.5141610216488796	1.0177290500770444	0.0119	0.6178087489419678	0.7264940833992146	0.0002	0.9989030492015225	1.3483747360759457	0.01275	1.0246831986090434	1.0234401929456844	-0.0119	1.1130210131381835	0.7548233809213206	-0.0002
235	3.9166666666666665	0.7192504272057958	0.8232383579158982	0.0301	0.5884047427105518	0.8270674612194917	0.0301	0.5123131237777745	0.3360002720472014	0.0179	0.3862438327743357	-0.1545091965168479	0.023	0.5160045777245562	-0.2698164355503106	0.2179	0.43506128391589416	-0.2863131175991585	0.1804	0.33683664392830015	-0.23152531037200033	-0.0119	0.819914435542695	0.8344589238050444	-0.0301	0.9919583317297838	0.3935776747807254	-0.0179	1.0209088744694244	-0.10005815632865289	0.023	1.1954161205908775	-0.20754327380025495	0.2179	1.2066190645521315	-0.17960030303727267	0.1804	0.9787693890235836	-0.17611145235784334	-0.0119	0.8480527422257775	1.4759283816055393	-0.0008	0.9721049513514204	1.7747766842921653	0.0655	1.0133139787097838	1.5844825850835151	0.1076	0.610905067915737	1.3774884886992058	-0.01275	0.5144622243705934	1.017296435556041	0.0119	0.6179717898380189	0.7267120273008679	0.0002	0.9992433233086778	1.3480572837013287	0.01275	1.023766776733644	1.0238897347517149	-0.0119	1.1125769992234724	0.7542658339995604	-0.0002
236	3.933333333333333	0.7187416034462031	0.8228744580899775	0.0301	0.5881995035421881	0.8265456318239289	0.0301	0.5125347519316208	0.336216609728554	0.0179	0.38628216978975355	-0.15452728694800852	0.023	0.5149372050142127	-0.2693296038657377	0.2179	0.4341122279506443	-0.2856173745493254	0.1804	0.3371990496638982	-0.2308161640400259	-0.0119	0.820078541955627	0.8334697558879005	-0.0301	0.9922382872732577	0.39328552652327264	-0.0179	1.0209247127507284	-0.10011992854212115	0.023	1.1952412429387582	-0.20693566788233594	0.2179	1.2062175610614385	-0.1795016246415351	0.1804	0.9791190065255393	-0.17669040728750576	-0.0119	0.8486949816010808	1.476038995503795	-0.0008	0.9722824428915704	1.7748519366105717	0.0655	1.0142690259430696	1.5845140653081222	0.1076	0.61065293776697	1.3770914777433207	-0.01275	0.5150360223968442	1.0169372835547927	0.0119	0.6180777848488863	0.7265217260989638	0.0002	0.9994288859510723	1.3480449250949864	0.01275	1.0229914760368433	1.0243847393271497	-0.0119	1.112264992690381	0.7536762705479597	-0.0002
237	3.9499999999999997	0.7181990190608077	0.8227274763637245	0.0301	0.5878314632082595	0.8267824073238812	0.0301	0.5126104907099827	0.33631751359699524	0.0179	0.3864558596421151	-0.1545958406923323	0.023	0.5139657433704787	-0.26896005311254656	0.2179	0.4327501395445367	-0.2850692904146127	0.1804	0.33759652611206725	-0.23031689444132109	-0.0119	0.8201040826733369	0.8334566570542321	-0.0301	0.9924910572984926	0.39334679033335423	-0.0179	1.0208053126526349	-0.10020585074021734	0.023	1.1943664918640124	-0.2067455261352811	0.2179	1.2055245195419502	-0.17952386134651035	0.1804	0.9792715104914143	-0.1771137634093367	-0.0119	0.8492336460402949	1.4762276798632015	-0.0008	0.972266446447584	1.7744407084712872	0.0655	1.0148579691028827	1.584794832439643	0.1076	0.6106370715338912	1.3767809922972143	-0.01275	0.5157073401451618	1.0166743020502982	0.0119	0.6181121599217233	0.725786716900794	0.0002	0.9993916352838005	1.3482825668405347	0.01275	1.022664599260292	1.0244849108317344	-0.0119	1.112000014001365	0.7529476463935802	-0.0002
238	3.966666666666667	0.7178796819597183	0.8227781467474666	0.0301	0.5873776600545304	0.8274926134801127	0.0301	0.5124720307498059	0.33649675378330574	0.0179	0.38681719805420195	-0.1548241978577935	0.023	0.5133780960608181	-0.2688605375019162	0.2179	0.4313054685276129	-0.2849449473737474	0.1804	0.338088454689805	-0.23025906380816563	-0.0119	0.8200315875623662	0.83416891353598	-0.0301	0.9927154129887349	0.39382799363390175	-0.0179	1.020516313708274	-0.10024240713005077	0.023	1.1930944933726428	-0.20686477161427674	0.2179	1.2048087735310078	-0.1797354666857975	0.1804	0.9790134330617742	-0.17736854599797455	-0.0119	0.8496049934142155	1.476489932990213	-0.0008	0.972047161150589	1.7738226314774554	0.0655	1.01507527910484	1.5854222415711967	0.1076	0.6109310520213912	1.3766104525100447	-0.01275	0.5162538557322968	1.0166019069201229	0.0119	0.6180697468903668	0.7246827916405906	0.0002	0.999139247868405	1.3484291963882291	0.01275	1.0228013820995525	1.0241853320834937	-0.0119	1.1115802806977932	0.7521212336490134	-0.0002
239	3.9833333333333334	0.7180636266312439	0.823025282377228	0.0301	0.5870916698327869	0.8284271775212968	0.0301	0.5121925927313353	0.3368897227101558	0.0179	0.38744880028648837	-0.1551997564911715	0.023	0.5133869759174121	-0.2691055073980219	0.2179	0.4301706910998863	-0.285304490427224	0.1804	0.33872865605712005	-0.23061779074004438	-0.0119	0.8199379978415549	0.835227296635306	-0.0301	0.9929597725208098	0.39461995996771326	-0.0179	1.020096699867066	-0.100199842366652	0.023	1.1919599688890214	-0.20706041749266635	0.2179	1.204563491412514	-0.1801125013294357	0.1804	0.9783672929394157	-0.1774340168394818	-0.0119	0.8498200237883501	1.4767585704904493	-0.0008	0.9717198919739131	1.7734012185700017	0.0655	1.0149959340400012	1.5862550159942188	0.1076	0.6115244399412427	1.3765744255076642	-0.01275	0.5165677305740815	1.0166886183640638	0.0119	0.618030878285447	0.7235524489856848	0.0002	0.9987284004688275	1.3482215237194057	0.01275	1.0231573336417137	1.0237262122741304	-0.0119	1.1108380516129626	0.7513048144511583	-0.0002
240	4.0	0.718713216205498	0.8235501045582821	0.0301	0.5870558693561907	0.8298270787186247	0.0301	0.512064360845742	0.3373562013138443	0.0179	0.388295752472711	-0.15561378955667923	0.023	0.5140854731870778	-0.2695306958313414	0.2179	0.4297670674943687	-0.2859519638755538	0.1804	0.3394776484492874	-0.23117479280901504	-0.0119	0.8198466959927874	0.8365994857337327	-0.0301	0.9932302035556974	0.3955190406414375	-0.0179	1.0196948335821667	-0.1002239462018445	0.023	1.1912042541753045	-0.20734332466220265	0.2179	1.2047870391157602	-0.18049678961488647	0.1804	0.9776375395761773	-0.17721479897198364	-0.0119	0.8497975259198564	1.4769261419916186	-0.0008	0.9714616444484447	1.7731005768402381	0.0655	1.014711463807382	1.586808336868526	0.1076	0.6122954190020662	1.3766751373825252	-0.01275	0.5166604167759582	1.0166944508718263	0.0119	0.6180722903807159	0.7226297194559127	0.0002	0.9982566905108448	1.347794674378472	0.01275	1.0234592519135985	1.0231840118099431	-0.0119	1.1098571553532635	0.7506230950461679	-0.0002
241	4.016666666666667	0.7194764945068961	0.8243000815073647	0.0301	0.587135372921124	0.8317169579640936	0.0301	0.5122572080990244	0.3376553599815192	0.0179	0.3891264177580203	-0.15586842433130663	0.023	0.5152815272436404	-0.2698332328821496	0.2179	0.4302275871867156	-0.2866688633720545	0.1804	0.34014056369575596	-0.23171437041412613	-0.0119	0.8196836540859953	0.8381121696363352	-0.0301	0.9933859093459109	0.3962927933751635	-0.0179	1.019500555330137	-0.10039584974659355	0.023	1.1908993168029478	-0.20760796626250783	0.2179	1.2051352063897016	-0.18062717569215747	0.1804	0.977147799833833	-0.17669602846449278	-0.0119	0.849502594994187	1.4768893442378042	-0.0008	0.9714450043732594	1.7727979194238248	0.0655	1.0144926510530374	1.5867752533698245	0.1076	0.6130381437874762	1.3768914957366731	-0.01275	0.5165345358789178	1.0164552308698291	0.0119	0.6181829417075062	0.722005285172765	0.0002	0.9978157859733775	1.347431631089135	0.01275	1.02354144190394	1.0225448346750061	-0.0119	1.1088935596082505	0.7501404721516306	-0.0002
242	4.033333333333333	0.7200231264081961	0.8249455771122741	0.0301	0.5872517991106626	0.8333908288262604	0.0301	0.5125348232345691	0.3376658815787682	0.0179	0.38964233492250167	-0.15582559346608432	0.023	0.516512900992377	-0.269886725361033	0.2179	0.431254838025154	-0.28736967765206706	0.1804	0.3404237771516358	-0.23211113436759165	-0.0119	0.8193676000784155	0.839098316679683	-0.0301	0.9932373301115265	0.3966818966282129	-0.0179	1.0196054590871622	-0.1005334471026025	0.023	1.1911035457386225	-0.207469928756391	0.2179	1.2054559289177649	-0.18035018123180793	0.1804	0.9770251987672853	-0.1760435063143427	-0.0119	0.8491492385189496	1.4766254404138424	-0.0008	0.9717367251550185	1.7727248636864643	0.0655	1.0146640205327313	1.5863962943199603	0.1076	0.6135020548692341	1.377134651506015	-0.01275	0.5161863622917651	1.0160949604896	0.0119	0.6182671183507448	0.7217324275963236	0.0002	0.9974040373704327	1.347177161680127	0.01275	1.0233618321558686	1.0219230314977945	-0.0119	1.1081394098932507	0.7497283942152699	-0.0002
243	4.05	0.7202648246290946	0.8251229454602325	0.0301	0.5874348909445489	0.8341105310093199	0.0301	0.5125319673060903	0.3373258857425576	0.0179	0.3896748005305559	-0.15559375447953597	0.023	0.5173867290180741	-0.2698242951347255	0.2179	0.4325016216754629	-0.2879638543996485	0.1804	0.3401929177869926	-0.23227029487007303	-0.0119	0.8189561323361625	0.8390162699755832	-0.0301	0.9927523245289317	0.39651725640399343	-0.0179	1.019974137729295	-0.10043772283621152	0.023	1.1916686792917794	-0.20686148374080388	0.2179	1.205681683766121	-0.17980663601373909	0.1804	0.9772416435355733	-0.17546741070876168	-0.0119	0.848981565186551	1.4762087343924064	-0.0008	0.9721748167805662	1.7730166041706017	0.0655	1.0152574037591	1.5860883182655787	0.1076	0.6135471762905168	1.3773070092888924	-0.01275	0.5156995115685544	1.0158363111305966	0.0119	0.6182001598813953	0.7217847736557227	0.0002	0.9969329401071644	1.346944914289006	0.01275	1.0229807067092422	1.021445760082722	-0.0119	1.1076668205070683	0.749203950757452	-0.0002
244	4.066666666666666	0.7202580208421356	0.8247589735124325	0.0301	0.5876427878039928	0.8338327144512215	0.0301	0.5121917423388215	0.3365968119500421	0.0179	0.38928728297382903	-0.15544417707162853	0.023	0.51779257156588	-0.26980071034211156	0.2179	0.43378250994689266	-0.2882210675966987	0.1804	0.3396715241740784	-0.23211198362938837	-0.0119	0.8186433878502547	0.838067647257751	-0.0301	0.992140638391715	0.39592012029053025	-0.0179	1.0204882023298314	-0.10020302365963042	0.023	1.192227781371689	-0.20632939423106922	0.2179	1.2055536701366412	-0.17934766781968947	0.1804	0.9777321474800498	-0.17506622910708702	-0.0119	0.8489536162811617	1.4757459653608673	-0.0008	0.9724620270194777	1.773367295414348	0.0655	1.0160031137649184	1.5859789835857183	0.1076	0.613314824708877	1.3773538877881077	-0.01275	0.5152468163741419	1.0157454594014563	0.0119	0.6179404962987417	0.7219976310438339	0.0002	0.9963409991067751	1.346766457905654	0.01275	1.0225385240963552	1.0210593535403847	-0.0119	1.1074796984894637	0.7486301809250059	-0.0002
245	4.083333333333333	0.7200358193409196	0.8240077673838503	0.0301	0.5877274900107959	0.8328439068470513	0.0301	0.5117144660104005	0.3355847384009977	0.0179	0.3886724295571052	-0.15546883704724254	0.023	0.5177609863236493	-0.26978720935731004	0.2179	0.4348472998834733	-0.28792696891076974	0.1804	0.33924537934640714	-0.23165091495312828	-0.0119	0.8186196453008949	0.8368063181648341	-0.0301	0.9917043225858532	0.3952964972451776	-0.0179	1.0209744187417014	-0.10002345571659277	0.023	1.1925596379485661	-0.20631247635497424	0.2179	1.2050007032728185	-0.1792174233191782	0.1804	0.9783912905249491	-0.17489473065076017	-0.0119	0.8489024340379061	1.4753247861565821	-0.0008	0.9724667132046534	1.7734942165343364	0.0655	1.0166615571394346	1.5859806000170686	0.1076	0.6130981203603023	1.3772802289043267	-0.01275	0.514987000220592	1.015779761731855	0.0119	0.6175642012578441	0.7221984698197493	0.0002	0.9957202955187789	1.346678872451916	0.01275	1.022151569173141	1.020618184691317	-0.0119	1.1074746830573632	0.7481865075318737	-0.0002
246	4.1	0.7196327249329975	0.8229988071425821	0.0301	0.5875728839772026	0.8312164107309994	0.0301	0.5112597780488338	0.33453591946246247	0.0179	0.38805496778268933	-0.15547210950150692	0.023	0.5173802977686629	-0.2696477714703699	0.2179	0.4353792356664853	-0.28715926605846753	0.1804	0.33908186938934554	-0.2310367606101037	-0.0119	0.8189624973969972	0.8354730373321825	-0.0301	0.9916088097211875	0.395014023931751	-0.0179	1.0212463319114296	-0.09988160097640272	0.023	1.192765731741753	-0.20654196859779822	0.2179	1.2044617640208592	-0.17934084785994875	0.1804	0.9790469507148171	-0.17503413029458473	-0.0119	0.8488301489647925	1.474952862373957	-0.0008	0.972296161445123	1.7735278064961955	0.0655	1.0171616773800218	1.586068997821723	0.1076	0.6130788737582943	1.3771898813079753	-0.01275	0.5149514189403305	1.015965785969602	0.0119	0.6171477454760897	0.7223427223108899	0.0002	0.9952850737701531	1.3465953459329691	0.01275	1.0217996404363854	1.0201132977690668	-0.0119	1.1074474423103415	0.7478108444529711	-0.0002
247	4.116666666666666	0.7191747951302638	0.8218777962374626	0.0301	0.5871911111788504	0.8291090071902332	0.0301	0.5109402306100866	0.33365550684241085	0.0179	0.38768641202601817	-0.15529554271908227	0.023	0.5169265065673886	-0.26934143665817323	0.2179	0.43531667886970893	-0.28628725899652474	0.1804	0.33906531642607035	-0.23050740225095234	-0.0119	0.8195945673368648	0.8341869024035162	-0.0301	0.9918393922780002	0.395098069899702	-0.0179	1.0211796749777746	-0.09971690000887334	0.023	1.192982795407527	-0.2066070461306582	0.2179	1.204351032969281	-0.17949476922551816	0.1804	0.9795401554657767	-0.17545934580561887	-0.0119	0.8487543261307823	1.4745625201866301	-0.0008	0.9720904395491963	1.7736170387536399	0.0655	1.0174569488981884	1.5862522126297014	0.1076	0.6132890139582945	1.3772397280518094	-0.01275	0.5150542397018621	1.0163241881096048	0.0119	0.6166324020646127	0.7224781652336778	0.0002	0.9951724460532313	1.3465245742684622	0.01275	1.0214458623097094	1.0196923838518863	-0.0119	1.1072240001440545	0.7473516857728892	-0.0002
248	4.133333333333333	0.7188362694322855	0.820884045113241	0.0301	0.5866995028701691	0.8270180715087768	0.0301	0.5109138776235109	0.3329965967381312	0.0179	0.3877323799779217	-0.1550264078272623	0.023	0.516793912544436	-0.2689627104102126	0.2179	0.4349080795272028	-0.2856352657111966	0.1804	0.33904941586136217	-0.23026065921381206	-0.0119	0.8203257779288854	0.8332906402160878	-0.0301	0.9922914667966048	0.3952835270671166	-0.0179	1.0207917921472494	-0.09963382203851266	0.023	1.1931356685283516	-0.20660713866784627	0.2179	1.2045333497668798	-0.1795820246588128	0.1804	0.9798025015315471	-0.176002389830383	-0.0119	0.8485307808464498	1.474143744277063	-0.0008	0.9718820472557662	1.7735957301378793	0.0655	1.0174323279319055	1.5863917122190216	0.1076	0.6136584841529988	1.3774338789729021	-0.01275	0.5151698973721484	1.0166681007062246	0.0119	0.6158206022782267	0.7226313681763347	0.0002	0.9953194172998061	1.3467084809508922	0.01275	1.0211773896986833	1.0195060143665986	-0.0119	1.1067682079517367	0.7469697860235841	-0.0002
249	4.15	0.7187509698674841	0.8200536137585763	0.0301	0.5862529095891629	0.8251457488594324	0.0301	0.5111959926046886	0.33254298855293235	0.0179	0.3881023518691953	-0.15476641177770487	0.023	0.5171610921546161	-0.2686530909543364	0.2179	0.4344562225347345	-0.28527050483049227	0.1804	0.3389518786130929	-0.23033933661504297	-0.0119	0.8209896755102112	0.8328045929803315	-0.0301	0.9928134373942306	0.39529278545017466	-0.0179	1.0202760028269036	-0.09969577622970219	0.023	1.1931600047072173	-0.20671158733262024	0.2179	1.204696455398646	-0.17959601260045022	0.1804	0.9798379998255731	-0.1765601670379945	-0.0119	0.8480642672602763	1.4737498076969986	-0.0008	0.9716390139181676	1.7734178885347267	0.0655	1.0169964230585222	1.5863004471169926	0.1076	0.6140173890329315	1.3775421145648574	-0.01275	0.5151957621876067	1.0167123085039536	0.0119	0.6145805598696843	0.7227253050061051	0.0002	0.9955283568468416	1.347279209684868	0.01275	1.0210310440468682	1.0196239248903847	-0.0119	1.1062178983304283	0.7469440200589732	-0.0002
250	4.166666666666667	0.7189646576658699	0.8190882737280281	0.0301	0.5859931746928541	0.823104134594529	0.0301	0.5114718624081002	0.3322951995480071	0.0179	0.388492053108065	-0.15443543808283616	0.023	0.517864493499958	-0.26851938332861675	0.2179	0.4341976000148698	-0.28513289077555193	0.1804	0.33867549251265144	-0.23068165708301794	-0.0119	0.8215148566036395	0.8320817526654187	-0.0301	0.9932438711686576	0.39501018505584207	-0.0179	1.0199063681258256	-0.09979065329704263	0.023	1.1932666153491132	-0.20664141367261124	0.2179	1.2048648641482698	-0.17948993042594022	0.1804	0.9796850661309346	-0.17717731431193234	-0.0119	0.847526458175883	1.4733783038930992	-0.0008	0.9713540572058629	1.7734564733400051	0.0655	1.0162041976081466	1.5859751744235766	0.1076	0.6142298724537814	1.377335596831717	-0.01275	0.5151527321971918	1.0163668022963128	0.0119	0.613040582640531	0.722625606035045	0.0002	0.9956064051345317	1.3479835782158816	0.01275	1.0208549305099457	1.020021574900174	-0.0119	1.105824495453758	0.7471649220748672	-0.0002
251	4.183333333333334	0.7194130438473133	0.8178176768123399	0.0301	0.5860195415602799	0.8207749726188531	0.0301	0.5113724459743159	0.33220920889374356	0.0179	0.3886543524403851	-0.15397430821025937	0.023	0.5185789384323215	-0.26855133570976825	0.2179	0.43427184368433713	-0.2851086809830463	0.1804	0.3382255233864549	-0.2311793753790208	-0.0119	0.8218569072094758	0.8307235129192885	-0.0301	0.9934923792020172	0.3944926174152419	-0.0179	1.019832536257315	-0.09983854664518721	0.023	1.1936598922397643	-0.2061857539965037	0.2179	1.2051547240363083	-0.1792887022306688	0.1804	0.9793869413864302	-0.17784220688024122	-0.0119	0.8471571287231228	1.4730623720732159	-0.0008	0.9710403478156301	1.7738961237971587	0.0655	1.015215101875957	1.5855729769043436	0.1076	0.6143542693641935	1.3767868238268568	-0.01275	0.515168835857129	1.0157804745596184	0.0119	0.6114646766785761	0.7223068212255469	0.0002	0.995465358702923	1.3484986317224728	0.01275	1.0205311587806698	1.0205550878995324	-0.0119	1.1057662990449635	0.7473122784539425	-0.0002
252	4.2	0.7199753944530995	0.8165429333741139	0.0301	0.5863770666767412	0.8188273179344963	0.0301	0.5109013856467224	0.3321968125890023	0.0179	0.38859404903329453	-0.1535224201296119	0.023	0.518972940068016	-0.26863458998959794	0.2179	0.434576945310424	-0.2849765772560053	0.1804	0.33780504068396544	-0.23162616229275426	-0.0119	0.8219581022442521	0.8293071730102674	-0.0301	0.9935580619834992	0.3939408896140184	-0.0179	1.0199842363636402	-0.09989871739430493	0.023	1.194151725434972	-0.20567337437523167	0.2179	1.205354916487956	-0.17916209495714724	0.1804	0.9790030138163719	-0.17836238368383556	-0.0119	0.8469829001391365	1.4730060531993676	-0.0008	0.9707169540608657	1.7743030867485439	0.0655	1.0142069948253705	1.585279215495744	0.1076	0.614494943728375	1.3759809336831912	-0.01275	0.5152639106896119	1.0152001270666864	0.0119	0.6099905981261579	0.7218824361769144	0.0002	0.9951487473346424	1.3487735124066005	0.01275	1.0201739441095803	1.0209580366211772	-0.0119	1.1060089511258375	0.7473996357529629	-0.0002
253	4.216666666666667	0.7205397380926204	0.8156969756070385	0.0301	0.5870679282861385	0.8178971184337169	0.0301	0.5103503191193856	0.33225348400434856	0.0179	0.3884419775719711	-0.1532328159521086	0.023	0.5187973842131477	-0.26869409679307166	0.2179	0.4347940265235477	-0.28459687764721	0.1804	0.3376006630214251	-0.23183172959771584	-0.0119	0.8218026887121406	0.8286221453424174	-0.0301	0.9934574274235721	0.3935769327338037	-0.0179	1.0202120293496144	-0.09999494036176844	0.023	1.1943955091300422	-0.20540354075877798	0.2179	1.2052039038640208	-0.1792273079066528	0.1804	0.9786710272620739	-0.17853754633401564	-0.0119	0.8469495969495082	1.4733899899578837	-0.0008	0.9704931635503601	1.7742983342107017	0.0655	1.0134127531114416	1.5853118247332807	0.1076	0.6145310677614971	1.3750198538313398	-0.01275	0.5152769370571703	1.0148544294107595	0.0119	0.6086393790787814	0.7214384361850613	0.0002	0.9947781734368107	1.3488570250198344	0.01275	1.0199688882952636	1.0209950102757657	-0.0119	1.1064127286626837	0.7476185322069967	-0.0002
254	4.233333333333333	0.7209702626722966	0.8153544835095214	0.0301	0.5880395943061147	0.8178522086015143	0.0301	0.5098895428004234	0.33243177297784793	0.0179	0.3882427157801678	-0.15312998665462835	0.023	0.5180589072048941	-0.2687389640548173	0.2179	0.4347185976646798	-0.2840942947019342	0.1804	0.33762224311683575	-0.23183266963772695	-0.0119	0.8214356551102925	0.8286980932614407	-0.0301	0.9932169066068599	0.3934389327667028	-0.0179	1.0204377642611373	-0.10002648334679322	0.023	1.1943440111651473	-0.20517851298031925	0.2179	1.2048538216377231	-0.17941207522471414	0.1804	0.9785527184188584	-0.17836024815989224	-0.0119	0.8471129366362752	1.4740960195695265	-0.0008	0.970550443673723	1.7741097780662118	0.0655	1.0130887954248462	1.5857961808293932	0.1076	0.6141988787779026	1.3740844696663321	-0.01275	0.5150614663669604	1.0148469647332985	0.0119	0.6075062586332809	0.7209649859145789	0.0002	0.9944345363910634	1.3486983839720879	0.01275	1.0199327662825521	1.0206926333173232	-0.0119	1.106917504729229	0.7478485887255942	-0.0002
255	4.25	0.721100997781716	0.8152897428240697	0.0301	0.589118605595698	0.8182382473895797	0.0301	0.5095193922034588	0.3326619437388513	0.0179	0.38802809684770445	-0.15324017381161112	0.023	0.5171189339383478	-0.2687496756276254	0.2179	0.4344503742080241	-0.2836520903202197	0.1804	0.33783237616081424	-0.23178631414434236	-0.0119	0.8209000095080344	0.8290445960159559	-0.0301	0.9929445539396322	0.39338024159580054	-0.0179	1.0205921905851123	-0.09994711916671674	0.023	1.1941658177080863	-0.2048176604862563	0.2179	1.2046141017153444	-0.17956612527983745	0.1804	0.9786795067567422	-0.17796111764512704	-0.0119	0.8474408208269634	1.4748004827918668	-0.0008	0.970945846504759	1.7739972254408263	0.0655	1.0133010878103346	1.5865111275645818	0.1076	0.613411185660089	1.3734138222283951	-0.01275	0.5146141039676746	1.0151417175413644	0.0119	0.6067465238744835	0.7204857173620602	0.0002	0.9941030788202593	1.348341285857859	0.01275	1.019969199795293	1.0202625831590164	-0.0119	1.1074844121727945	0.7478188898334874	-0.0002
256	4.266666666666667	0.7208174912677245	0.8153571876469835	0.0301	0.5899978021887956	0.8188398972371408	0.0301	0.5093108214079999	0.3327544644083993	0.0179	0.3879464389828902	-0.15363987729127057	0.023	0.5164668587907032	-0.268656276948742	0.2179	0.43420684252063413	-0.283327005681531	0.1804	0.33825143014839876	-0.23171904621426867	-0.0119	0.820193166455478	0.8293175648803942	-0.0301	0.9927876592278918	0.39332387700021587	-0.0179	1.0205535389026517	-0.09986178366126812	0.023	1.1938672696540098	-0.204567175166261	0.2179	1.2044518580985222	-0.1796225683279971	0.1804	0.978940915254559	-0.1774566691978077	-0.0119	0.8476865671367331	1.4752889490434826	-0.0008	0.9715207610688698	1.7737549425082457	0.0655	1.013820433039161	1.5870498820102585	0.1076	0.6123474119490748	1.3731734048379138	-0.01275	0.5140228987536487	1.015665710702827	0.0119	0.6063887091627094	0.7201492709872016	0.0002	0.9937615823841731	1.3480148139334327	0.01275	1.020032659463578	1.0198245971876962	-0.0119	1.1079366344009018	0.7475799278667037	-0.0002
257	4.283333333333333	0.720118227675862	0.8155500435409883	0.0301	0.5903704550545792	0.8194647037037046	0.0301	0.5093736926137452	0.3326615240819212	0.0179	0.3880741165259269	-0.15427690444902234	0.023	0.516335443492466	-0.2684579994080755	0.2179	0.43411494123705147	-0.2831713074518441	0.1804	0.33879648965038517	-0.23159955287728776	-0.0119	0.8193195171796325	0.8293292766663918	-0.0301	0.9927983907425004	0.39338742222260287	-0.0179	1.020255429677529	-0.0998322792799672	0.023	1.1933382351950748	-0.20462308994183512	0.2179	1.2042143324069543	-0.1795966330425156	0.1804	0.9792248449039179	-0.17696249526740926	-0.0119	0.8476981271181875	1.4755453569113797	-0.0008	0.9720257066432656	1.773246256387966	0.0655	1.0143219672807429	1.5873154142313333	0.1076	0.6112768775745995	1.3734359171771682	-0.01275	0.5134076203755076	1.0163603445144838	0.0119	0.6062853480999463	0.7200970178681299	0.0002	0.9934481849054819	1.3478066585223645	0.01275	1.020068860416715	1.0194186992375414	-0.0119	1.1080389676554634	0.7473947956922667	-0.0002
258	4.3	0.7191323630852396	0.8158162400518274	0.0301	0.5901139979499511	0.819761001905635	0.0301	0.5096253875503108	0.33259071764547093	0.0179	0.38823746397398223	-0.15491565870054735	0.023	0.5165971074803832	-0.2682373104995829	0.2179	0.4341953814146661	-0.2832997887282948	0.1804	0.33915755358417166	-0.23156085624881573	-0.0119	0.8183973912061352	0.8289277031416098	-0.0301	0.9929156813043131	0.393666293938343	-0.0179	1.0197472546800819	-0.09976319598288129	0.023	1.1926627717491143	-0.20477593191143942	0.2179	1.2040839362933076	-0.17950519179611643	0.1804	0.9794995633106377	-0.1766056748322721	-0.0119	0.8476474405231954	1.4756350302761634	-0.0008	0.9722810769748641	1.7728390094224131	0.0655	1.0146288637317402	1.587582497051138	0.1076	0.610396784111702	1.3741600460853076	-0.01275	0.5128639585989906	1.0171070478175601	0.0119	0.6062497051577145	0.7202626188913155	0.0002	0.9931781937284704	1.3475267300092715	0.01275	1.0199557360549532	1.0191509860214372	-0.0119	1.1077370896348324	0.7472625443922485	-0.0002
259	4.316666666666666	0.7181117784640323	0.816081616011473	0.0301	0.5893885182618731	0.8196801683626381	0.0301	0.5098636984993258	0.33274432507375545	0.0179	0.3882300751617956	-0.1553744949893753	0.023	0.5170100816538007	-0.2680331639821835	0.2179	0.4344017646918993	-0.2837423895290595	0.1804	0.339070010141968	-0.23179705173952853	-0.0119	0.8177044777620702	0.8283309810187897	-0.0301	0.9930508608480376	0.3940504500407378	-0.0179	1.0191634361209743	-0.09959071421045419	0.023	1.1920725407871675	-0.20490035052959046	0.2179	1.2043108404170046	-0.17945356056230305	0.1804	0.9797327471867251	-0.1764019885282658	-0.0119	0.8477345039525371	1.4756566724476898	-0.0008	0.9722505553813816	1.7728442290800324	0.0655	1.0147367820727928	1.5880289357530357	0.1076	0.609792543238359	1.3750473414092161	-0.01275	0.512397333788816	1.0176368632554236	0.0119	0.6061730497288034	0.7204091079250714	0.0002	0.9929006436652476	1.347061266465036	0.01275	1.019684264275099	1.019087738879758	-0.0119	1.107220874578031	0.7469572753172459	-0.0002
260	4.333333333333333	0.7173366973656613	0.8163532041090594	0.0301	0.5885815747757203	0.8196362506535055	0.0301	0.5100448364565309	0.33312035593595074	0.0179	0.38806505203694985	-0.15566446543007262	0.023	0.5174388377398832	-0.26782474576314036	0.2179	0.4346491694911008	-0.28434912357738196	0.1804	0.33861715282102783	-0.2322939067073724	-0.0119	0.8175365634482387	0.8281616944248084	-0.0301	0.9931347598555212	0.3943955942195913	-0.0179	1.0186952312217186	-0.09940441173921657	0.023	1.1917043552189905	-0.2052810948808167	0.2179	1.2047779864182904	-0.1796731489919084	0.1804	0.9798189781414677	-0.17627493818607742	-0.0119	0.8478259578549893	1.4757346497683268	-0.0008	0.9720535537135824	1.7730431325229141	0.0655	1.014737571168221	1.5884954541995464	0.1076	0.6094457724061237	1.3756316625748561	-0.01275	0.51192714232304	1.0176178059584247	0.0119	0.6060026112419719	0.7203671052374881	0.0002	0.9926333599577173	1.3465609303787502	0.01275	1.0194427782863287	1.0190925436891485	-0.0119	1.1067269772000687	0.7464919679230404	-0.0002
261	4.35	0.7169380657610749	0.8165987208291962	0.0301	0.5880482634265809	0.8197789791746954	0.0301	0.5102181008739428	0.3336066526004529	0.0179	0.387847582783789	-0.15583639067274027	0.023	0.5178451072062672	-0.2676511560147758	0.2179	0.4348359455393661	-0.284886826658826	0.1804	0.3380724885804908	-0.23284400099094626	-0.0119	0.8179276987449623	0.8286477528822146	-0.0301	0.993115321579831	0.39469758609588057	-0.0179	1.0184941142629387	-0.09928921401738641	0.023	1.1916404950127744	-0.20604356185883496	0.2179	1.2052895198770308	-0.18024802143543206	0.1804	0.9796885053462187	-0.17625501863812945	-0.0119	0.8476636468282309	1.4759154702660888	-0.0008	0.9719098526963829	1.7732070310149535	0.0655	1.0147765177861066	1.5887668610298722	0.1076	0.6092713413405826	1.3756968181746387	-0.01275	0.511366417631723	1.016907223902584	0.0119	0.6056822989323797	0.7201706363438645	0.0002	0.9924823920558253	1.346167832210922	0.01275	1.0193424936430533	1.0189366838642335	-0.0119	1.1063837614619558	0.7461086333848318	-0.0002
262	4.366666666666666	0.7168514094354813	0.8166654113908633	0.0301	0.5878642382183857	0.8196707912526792	0.0301	0.5102633789162824	0.33401935738785443	0.0179	0.38758272887446643	-0.1558615249127356	0.023	0.5181944150869785	-0.2676103339939431	0.2179	0.43487625527484475	-0.2852121020943767	0.1804	0.3376063742282336	-0.2332359674711546	-0.0119	0.8185915941607518	0.8291829556300736	-0.0301	0.9929639354977586	0.3949269736369424	-0.0179	1.018565931376965	-0.09922111906882819	0.023	1.1920432695149639	-0.2067464537902197	0.2179	1.2059551477980086	-0.18091150804297415	0.1804	0.9794102368561485	-0.1764827600058685	-0.0119	0.8472692897336297	1.4760642408699274	-0.0008	0.9719681244437389	1.773573403643318	0.0655	1.0149146458569411	1.5887861986323297	0.1076	0.6092147082889505	1.3754503263271105	-0.01275	0.510726649590282	1.0157109509438433	0.0119	0.6051961806098024	0.7199677224068366	0.0002	0.9924541467034035	1.3458612793175933	0.01275	1.019235898165993	1.0185759479594838	-0.0119	1.1062188445707188	0.7458444092827291	-0.0002
263	4.383333333333333	0.7169606363833445	0.8164838567870268	0.0301	0.5879317751071043	0.8190927479074319	0.0301	0.5100483336609443	0.33407368602546117	0.0179	0.3872896979238804	-0.155730684475384	0.023	0.5184221886136273	-0.2677101496341632	0.2179	0.43478408603487056	-0.28535086402735854	0.1804	0.3372790376151187	-0.23331328212695734	-0.0119	0.8191984197517453	0.8291631289622894	-0.0301	0.9926838554986	0.3949117858494065	-0.0179	1.018799098227403	-0.0991876521282619	0.023	1.1929516799955613	-0.2070036786231375	0.2179	1.2068626335464907	-0.18127939677966956	0.1804	0.9790868479753843	-0.17695539285042064	-0.0119	0.8468466826392496	1.4759690601002782	-0.0008	0.972181005832158	1.7743254307195477	0.0655	1.0150084331259122	1.5885044761087925	0.1076	0.609300372024635	1.3752036558104548	-0.01275	0.5101701522870771	1.0144747967980856	0.0119	0.6046523000207522	0.7198557533128898	0.0002	0.9924649094465968	1.3456285520222706	0.01275	1.019000857340635	1.0181912549586871	-0.0119	1.1061215911805813	0.7455412952416539	-0.0002
264	4.4	0.7172035056234544	0.8162167927356008	0.0301	0.5881953348114877	0.8185183268763182	0.0301	0.5097280359354787	0.3336229188865365	0.0179	0.38710995071195026	-0.1555629460972722	0.023	0.5184750842098	-0.2678384875500307	0.2179	0.43466512725453055	-0.28538615673938256	0.1804	0.337110013788866	-0.23300413416874255	-0.0119	0.8195710149378145	0.8287300258101566	-0.0301	0.9922726789766859	0.39459875263409405	-0.0179	1.0190947394043999	-0.0992354320815763	0.023	1.1939935782114217	-0.2070618809531751	0.2179	1.2077075701206004	-0.18125016462331717	0.1804	0.9787325066160069	-0.17742178365120467	-0.0119	0.8465004744712976	1.4755861578620195	-0.0008	0.9723736491770902	1.7750974663199752	0.0655	1.01491908503484	1.58785985817449	0.1076	0.6095067157668687	1.3750676666859047	-0.01275	0.5099058094281957	1.0135804338470638	0.0119	0.6042454723736848	0.7198289337369304	0.0002	0.9925465552824316	1.3454799136698998	0.01275	1.0187501794891793	1.0179259805273373	-0.0119	1.1058632098314087	0.7452314181589592	-0.0002
265	4.416666666666667	0.7175402456367708	0.8160592335717816	0.0301	0.588581594331531	0.8183959912480788	0.0301	0.5095386827273224	0.33291793761057376	0.0179	0.38713712997129546	-0.15545435883083994	0.023	0.51833066266878	-0.26790969388881675	0.2179	0.4345576401506749	-0.2853216787365576	0.1804	0.3370211647527096	-0.23243643760230528	-0.0119	0.8196128107026914	0.8282728128610855	-0.0301	0.9917142582797067	0.3942241236017879	-0.0179	1.0194266471338618	-0.09933720524538166	0.023	1.1946529328648612	-0.2072652429211377	0.2179	1.2081447527228717	-0.18102016564440013	0.1804	0.9783256580202687	-0.17761320572875064	-0.0119	0.8462734207701882	1.4751010724633078	-0.0008	0.9723735968953069	1.7754833137442887	0.0655	1.01477311693096	1.5870569032484092	0.1076	0.6096471537658602	1.375007722867757	-0.01275	0.5099988676393074	1.0131504580173467	0.0119	0.6041423181277926	0.7198472894098963	0.0002	0.9928113614250954	1.3452649335145253	0.01275	1.01856600431809	1.0177647149634161	-0.0119	1.1053329344793363	0.745113173393128	-0.0002
266	4.433333333333334	0.7179253753146608	0.815956321510867	0.0301	0.5889381316610326	0.8185511089676506	0.0301	0.5094692829911532	0.33238608926226526	0.0179	0.3872959966463815	-0.15527019339984802	0.023	0.5179628014710494	-0.26792329301224843	0.2179	0.4343741778102675	-0.28510116890183224	0.1804	0.33686754573420974	-0.2319320410231617	-0.0119	0.8192755813001832	0.8278210484969235	-0.0301	0.9910895188144613	0.3940059936389341	-0.0179	1.019769137400151	-0.09937502942997202	0.023	1.1948278104530614	-0.20743977870196267	0.2179	1.208252298268836	-0.18075057967264055	0.1804	0.9778712494055323	-0.17749472457865614	-0.0119	0.8462099960309091	1.4747526283967294	-0.0008	0.972093607411335	1.7755485916333633	0.0655	1.0147941880960607	1.5865188695385066	0.1076	0.6094987656861829	1.375000640094237	-0.01275	0.5103450153090954	1.013098965085494	0.0119	0.6043848779339469	0.7198907614775866	0.0002	0.9932071726193449	1.3447739767709272	0.01275	1.018336687563534	1.0176788593329353	-0.0119	1.1046628854093083	0.745238243331488	-0.0002
267	4.45	0.718363145237005	0.8156734422113856	0.0301	0.5891909397559948	0.8186167075559955	0.0301	0.5093995227507909	0.3321731195298347	0.0179	0.38747760168326484	-0.1548174675677571	0.023	0.5173872975270591	-0.2678523837014897	0.2179	0.4340204546115927	-0.28465198453703383	0.1804	0.336631472975089	-0.23173398162595363	-0.0119	0.8187134004661617	0.8273036289062422	-0.0301	0.990633848045793	0.39381256291463657	-0.0179	1.0200598239130987	-0.09930974450550342	0.023	1.1948023604046598	-0.20738333240666182	0.2179	1.2082954466449214	-0.18049750515324062	0.1804	0.977380026680381	-0.1772037782780209	-0.0119	0.8462447403546498	1.4746543898003075	-0.0008	0.9715613267819552	1.7754572695957387	0.0655	1.0149607153733802	1.5863674511311832	0.1076	0.6090533050967062	1.3750263265163492	-0.01275	0.5108059789436428	1.0132150586721673	0.0119	0.6048329380712267	0.7199214829768567	0.0002	0.9934779418157719	1.3440840341117504	0.01275	1.0180067659771599	1.017664584069839	-0.0119	1.10402479025284	0.7455515057276859	-0.0002
268	4.466666666666667	0.718874202782479	0.8151101049844317	0.0301	0.5894191960177537	0.818529668220665	0.0301	0.5093203165970762	0.3320839082481162	0.0179	0.3876867656055915	-0.15415990506437766	0.023	0.5167107168708293	-0.26761589661450574	0.2179	0.4334643330234964	-0.2839520027174375	0.1804	0.33646484680663025	-0.23175295137263022	-0.0119	0.8182927600943276	0.8269038079578608	-0.0301	0.9905801519934441	0.39334432213964093	-0.0179	1.0202328447828053	-0.09922107971527976	0.023	1.1947758781495192	-0.20746340303274544	0.2179	1.2082448945903623	-0.1804061646085873	0.1804	0.9768727455362449	-0.1768596684311423	-0.0119	0.8462067389329476	1.474738592565714	-0.0008	0.9709195903802464	1.7751385520104377	0.0655	1.0150477935865254	1.5862507488302195	0.1076	0.6085662115681251	1.3750157504276983	-0.01275	0.511259117103906	1.0132638805060028	0.0119	0.6052543180708687	0.7198573729132135	0.0002	0.993402963586217	1.3435739800631454	0.01275	1.017683935418166	1.0176330134181852	-0.0119	1.103462003164247	0.7460386912573768	-0.0002
269	4.483333333333333	0.71935330409049	0.814369564378656	0.0301	0.5896968205741769	0.8183291244245733	0.0301	0.5092179453283048	0.33192861794680073	0.0179	0.38797455724956365	-0.1535518388057885	0.023	0.5160249886887821	-0.26721111005824616	0.2179	0.4326638533162545	-0.2831629656696631	0.1804	0.33650337991671786	-0.23168830821408215	-0.0119	0.8182738338912974	0.8267889358545494	-0.0301	0.9909612861833554	0.39252238270121215	-0.0179	1.020217790199769	-0.09913488858268604	0.023	1.1947627858412628	-0.20809161187187572	0.2179	1.2079228534068376	-0.18063873616798834	0.1804	0.9763998238089054	-0.17657463067788925	-0.0119	0.8460371750810707	1.4748307011841368	-0.0008	0.9703979386395338	1.7747030765778786	0.0655	1.0149671958572029	1.585838036012451	0.1076	0.6083182532549659	1.374949174701216	-0.01275	0.5115550321054864	1.0131860757866098	0.0119	0.6055176171658302	0.7196566805842645	0.0002	0.9929722844144225	1.3435165091543873	0.01275	1.017405340229067	1.0174691301324865	-0.0119	1.1029996574183805	0.7465483523059522	-0.0002
270	4.5	0.7196079356391089	0.8136358246854007	0.0301	0.5899286756371541	0.8179522409247438	0.0301	0.5089862275557605	0.33170330634663414	0.0179	0.3882570200057016	-0.15317479244960922	0.023	0.5153426638667624	-0.26676158354860774	0.2179	0.4315868201450145	-0.2825530320090826	0.1804	0.33676255451941584	-0.2313497823306229	-0.0119	0.8185580444292408	0.8268069817586338	-0.0301	0.9915831277197609	0.3915120242975113	-0.0179	1.0199730974956513	-0.09896871448779224	0.023	1.1947948140901277	-0.2090423396850543	0.2179	1.207396820205318	-0.1811334757632515	0.1804	0.9760586195349554	-0.1764753875583549	-0.0119	0.8458955866641216	1.4747950655052466	-0.0008	0.9701784201587296	1.7746075437116207	0.0655	1.0148607262949398	1.5851612835324156	0.1076	0.608387784959869	1.37494774862367	-0.01275	0.5115810943398723	1.013146718155402	0.0119	0.6056359392384196	0.7194217444130151	0.0002	0.9923383042627377	1.3438290143028777	0.01275	1.0170654456679684	1.0172229534486117	-0.0119	1.102725971880104	0.7467478710137392	-0.0002
271	4.516666666666667	0.7195372237325744	0.813229122829841	0.0301	0.5899157296410774	0.8175578980764037	0.0301	0.508603139983112	0.3314442321051644	0.0179	0.38834821382736995	-0.1530795474620526	0.023	0.5146606096099762	-0.2664321362217577	0.2179	0.4303862501481602	-0.2822441687610167	0.1804	0.33720164597650043	-0.23078628018633177	-0.0119	0.8188281992344951	0.8268706588786877	-0.0301	0.9921456866529786	0.3905614435804883	-0.0179	1.0195706921225849	-0.09872279045507147	0.023	1.1948821210747276	-0.20983699161475491	0.2179	1.206823819166189	-0.18165019440693378	0.1804	0.9759829276396115	-0.17654552323934203	-0.0119	0.8459104127787503	1.4746300660677163	-0.0008	0.9702275250216579	1.7749648463652408	0.0655	1.0148654464065368	1.5843804695165582	0.1076	0.6086988636175691	1.3751380370579473	-0.01275	0.5114167961504031	1.013314841266308	0.0119	0.6056738350796109	0.7193836152267958	0.0002	0.9917346266287269	1.3442827493213527	0.01275	1.01666667836251	1.0170591081546199	-0.0119	1.102678340917337	0.7464918365049081	-0.0002
272	4.533333333333333	0.719130293012864	0.8135686482936834	0.0301	0.5895302177669172	0.8176458147197708	0.0301	0.5081980776939605	0.33115826726000974	0.0179	0.388189693632805	-0.15322302885343791	0.023	0.5139753334230489	-0.2663892459585034	0.2179	0.42934893264384627	-0.28218555656975614	0.1804	0.3377622167410526	-0.2301667045431607	-0.0119	0.8188508255393558	0.8273050931804916	-0.0301	0.9924056769866507	0.3899694802024985	-0.0179	1.0191635311566964	-0.09856141958355336	0.023	1.1949105090438654	-0.210382057499523	0.2179	1.2061819308929236	-0.18202329453718563	0.1804	0.9762666144285181	-0.17661873380263454	-0.0119	0.8459544905976824	1.4744322712855829	-0.0008	0.9703576666980522	1.7752303811220724	0.0655	1.0149886995122912	1.583569721556216	0.1076	0.6091597637698932	1.375502701003498	-0.01275	0.5113125936325024	1.0136834337905045	0.0119	0.6056845905801584	0.7197367771042223	0.0002	0.9914093022870986	1.344756680358322	0.01275	1.0164146598758779	1.0169896686312048	-0.0119	1.1027601811705867	0.7460076132678757	-0.0002
273	4.55	0.7184039991068587	0.8147360596806845	0.0301	0.588775165601789	0.818473361090876	0.0301	0.5078452191933271	0.3309575637175374	0.0179	0.3879100027115132	-0.15345767750440417	0.023	0.5132767659149895	-0.26675983730105585	0.2179	0.42860171889798493	-0.28234927552324285	0.1804	0.33835490671224455	-0.22963372835175946	-0.0119	0.818593567712659	0.8282716234213781	-0.0301	0.99232832834293	0.38998352967874195	-0.0179	1.0188452533445957	-0.0986009394053614	0.023	1.194812736433885	-0.2108185135058927	0.2179	1.2054839551008776	-0.18227041740040775	0.1804	0.9769138823401218	-0.17663560327798797	-0.0119	0.8458638750162774	1.4742494515664792	-0.0008	0.9705090585059387	1.7749663122452257	0.0655	1.0151968481414506	1.5827576806646022	0.1076	0.6096493754194069	1.3759410959667964	-0.01275	0.5114358334389589	1.0141491692751627	0.0119	0.6056644315261492	0.7204254631073983	0.0002	0.9915176770888605	1.3451839819916815	0.01275	1.0164427995476104	1.016871290724808	-0.0119	1.1027924867343102	0.7455847019599953	-0.0002
274	4.566666666666666	0.7174904339504675	0.8162500665307661	0.0301	0.5878079104566478	0.8197248961684996	0.0301	0.5074797603270274	0.3310759135399332	0.0179	0.387700635319396	-0.15362520239580943	0.023	0.5126478097250402	-0.2675054101104186	0.2179	0.42810826427259463	-0.2827784140614349	0.1804	0.3389132898453666	-0.22930408371197852	-0.0119	0.8181409141702234	0.8293185454916123	-0.0301	0.9921272050763994	0.39063321287469427	-0.0179	1.0185940966810154	-0.09878514665972976	0.023	1.1946931453211478	-0.21110773785930279	0.2179	1.2049635609918976	-0.1824703590999753	0.1804	0.9778339654534746	-0.17670993710379915	-0.0119	0.8456750798509675	1.4740156194862863	-0.0008	0.9708048786067115	1.7743916907532915	0.0655	1.0153880845527459	1.581937735332322	0.1076	0.609992839960021	1.3763626096830113	-0.01275	0.5117400626610853	1.0146465673636067	0.0119	0.6055806644992633	0.7211131420111664	0.0002	0.9920571102783257	1.3454396224769964	0.01275	1.0166076768979575	1.016679875472236	-0.0119	1.1026511297168955	0.7452654394512473	-0.0002
275	4.583333333333333	0.7166268341668257	0.8174864827474944	0.0301	0.5869051348802653	0.8210488407437911	0.0301	0.5071359800057774	0.3316442498508345	0.0179	0.38771265882046935	-0.15376567581830772	0.023	0.5123406596486927	-0.2683540231794367	0.2179	0.427927353709157	-0.2833996205205328	0.1804	0.3394417572913119	-0.22928507291885913	-0.0119	0.8175734499825499	0.8300446218892551	-0.0301	0.9920683023314315	0.39174395038092175	-0.0179	1.0183468870228354	-0.0990633422203962	0.023	1.1946573580736777	-0.21110779160083548	0.2179	1.2047836857682515	-0.18259519853200026	0.1804	0.9788222380694184	-0.17684990586551388	-0.0119	0.8454758655985329	1.473696317308827	-0.0008	0.9712618178587	1.773861775496586	0.0655	1.0152955125811414	1.5811493189641588	0.1076	0.6100831876814445	1.3766893134160174	-0.01275	0.512105071881568	1.0151121705747952	0.0119	0.6055016550701738	0.7214272369297025	0.0002	0.9928526205858732	1.3454961766681495	0.01275	1.0166406768481409	1.0165759260367955	-0.0119	1.1023902023482177	0.7449743714912738	-0.0002
276	4.6	0.7159770485699946	0.8181241065555321	0.0301	0.5862417387263876	0.8223833244140478	0.0301	0.5070407842383009	0.33256372084675306	0.0179	0.3879865523838098	-0.154098874086267	0.023	0.512565436618116	-0.2689226487658762	0.2179	0.42815973715318384	-0.28395354130939604	0.1804	0.3399469765829487	-0.22957775695868107	-0.0119	0.8169519969078199	0.8306069317491835	-0.0301	0.9922117578449872	0.3930308785912433	-0.0179	1.0181141957599935	-0.0994919219043149	0.023	1.1946874929595686	-0.21081006121799906	0.2179	1.2048197460285353	-0.1825083046099475	0.1804	0.979596489737745	-0.17683605771716726	-0.0119	0.8452996332051964	1.4734301649970862	-0.0008	0.9716765846064953	1.773400084418449	0.0655	1.0147015059288802	1.5806688099117192	0.1076	0.6099848269526369	1.3768611151375358	-0.01275	0.5124391766206309	1.0154115463187088	0.0119	0.6055700607764344	0.7212234188231843	0.0002	0.9935964545277007	1.3455710159274556	0.01275	1.0163911573398519	1.0167368319487804	-0.0119	1.102199477249231	0.744780972324941	-0.0002
277	4.616666666666666	0.7155837019268747	0.8181317993482533	0.0301	0.5857742956805747	0.8234878559129386	0.0301	0.5072846271694826	0.3336408577985004	0.0179	0.3884032104481135	-0.15468765432234932	0.023	0.5131740315296301	-0.2690269052699297	0.2179	0.4286520065886087	-0.28425728990245835	0.1804	0.3403273236845045	-0.23003032246509114	-0.0119	0.8164073989801353	0.8311363855060863	-0.0301	0.992398258166226	0.39414589154850754	-0.0179	1.018001121989265	-0.10004101664208954	0.023	1.194764655333957	-0.210220253806562	0.2179	1.2049554669594402	-0.18211694808195275	0.1804	0.9799306072336528	-0.1765193636245155	-0.0119	0.8452657124251924	1.473417253763257	-0.0008	0.9718839574244612	1.7730649959206668	0.0655	1.0137912117089611	1.5808615510966775	0.1076	0.6098376517612818	1.3768681314821052	-0.01275	0.5126606284894136	1.0154338118005934	0.0119	0.6058007812048546	0.720617308735907	0.0002	0.9939956087170407	1.3458622497230817	0.01275	1.0158780295533292	1.0172504726761045	-0.0119	1.102238088755665	0.744807403386985	-0.0002
278	4.633333333333333	0.7154354407500458	0.8175973555241055	0.0301	0.5854018111030682	0.8238119429952178	0.0301	0.5076259818695601	0.33466754363427625	0.0179	0.3887377273959392	-0.1553326339300311	0.023	0.5137813445166377	-0.2688756369480561	0.2179	0.4290841620037505	-0.2844072042658515	0.1804	0.34036847007637416	-0.23042394242692066	-0.0119	0.816103797154907	0.831293537013053	-0.0301	0.9924284452259116	0.3948059460128093	-0.0179	1.0180983741307332	-0.10046842031200669	0.023	1.1949277945920815	-0.20926259085082075	0.2179	1.205297469805763	-0.1815078791331124	0.1804	0.9798016981542715	-0.17608055385032437	-0.0119	0.8455508378145132	1.473661318030109	-0.0008	0.9718979790555299	1.7731357170107267	0.0655	1.013059438492679	1.5817094563469525	0.1076	0.609712733923798	1.3767408580228047	-0.01275	0.5127263686376509	1.0152070398560245	0.0119	0.6060524123260731	0.7198439955234207	0.0002	0.9939503840766749	1.3462573412763077	0.01275	1.0152022568864127	1.0180913849481645	-0.0119	1.1024910869878914	0.7450176184348299	-0.0002
279	4.65	0.7154763241363469	0.8167515777963145	0.0301	0.5851030218951536	0.8232123630157464	0.0301	0.5078004827935213	0.3353830742782672	0.0179	0.388867347188894	-0.155878073929972	0.023	0.5142258033461986	-0.2688110410083657	0.2179	0.42937153421140006	-0.2845651180670409	0.1804	0.3399473619634628	-0.23060342349933122	-0.0119	0.8160482359143513	0.8308554563441753	-0.0301	0.9922109073744875	0.39496399046171526	-0.0179	1.0184002638921619	-0.10057079657136524	0.023	1.1951051391273595	-0.2080937622572514	0.2179	1.2058482281391756	-0.18093664234907555	0.1804	0.9794285201222092	-0.17584972987348055	-0.0119	0.8461282459935482	1.4739220066294296	-0.0008	0.9717834403293996	1.7735759371226547	0.0655	1.012848393237755	1.5827301556678546	0.1076	0.6096352970705918	1.3764947834576826	-0.01275	0.512658683015955	1.0148088021243469	0.0119	0.606210833387998	0.7191012502708721	0.0002	0.9935927378713292	1.3465147271894553	0.01275	1.0145278927430645	1.0190838793314536	-0.0119	1.1027368170611822	0.7453116168232239	-0.0002
280	4.666666666666667	0.7156132986564074	0.816034916864581	0.0301	0.5849042731706896	0.8223059969114312	0.0301	0.5078008384784061	0.3356115409071618	0.0179	0.38891843465314735	-0.15635841061068634	0.023	0.5146545787892451	-0.2689345167020505	0.2179	0.4296437783864725	-0.2847555284743511	0.1804	0.3392295437040787	-0.2305997933987409	-0.0119	0.8160381825837535	0.8302418332950289	-0.0301	0.9918013471284627	0.3947759637474591	-0.0179	1.0188370879665123	-0.10044340431515403	0.023	1.1950605609328189	-0.20722555254112532	0.2179	1.206272779963899	-0.18068535943177017	0.1804	0.9790992100203394	-0.1759926886333527	-0.0119	0.8466925335236061	1.4739520629253142	-0.0008	0.971621565693667	1.7738726911715261	0.0655	1.013197027719524	1.583468991263458	0.1076	0.6096526682328514	1.3761388341433702	-0.01275	0.5125168639166177	1.014256489468587	0.0119	0.6062761799606516	0.7184663106682623	0.0002	0.9931076055788383	1.3465394574902823	0.01275	1.0140813985255714	1.0199010243413087	-0.0119	1.1026951854205098	0.7456398813765431	-0.0002
281	4.683333333333334	0.7157194136725143	0.8158268558324563	0.0301	0.5847831146980522	0.8217200772206372	0.0301	0.5077009976090763	0.33545112943585587	0.0179	0.3890714363096785	-0.15677778217167496	0.023	0.5151494432075994	-0.2691418295805389	0.2179	0.42986957338310344	-0.28502183803320286	0.1804	0.33850842452815744	-0.23064084537430818	-0.0119	0.8158229074928284	0.82996725721395	-0.0301	0.9913408310364261	0.39443180052674115	-0.0179	1.0193568676804927	-0.10027085822439717	0.023	1.1946454948143113	-0.20700303231783818	0.2179	1.2062572436814674	-0.18092096475065578	0.1804	0.9789431171791605	-0.17646655362988037	-0.0119	0.8469701014140267	1.473701373712344	-0.0008	0.971562536101225	1.7737432496922563	0.0655	1.0140333024905737	1.5839241434406472	0.1076	0.6097935679806423	1.3757555325724784	-0.01275	0.5123662779298506	1.0135938205586168	0.0119	0.6062635175781768	0.7179495814863153	0.0002	0.9925765763726613	1.346324509487834	0.01275	1.013976061142827	1.0202669544582608	-0.0119	1.102270542672976	0.7459106704336769	-0.0002
282	4.7	0.7156566534019924	0.8160806974634506	0.0301	0.5846362728479715	0.8213971774434892	0.0301	0.5074386727109425	0.3351454510444543	0.0179	0.3892780805349989	-0.1569570442005568	0.023	0.5155647720840261	-0.269342463285306	0.2179	0.4298872880381219	-0.28549803756678094	0.1804	0.33790599413186395	-0.2309665421909829	-0.0119	0.8153120325038308	0.829981985639224	-0.0301	0.9909613522219052	0.3940886702520666	-0.0179	1.0199203097748388	-0.10006150838237962	0.023	1.1939894303405216	-0.20725668365713562	0.2179	1.2058633490903188	-0.18163517289998052	0.1804	0.9789253907154991	-0.17711378921381787	-0.0119	0.8470177951544292	1.4733010468399617	-0.0008	0.9717624552935691	1.7735054279381652	0.0655	1.0151691958394191	1.5844062320234702	0.1076	0.610030005568413	1.3754724034798202	-0.01275	0.5122560166628802	1.012953253398372	0.0119	0.6061295278059168	0.7175727293699129	0.0002	0.9920744469398644	1.3458754901857217	0.01275	1.0140940849549542	1.0202073647068988	-0.0119	1.1016486551886762	0.746000091372742	-0.0002
283	4.716666666666667	0.7153983157932543	0.8164721530126107	0.0301	0.5843860879167898	0.8210197866976581	0.0301	0.5069935379379515	0.33475789335326034	0.0179	0.38934425207598605	-0.1567461058327259	0.023	0.5158113692771878	-0.26946991481815685	0.2179	0.4297916621922424	-0.28617291416988977	0.1804	0.3374147750149455	-0.231607682145552	-0.0119	0.8146725291178147	0.8300423896669855	-0.0301	0.990734435711029	0.3938915500692964	-0.0179	1.0204163450509234	-0.09984697855726152	0.023	1.1933124437049334	-0.20773776496260862	0.2179	1.2053277542450747	-0.18264396457801316	0.1804	0.978982229351481	-0.17769660674795593	-0.0119	0.8470555383258058	1.4729433093526012	-0.0008	0.972264659719587	1.7734228772531697	0.0655	1.0162239624746463	1.5850654543568297	0.1076	0.6103163077929757	1.375294369040405	-0.01275	0.512236979147525	1.012407826844122	0.0119	0.6058510060446245	0.7173452110385603	0.0002	0.9917514342653257	1.345332494974533	0.01275	1.0143167447550576	1.0199461849073064	-0.0119	1.1011435660980977	0.7458627851120613	-0.0002
284	4.733333333333333	0.7150770191938387	0.8168251050556555	0.0301	0.584091446231279	0.820602948694458	0.0301	0.506582168360187	0.33414886452462433	0.0179	0.3891789834340953	-0.15628748437529463	0.023	0.5160132655767695	-0.2694286519622656	0.2179	0.4299159872827525	-0.28677367184351743	0.1804	0.33713127324714354	-0.2323703746731799	-0.0119	0.8142216975289621	0.8302295810255449	-0.0301	0.9906812859756727	0.3939432607715458	-0.0179	1.0207040509565797	-0.0998571160174041	0.023	1.1927068306788902	-0.20844428514424793	0.2179	1.2047736455657934	-0.18364525616609725	0.1804	0.9790859206775557	-0.17797268549711096	-0.0119	0.8471353123840983	1.4727882002300252	-0.0008	0.9729733436976041	1.7732264760776264	0.0655	1.0168877161400596	1.585720658499274	0.1076	0.610589339679191	1.3750766662619371	-0.01275	0.5123553837120702	1.0118798097596573	0.0119	0.605515005022426	0.7172738989827859	0.0002	0.9916851023120467	1.3449422675690306	0.01275	1.0146965546050664	1.019573322278939	-0.0119	1.1009849107466587	0.7455069005679118	-0.0002
285	4.75	0.7148777143344722	0.8170907761695894	0.0301	0.5839298201426947	0.8201795460219556	0.0301	0.5063857332234387	0.3333422593722478	0.0179	0.38881914692734	-0.15585571791640557	0.023	0.5161968852162765	-0.26917124735605313	0.2179	0.4303125569796608	-0.28698833740657753	0.1804	0.33720116570340797	-0.23301953355472887	-0.0119	0.8142188608470419	0.830544324922177	-0.0301	0.9908059098336458	0.3941495517161496	-0.0179	1.020738208666429	-0.10018678886668271	0.023	1.1922594848644024	-0.20924761363359567	0.2179	1.2043248463326974	-0.1843253399294297	0.1804	0.979221132985686	-0.1778710897537513	-0.0119	0.8472088789651097	1.4728956271549158	-0.0008	0.9737718561927924	1.7726848919790552	0.0655	1.017193064882349	1.5861275954692842	0.1076	0.6107422125307654	1.3747580080969901	-0.01275	0.5125467058736901	1.0113158106721531	0.0119	0.6053043989779856	0.7173892736807543	0.0002	0.9918047097465112	1.3448037734638483	0.01275	1.0152157229994623	1.0190105708684052	-0.0119	1.1012266266861708	0.7449461842960408	-0.0002
286	4.766666666666667	0.7149404993749577	0.8170853014459966	0.0301	0.5840792781950825	0.8194651225854499	0.0301	0.5062582868221227	0.33267399739996206	0.0179	0.3883595248003116	-0.15549840323134898	0.023	0.5161087142920411	-0.2687872922241922	0.2179	0.430617019410062	-0.2866906986258759	0.1804	0.3375676961133495	-0.23340241648476787	-0.0119	0.8147700114783312	0.830538992246559	-0.0301	0.9910797108611711	0.39418147750807	-0.0179	1.020583906384779	-0.10051959276965107	0.023	1.1921499613514541	-0.20972143100219406	0.2179	1.204214729782977	-0.18447163233966185	0.1804	0.9793141773007124	-0.17756611984024978	-0.0119	0.8473684544528546	1.473165255244989	-0.0008	0.9745993659130212	1.7720889762237895	0.0655	1.0173626955084552	1.5862094571316636	0.1076	0.6107440274325664	1.374487906120671	-0.01275	0.5126468669739341	1.0108362676805942	0.0119	0.605403246665083	0.7176414087414741	0.0002	0.992054864340432	1.344818875496256	0.01275	1.0156673808745518	1.0182655263194367	-0.0119	1.1017512330818	0.7442424046218984	-0.0002
287	4.783333333333333	0.7152999851271163	0.8166797854220273	0.0301	0.5845645444897221	0.8183865406148623	0.0301	0.5060198129830991	0.3324444473628025	0.0179	0.3879540478453229	-0.15506958032513385	0.023	0.5155796661166557	-0.2684338494946723	0.2179	0.4305698586457074	-0.28592798813006715	0.1804	0.33800899227049896	-0.2334016981686944	-0.0119	0.8158192585130204	0.8299423507959869	-0.0301	0.991418521854313	0.3938187455395126	-0.0179	1.0203410968982203	-0.1004943357251471	0.023	1.1924335870081815	-0.209666210508332	0.2179	1.2045489798160218	-0.18408821030530603	0.1804	0.9792279119799677	-0.17727857593067184	-0.0119	0.8477392290071374	1.4733752842764596	-0.0008	0.9753911832236505	1.7717377941977808	0.0655	1.0175055254493452	1.5859800057270217	0.1076	0.6107917871151138	1.3744168729487278	-0.01275	0.5126003004545805	1.0106040548390753	0.0119	0.6058523539725524	0.717866610373471	0.0002	0.9925044773463697	1.3449139884344121	0.01275	1.0159896106407522	1.0174564307626766	-0.0119	1.1023289622125743	0.7435095047408707	-0.0002
288	4.8	0.7158561089836506	0.8160963511971798	0.0301	0.5852239242611607	0.8174235239053402	0.0301	0.5058131636259184	0.3326548488780267	0.0179	0.38778840343904336	-0.15453194097634285	0.023	0.5148002868006543	-0.2681959525842862	0.2179	0.43026592901082694	-0.2848899935534218	0.1804	0.3384048736574731	-0.23293435560420084	-0.0119	0.8171367788817213	0.8291021139359673	-0.0301	0.9917411387502661	0.3932488449768506	-0.0179	1.0200528343930084	-0.10015937076677296	0.023	1.1928872681287572	-0.20939948995679433	0.2179	1.2051249979464482	-0.18340310888862157	0.1804	0.9788867609620057	-0.17707050904150531	-0.0119	0.8482550052544732	1.4733859065202068	-0.0008	0.9760371887951721	1.7714933356393214	0.0655	1.0175539243301541	1.585429154575945	0.1076	0.6111819316415502	1.3745096828717835	-0.01275	0.5125302249886905	1.0106718688243437	0.0119	0.6065026480018011	0.7179420245040096	0.0002	0.9932354280378538	1.3450845133924865	0.01275	1.0164031704042304	1.016581387279421	-0.0119	1.1027326788340628	0.7428499359455062	-0.0002
289	4.816666666666666	0.7164434948080483	0.8156278006259835	0.0301	0.5858583535554034	0.8169342411589223	0.0301	0.5058012921687712	0.33313372789473017	0.0179	0.38795977160441514	-0.15400955386032134	0.023	0.5140680012288683	-0.2681013647562109	0.2179	0.42985923768605666	-0.2839202793012036	0.1804	0.3387565040401073	-0.23210160550175157	-0.0119	0.8184027727393998	0.8283118352572526	-0.0301	0.9920126162468603	0.3928108330731688	-0.0179	1.0196993719484142	-0.09978499346490219	0.023	1.1932094812346812	-0.20924150956318727	0.2179	1.205633133821483	-0.18269500466866276	0.1804	0.9783777206707491	-0.17694737409419886	-0.0119	0.8487786830476937	1.4732735276941904	-0.0008	0.9764117439052573	1.7712144323097554	0.0655	1.0174275052521373	1.5846373217006142	0.1076	0.6120001812675439	1.3746709961637522	-0.01275	0.512560080990966	1.0110480553248813	0.0119	0.6071552922675941	0.7178804282842789	0.0002	0.9942225613232107	1.3451981526422894	0.01275	1.0170240280930796	1.0155452723938498	-0.0119	1.1028714494436256	0.7423241776910224	-0.0002
290	4.833333333333333	0.7169280482816509	0.8152624470806386	0.0301	0.586342113160156	0.8167011655240837	0.0301	0.5058129133851831	0.33367779466133096	0.0179	0.38835573439983695	-0.15363967274268167	0.023	0.5135249852256563	-0.2681740574218921	0.2179	0.4294246313278491	-0.28334623454946767	0.1804	0.3390049808572756	-0.23123830154668076	-0.0119	0.8193433697244853	0.827349437473566	-0.0301	0.992186493510111	0.39258464378198327	-0.0179	1.019311341545607	-0.0994863459638238	0.023	1.1933136285312265	-0.20907092993186782	0.2179	1.205944821051032	-0.1821193381512921	0.1804	0.9778989246017004	-0.17697215349991696	-0.0119	0.8493285016220703	1.47316726593196	-0.0008	0.9764733100185994	1.7710565984332487	0.0655	1.0172046371490704	1.5838753655075144	0.1076	0.6130597126195227	1.3749117041923	-0.01275	0.5126725257115871	1.0117484168326745	0.0119	0.6076776361142412	0.7177708455185094	0.0002	0.9953511538125761	1.3449770609191107	0.01275	1.0176533078624765	1.0144516801924646	-0.0119	1.1028197211621864	0.7419553877737528	-0.0002
291	4.85	0.717235808050776	0.8148564080170502	0.0301	0.5865967977965969	0.816542063997428	0.0301	0.5056636749199289	0.3340314083422087	0.0179	0.3886896067807217	-0.15350612709366349	0.023	0.513235283170928	-0.2683443297282371	0.2179	0.4291122871785366	-0.2832289942828277	0.1804	0.3390658363756049	-0.23067978309538012	-0.0119	0.8198346316949733	0.8261420291624368	-0.0301	0.992211865402774	0.39247072547168493	-0.0179	1.0189986134630444	-0.09930733745028511	0.023	1.1933238390624306	-0.2087141216967799	0.2179	1.2060580487090766	-0.18170062351285649	0.1804	0.9776256947616315	-0.17710455251629204	-0.0119	0.8499881445456102	1.4730926855031325	-0.0008	0.9763866484752014	1.7710344126569004	0.0655	1.0170837133903317	1.5833948255882828	0.1076	0.6141124344035386	1.3752361313942019	-0.01275	0.5127814154088517	1.0126479027812043	0.0119	0.6079726241506774	0.7177280220867428	0.0002	0.9964829273193218	1.3442937560053578	0.01275	1.018127863691952	1.0135748727661784	-0.0119	1.1027427296290948	0.7417536705666197	-0.0002
292	4.866666666666666	0.7173438129534782	0.8144131557209608	0.0301	0.586576718540686	0.816707489773729	0.0301	0.5054806711421418	0.3339630050987327	0.0179	0.38869211784112495	-0.15359660348903187	0.023	0.5132450730333309	-0.2684294235073387	0.2179	0.4291256054469187	-0.283366002876145	0.1804	0.339003038633175	-0.2304918735755903	-0.0119	0.8199804573166226	0.8252079387907879	-0.0301	0.9921417678164126	0.3924741420961832	-0.0179	1.0188579277159022	-0.09935928651935808	0.023	1.193359494377934	-0.2083740970711117	0.2179	1.2059057356969973	-0.18142252753376178	0.1804	0.977602351793271	-0.17713533365629017	-0.0119	0.8507184683947323	1.4730458809244715	-0.0008	0.9764851504318975	1.770862226022455	0.0655	1.0172199877410208	1.583204428642256	0.1076	0.6149993712795698	1.3754893262104178	-0.01275	0.5128627988851847	1.0134263178368372	0.0119	0.6079484886390074	0.7178494293755785	0.0002	0.9975202366714262	1.3433558844717948	0.01275	1.0185470619579138	1.0130450801105562	-0.0119	1.1028352926452731	0.7417122207633652	-0.0002
293	4.883333333333333	0.7173027619123001	0.8139833471222051	0.0301	0.5863221767967853	0.8172949619453509	0.0301	0.5054218038233205	0.33348497902180857	0.0179	0.38828180166943566	-0.15376065007461448	0.023	0.5134731896830004	-0.26832221702879994	0.2179	0.42943963001815577	-0.2835488619456236	0.1804	0.33895141911032745	-0.23050929903313244	-0.0119	0.8199962191690674	0.8249511175542786	-0.0301	0.9921083959482734	0.3926091805669979	-0.0179	1.0189448739229685	-0.09959972198329708	0.023	1.1934796140111867	-0.20818830300519764	0.2179	1.2055361665858224	-0.1812112194580217	0.1804	0.9777480255376892	-0.17694198320929247	-0.0119	0.8514713384174066	1.473004393525773	-0.0008	0.9770393698601185	1.7704860214526406	0.0655	1.0177020013422895	1.583192737427783	0.1076	0.6156630600179963	1.3755020706897103	-0.01275	0.5129381117294648	1.0138225954748563	0.0119	0.6075771929974733	0.7180908284377654	0.0002	0.9984461823059589	1.3424631343000843	0.01275	1.0189994673056142	1.0128725475125349	-0.0119	1.1032092684728534	0.7417279690924147	-0.0002
294	4.9	0.7172949776579112	0.8135324803712365	0.0301	0.5860045806412907	0.8179324534739439	0.0301	0.505397474875706	0.3328453028808891	0.0179	0.38759032726343134	-0.1538243095688641	0.023	0.5137585682821025	-0.2681282878978006	0.2179	0.42979195921543045	-0.2837186809396727	0.1804	0.33892407159796856	-0.23060954645660678	-0.0119	0.8199782605351436	0.8250949539222314	-0.0301	0.9922069160905356	0.392728445353443	-0.0179	1.019262828073499	-0.09974987716099798	0.023	1.193727926490362	-0.20779217693555818	0.2179	1.205293993522053	-0.180891945850363	0.1804	0.9779901013113542	-0.17666597858411406	-0.0119	0.852349658703441	1.4728643674964195	-0.0008	0.9780472609193599	1.7702387514008862	0.0655	1.0185391990991468	1.583312237259053	0.1076	0.6161513201003189	1.3752780590632208	-0.01275	0.512992998330576	1.0138691298271771	0.0119	0.6069653362113492	0.7182624788721246	0.0002	0.9992782586382523	1.3417503415572527	0.01275	1.0194112620756597	1.0131644592646774	-0.0119	1.1037665926969698	0.741645105575762	-0.0002
295	4.916666666666667	0.7175815233136744	0.8131160685007707	0.0301	0.5858710663687289	0.8184280682550976	0.0301	0.5053175817392878	0.33226099256555575	0.0179	0.3868750365149191	-0.15377106175254088	0.023	0.5140596703149861	-0.26804794760605344	0.2179	0.4300932545692442	-0.2838636984057079	0.1804	0.3388588070580612	-0.23084366363802244	-0.0119	0.8198924289836016	0.8252691390920963	-0.0301	0.9924988916892672	0.39270262511822374	-0.0179	1.019680211162148	-0.09964666943312263	0.023	1.1940308577279188	-0.20694038519209146	0.2179	1.2054089373179235	-0.1804037129629088	0.1804	0.9783421439761305	-0.17653885575880815	-0.0119	0.8534233307341074	1.4725394289121145	-0.0008	0.9792816905487923	1.7702122578029644	0.0655	1.0195373768144653	1.5834964935467613	0.1076	0.6166019110992405	1.3749419769024507	-0.01275	0.5130276883804953	1.0138002668740045	0.0119	0.6063196625184574	0.7182442770186699	0.0002	1.000023023384109	1.341263210250203	0.01275	1.0197985366234545	1.013939709184629	-0.0119	1.1042545739298395	0.7414320985585358	-0.0002
296	4.933333333333334	0.7182605043866842	0.8130653165158379	0.0301	0.5860671081280799	0.8191344581460711	0.0301	0.5053628127238569	0.33186230302174496	0.0179	0.38640365396332615	-0.15372183044687354	0.023	0.5144631203875554	-0.2681647893575169	0.2179	0.4305412851819254	-0.2839501901545335	0.1804	0.3387606381759711	-0.23130454293782668	-0.0119	0.8197163246457059	0.8256222403316236	-0.0301	0.9930072491440779	0.39263012429264327	-0.0179	1.0199624996682715	-0.09947453875926607	0.023	1.1941748501288783	-0.20612076090575746	0.2179	1.2056564948739537	-0.18000203858744096	0.1804	0.9788389035447284	-0.17664023967301717	-0.0119	0.8545791653369631	1.4720856713658992	-0.0008	0.9805534612415258	1.7699669762081844	0.0655	1.0203999621551347	1.5836053462873898	0.1076	0.6171095565210181	1.3746152497636248	-0.01275	0.5131406528546666	1.013820016727316	0.0119	0.6058096681892408	0.7181166367695428	0.0002	1.0007229234126973	1.340994207348904	0.01275	1.0203802979035637	1.014825920706205	-0.0119	1.1044911978966507	0.7411412994877274	-0.0002
297	4.95	0.7191161685573085	0.8138089982291006	0.0301	0.5865271035504791	0.820335941262984	0.0301	0.5057206684052239	0.33184122826738266	0.0179	0.3863318309941301	-0.15374227487174433	0.023	0.5149998940407415	-0.2684238433060063	0.2179	0.4312534940009902	-0.2840297122683172	0.1804	0.33871125639109756	-0.23198429226679562	-0.0119	0.8195088299435193	0.8264247003940045	-0.0301	0.9936379228704628	0.39275398148114504	-0.0179	1.01998747654268	-0.09951483728429629	0.023	1.1941244837300378	-0.20590307247904835	0.2179	1.2058015195192155	-0.17995799087178957	0.1804	0.9794770748975856	-0.17691574935468626	-0.0119	0.8557297828459314	1.4716471919446297	-0.0008	0.9818390497095196	1.7692282358153495	0.0655	1.0210370340547277	1.583582331618934	0.1076	0.6176409745247317	1.3743632583102583	-0.01275	0.5134261614518116	1.014011239441958	0.0119	0.6054943515776444	0.7180187734100315	0.0002	1.0014813407616756	1.3407445980119284	0.01275	1.0213010639679798	1.0152751971680423	-0.0119	1.1045777870480353	0.7406949691711063	-0.0002
298	4.966666666666667	0.7198251068880394	0.8154662993523607	0.0301	0.5870968050143761	0.8217934705779971	0.0301	0.5062697961174957	0.3323463252156769	0.0179	0.3866033745594773	-0.15378477731329612	0.023	0.515550035983005	-0.26875846821172333	0.2179	0.4320792690300564	-0.28424867305966345	0.1804	0.3387705066756839	-0.23276339271032487	-0.0119	0.8193701256318726	0.8275350879218389	-0.0301	0.9942322748614726	0.39317800985685175	-0.0179	1.0198557745322727	-0.09980842850596909	0.023	1.194229832569423	-0.20617114745257276	0.2179	1.2060423570446595	-0.18018704753689824	0.1804	0.9802109633867098	-0.1773064975278538	-0.0119	0.8569086506716607	1.471297244637399	-0.0008	0.9831406305757888	1.7683843535004777	0.0655	1.0215753620122583	1.5834674435347325	0.1076	0.6181702671711504	1.374208243045072	-0.01275	0.5138309318403373	1.0143606889972039	0.0119	0.6053801297756989	0.7179615950134719	0.0002	1.0023726780715716	1.3402083590765557	0.01275	1.0224205406879765	1.0150292349400305	-0.0119	1.1048400121688295	0.7399056407143488	-0.0002
299	4.983333333333333	0.7202688244251031	0.8177030692668746	0.0301	0.5876885048261268	0.8231677963294075	0.0301	0.5068106856923424	0.3332253227731251	0.0179	0.38697344353853963	-0.15382585828386533	0.023	0.5159672834188405	-0.26911107157274583	0.2179	0.4327864602848552	-0.28465958143059367	0.1804	0.33889765939498134	-0.2334213298692603	-0.0119	0.81936544616434	0.8286716252247542	-0.0301	0.99468685921535	0.39374188725189047	-0.0179	1.0197276376831816	-0.10019014014562741	0.023	1.194799042793822	-0.20660715020777146	0.2179	1.2066114460275301	-0.18050353139686753	0.1804	0.9809490477315459	-0.1777177287606324	-0.0119	0.8580509822808093	1.4709895067159937	-0.0008	0.9843323360291918	1.7678396599256243	0.0655	1.022111940762724	1.5832201789699358	0.1076	0.6187740908804458	1.3741594788087774	-0.01275	0.5142192271610254	1.0147595223540562	0.0119	0.6054833978744278	0.7178660293374838	0.0002	1.003335700174679	1.3392854931293579	0.01275	1.0235361511325498	1.0141784337219872	-0.0119	1.1055108374838496	0.7387778825563904	-0.0002
300	5.0	0.7205776706032911	0.8199894229022965	0.0301	0.5883052732191401	0.8244369612484896	0.0301	0.5073577409559583	0.33407768742113225	0.0179	0.38717346936989594	-0.15391067201666894	0.023	0.5162360257554203	-0.2694149835986907	0.2179	0.4332579406307193	-0.2851199399452247	0.1804	0.33901366821094714	-0.23370980608312264	-0.0119	0.8195132287612364	0.8298137914169673	-0.0301	0.9949617906888738	0.3942677604067935	-0.0179	1.0196396040963114	-0.10051914143332556	0.023	1.1956282851056852	-0.20731680850653586	0.2179	1.207259115641341	-0.180999274278001	0.1804	0.9815253458048739	-0.1780027388621177	-0.0119	0.8589586791734013	1.4706525406182878	-0.0008	0.9852430655080759	1.7674668856628282	0.0655	1.0226870031698772	1.582777679574539	0.1076	0.61951200972128	1.3741534265630055	-0.01275	0.5145029963314005	1.0150261623031616	0.0119	0.6058049631178118	0.7177074954460465	0.0002	1.0042142117671795	1.3381788098103249	0.01275	1.0246608838081772	1.0129445311378718	-0.0119	1.1065517959066402	0.7376731630198263	-0.0002
301	5.016666666666667	0.7209447876274668	0.8218697825581786	0.0301	0.5890144879174346	0.8255736143651069	0.0301	0.507952055191565	0.3346061910057668	0.0179	0.3870904167371144	-0.15403236805653242	0.023	0.5164621903267171	-0.26968348808266135	0.2179	0.43350223875404165	-0.2854572912063597	0.1804	0.33909680207852616	-0.23357678941075233	-0.0119	0.8197896436406371	0.8309197238737379	-0.0301	0.9950805225507232	0.39470362683156585	-0.0179	1.019546322497468	-0.10069246171157571	0.023	1.196307028325398	-0.20832683458150764	0.2179	1.207579411695801	-0.181762385594666	0.1804	0.9817189332407608	-0.1781152984314325	-0.0119	0.8595897495572394	1.470284885431379	-0.0008	0.985904818901383	1.7671586354014062	0.0655	1.0234551798025036	1.5823010529747819	0.1076	0.6202852023119863	1.3740079986190483	-0.01275	0.5146576893153376	1.015030267144777	0.0119	0.6062603139600298	0.7175089684959404	0.0002	1.0049298045790236	1.3371567108910516	0.01275	1.0258797551400645	1.011626589371998	-0.0119	1.107734710323375	0.7369639392331844	-0.0002
302	5.033333333333333	0.7214300771514656	0.8230898856416553	0.0301	0.5898554205697293	0.8262645956521197	0.0301	0.508422477866922	0.3348460880596219	0.0179	0.3868217315850617	-0.15412065123107516	0.023	0.5167540578649549	-0.27001848543136797	0.2179	0.43358361347475144	-0.2856933531862104	0.1804	0.3391651603659918	-0.23325693403348685	-0.0119	0.8200822106448757	0.8316684223582846	-0.0301	0.995182674106762	0.3949100379669957	-0.0179	1.0194613198666491	-0.10060572090512264	0.023	1.1967127315011274	-0.20913052869714013	0.2179	1.2075579201567526	-0.18249407038971627	0.1804	0.9814388532944129	-0.1781304000453824	-0.0119	0.8601779926257842	1.4699652600980133	-0.0008	0.9865904145018195	1.7671937579042043	0.0655	1.0246303708246325	1.5820151108130829	0.1076	0.6208673949155997	1.3735848480756068	-0.01275	0.5147186401049431	1.0147849673621863	0.0119	0.6066783626061252	0.7172214393987048	0.0002	1.0055633978270673	1.3363800396731764	0.01275	1.027109918085807	1.0105518627769914	-0.0119	1.1087815611899592	0.7365786801516521	-0.0002
303	5.05	0.7219264762757805	0.8236964924832059	0.0301	0.5907334376290747	0.8263640320882368	0.0301	0.5085718736976135	0.334986176927581	0.0179	0.3866007250013603	-0.15418995654808088	0.023	0.5171008811648182	-0.27045502571916596	0.2179	0.433588879986781	-0.2860069881854563	0.1804	0.3392217054809788	-0.2330084796911409	-0.0119	0.8202230118473709	0.8319201209261732	-0.0301	0.99548509660941	0.39467400877884423	-0.0179	1.0194601597540134	-0.10033266327314504	0.023	1.1968580568703244	-0.20942603415498068	0.2179	1.2073817064194186	-0.18286955030553273	0.1804	0.9808530349602024	-0.17805286483961685	-0.0119	0.8609281829838169	1.4697438519906183	-0.0008	0.9875885775365876	1.7675875538084251	0.0655	1.0262117472292844	1.581721252423998	0.1076	0.6211292386322527	1.3729688978620804	-0.01275	0.5147951054470864	1.014378942878819	0.0119	0.606900457977818	0.7167224737834892	0.0002	1.006255904041004	1.3359832952260506	0.01275	1.0282030467515209	1.0098891048506964	-0.0119	1.1094689216665308	0.7362340010208821	-0.0002
304	5.066666666666666	0.7223177400404338	0.823952978154023	0.0301	0.5914490068875926	0.8261959586112165	0.0301	0.5084476126031394	0.3350436734212837	0.0179	0.3866689761608222	-0.15436570623898133	0.023	0.5173800982715931	-0.2708771147713053	0.2179	0.43359020841614115	-0.2864969801035946	0.1804	0.3392355278897905	-0.23284737301174555	-0.0119	0.8201571894674671	0.8320090503725394	-0.0301	0.9961180027694626	0.3940331656430654	-0.0179	1.0195499875860332	-0.10016704138180683	0.023	1.196609471103543	-0.20970836977092622	0.2179	1.2069893264344838	-0.18304194351304026	0.1804	0.9802086654170066	-0.1777893567051811	-0.0119	0.8617496772539855	1.4695270766295632	-0.0008	0.9890429640122002	1.7677781851158187	0.0655	1.0279797574020735	1.5808764458673148	0.1076	0.6211954812392578	1.3723872215599198	-0.01275	0.5149990649437941	1.013880217848327	0.0119	0.6068705779566871	0.7159622818940454	0.0002	1.0071216135577334	1.3360600010156232	0.01275	1.0291132167526453	1.0096520867226229	-0.0119	1.1096934975518318	0.7360222915241288	-0.0002
305	5.083333333333333	0.7225962832473823	0.8240207566365098	0.0301	0.5918568230552262	0.8260374303209904	0.0301	0.5082137417027505	0.33487598381163536	0.0179	0.3871359356173478	-0.15473070470837377	0.023	0.517490116903207	-0.2711385367267564	0.2179	0.4335988668959003	-0.28711536988188435	0.1804	0.33914912370762773	-0.23267446543058246	-0.0119	0.8200102986859336	0.832193851919827	-0.0301	0.9970160739575213	0.3932524600524102	-0.0179	1.019626834143388	-0.10025734961086187	0.023	1.1959378933830895	-0.21053883268084594	0.2179	1.2062587439848502	-0.18340445748218634	0.1804	0.9796416923285356	-0.17736310558467258	-0.0119	0.8624811302196881	1.4691292421339375	-0.0008	0.9909321385604681	1.7673931871138613	0.0655	1.0297946224538472	1.5793003617909254	0.1076	0.6212905605155594	1.3719983281571133	-0.01275	0.5153504974387464	1.0133886963589092	0.0119	0.606610847485169	0.7150359062029403	0.0002	1.0082448630374847	1.3364483302801058	0.01275	1.029847354764484	1.0098527403682154	-0.0119	1.109508962894021	0.7363091768269727	-0.0002
306	5.1	0.7228406610806455	0.8237509699102383	0.0301	0.5920154673100414	0.8257027784930763	0.0301	0.5079006103036185	0.3344337239865136	0.0179	0.38790710813385587	-0.15525298079669358	0.023	0.517403059273922	-0.27122842005784864	0.2179	0.4335908081862119	-0.2877651780758417	0.1804	0.3388998721556396	-0.23254515439038512	-0.0119	0.8199526442529554	0.832188684505281	-0.0301	0.9980057237041631	0.39248714755419284	-0.0179	1.019598323538003	-0.10037845308235809	0.023	1.1951641517055596	-0.21175218085516156	0.2179	1.2054494428472977	-0.18407530317198245	0.1804	0.9792130754891916	-0.17699240948763256	-0.0119	0.8631895013089044	1.4684534524522783	-0.0008	0.993097205936198	1.766721189344577	0.0655	1.0316472830592218	1.57744005889372	0.1076	0.6215403879994547	1.371809504836451	-0.01275	0.5158015642232235	1.0131432894714933	0.0119	0.6061517615159758	0.7141304802384666	0.0002	1.0096167516598167	1.3367632167178158	0.01275	1.0304270400124238	1.010472151613372	-0.0119	1.1091317737556088	0.7371552649743491	-0.0002
307	5.116666666666666	0.7231640137539275	0.8228724506901427	0.0301	0.5921494914701396	0.8249927979458371	0.0301	0.5075206388599548	0.33379296768161865	0.0179	0.38873778579882795	-0.15584233740751172	0.023	0.5171546063572717	-0.2712346371546503	0.2179	0.43359229251828335	-0.28826320121900584	0.1804	0.33846602715501606	-0.23259973878984125	-0.0119	0.820119308850803	0.8316260624862464	-0.0301	0.9989895823015577	0.39174106922247026	-0.0179	1.019491950823307	-0.10023423163439305	0.023	1.1945893279073831	-0.2128202168284788	0.2179	1.204962222592216	-0.18484305024359815	0.1804	0.9789320314147482	-0.1768819101053681	-0.0119	0.8640302059671343	1.4675977797028612	-0.0008	0.9953067803337036	1.7660906887069556	0.0655	1.0334155136528613	1.575843514863546	0.1076	0.6220368713941062	1.371718630319704	-0.01275	0.516305140756847	1.0133985882182608	0.0119	0.6055565332792886	0.7134741697706979	0.0002	1.0110864239493056	1.3367302710672935	0.01275	1.030975432622339	1.0113262614648484	-0.0119	1.108892090920281	0.7382686712140589	-0.0002
308	5.133333333333333	0.7236079136526722	0.8213943731678858	0.0301	0.5924416987199906	0.8241752148084196	0.0301	0.5072420261428836	0.33303457224970684	0.0179	0.3893506551098844	-0.15635530197920844	0.023	0.5168328945314861	-0.27117934168554464	0.2179	0.4336849225837454	-0.28835027920419876	0.1804	0.3379484418749718	-0.2328013704194879	-0.0119	0.820636057885043	0.8307038259659005	-0.0301	0.9999883075412235	0.39107718312419126	-0.0179	1.0194433028542849	-0.09977919643669836	0.023	1.1941204991419863	-0.21349681825118935	0.2179	1.2047900247201895	-0.18543362728388982	0.1804	0.978742279331393	-0.17700831793435395	-0.0119	0.8650344699121325	1.4667594081767332	-0.0008	0.9973442762218857	1.7653816148846981	0.0655	1.0349267770903896	1.5747489786715012	0.1076	0.6229134525488059	1.3715991250945783	-0.01275	0.5168135669961579	1.0141325356085698	0.0119	0.6049753757573705	0.7132524400464395	0.0002	1.012483247807032	1.3362979739970964	0.01275	1.0317233531115495	1.0120415147082906	-0.0119	1.1090940125221815	0.7394081205909265	-0.0002
309	5.15	0.724040154822127	0.819694345410466	0.0301	0.5928507325177523	0.8236036813842197	0.0301	0.5071746654347323	0.33232342307426943	0.0179	0.3895664232152883	-0.15661272935141912	0.023	0.5164866808689791	-0.2710337993692433	0.2179	0.4338267894839468	-0.2879882273003528	0.1804	0.33755052782427036	-0.23295490707078273	-0.0119	0.8215198835861518	0.8299231789336591	-0.0301	1.0010017925878976	0.39064546594350813	-0.0179	1.0195899550154839	-0.0991687789433842	0.023	1.1935744996838122	-0.21375020378229315	0.2179	1.2046635583974674	-0.18571075448729363	0.1804	0.9786145901609974	-0.17717566945590404	-0.0119	0.8662296573015957	1.4660899705572084	-0.0008	0.9990727380896305	1.7644901949248308	0.0655	1.0363037606483594	1.574251798357009	0.1076	0.6242233021922313	1.3714094088596889	-0.01275	0.5172661833230301	1.0150329820371282	0.0119	0.6045888802923165	0.7134550499047861	0.0002	1.01374923982087	1.3354753837312974	0.01275	1.0328365794655607	1.0122474964778339	-0.0119	1.1098197515618313	0.740440525798886	-0.0002
310	5.166666666666667	0.724260097657206	0.818225133084171	0.0301	0.5931393452869242	0.8232404946353095	0.0301	0.5071957841607865	0.3319661594561616	0.0179	0.3893880653136131	-0.15653103721798903	0.023	0.5160996463595722	-0.27082250473895814	0.2179	0.4337672364082102	-0.2874514914083015	0.1804	0.33737641893370235	-0.23296083330136233	-0.0119	0.8225590259974804	0.8294775151618899	-0.0301	1.0019191092772075	0.39055975813500743	-0.0179	1.0199414828917512	-0.09859508013627086	0.023	1.1930566354231338	-0.21349218579749865	0.2179	1.2045374762113572	-0.18568189327593568	0.1804	0.9785745493971207	-0.17724643081840175	-0.0119	0.8677404170258126	1.4656471521117957	-0.0008	1.000460217264551	1.7637101166529323	0.0655	1.037884005663014	1.5744493078545785	0.1076	0.6258741820437019	1.3712398905560426	-0.01275	0.517644122655552	1.0157750741230134	0.0119	0.6044909052842307	0.7138567660852527	0.0002	1.014874463854494	1.3343304173507207	0.01275	1.0342357430609537	1.0118505423050863	-0.0119	1.1109171000007934	0.7411079834969544	-0.0002
311	5.183333333333334	0.7242454061115208	0.8173053554285432	0.0301	0.5931435252788717	0.8229812623556569	0.0301	0.5071957596162523	0.3321488639043224	0.0179	0.3890002779140571	-0.1561938442056272	0.023	0.5157279846217989	-0.2705882403985804	0.2179	0.4333381010115121	-0.2869552889638021	0.1804	0.33733738701678917	-0.2328932435643347	-0.0119	0.8234464080349	0.8293870757306993	-0.0301	1.0025823625922898	0.39087055739917465	-0.0179	1.020372849017019	-0.09822442249746893	0.023	1.192757500931856	-0.21277952985690998	0.2179	1.204522348756127	-0.18541071148873356	0.1804	0.9786198306425139	-0.17722635425996022	-0.0119	0.8695488213502284	1.4653558678888519	-0.0008	1.0015842447620018	1.7632315333829858	0.0655	1.0397550571301581	1.5751998561683351	0.1076	0.6277235752033791	1.3712156235372812	-0.01275	0.5180224637415475	1.016190286549011	0.0119	0.6046536539225854	0.714233714067267	0.0002	1.0158267942972183	1.3330863883872246	0.01275	1.0356939747019638	1.0110386246303165	-0.0119	1.1122193889878944	0.7411754283182789	-0.0002
312	5.2	0.7242328382291922	0.8170995952750023	0.0301	0.5929838913935567	0.8230261073811905	0.0301	0.5072638056762697	0.3327320479070234	0.0179	0.3886808960616972	-0.1557757730381752	0.023	0.5155295456139605	-0.27034314395429826	0.2179	0.43269321420659224	-0.28643037233317425	0.1804	0.3373244656554853	-0.2328627029295903	-0.0119	0.8240235880018446	0.8298088678028561	-0.0301	1.0028809810090593	0.39157319001488905	-0.0179	1.0207404855996494	-0.09814952331198011	0.023	1.1926908501820679	-0.2120023745572896	0.2179	1.204617742710585	-0.18497724677001964	0.1804	0.9787096115194331	-0.1771483117690634	-0.0119	0.871331154968875	1.4650344063511123	-0.0008	1.0026171246811477	1.7627672547570863	0.0655	1.0416117800850782	1.5759911575507826	0.1076	0.6296081903480063	1.3713041207626364	-0.01275	0.5185169901257347	1.0162668193640207	0.0119	0.604987804127468	0.714531969321164	0.0002	1.0166526513387544	1.3319787734948743	0.01275	1.0371079992735284	1.0100560636761924	-0.0119	1.1136717663534021	0.740753718553296	-0.0002
313	5.216666666666667	0.7244866076643085	0.8175792840776603	0.0301	0.5929129517062566	0.8235144677151343	0.0301	0.507487902861876	0.33343845113878423	0.0179	0.3885811651875219	-0.15542460319176332	0.023	0.5155504650802065	-0.2700740829439538	0.2179	0.4320870108602963	-0.2857424324784963	0.1804	0.3373210376181789	-0.23293298895568615	-0.0119	0.8243194260664817	0.8307222887512897	-0.0301	1.0027940783992066	0.39253378216569446	-0.0179	1.0209714815984714	-0.0982944994995193	0.023	1.1928698065274712	-0.2113809946526118	0.2179	1.2048649326598388	-0.18439606909908687	0.1804	0.978795702552587	-0.17701813522225462	-0.0119	0.8727634383456542	1.4645852633937522	-0.0008	1.0037864959027334	1.762108393719629	0.0655	1.0430842471208137	1.576385302029749	0.1076	0.6312865738241505	1.371271282703983	-0.01275	0.5191933383455858	1.016122110646002	0.0119	0.6053935466132441	0.7147980362693752	0.0002	1.0174982256998266	1.3310645676412918	0.01275	1.0385239568608335	1.0090773990137587	-0.0119	1.1152489209700558	0.7400703135720716	-0.0002
314	5.233333333333333	0.7250358461225702	0.8185023158862827	0.0301	0.593042969747755	0.824174856097433	0.0301	0.5077812918935686	0.33409305012812984	0.0179	0.3885765853291999	-0.1551969374348663	0.023	0.515600241402399	-0.26975573397196145	0.2179	0.4316300118021593	-0.28493115289817356	0.1804	0.3373516386093037	-0.23309934385644476	-0.0119	0.8244174906546775	0.8317399048973735	-0.0301	1.0024024596616161	0.3934840915542183	-0.0179	1.021079762596341	-0.0984486166028408	0.023	1.1934121272874583	-0.2105611638680079	0.2179	1.2054480525998075	-0.1835557000282785	0.1804	0.9788243734118982	-0.1768891683785043	-0.0119	0.8738474985564086	1.4640951223479957	-0.0008	1.0052757905960226	1.7615274392946945	0.0655	1.0440736599563258	1.5764540802509515	0.1076	0.632525782436611	1.3709355323661907	-0.01275	0.520008278352299	1.015937990764383	0.0119	0.6057861707303812	0.7150719806925516	0.0002	1.0184977137459172	1.3303068097920578	0.01275	1.0399492527121468	1.0082289159108708	-0.0119	1.1168704748803702	0.7390765040921744	-0.0002
315	5.25	0.7257421401866722	0.8194852394466501	0.0301	0.5933683477709486	0.8246718697836122	0.0301	0.5080351094749065	0.3345893688964273	0.0179	0.38846056653793515	-0.1550791423633406	0.023	0.5154569160706307	-0.2693957419285425	0.2179	0.4313781588662338	-0.28417259022417257	0.1804	0.3374880014904506	-0.23324186731987065	-0.0119	0.8244074777411469	0.832527829701892	-0.0301	1.0018984059444727	0.3941875899673186	-0.0179	1.0211323026426904	-0.09847474862262179	0.023	1.1942169278908432	-0.20929684619015237	0.2179	1.206331656090559	-0.18247106762588036	0.1804	0.9787685676380742	-0.17681245584291183	-0.0119	0.874758317607368	1.4636603813636075	-0.0008	1.0070652840817664	1.7612087123300049	0.0655	1.0447254281027205	1.576420988418006	0.1076	0.6332836074014414	1.3703775634218387	-0.01275	0.5207842152927588	1.0158482231893187	0.0119	0.6061178387211382	0.7153537287157635	0.0002	1.0197294161316712	1.3297611730331798	0.01275	1.0412786725014593	1.0076478594905156	-0.0119	1.118440191053433	0.7377261074288196	-0.0002
316	5.266666666666667	0.7265094427515233	0.8201504006497364	0.0301	0.5938725541734804	0.8249879713541781	0.0301	0.508281737823952	0.3348191077557051	0.0179	0.38821324186907125	-0.15500038172986694	0.023	0.5150918644588893	-0.26903646533707365	0.2179	0.4313920222310094	-0.2836247717909317	0.1804	0.3378198743384259	-0.23318232850061718	-0.0119	0.8244362533567859	0.8330572398733503	-0.0301	1.0015458775766344	0.3946091572561074	-0.0179	1.0212057676563249	-0.0984012050526597	0.023	1.1948384780777321	-0.2081122901518712	0.2179	1.2070945764659835	-0.18154134116281428	0.1804	0.9786634318810826	-0.17671004431166834	-0.0119	0.8755642506945698	1.4632321044414722	-0.0008	1.0089038066784206	1.7608275105478046	0.0655	1.0452108213937126	1.5761705173893108	0.1076	0.6337015283581728	1.3698210535704478	-0.01275	0.5213151659280093	1.015871334935855	0.0119	0.6063672478451411	0.7155475104142834	0.0002	1.0211869226318397	1.3295351891764005	0.01275	1.0423926504835797	1.0074889821435347	-0.0119	1.1199378783691047	0.7364084170357763	-0.0002
317	5.283333333333333	0.7272723048248313	0.8203577260247522	0.0301	0.594449533271989	0.825212142300354	0.0301	0.5085787335446206	0.3347937394363589	0.0179	0.38795732617251094	-0.1548433169764399	0.023	0.5146245426551419	-0.2687177688633362	0.2179	0.43160995267029867	-0.28339489673491014	0.1804	0.3383055665812235	-0.23288047407484985	-0.0119	0.8246386644703756	0.8333517424054937	-0.0301	1.0015098257365798	0.39490352441702775	-0.0179	1.0213579386358747	-0.09827681905857656	0.023	1.1949680412297161	-0.20758969551650333	0.2179	1.207419244576284	-0.1812174134581857	0.1804	0.9785567455487464	-0.1764883721559924	-0.0119	0.8762840627023304	1.4627097389450587	-0.0008	1.0105144857548103	1.7601231194482068	0.0655	1.0456514756682667	1.5755378107037745	0.1076	0.6339252759930449	1.3694120945111081	-0.01275	0.5215626958563963	1.0159555735317511	0.0119	0.6065376564042932	0.715470370873618	0.0002	1.0227359482859397	1.3295933763492183	0.01275	1.0432556736943104	1.007805887619898	-0.0119	1.1214164418132122	0.7355720815374671	-0.0002
318	5.3	0.7279024396199576	0.8202831939125532	0.0301	0.5948802645858529	0.8252448662207438	0.0301	0.508861344100625	0.33468626696782167	0.0179	0.38777012216072176	-0.15457258295145324	0.023	0.514200170039231	-0.2684720544744696	0.2179	0.43189051543648177	-0.2835759306453547	0.1804	0.3387593343035744	-0.2325257206653751	-0.0119	0.8249661447794302	0.8332992475006896	-0.0301	1.0017216007026366	0.3952021627732093	-0.0179	1.0215765909709067	-0.09807404072869175	0.023	1.1947727077696875	-0.20752884958981857	0.2179	1.2074348510083035	-0.18151379815211832	0.1804	0.9784286464358684	-0.17622146154513985	-0.0119	0.8770342191958285	1.4620678823503308	-0.0008	1.0117848601858952	1.759353064518205	0.0655	1.0460810760950003	1.5747136000393924	0.1076	0.6340126797418576	1.3691351924447799	-0.01275	0.5217212072835414	1.016048955734819	0.0119	0.60667627191377	0.7149998801082863	0.0002	1.024162723983038	1.3297675726454452	0.01275	1.0439010753639482	1.0084705024959935	-0.0119	1.1228974673480325	0.7351228199617982	-0.0002
319	5.316666666666666	0.7282688066920137	0.8201818484604491	0.0301	0.5949428325221843	0.8250018078241486	0.0301	0.5090781945219467	0.33458731757716614	0.0179	0.38764654570922114	-0.15433291924865955	0.023	0.5139701084855843	-0.2683044556142229	0.2179	0.4322027427114266	-0.28418301653183886	0.1804	0.3390347523053541	-0.23233522404770449	-0.0119	0.8252098622931117	0.8329001787322935	-0.0301	1.0020346890671992	0.39546443990854946	-0.0179	1.0217451573738754	-0.09783273318893496	0.023	1.194503304609224	-0.20755646761934457	0.2179	1.2072692796930857	-0.18216878801832376	0.1804	0.9782523978890787	-0.17606356621783692	-0.0119	0.8778713098925929	1.4613272746310733	-0.0008	1.012731395492984	1.7587739887230671	0.0655	1.0463530443244002	1.5739387335810646	0.1076	0.6340244754204872	1.3688759244624245	-0.01275	0.5220914953221081	1.0160749862915333	0.0119	0.6068829323169431	0.7141713660104042	0.0002	1.0252748748269236	1.329956029786453	0.01275	1.0444116254081628	1.0092874529891238	-0.0119	1.1243643887890775	0.7346653872654272	-0.0002
320	5.333333333333333	0.7283052096279068	0.8201652437250333	0.0301	0.5945323409925992	0.824687768157019	0.0301	0.5093602480960308	0.3343799873393244	0.0179	0.387560267065333	-0.1543247515323325	0.023	0.5140349848664808	-0.26822384166568625	0.2179	0.43254128756910376	-0.28508419968260534	0.1804	0.33913934517487193	-0.23230485040051005	-0.0119	0.825224143964677	0.8324696796465181	-0.0301	1.002453017963712	0.39562342495948044	-0.0179	1.021716880345058	-0.09774906621810525	0.023	1.194107184399019	-0.2078885325520704	0.2179	1.206678263023595	-0.1830255040410712	0.1804	0.9781207583980895	-0.17606081588609218	-0.0119	0.8786034989835454	1.460519456185534	-0.0008	1.0133981935412015	1.7582277196093035	0.0655	1.0462830638521763	1.5731535742836606	0.1076	0.6340908307002203	1.368564316694258	-0.01275	0.5228416093050793	1.015916312254435	0.0119	0.6073012850354299	0.7131553677718219	0.0002	1.0259858122638807	1.33014257877473	0.01275	1.0449514139652054	1.0100738885288532	-0.0119	1.1258670517778175	0.7340782986201129	-0.0002
321	5.35	0.7279744117147704	0.8202100894434297	0.0301	0.5937680339843866	0.8245517621304068	0.0301	0.5098276937381402	0.33400564256907034	0.0179	0.387504118270162	-0.15456337759970173	0.023	0.5143339069836256	-0.26833987529107173	0.2179	0.43273023678220407	-0.28605460746139166	0.1804	0.33915831662416146	-0.23227086820337164	-0.0119	0.8250232981178058	0.832271259020271	-0.0301	1.0030684712544804	0.39576370491248913	-0.0179	1.0214414049799643	-0.09796914708770771	0.023	1.1935114798793791	-0.20867544550535658	0.2179	1.2055710843294478	-0.1839117336901302	0.1804	0.9781568266363319	-0.17616907855484404	-0.0119	0.8790642681967102	1.45975551970045	-0.0008	1.0138556913052794	1.7576260577437166	0.0655	1.0459607075147794	1.572330460565965	0.1076	0.6342652015294948	1.3682837577370035	-0.01275	0.523817043946991	1.0155590583746696	0.0119	0.6080425339038139	0.7122306876442379	0.0002	1.0263881397101533	1.3302427744899248	0.01275	1.0457149890418493	1.0105796187907103	-0.0119	1.1274549824947764	0.7334558294223424	-0.0002
322	5.366666666666666	0.7273003018060931	0.8202877090056286	0.0301	0.5929700588884494	0.824566312625608	0.0301	0.5103460681867266	0.33365854490905233	0.0179	0.38747406847804244	-0.1548408966280172	0.023	0.5147194124864605	-0.2688075167324555	0.2179	0.4326200641116918	-0.2868674987015206	0.1804	0.33912453817967253	-0.23215538258135837	-0.0119	0.8246992823449759	0.832217889586723	-0.0301	1.0038688391757478	0.39603941346256905	-0.0179	1.0210133001421753	-0.09842296367044828	0.023	1.192993595063587	-0.20935822783234692	0.2179	1.2045255781188362	-0.18445846131222265	0.1804	0.9783586615999359	-0.17635739615911847	-0.0119	0.8794386222324923	1.4592320301152366	-0.0008	1.0142337483639656	1.7572446356391307	0.0655	1.0457547004736916	1.5717885525429243	0.1076	0.6344218510513028	1.3681866805261107	-0.01275	0.5246306125930098	1.0151538558387956	0.0119	0.6090941056853237	0.7117055066454665	0.0002	1.0267219979998357	1.3300779765882158	0.01275	1.0467873473188472	1.0105652201503816	-0.0119	1.129005302064458	0.7327718343159227	-0.0002
323	5.383333333333333	0.7264717699154102	0.8204262879422992	0.0301	0.5924703141368567	0.8246508674140997	0.0301	0.5106917968406539	0.33358220684685586	0.0179	0.38743601006015277	-0.15499711373370226	0.023	0.5151505015400342	-0.26960727409773605	0.2179	0.43239157327056676	-0.2873511416211836	0.1804	0.33901905057510523	-0.23204473405395667	-0.0119	0.8243874528653599	0.8321868101999497	-0.0301	1.0047485513826095	0.39646953299279797	-0.0179	1.0206117130486654	-0.09899201913217104	0.023	1.192922682974256	-0.20951276305287514	0.2179	1.2042197305404785	-0.18444355401882967	0.1804	0.9786802232496061	-0.17655952278051198	-0.0119	0.8799640009274922	1.4590733030849046	-0.0008	1.014710728908766	1.7571400014503344	0.0655	1.0459709589935802	1.5717691402363212	0.1076	0.6344497287247597	1.3682862354752052	-0.01275	0.5249988625054793	1.014783300193481	0.0119	0.610309207082814	0.7117462504339157	0.0002	1.0272005228545975	1.3295193210502783	0.01275	1.0480451437786562	1.010084448937664	-0.0119	1.1303390693187303	0.7319661808228962	-0.0002
324	5.4	0.7257767588734964	0.8205683055982256	0.0301	0.5924046548680858	0.8248808526678905	0.0301	0.5108079111631313	0.3338131193210438	0.0179	0.3873670386116413	-0.15507593004588752	0.023	0.515686271995304	-0.2704721710045652	0.2179	0.4323950536178961	-0.2874568696009217	0.1804	0.3388814193785827	-0.2320585820822453	-0.0119	0.8242638058534736	0.832185506977643	-0.0301	1.0056345682204686	0.39693326798402934	-0.0179	1.020394021216126	-0.09969112208219327	0.023	1.1932713040186593	-0.2095672854325017	0.2179	1.2046276798620996	-0.18412744576473536	0.1804	0.9791122256915913	-0.17663050367949223	-0.0119	0.8805568518969602	1.459208272815496	-0.0008	1.0154250284475475	1.756899634790667	0.0655	1.0466093166147665	1.5719968693465871	0.1076	0.6344663259053867	1.3684758162328563	-0.01275	0.524967214332167	1.0143706605300358	0.0119	0.6114662199302336	0.7122801169239961	0.0002	1.027904476215701	1.3286016879761424	0.01275	1.0492235610804734	1.0094279523490075	-0.0119	1.131500933231289	0.7311717825846366	-0.0002
325	5.416666666666667	0.7254128924131806	0.8204533096731259	0.0301	0.5926771142998086	0.8250875202804684	0.0301	0.51072070852088	0.3342279800223299	0.0179	0.3872841804019006	-0.15513322431903076	0.023	0.5163092669548441	-0.2710991562727436	0.2179	0.4327525764070629	-0.28732333674457394	0.1804	0.3387844802541779	-0.23221860069377862	-0.0119	0.8244639112322999	0.8319885359469779	-0.0301	1.0064715948742475	0.39734596172877956	-0.0179	1.0204207653062265	-0.10048923730335595	0.023	1.1937678772743159	-0.20994815245776258	0.2179	1.2053033327539568	-0.18390211608533222	0.1804	0.9795877342327572	-0.1764802800676144	-0.0119	0.8811102429293485	1.459439645431109	-0.0008	1.0164198457829177	1.7563545845385036	0.0655	1.0475502210064134	1.5720127838330311	0.1076	0.6347398208462129	1.368719884203473	-0.01275	0.5247786659165175	1.0139597805658283	0.0119	0.6123923779532082	0.7130610967157303	0.0002	1.0288144336627738	1.3274882288591623	0.01275	1.0501531984066044	1.008757498741373	-0.0119	1.1326795085211985	0.7306333678078423	-0.0002
326	5.433333333333334	0.725436158733038	0.8198084960508351	0.0301	0.5931652831072398	0.8246884317237002	0.0301	0.5103998077477726	0.3347528451229015	0.0179	0.3871993378120663	-0.155079650883153	0.023	0.5168518890924713	-0.27135506866747094	0.2179	0.4332888334325945	-0.28719119363480233	0.1804	0.33871564405993926	-0.23243340168460544	-0.0119	0.8250342930924637	0.8310840149913674	-0.0301	1.00714712738605	0.39763718376507	-0.0179	1.020636539443937	-0.10111566469062531	0.023	1.194355236139101	-0.21029353736321774	0.2179	1.206074604858001	-0.18381348995210037	0.1804	0.9799978934346576	-0.17619515659628646	-0.0119	0.8818053560304865	1.4595781082207582	-0.0008	1.0177259055576813	1.7559231673076112	0.0655	1.0488477577619797	1.5716378819420302	0.1076	0.6354511989218135	1.369011575426142	-0.01275	0.5245911196591329	1.0138224716281272	0.0119	0.6130487713021457	0.713835788815951	0.0002	1.0298446210657097	1.3263965871110128	0.01275	1.0508852067714638	1.0081564245385484	-0.0119	1.1338721929090827	0.7305826959664494	-0.0002
327	5.45	0.7258088149721398	0.8186650417329825	0.0301	0.5938760228422035	0.8233987849129862	0.0301	0.5098905325117318	0.33535657190885626	0.0179	0.3871247515117294	-0.15482916227639623	0.023	0.5171605978499657	-0.2712501836675632	0.2179	0.4337642921067296	-0.2871902788270683	0.1804	0.33864386483891973	-0.23253931778280035	-0.0119	0.8259020295206683	0.8293007871051737	-0.0301	1.0075944657067648	0.3976179891637956	-0.0179	1.0209060808765424	-0.10134988059693872	0.023	1.1950132740446313	-0.21019901714510053	0.2179	1.2068836435914057	-0.18377533413324348	0.1804	0.9803310330615581	-0.17595415659468355	-0.0119	0.8827807561961366	1.459519045197066	-0.0008	1.0193897608474876	1.7558886797041637	0.0655	1.050576468547153	1.570822383685462	0.1076	0.6365775007081633	1.3692571612003412	-0.01275	0.5244463650810268	1.0141410508391602	0.0119	0.6134818734051815	0.7144834475584462	0.0002	1.0308825053669717	1.3255657555543758	0.01275	1.0515473230552952	1.0078871471255784	-0.0119	1.1349096790104427	0.7311667170259567	-0.0002
328	5.466666666666667	0.7264163296138441	0.8173830223997657	0.0301	0.5948079392092885	0.821724332524772	0.0301	0.5094191725532712	0.3358541020520301	0.0179	0.3870865355032953	-0.1545125415378587	0.023	0.51728023249008	-0.27088018203562375	0.2179	0.4340052006190636	-0.28725160892526186	0.1804	0.3386179671951099	-0.23241633407586668	-0.0119	0.8268388670296891	0.8271658745918997	-0.0301	1.0079292966520008	0.39716852546445547	-0.0179	1.0211081146886039	-0.10133260491129467	0.023	1.1954222787282236	-0.20997906939244038	0.2179	1.2073891661842413	-0.18393129402364977	0.1804	0.9806435054278666	-0.17585526888823674	-0.0119	0.8838543261967028	1.4592573757030822	-0.0008	1.0213646671018473	1.755920660776115	0.0655	1.052528448654626	1.5694225663872847	0.1076	0.6379139870963749	1.3694100355620498	-0.01275	0.524440722543266	1.0147438933303345	0.0119	0.6137659324737628	0.7149864024430522	0.0002	1.0318769564269246	1.3251422207731143	0.01275	1.0522254212794182	1.0081675375248165	-0.0119	1.1357868303482157	0.73220720345955	-0.0002
329	5.483333333333333	0.7270879434513774	0.8163121517075068	0.0301	0.5957603891777079	0.8203596721700289	0.0301	0.5091939828401472	0.3359418319765783	0.0179	0.3870609472534846	-0.15438465843574337	0.023	0.5173294432061508	-0.27045330435338344	0.2179	0.43389075342177147	-0.28721171689481567	0.1804	0.33864763959901206	-0.23216363960516834	-0.0119	0.8276051288733336	0.825323661285567	-0.0301	1.0083151404806103	0.39651205298796904	-0.0179	1.0211985936225063	-0.10126108579670044	0.023	1.1953127277373943	-0.20995856532184204	0.2179	1.2073159625586996	-0.18434924003034311	0.1804	0.9809095595207997	-0.17586912666354024	-0.0119	0.884851324942822	1.458863021385604	-0.0008	1.0234255014110463	1.7556948339227962	0.0655	1.0543163111583196	1.5675237122934924	0.1076	0.6391528572463543	1.3695669618981337	-0.01275	0.5247155428129135	1.0152769871631353	0.0119	0.6139958877969849	0.7153300456296907	0.0002	1.0328973703936892	1.3250327212143231	0.01275	1.0530214049883062	1.008835386205127	-0.0119	1.1366708710289262	0.7331249125088094	-0.0002
330	5.5	0.7276517713695099	0.8155700630647458	0.0301	0.5963944373172246	0.8195320193292794	0.0301	0.5092079015241401	0.33548057003949683	0.0179	0.3869751880962292	-0.15451707547005583	0.023	0.5172701253035846	-0.27021082631729165	0.2179	0.4334024883472	-0.2869799740640438	0.1804	0.3386173589858565	-0.23205138161030175	-0.0119	0.8281406876042997	0.8239683174639467	-0.0301	1.0087420869246664	0.3960254147776821	-0.0179	1.0211622457763405	-0.10102941541382279	0.023	1.1948346128948677	-0.20975665991869605	0.2179	1.206840381792832	-0.18470897118933263	0.1804	0.9810218647880555	-0.17592291731554616	-0.0119	0.8858778337798426	1.4584541575487402	-0.0008	1.0252303481207672	1.7554331636150944	0.0655	1.055654826881813	1.565674318893017	0.1076	0.6400330553315771	1.3697863273572521	-0.01275	0.5253047151436182	1.0156058460556368	0.0119	0.6142403549971484	0.715517516097939	0.0002	1.034020417881723	1.3250099989569892	0.01275	1.0540115793090898	1.0094795710706221	-0.0119	1.137594457012898	0.7333169713588024	-0.0002
331	5.516666666666667	0.728031152243897	0.8152236592187334	0.0301	0.5964967984902798	0.8193000115045446	0.0301	0.5093729424721821	0.33463208257111937	0.0179	0.38681299939188346	-0.15471610250853898	0.023	0.5170009432910544	-0.270251397181108	0.2179	0.4326970266595598	-0.286653251539387	0.1804	0.3384359170492513	-0.23221394531196432	-0.0119	0.8285224916204986	0.8232222960633387	-0.0301	1.0090956636888826	0.39585958667358945	-0.0179	1.020983330796854	-0.10047921343129824	0.023	1.1942277980742046	-0.20900939871797877	0.2179	1.2062334813405455	-0.18474608534715403	0.1804	0.980921668689904	-0.17596675566274023	-0.0119	0.8870066426196009	1.4581270392777579	-0.0008	1.0265541305109047	1.7554164810759572	0.0655	1.056471549584232	1.5643830232608833	0.1076	0.6404887491142649	1.3699573086987338	-0.01275	0.5261415341581652	1.0159215295781128	0.0119	0.6144657521676814	0.7155986260246476	0.0002	1.035137553576039	1.3249835595497865	0.01275	1.0550754712293526	1.009778774370704	-0.0119	1.13846955589092	0.7325545851547999	-0.0002
332	5.533333333333333	0.72827383497605	0.8154612562850383	0.0301	0.5961651170719238	0.8199484678886538	0.0301	0.5097105119834913	0.3337629933155695	0.0179	0.3866378395451237	-0.15472328915087075	0.023	0.5165672631855733	-0.2704793928063606	0.2179	0.4320264319458101	-0.2864462739615503	0.1804	0.338139285947416	-0.23250811869900942	-0.0119	0.8287995722749597	0.8235390934535297	-0.0301	1.0093617573081983	0.3959671918529431	-0.0179	1.0207114521830722	-0.09973705960923082	0.023	1.1934976597558409	-0.20809910422467132	0.2179	1.2055048440262943	-0.18462845446572285	0.1804	0.9806489939280806	-0.17596906124200787	-0.0119	0.8880369935893809	1.4578995287178038	-0.0008	1.0274656431343707	1.7554997525665514	0.0655	1.0568945052575442	1.563671652593801	0.1076	0.6406774330186694	1.3699423662681018	-0.01275	0.527161952344794	1.0164195311692727	0.0119	0.6145431523462956	0.7156357015694896	0.0002	1.03601384533489	1.3250119493154922	0.01275	1.0559513429478498	1.0096267470562064	-0.0119	1.1393687394086942	0.7310503853796453	-0.0002
333	5.55	0.7284310136341208	0.816405980799759	0.0301	0.5957336408570151	0.8215676779762872	0.0301	0.5102078442223366	0.33326662316606664	0.0179	0.38649883137500135	-0.15442764902880218	0.023	0.5160833330347275	-0.2706851680090624	0.2179	0.4315231667667765	-0.2864783403824251	0.1804	0.33777290960070394	-0.2326929083503325	-0.0119	0.8289390227927277	0.8251458295802552	-0.0301	1.0095926185403234	0.39628573109302884	-0.0179	1.0204417267845884	-0.09908500199689957	0.023	1.1927014244162932	-0.2075341929720874	0.2179	1.2047037694974525	-0.1845550906684357	0.1804	0.9802980545431741	-0.17595145932428247	-0.0119	0.888846752432642	1.4577792792381936	-0.0008	1.0282111088573445	1.7555058931302012	0.0655	1.0571677013355727	1.563428651812934	0.1076	0.6408563217745696	1.3697177777917233	-0.01275	0.528279245536608	1.0170547081592272	0.0119	0.6143792415714048	0.7156830140851947	0.0002	1.0365189255822949	1.325094156440385	0.01275	1.0564803943445016	1.0091217429616295	-0.0119	1.1404080128146261	0.7293716098668803	-0.0002
334	5.566666666666666	0.7285106219197848	0.8178820226260969	0.0301	0.5955262091592219	0.8236773650782362	0.0301	0.5106460707444851	0.3333920227819244	0.0179	0.3864008361133947	-0.1539404865835525	0.023	0.5156062969794939	-0.27065137301295544	0.2179	0.4311518545468791	-0.28666734053856496	0.1804	0.337331062665572	-0.2326185956427899	-0.0119	0.828897705419913	0.8275802649864882	-0.0301	1.0097384376798693	0.3966963051858787	-0.0179	1.0202275378560255	-0.09867518465774583	0.023	1.1921985850430488	-0.20722992619315186	0.2179	1.2041950806701847	-0.18438631074435632	0.1804	0.9799651970189429	-0.1760262331357335	-0.0119	0.8896245872272697	1.45778876204536	-0.0008	1.028961434401275	1.7555993886008268	0.0655	1.0575161659019545	1.563774342956785	0.1076	0.6411766767230485	1.3693286011492842	-0.01275	0.5293326644225169	1.0176469270957407	0.0119	0.6140595606418103	0.7157711958589482	0.0002	1.0366965593840158	1.3251284371360867	0.01275	1.0566928673201768	1.0085512932545075	-0.0119	1.1414144059872144	0.7282400712168536	-0.0002
335	5.583333333333333	0.7285625191998912	0.8194865608170556	0.0301	0.5956467582759924	0.8256757294580824	0.0301	0.5107992529584924	0.33414977642042	0.0179	0.38636573811543595	-0.15349606400070603	0.023	0.5152176831566221	-0.27029723547491347	0.2179	0.430944776062827	-0.2868094300158234	0.1804	0.3369113341192282	-0.23226547705658804	-0.0119	0.8286752450547109	0.8302228802017297	-0.0301	1.0096839320353623	0.3970382745005836	-0.0179	1.0201272671233677	-0.09853165068938935	0.023	1.1922676628791011	-0.2069855858809415	0.2179	1.2042630633991465	-0.18398218567274688	0.1804	0.9797047816077751	-0.17628279312109915	-0.0119	0.8905221136772122	1.4578806983903885	-0.0008	1.029701492797497	1.755893602978655	0.0655	1.058021001999775	1.564754951924426	0.1076	0.6416192824450039	1.3688334847805832	-0.01275	0.5301943828967042	1.01802098136507	0.0119	0.6138152864229915	0.7159247243898815	0.0002	1.0366946161115669	1.325075578323701	0.01275	1.0567325413362194	1.0082267533388654	-0.0119	1.1420640654287117	0.7281142374826206	-0.0002
336	5.6	0.7286341597348243	0.8208090664674426	0.0301	0.5959859298485393	0.8273027984844878	0.0301	0.5106946539189601	0.33532559679517354	0.0179	0.38643316613531803	-0.15327381483206687	0.023	0.5150164792075251	-0.2697932781063232	0.2179	0.4310785392449887	-0.286719993499842	0.1804	0.33676236688535	-0.23176796659111282	-0.0119	0.8283022299421414	0.8327143202477227	-0.0301	1.009442815847743	0.3972949459465432	-0.0179	1.0202502825502116	-0.09870037817684639	0.023	1.192717223150714	-0.20707648923301855	0.2179	1.204703888246807	-0.1835786289696983	0.1804	0.9795017366646585	-0.1766863760786136	-0.0119	0.8914087838159119	1.4579753118771188	-0.0008	1.0303350070912953	1.7561215293096355	0.0655	1.0585510464022911	1.5660546669270228	0.1076	0.6421414766656646	1.3683011529105	-0.01275	0.5308672888765665	1.0180510445220003	0.0119	0.6138256697460021	0.7162011990573078	0.0002	1.0366719471839154	1.3250166291363703	0.01275	1.0567524226393694	1.0082240546029164	-0.0119	1.14228145502804	0.7288730437820625	-0.0002
337	5.616666666666666	0.7286886509359786	0.8216070491806088	0.0301	0.5964205617910961	0.8284662310923124	0.0301	0.5105456885653084	0.3366223410587192	0.0179	0.38662892375072033	-0.15330591985164618	0.023	0.5149213972687987	-0.26944528322675665	0.2179	0.43155656162540385	-0.2863607900292986	0.1804	0.3370339409299575	-0.23139852255765644	-0.0119	0.827844961298888	0.8346744635133647	-0.0301	1.0091782951335617	0.39756368401408726	-0.0179	1.0206384191462823	-0.09913873671362426	0.023	1.193217684380284	-0.20768513204487918	0.2179	1.2051769000314394	-0.18344121800180857	0.1804	0.9792934754380167	-0.17712742839158171	-0.0119	0.8921255235008538	1.4580805640847707	-0.0008	1.030834548653551	1.7560550518922335	0.0655	1.0589172914518303	1.5672977774988814	0.1076	0.6427352823618964	1.367789711961276	-0.01275	0.531408200391175	1.01775838716797	0.0119	0.6141303165259447	0.7166134802826987	0.0002	1.0367199736126502	1.3249860766624912	0.01275	1.0568412204527984	1.0083480677468744	-0.0119	1.142217259777458	0.729951422535879	-0.0002
338	5.633333333333333	0.7287043953423599	0.8219139729709488	0.0301	0.5969048148338528	0.829013865390821	0.0301	0.5105409722838202	0.33781415540496945	0.0179	0.38697680306813953	-0.15349871957216335	0.023	0.5146911599058077	-0.2694263565629497	0.2179	0.43205550833183504	-0.28589893452199805	0.1804	0.3375965744002578	-0.23138721182330668	-0.0119	0.827434282338873	0.8356861425523795	-0.0301	1.0090370151017747	0.39778671351927986	-0.0179	1.0211742038306164	-0.09954899312342896	0.023	1.1937605570814376	-0.2083089546761344	0.2179	1.2056850837013875	-0.18339779071575782	0.1804	0.9790323577413507	-0.17746676449099502	-0.0119	0.8927074636976345	1.4582369688680314	-0.0008	1.031206372114028	1.755854751783698	0.0655	1.0591761499269214	1.5683739196159052	0.1076	0.6433494725093035	1.3673426619063243	-0.01275	0.531858144449777	1.017352707020612	0.0119	0.6147170394124984	0.7170465284884833	0.0002	1.036868572791874	1.324876477330621	0.01275	1.0570320219186895	1.0083683789844715	-0.0119	1.1419700476732146	0.7307672537087435	-0.0002
339	5.65	0.7287426231279186	0.8220102918337021	0.0301	0.5973747414824466	0.8289974450298071	0.0301	0.5107958772531584	0.3387372517775465	0.0179	0.38745744237214025	-0.1537489352707088	0.023	0.514259656001374	-0.2696895124439837	0.2179	0.43230903640418583	-0.28560093521295465	0.1804	0.3381825529593837	-0.23173342751117607	-0.0119	0.8272393260916205	0.8357816871519576	-0.0301	1.0090897416578721	0.39779888908774147	-0.0179	1.0216430215166503	-0.09961641153914216	0.023	1.1944689187874835	-0.20845419435577026	0.2179	1.2063665863301523	-0.18316647272048583	0.1804	0.9787394008470519	-0.1775481800686085	-0.0119	0.8932393436123257	1.458386799215921	-0.0008	1.0314021935373947	1.755684313022769	0.0655	1.0595955700465254	1.5692939807806472	0.1076	0.6439399659379921	1.3669783891097398	-0.01275	0.5322639456030199	1.017065008777519	0.0119	0.6155114030421663	0.7173413169790229	0.0002	1.0371378225009613	1.3246125758178646	0.01275	1.0573331575433782	1.0082490397155868	-0.0119	1.1416389552239434	0.731062497649161	-0.0002
340	5.666666666666667	0.7288542126746343	0.8222158574119376	0.0301	0.5977459114406566	0.8289201671696791	0.0301	0.5113559423598925	0.3392714742616975	0.0179	0.38793824540069616	-0.15404931628273102	0.023	0.5138180055879232	-0.2700891364314181	0.2179	0.4323867481789397	-0.28562774153992493	0.1804	0.33858095746968775	-0.23223287602572998	-0.0119	0.8273689124305267	0.8355354990011121	-0.0301	1.009375961637644	0.39768933543343127	-0.0179	1.0218417809557834	-0.09935699020555475	0.023	1.195238916929745	-0.20838295246797142	0.2179	1.2071163638850173	-0.18288325050171178	0.1804	0.9784999732483947	-0.1773042667110261	-0.0119	0.8936886699556037	1.458413076386841	-0.0008	1.031429441507233	1.7553963870756757	0.0655	1.0603059568175721	1.5699782686958546	0.1076	0.6445222105283989	1.3666728929746421	-0.01275	0.5326344510529288	1.0169463620621173	0.0119	0.6162788698978863	0.7173931190730112	0.0002	1.0375420648923885	1.3242915745124133	0.01275	1.0577118309802749	1.0081323062597514	-0.0119	1.141480024094188	0.7309348819828946	-0.0002
341	5.683333333333334	0.729024554495142	0.8226190634878902	0.0301	0.5980289587194385	0.8292668474229788	0.0301	0.512093691259019	0.33945241892860484	0.0179	0.38821297905835034	-0.15439485207745776	0.023	0.5134753176841407	-0.2704891566480191	0.2179	0.4323705591242624	-0.28594545977057106	0.1804	0.33869841100058407	-0.23266707821053795	-0.0119	0.8278082230835259	0.8354240116317513	-0.0301	1.0098690941991255	0.3977445881458345	-0.0179	1.021704370459863	-0.09902100430560411	0.023	1.1958853103339615	-0.2085136528609263	0.2179	1.2077542456234092	-0.18284544089488977	0.1804	0.9783764355030294	-0.17688437680748964	-0.0119	0.8939902537941924	1.4582551622031572	-0.0008	1.0314740316012485	1.7549061685131975	0.0655	1.061192099537451	1.5703251416174422	0.1076	0.6450959238722074	1.3664120937633064	-0.01275	0.5328553543753347	1.016874683736857	0.0119	0.6167742525365049	0.7171540326242976	0.0002	1.0380684408743261	1.324017847133149	0.01275	1.0580824809149865	1.008148257028588	-0.0119	1.141698362564583	0.7306023843725309	-0.0002
342	5.7	0.7292058940047799	0.8230993290560744	0.0301	0.5983055769737332	0.829928426455575	0.0301	0.5127257222811956	0.3394776452292349	0.0179	0.38815303958215275	-0.1546791621933593	0.023	0.5131475031045469	-0.2708140481263276	0.2179	0.4321183524358939	-0.28638115680534204	0.1804	0.33858899262745445	-0.23292542580531023	-0.0119	0.8284430371919818	0.8354177120633535	-0.0301	1.0104798545767524	0.3979802670272659	-0.0179	1.021379784916138	-0.0987469076275218	0.023	1.1964036629200956	-0.20866556318306897	0.2179	1.2083105606159503	-0.18299009841976732	0.1804	0.978358734662829	-0.17655823884115052	-0.0119	0.8941801614016665	1.457944279718207	-0.0008	1.0317817675345304	1.754445557471262	0.0655	1.0620512395226807	1.5703388745619187	0.1076	0.6456440724309644	1.366242674991541	-0.01275	0.5327859641135317	1.0167043307576589	0.0119	0.6170213288688936	0.7166497578767393	0.0002	1.0387159489759799	1.3237391012656323	0.01275	1.0583704725754504	1.0083057775033242	-0.0119	1.142193617369502	0.7302082161270975	-0.0002
343	5.716666666666667	0.7293470396252367	0.8236609515055455	0.0301	0.5985182029349765	0.8305406031048806	0.0301	0.513081966353922	0.3395092173079234	0.0179	0.38783622922340594	-0.15484831131411603	0.023	0.5128748320457148	-0.271062882057567	0.2179	0.43161618002155816	-0.28671279018990486	0.1804	0.33843992011027046	-0.23299269951963683	-0.0119	0.8290840605483564	0.8354683897551903	-0.0301	1.0111833566330592	0.3980748588751358	-0.0179	1.0210984910279113	-0.09851971766812383	0.023	1.1967530842567922	-0.20861453303322094	0.2179	1.2087847073361802	-0.1830720278202108	0.1804	0.9784267481323459	-0.17645046543606016	-0.0119	0.8943573405967719	1.4575815034174389	-0.0008	1.032444975321544	1.7541298812517176	0.0655	1.0627076249937717	1.5701182402422893	0.1076	0.6461730431380107	1.3662186752079788	-0.01275	0.5324946316686637	1.016342438238259	0.0119	0.6172634042255175	0.7160347013530018	0.0002	1.039552362287668	1.3234005347807811	0.01275	1.0585919866278424	1.008496281671339	-0.0119	1.1427344401528252	0.7298177784087083	-0.0002
344	5.733333333333333	0.7293943319991978	0.8245118143223927	0.0301	0.598403936976047	0.831105078331049	0.0301	0.5132661235012277	0.33952493477921397	0.0179	0.3874942226249101	-0.15499790661490256	0.023	0.5129416142087032	-0.2712389711424569	0.2179	0.4311983157343199	-0.2867842819599431	0.1804	0.3384439291435987	-0.23294149145240667	-0.0119	0.82948192240574	0.835882233845578	-0.0301	1.0120094760113505	0.39785785202176494	-0.0179	1.0209687301949346	-0.09834467012201009	0.023	1.196604231975077	-0.2087635418978548	0.2179	1.2088624629942162	-0.18315313929722574	0.1804	0.9785803460711049	-0.1764652741556375	-0.0119	0.8945857124156208	1.457294531603362	-0.0008	1.0333843401386822	1.7537014189885896	0.0655	1.063086810563024	1.569761816263703	0.1076	0.6466709727338896	1.3663095933825569	-0.01275	0.5322670504092293	1.0157579323809227	0.0119	0.6176632232050602	0.7155352146485388	0.0002	1.040635344475558	1.3230888398852096	0.01275	1.058827369031249	1.0085502599932523	-0.0119	1.1432387159241335	0.7294363154445413	-0.0002
345	5.75	0.7292948431203515	0.825730475395261	0.0301	0.5978281637915553	0.8317418361627883	0.0301	0.5134424614712533	0.339397523207064	0.0179	0.3873107070241901	-0.1551827841438218	0.023	0.5135388817269013	-0.2713114211999779	0.2179	0.4311436792941159	-0.2866213311092307	0.1804	0.3386458242562352	-0.2329222700709018	-0.0119	0.8294680511186221	0.8367998520665679	-0.0301	1.0128517524895062	0.3975889814933487	-0.0179	1.0209523914384646	-0.09820670890589654	0.023	1.1957465086053363	-0.20946353938906506	0.2179	1.2083286829417497	-0.18345918864035649	0.1804	0.9787836459164359	-0.17647602838503876	-0.0119	0.8949009457547984	1.4571787362219473	-0.0008	1.0345176623172159	1.7530216475844846	0.0655	1.0632941046633846	1.5692925555778545	0.1076	0.6470803419167481	1.3663956565579893	-0.01275	0.5323381920959355	1.0150061133904626	0.0119	0.6182001239477245	0.7152554986058172	0.0002	1.0418726121968254	1.3228612994698101	0.01275	1.05912651528628	1.0083657128788768	-0.0119	1.1436638173222293	0.7290119003838982	-0.0002
346	5.766666666666667	0.7290502878160923	0.8270520299886271	0.0301	0.5970991793034929	0.8321906003680429	0.0301	0.5136207911254362	0.3390734892798674	0.0179	0.387299941141178	-0.15528350180275924	0.023	0.5144838190138956	-0.27127463175889627	0.2179	0.43134159182932136	-0.2863911922049756	0.1804	0.338896554319071	-0.23303661370198553	-0.0119	0.829121654977464	0.8377885959460168	-0.0301	1.0134660992065192	0.39760587570760486	-0.0179	1.0209449280623086	-0.09799609446649109	0.023	1.194526193700651	-0.21031583985709698	0.2179	1.2074915186535748	-0.18395225291468284	0.1804	0.9789317120446043	-0.17649189543644794	-0.0119	0.8953301107822363	1.4572259483078593	-0.0008	1.0358101500140526	1.7523765702385994	0.0655	1.0635898226055935	1.5686370527010316	0.1076	0.6473641482588807	1.3663630571988405	-0.01275	0.5327391767164114	1.014231119676097	0.0119	0.618761064042747	0.7151101419907709	0.0002	1.0430490804646233	1.3226064842423095	0.01275	1.0594800073323216	1.0079905984336557	-0.0119	1.143848977010855	0.7284998507361886	-0.0002
347	5.783333333333333	0.7287357274210392	0.8280849741654869	0.0301	0.5967108602802798	0.832191433691014	0.0301	0.5137755723679682	0.33860906473372143	0.0179	0.38737130235645206	-0.15515455291557687	0.023	0.5153642557683042	-0.2711561039501706	0.2179	0.43157115929370077	-0.28621669612317563	0.1804	0.33898637157065914	-0.2332030438223456	-0.0119	0.8286375670892708	0.8383977826776455	-0.0301	1.0137316534133294	0.39796009276210426	-0.0179	1.020829033012799	-0.09769947485772686	0.023	1.193460433890426	-0.2108894569445423	0.2179	1.2067131599787293	-0.18448732593979514	0.1804	0.9789135142693735	-0.1765747839526344	-0.0119	0.895832725360556	1.45735213522243	-0.0008	1.0371278081915916	1.7520137638164768	0.0655	1.0641998782005644	1.5677234547552041	0.1076	0.6475975584443052	1.3662094357138184	-0.01275	0.5333898299258247	1.0136192915942144	0.0119	0.6191919084406629	0.715006972958394	0.0002	1.0439424398899122	1.3222108311094851	0.01275	1.0598656353352591	1.007575351782992	-0.0119	1.143740864825979	0.7279266482225173	-0.0002
348	5.8	0.7284123128107801	0.8286600677419272	0.0301	0.5968324086964532	0.8320935762508433	0.0301	0.5139731458723524	0.33807890675153074	0.0179	0.3874516717029121	-0.15480823716862474	0.023	0.5158599097148759	-0.27099053386872385	0.2179	0.4318039561471201	-0.28608896737606243	0.1804	0.33881724611465863	-0.2332010792908283	-0.0119	0.8280643071726445	0.8387640112219256	-0.0301	1.0137981713815174	0.39853165626017256	-0.0179	1.0205335258041368	-0.09750065061203268	0.023	1.1927400297062551	-0.21146934051017963	0.2179	1.2058973188076816	-0.1851495406129866	0.1804	0.9787155601994204	-0.17668489051684466	-0.0119	0.8962824234965387	1.457542270798858	-0.0008	1.0382531802204602	1.7517963588333247	0.0655	1.0651447985996305	1.5666211480551582	0.1076	0.6479220509839889	1.3660671717308677	-0.01275	0.5341991830296995	1.0133148009025688	0.0119	0.6193586263054331	0.7149954889573037	0.0002	1.0443630524289522	1.3217344779882512	0.01275	1.0602624952702489	1.0072523111718394	-0.0119	1.1435846659788806	0.7273776661857067	-0.0002
349	5.816666666666666	0.7280811129134641	0.8289057150899265	0.0301	0.5972488976842696	0.8325095125954152	0.0301	0.5142164627666158	0.3375275553763765	0.0179	0.38753436388514784	-0.15436170403833926	0.023	0.5159016754312525	-0.2708473322401352	0.2179	0.432040980738616	-0.2859278389216117	0.1804	0.33841936226875097	-0.23285836721081318	-0.0119	0.8273760514585627	0.8392475728556343	-0.0301	1.013927692163947	0.39916216261933835	-0.0179	1.0200960586039864	-0.09750318734527898	0.023	1.1924150892648848	-0.2124220029365814	0.2179	1.2048826374919042	-0.18604111381171964	0.1804	0.978438990663569	-0.17676957441112687	-0.0119	0.8965785949406482	1.4578443843187152	-0.0008	1.039171104297396	1.7515251894611834	0.0655	1.0663096370351477	1.5654410597696247	0.1076	0.6483521953003785	1.3660956178201882	-0.01275	0.5350820988873334	1.0133445894941884	0.0119	0.6192587186439104	0.715162462352144	0.0002	1.044243486639967	1.321317043269374	0.01275	1.0606127685722764	1.0070106001133954	-0.0119	1.1436586915594222	0.7268899264909202	-0.0002
350	5.833333333333333	0.7277454408867639	0.8289949652912241	0.0301	0.5976970835858949	0.8335277288306027	0.0301	0.5143373005884351	0.3369396059503276	0.0179	0.387631578702856	-0.1539118553946717	0.023	0.5156422300097576	-0.2708240588780293	0.2179	0.4322172954519571	-0.2856677838805312	0.1804	0.33788912274032895	-0.2321959896374943	-0.0119	0.8267159510070424	0.8397861838025442	-0.0301	1.014247755338472	0.39957022247177554	-0.0179	1.0196296252113386	-0.09752614869220926	0.023	1.192637766064767	-0.2134794698187777	0.2179	1.2038884906211873	-0.18695955209759413	0.1804	0.9781976595702099	-0.17689870857295634	-0.0119	0.8967406668082669	1.4582025127121712	-0.0008	1.040139252254258	1.7512340977103182	0.0655	1.0675933238141033	1.56418084326314	0.1076	0.6487052342420319	1.3663235169293124	-0.01275	0.5359388486738033	1.0136243449315738	0.0119	0.6190686274555323	0.7154838426650685	0.0002	1.043774534698729	1.3210160398268052	0.01275	1.0608295280187798	1.0066843080403833	-0.0119	1.1439624301050657	0.726393920112938	-0.0002
351	5.85	0.7274275701484367	0.8288995488230861	0.0301	0.5980248689811601	0.8347294485394271	0.0301	0.5142139170768931	0.33620745552586234	0.0179	0.3877130607840093	-0.1535585099249999	0.023	0.515339747461254	-0.2709007711489843	0.2179	0.43243339652997853	-0.2853125628623761	0.1804	0.33738573041350955	-0.23142770740951385	-0.0119	0.8263556175519053	0.8400414480604245	-0.0301	1.0146818949506773	0.3994930987537775	-0.0179	1.0192294040026018	-0.09738991160089287	0.023	1.1933893848967057	-0.2142494530294181	0.2179	1.2031950035390246	-0.18758701599216593	0.1804	0.9780309152643648	-0.17715390778706191	-0.0119	0.8968335276199506	1.4584523990817395	-0.0008	1.0413491339062084	1.7509867634281246	0.0655	1.0688755699900834	1.5628843316418268	0.1076	0.6488348764511463	1.366635912694241	-0.01275	0.536637349094869	1.014008980056232	0.0119	0.619066052401578	0.7158563044722565	0.0002	1.0433250803393954	1.3208488174250137	0.01275	1.060852317419908	1.0061441124285002	-0.0119	1.1443158743517823	0.7258691763548175	-0.0002
352	5.866666666666666	0.7271038835388239	0.8284721512484183	0.0301	0.5981108533189882	0.8357656280435207	0.0301	0.5139684212379412	0.3352305667714167	0.0179	0.3877530165916866	-0.15340467525416357	0.023	0.5151952223685766	-0.2708374135983056	0.2179	0.43290825020454826	-0.2849120522553938	0.1804	0.33709974114471486	-0.230826203350947	-0.0119	0.826449764246983	0.8399088552474139	-0.0301	1.0150424467469383	0.3990084550475352	-0.0179	1.0189372202101354	-0.09722508577639366	0.023	1.1942643632240764	-0.21482545594444113	0.2179	1.2028020668078285	-0.18781759310137	0.1804	0.977913593572426	-0.1775106819732694	-0.0119	0.8969105654427542	1.4584862817132516	-0.0008	1.0426989409119647	1.7506681417868435	0.0655	1.0699880895960663	1.5618048621325185	0.1076	0.6488722676477195	1.3669295317886019	-0.01275	0.5370600255338083	1.014321280218771	0.0119	0.6194657353135906	0.7161708137193978	0.0002	1.043189831646408	1.3208593760440583	0.01275	1.0607017583213345	1.0055394237096345	-0.0119	1.1446067840023624	0.7254993268929831	-0.0002
353	5.883333333333333	0.7267382403194433	0.8276857281588692	0.0301	0.5979140330431499	0.8364602310993242	0.0301	0.5138250719484891	0.3341043957360066	0.0179	0.3877660864665862	-0.1534360696794487	0.023	0.5151951103563799	-0.27043302342935766	0.2179	0.4335776696142751	-0.28452277466236026	0.1804	0.3371096638467039	-0.23054722809311645	-0.0119	0.8269177801235956	0.8394865815134106	-0.0301	1.015153323520391	0.39846745022976565	-0.0179	1.018723128130218	-0.09724961731678007	0.023	1.1948341582819253	-0.21548860461800037	0.2179	1.2026612399785792	-0.18774544528598816	0.1804	0.9777753030183083	-0.1779001249109713	-0.0119	0.8970994053290262	1.4583114508106834	-0.0008	1.0440094743035886	1.7501691238183676	0.0655	1.0709019660770842	1.5612222506719682	0.1076	0.6490722176803887	1.367212980198144	-0.01275	0.537181567651905	1.0144319524027734	0.0119	0.6202771362813488	0.7162950314538332	0.0002	1.0434752200610609	1.3210368970599877	0.01275	1.060497805398525	1.0052074463036877	-0.0119	1.1448548097476305	0.7255257590668697	-0.0002
354	5.9	0.7264134425170221	0.8266802878610617	0.0301	0.5975994061469818	0.8366157844501254	0.0301	0.5138522796548781	0.33309220351493357	0.0179	0.38772017448847357	-0.15348038410242362	0.023	0.5151406672048755	-0.26982099815186006	0.2179	0.43405554019426584	-0.284196777234777	0.1804	0.33730519123380587	-0.23054486111233102	-0.0119	0.8275294544569288	0.8387887360348734	-0.0301	1.0149413782880037	0.3981424931810477	-0.0179	1.0185326128443326	-0.09746239178266565	0.023	1.1950362455375116	-0.21625384169681547	0.2179	1.2028486180705202	-0.18751469380459862	0.1804	0.9775524668634594	-0.17826243018722282	-0.0119	0.8975512612827758	1.4579542789303426	-0.0008	1.0452320363707663	1.749627560847983	0.0655	1.0717604117071111	1.5612027792242555	0.1076	0.6494859663478362	1.3675024259172979	-0.01275	0.5370941167868992	1.0143567860334628	0.0119	0.6212934013858873	0.7161268293654393	0.0002	1.0441503313419151	1.321303300708403	0.01275	1.0603800611873342	1.0052898892972046	-0.0119	1.145155149606475	0.7259822069349565	-0.0002
355	5.916666666666667	0.7263325699870209	0.8256832530527324	0.0301	0.5974183307364374	0.8361763677132085	0.0301	0.5139362046403396	0.33231436981558427	0.0179	0.3875397552635387	-0.15337029350328374	0.023	0.514932357409091	-0.26927658624791667	0.2179	0.43411167776656906	-0.28392588872521296	0.1804	0.3374994944699852	-0.2306170066874914	-0.0119	0.8281073475229488	0.8378918900135324	-0.0301	1.0144582693492536	0.3981103986671636	-0.0179	1.0184237516062393	-0.09776261419339492	0.023	1.1950094005753509	-0.2168838696503225	0.2179	1.203307093933413	-0.18723896578034835	0.1804	0.9772866958504481	-0.1785236679579607	-0.0119	0.8982374941461804	1.457436611415116	-0.0008	1.0462951886533005	1.749288250990007	0.0655	1.0725844059597096	1.56163237701742	0.1076	0.6499565708615616	1.3676741315031153	-0.01275	0.5369461182507026	1.0142096953125277	0.0119	0.6222424912170105	0.7157936645164714	0.0002	1.0450541565793479	1.3216310244852505	0.01275	1.0603949038142695	1.0056639033927695	-0.0119	1.1455329153599956	0.7266826898413912	-0.0002
356	5.933333333333334	0.7266418398542851	0.8249845535478627	0.0301	0.5974672559436508	0.8354237925633446	0.0301	0.513956411272962	0.33161847408609135	0.0179	0.3872319041652598	-0.15310225591170487	0.023	0.5147330388093315	-0.2688955630118762	0.2179	0.43393093468625116	-0.2836309314201355	0.1804	0.3375675616913609	-0.23053634179059593	-0.0119	0.8286541661488935	0.8371485957240166	-0.0301	1.013866601001353	0.39835158773859275	-0.0179	1.018547790536572	-0.09812086263309336	0.023	1.1948072372037795	-0.21709806798892142	0.2179	1.2037738060766698	-0.1869355805859072	0.1804	0.9770940580483362	-0.17864250608561527	-0.0119	0.8989935764710936	1.4569052333724901	-0.0008	1.047020418494916	1.7492185620407	0.0655	1.073174350770098	1.5624003304409075	0.1076	0.650347174082713	1.367530640001006	-0.01275	0.536855542674015	1.0141007752602484	0.0119	0.6229741154225517	0.7156582955729134	0.0002	1.045894666541231	1.3220752864457515	0.01275	1.060482505803329	1.0062269052785084	-0.0119	1.1458217031607651	0.7274006964547046	-0.0002
357	5.95	0.7272930404131818	0.8247549130176992	0.0301	0.5976610252350312	0.8346241440164222	0.0301	0.5138510596566785	0.3308629292445634	0.0179	0.3869408963144102	-0.1527362874653935	0.023	0.514733369130017	-0.2686848652298723	0.2179	0.43375248185680065	-0.283283804543302	0.1804	0.33748911824832856	-0.23021897769867788	-0.0119	0.8292490323951874	0.8367796590961685	-0.0301	1.0133773749300432	0.3987816637821269	-0.0179	1.0189563127391528	-0.09850351674978745	0.023	1.1944939137982484	-0.2167088163874479	0.2179	1.2041426950638463	-0.18653735056282306	0.1804	0.9770355635927842	-0.17869142688215503	-0.0119	0.8997477279189431	1.4566365333726206	-0.0008	1.0473131501147723	1.7493606377221063	0.0655	1.0733947263095216	1.5634622813053212	0.1076	0.6506281323822558	1.3670352163097166	-0.01275	0.5369026569566486	1.0140949123610599	0.0119	0.6235077047737065	0.7159578403340549	0.0002	1.0464167534203943	1.322661663413431	0.01275	1.0605713863890407	1.0069353026781283	-0.0119	1.145782658804943	0.7279831818241248	-0.0002
358	5.966666666666667	0.7281242111822082	0.8247429700156623	0.0301	0.5979251266922269	0.8335894070089356	0.0301	0.5135708915597672	0.3301308751745295	0.0179	0.3868652265999157	-0.1522712976975271	0.023	0.5149313143155345	-0.26874136104447155	0.2179	0.4335440107543273	-0.2830066943255203	0.1804	0.3373128910722889	-0.22980878504526753	-0.0119	0.8298945086418572	0.8364355726706004	-0.0301	1.013123497440796	0.39920092963092163	-0.0179	1.0195002748835194	-0.09879680785684343	0.023	1.1942899495983947	-0.21572471887493175	0.2179	1.2045683300991648	-0.18602082871707132	0.1804	0.9770899902512904	-0.1787734374311299	-0.0119	0.9004996828592087	1.456805508564201	-0.0008	1.0472001001079974	1.7497221389219733	0.0655	1.07336622333292	1.5647723487284197	0.1076	0.6508224834930966	1.3664141765856939	-0.01275	0.5371412081603617	1.0141935235975483	0.0119	0.623940230341124	0.7165804750885316	0.0002	1.0465797187334787	1.323278404703695	0.01275	1.0606672113690598	1.0076235454752605	-0.0119	1.1453334036343936	0.7284211913510416	-0.0002
359	5.983333333333333	0.7290161429537105	0.8244616785415027	0.0301	0.598280179066141	0.8320280635665637	0.0301	0.5131669923701193	0.3296231741743032	0.0179	0.38706850234437146	-0.15176112138750628	0.023	0.5152441999940341	-0.2690612880265999	0.2179	0.4332356721108231	-0.2829739498167096	0.1804	0.3371098153168285	-0.22954579728773244	-0.0119	0.830520963352158	0.835617693108491	-0.0301	1.0131113498426685	0.3994354121933705	-0.0179	1.019924140614058	-0.09890546573023762	0.023	1.194321844712861	-0.2144563963611985	0.2179	1.2050396268869794	-0.18549998216608582	0.1804	0.9772193302619436	-0.1788729394411161	-0.0119	0.9011586916229096	1.4573317592978072	-0.0008	1.046700921446177	1.7502705366513929	0.0655	1.073284378176496	1.5661761481237346	0.1076	0.6509799217894202	1.3659926565368448	-0.01275	0.5375327755366883	1.0143662111432175	0.0119	0.6243323589258125	0.717279418740801	0.0002	1.0465181443102038	1.3237236834806452	0.01275	1.060819720729156	1.0081151084011828	-0.0119	1.1446622342221469	0.7288749162246803	-0.0002
360	6.0	0.7298971305627868	0.8237841423817571	0.0301	0.5986879975388308	0.830165728199007	0.0301	0.5128591407493204	0.3295469214725242	0.0179	0.38738722934701664	-0.15137288484623487	0.023	0.5155493280916846	-0.26935764269966894	0.2179	0.4328879060357734	-0.2832081172761542	0.1804	0.33697737310166054	-0.22953381490199462	-0.0119	0.8310461106303096	0.8343328621333359	-0.0301	1.0132561072698276	0.399573063515338	-0.0179	1.020059636525535	-0.09885268420678539	0.023	1.1943901347261778	-0.2133872748007857	0.2179	1.2051987104039374	-0.185139523852379	0.1804	0.9773849395086044	-0.17886633489625892	-0.0119	0.9016106900163039	1.4579644466931472	-0.0008	1.0459122472904194	1.7507712699603648	0.0655	1.0732184067487893	1.56731944104371	0.1076	0.6511770004685876	1.3659672140893042	-0.01275	0.5378977261072142	1.0145856195877834	0.0119	0.6246817423476188	0.7179010396257859	0.0002	1.0464117256292216	1.3238614202422863	0.01275	1.0610146103421951	1.0084809912663537	-0.0119	1.1441475106015857	0.7294913448333094	-0.0002
361	6.016666666666667	0.7306372134406867	0.8230362556391914	0.0301	0.5990042147005652	0.8284889738991583	0.0301	0.5127918389899792	0.3300446961482725	0.0179	0.38760057736696585	-0.15120840151368112	0.023	0.5155431442486783	-0.2693107328779586	0.2179	0.4324209226251881	-0.28353608037396794	0.1804	0.3370061232283296	-0.22967296778441842	-0.0119	0.8314214092459081	0.8329308669244211	-0.0301	1.0134212887700471	0.39975758879444395	-0.0179	1.019920020029741	-0.09867618656976043	0.023	1.1942875304286928	-0.21269491341000965	0.2179	1.2048201257798377	-0.18495513501445704	0.1804	0.9775123301857155	-0.1786521619074152	-0.0119	0.9018982369109285	1.4584190032390338	-0.0008	1.045168643088687	1.7510514852108183	0.0655	1.0732231222438273	1.5678035635327572	0.1076	0.6514758020948519	1.3663135981371892	-0.01275	0.5380147556029047	1.014813094301718	0.0119	0.6250104590727564	0.7183524347373687	0.0002	1.046419276961227	1.3236959055398108	0.01275	1.0611645806862773	1.0089341004060033	-0.0119	1.1440511186564946	0.7301736943453949	-0.0002
362	6.033333333333333	0.7310239705337813	0.822523723434787	0.0301	0.5991622837975771	0.8271331926328538	0.0301	0.5128220382379468	0.33103316617306106	0.0179	0.3876547223094193	-0.15123010188992403	0.023	0.5149360051263902	-0.26890707104585754	0.2179	0.4316374371712498	-0.28373418991784843	0.1804	0.3371838743646784	-0.22980438545620402	-0.0119	0.8316708397362267	0.8316035125885646	-0.0301	1.0135059419647252	0.3998314944507843	-0.0179	1.0196262097001638	-0.09835005806708785	0.023	1.1941442006499174	-0.21207011004257711	0.2179	1.2041566570524687	-0.18477733293732165	0.1804	0.9775295198445739	-0.1782679517342639	-0.0119	0.9021677744895712	1.4584347734056675	-0.0008	1.0448747165220729	1.7512686195416778	0.0655	1.0734213861588875	1.5675120218560799	0.1076	0.6518770625378703	1.366807952668638	-0.01275	0.5378258444685567	1.0150161234336026	0.0119	0.6254025416303128	0.7185451414841509	0.0002	1.0466108936081702	1.3233257525496478	0.01275	1.0612246861219314	1.009508851322683	-0.0119	1.144292071345537	0.7306525801132667	-0.0002
363	6.05	0.7309056865988585	0.8223056116864739	0.0301	0.5992049472441103	0.8261045760705479	0.0301	0.5127906210936215	0.33220496300147007	0.0179	0.38764567207426587	-0.15141681482999927	0.023	0.5138651400513532	-0.2684536938025128	0.2179	0.43067335316212324	-0.283698688475202	0.1804	0.33742544887217607	-0.2298647945114224	-0.0119	0.8318343387235503	0.830551555012864	-0.0301	1.0135142543529316	0.3995867663118231	-0.0179	1.0193187207076448	-0.0979557142024468	0.023	1.1942147317370206	-0.21131295422496857	0.2179	1.203550641680035	-0.1844826212379325	0.1804	0.9774614539194296	-0.17789266347760374	-0.0119	0.9024495482303936	1.4578657428222006	-0.0008	1.0451379577001738	1.7515556666006327	0.0655	1.07378405850094	1.5666467258945675	0.1076	0.6523243112451587	1.367164817361566	-0.01275	0.5375157402468794	1.0152101530504212	0.0119	0.625870243158027	0.7184890440744363	0.0002	1.0469047753949132	1.3228848221650362	0.01275	1.0612467424184635	1.0099979253255291	-0.0119	1.1446553781936415	0.7307644567799665	-0.0002
364	6.066666666666666	0.7303313858053786	0.8223555657063509	0.0301	0.5991000865276729	0.8257858451158316	0.0301	0.5128343615876229	0.3333444671744189	0.0179	0.3876391122064426	-0.15181628074549475	0.023	0.5128225493788668	-0.26833595216335854	0.2179	0.43001004413072363	-0.2835377391515148	0.1804	0.3376857633144593	-0.22987590623462067	-0.0119	0.831856405540977	0.8302667048454998	-0.0301	1.0135168716435163	0.3991957497160073	-0.0179	1.0191191964009745	-0.09773360700033883	0.023	1.1945151880334843	-0.2108155355628801	0.2179	1.203008588981486	-0.18420426963630845	0.1804	0.9774326430134171	-0.1777196563430017	-0.0119	0.9026337741464088	1.4568433791444575	-0.0008	1.0457034901202629	1.751698761130394	0.0655	1.074044479865251	1.5655144938221837	0.1076	0.6527253590407464	1.36724393479298	-0.01275	0.5373404808937053	1.0154521285289995	0.0119	0.6262604433461744	0.7183111022869325	0.0002	1.0471382557425946	1.322480719270127	0.01275	1.061313065593524	1.0101231724446946	-0.0119	1.145091799129323	0.7305111456584771	-0.0002
365	6.083333333333333	0.7295116590457179	0.8226490497300917	0.0301	0.5987409385262397	0.8265796021156474	0.0301	0.5131509483477311	0.3345278881837936	0.0179	0.3876282180464439	-0.1523803035533696	0.023	0.5121547435755243	-0.2687603258784374	0.2179	0.4298979350694193	-0.28348039715916973	0.1804	0.33791299120358526	-0.22986232807985665	-0.0119	0.8315928339807289	0.8310343270055536	-0.0301	1.0135800192763396	0.39897838623608173	-0.0179	1.0190914961675985	-0.09776771091964484	0.023	1.1948450655374334	-0.21102727261377294	0.2179	1.202430627749206	-0.18420737611999252	0.1804	0.9775593676407867	-0.1778426236052886	-0.0119	0.9026482549942207	1.4557418088988774	-0.0008	1.0462413685417338	1.7515392926860713	0.0655	1.0740032612938082	1.5644025377774708	0.1076	0.6529853523429332	1.3670899263728127	-0.01275	0.5374024876846691	1.0157748090038399	0.0119	0.6264052727885181	0.7181000561301533	0.0002	1.0472098544872048	1.3221088740930187	0.01275	1.0614946660494415	1.0097193213137767	-0.0119	1.1456177442322912	0.7298797986001274	-0.0002
366	6.1	0.7286885592653609	0.8231097184832611	0.0301	0.598141378159938	0.8282759535827188	0.0301	0.5136268152387635	0.33592744838334976	0.0179	0.3876212328517272	-0.1528785089470997	0.023	0.5118555164829957	-0.2696470200257142	0.2179	0.43008056606598905	-0.2836501506299966	0.1804	0.33797780362565294	-0.229832038659175	-0.0119	0.8309773471909566	0.8324409678770314	-0.0301	1.013722655984148	0.3989584516295514	-0.0179	1.0192133353983357	-0.09782779596078227	0.023	1.1950376305260992	-0.21178846268610882	0.2179	1.201951504930183	-0.18459510892665437	0.1804	0.9778520265519116	-0.17823142224602528	-0.0119	0.9025278203901115	1.4548730803926981	-0.0008	1.046550278000434	1.751317484446365	0.0655	1.0737418163186099	1.5635321297647315	0.1076	0.6530866696551775	1.3668005987637668	-0.01275	0.5376354251693336	1.0161314685483287	0.0119	0.6263113957242223	0.717875097331872	0.0002	1.0471168793664956	1.3216964720014703	0.01275	1.0618367595372478	1.0088417661581262	-0.0119	1.1461026839616473	0.7288248890559779	-0.0002
367	6.116666666666666	0.7280241024009568	0.8236353268176391	0.0301	0.5974742941215041	0.8302831168293171	0.0301	0.5139837063690856	0.33750567534976117	0.0179	0.38764934398380146	-0.15307274085725958	0.023	0.5118179896483216	-0.27066667779098497	0.2179	0.4302272819566368	-0.28395070946952383	0.1804	0.3378185080435704	-0.22977012849633988	-0.0119	0.8301695851633795	0.8338339984322443	-0.0301	1.013898856602046	0.398989130123778	-0.0179	1.0193928594496935	-0.09773441606244745	0.023	1.1950145080401007	-0.2126544435641039	0.2179	1.2017712196620849	-0.18525451164348067	0.1804	0.9782225926683322	-0.1787331772981785	-0.0119	0.9023311408542329	1.4543216331854305	-0.0008	1.0465087687024128	1.7512872126315675	0.0655	1.07342650252151	1.5630337801999556	0.1076	0.6531259858525643	1.366474114843863	-0.01275	0.5379590365835076	1.0164319956531669	0.0119	0.6261002462190459	0.717695536321453	0.0002	1.046900932172937	1.321273834352739	0.01275	1.0622799217339363	1.007789010138021	-0.0119	1.146369382082987	0.7274628017823627	-0.0002
368	6.133333333333333	0.7275524710257345	0.8241582476537879	0.0301	0.5969458642381297	0.832195401505939	0.0301	0.5141439498574027	0.33892547849653776	0.0179	0.3877047335812502	-0.1529124598285811	0.023	0.5120116351648727	-0.2714020405530665	0.2179	0.4303013108821706	-0.28417458511266364	0.1804	0.3375837863126769	-0.2296517437167642	-0.0119	0.8295135641625278	0.8349487499943901	-0.0301	1.014016504017522	0.39905301655117625	-0.0179	1.0195167255161577	-0.09761728551041249	0.023	1.1947131522663632	-0.21344243560826803	0.2179	1.2018784277493437	-0.18599450541599558	0.1804	0.9785620546488336	-0.17914502077374228	-0.0119	0.9021185847776061	1.454078797273891	-0.0008	1.0460563012451858	1.7513601340375717	0.0655	1.0731199024941727	1.5629891033062107	0.1076	0.6532035834640283	1.3662200154812476	-0.01275	0.5383364301103352	1.0166177075634262	0.0119	0.6258496287291496	0.7176336565771273	0.0002	1.0466284529168874	1.3209584488434194	0.01275	1.0626333957648249	1.0070416157048572	-0.0119	1.1463881330149017	0.7261290759917894	-0.0002
369	6.15	0.7272580166496236	0.8245971642575094	0.0301	0.5966944006760547	0.8337130582646474	0.0301	0.5141910599376258	0.33981706387881294	0.0179	0.3877406756431854	-0.152457450632121	0.023	0.512340537059525	-0.27166377891321664	0.2179	0.4303191700668133	-0.28421692473967974	0.1804	0.3374967721340668	-0.2294786154913921	-0.0119	0.8293237207892663	0.8357200072117449	-0.0301	1.0139864021686276	0.399195358464864	-0.0179	1.01949761838151	-0.09763648117431455	0.023	1.1941552656050494	-0.21405459705116076	0.2179	1.2021401286026707	-0.18662478130938084	0.1804	0.9788037566446932	-0.17939371087713876	-0.0119	0.9019886431498031	1.454117426284419	-0.0008	1.0453455335521085	1.7513820839881296	0.0655	1.0728923676411264	1.5633989493175455	0.1076	0.6532948181422488	1.366114460453062	-0.01275	0.5387100639806003	1.016685333128793	0.0119	0.625612581813344	0.7176543833382816	0.0002	1.0463830870161108	1.320771154778098	0.01275	1.0627430182045234	1.0069578603948033	-0.0119	1.1462622789853312	0.7251747513399248	-0.0002
370	6.166666666666667	0.7271681278906105	0.8248545821675858	0.0301	0.5967466472105705	0.8344127168088472	0.0301	0.5141331487654778	0.3401151638815781	0.0179	0.3877466038323601	-0.15173921161918597	0.023	0.5125726579709289	-0.2716203323544165	0.2179	0.4301545240802613	-0.2841570548172437	0.1804	0.33762186611354056	-0.2292796272532072	-0.0119	0.8296457549729965	0.8359656337990411	-0.0301	1.013788183540907	0.3993944471675923	-0.0179	1.0193308627824522	-0.09776158471258939	0.023	1.193499505796659	-0.214258191803915	0.2179	1.2025073439046026	-0.18701621466104512	0.1804	0.9789484568298581	-0.17957590513268157	-0.0119	0.901981567660281	1.4543030397542918	-0.0008	1.0447377768236115	1.751400922422494	0.0655	1.072877324068686	1.5640593200727868	0.1076	0.6533218509314371	1.366177715059565	-0.01275	0.5390229126984551	1.016666120867712	0.0119	0.6254677507068942	0.7176445531380997	0.0002	1.0461782982043257	1.320624330779348	0.01275	1.06266306436706	1.0074154653252263	-0.0119	1.1460947391985654	0.7247756344196237	-0.0002
371	6.183333333333334	0.7273078982224973	0.8249292309903152	0.0301	0.5970318109478848	0.834110866179825	0.0301	0.5139705269661551	0.3400161181813261	0.0179	0.38776249629097254	-0.15088278567902663	0.023	0.512572196364901	-0.2714927633337843	0.2179	0.4298500377373156	-0.28413873934627154	0.1804	0.33786890276749193	-0.22915035568907763	-0.0119	0.8302287381330719	0.8357225431979487	-0.0301	1.0135072001188923	0.39966495744033165	-0.0179	1.019132073305757	-0.09793272722096712	0.023	1.1929037969422143	-0.214022681707049	0.2179	1.2029518545112896	-0.1871388272231144	0.1804	0.9790291879447274	-0.17976640648542924	-0.0119	0.9019551179289109	1.4544507198205576	-0.0008	1.0444890801521578	1.7514303117667824	0.0655	1.073097477963502	1.564604123535082	0.1076	0.6532985236797643	1.3663463492355974	-0.01275	0.5392557681121676	1.0166136828705579	0.0119	0.6254139433166294	0.7175527932363035	0.0002	1.0459170592094968	1.3204912334014691	0.01275	1.0625552239953073	1.007958900287136	-0.0119	1.1459634152134548	0.7249471449084776	-0.0002
372	6.2	0.7276117529962173	0.8249259856885695	0.0301	0.5974254488838423	0.8332228796854003	0.0301	0.5138698357550529	0.3397459806816404	0.0179	0.3877865186439031	-0.15021558041666966	0.023	0.5124859132322678	-0.2713045810916473	0.2179	0.42976379539684983	-0.2842687073158314	0.1804	0.3381450058773863	-0.2292937151042021	-0.0119	0.8307561744312564	0.8354649256096754	-0.0301	1.0132814919706767	0.4001361641883408	-0.0179	1.0190792856492605	-0.09815796005432201	0.023	1.1924098367883684	-0.213708786426251	0.2179	1.2033192743238394	-0.18700753963408806	0.1804	0.9790560178393312	-0.17992164249346856	-0.0119	0.9016927185637604	1.4545111031797404	-0.0008	1.0445843637033583	1.7512683806392828	0.0655	1.0734131140948369	1.5647230800501803	0.1076	0.6532685609795972	1.3664371791958112	-0.01275	0.5393453882717616	1.016591618074104	0.0119	0.6253285672913755	0.7174172447264484	0.0002	1.0455133772886833	1.3204556672677663	0.01275	1.0624860426174385	1.0082768805525757	-0.0119	1.1459822082448659	0.725567451421397	-0.0002
373	6.216666666666667	0.7279407955970483	0.8249712798823334	0.0301	0.5977833573910037	0.8323777755034161	0.0301	0.5140092523108449	0.3394879790420293	0.0179	0.3877596999489734	-0.15005566572346338	0.023	0.5125560366826972	-0.27102075427632855	0.2179	0.4301160796430097	-0.28460120228069435	0.1804	0.3383622683328982	-0.22984836935990172	-0.0119	0.8310534705990585	0.8355696624565948	-0.0301	1.013184671787455	0.40086610190600863	-0.0179	1.0192713379338345	-0.09841204648622295	0.023	1.192065170042089	-0.21362739203087627	0.2179	1.2035024722257586	-0.18667711219330507	0.1804	0.9790383674459631	-0.18000696559705323	-0.0119	0.9011554585699708	1.454539896873108	-0.0008	1.0449132957032583	1.750794742343124	0.0655	1.073702000353121	1.5643202676063017	0.1076	0.6531804081283445	1.3662984779340968	-0.01275	0.5391985999612166	1.0166057705088625	0.0119	0.6251314544825428	0.7172878726025128	0.0002	1.0450144619038952	1.3205397642508248	0.01275	1.062434826755741	1.0083269507469645	-0.0119	1.146198582396453	0.7263277260105391	-0.0002
374	6.233333333333333	0.728198353741627	0.8251723330983006	0.0301	0.5980137593839475	0.8318790283494815	0.0301	0.514323521490498	0.33935358158884976	0.0179	0.38766472828314835	-0.15046775588901984	0.023	0.5128530405778858	-0.2707082224225197	0.2179	0.4306933202294412	-0.2851021452023458	0.1804	0.3384135602986858	-0.23068047322585636	-0.0119	0.8310749386613427	0.8358887868577553	-0.0301	1.013167059297615	0.4016437170139165	-0.0179	1.0196332523463134	-0.09866588313278622	0.023	1.192025834323126	-0.21369318333170562	0.2179	1.2036228821307824	-0.18628232542467626	0.1804	0.9790078364779526	-0.18006345465779924	-0.0119	0.9005504378720178	1.4545127430102878	-0.0008	1.0453894352347826	1.7502118507970192	0.0655	1.0739534727180422	1.563506348858164	0.1076	0.652959569506959	1.3660210515114186	-0.01275	0.538849842346179	1.0165734935974176	0.0119	0.6248628627350581	0.7171790390882278	0.0002	1.044593586231197	1.3206278712140684	0.01275	1.0623745031214835	1.0081043861585532	-0.0119	1.1464642732573125	0.7268493386316769	-0.0002
375	6.25	0.7283918208531938	0.8255735697803986	0.0301	0.5981474901217708	0.8318025002209436	0.0301	0.514623025992203	0.3393071751663138	0.0179	0.387544713316647	-0.15128023837834573	0.023	0.5133249588806995	-0.2704907169813128	0.2179	0.4312252147942329	-0.2856316349571202	0.1804	0.33830320044309503	-0.23148505511824416	-0.0119	0.830809394453089	0.8361242758552287	-0.0301	1.0131518807478552	0.40216961981539767	-0.0179	1.019976022133004	-0.09904524894018545	0.023	1.1923335136798758	-0.21378055506034555	0.2179	1.2037744379043198	-0.18600896842507392	0.1804	0.9789664402546149	-0.18011135858489583	-0.0119	0.900088577184236	1.4543562725805	-0.0008	1.0458455576159393	1.7497775996624225	0.0655	1.074157779594303	1.5624836213885471	0.1076	0.6526500707524284	1.3658704749526394	-0.01275	0.5384753875300057	1.0164154101255147	0.0119	0.6245635369554794	0.7170699616894103	0.0002	1.0444224320766986	1.3206490013396155	0.01275	1.0622220232005894	1.0075850631964351	-0.0119	1.146604401763677	0.7269788608091513	-0.0002
376	6.266666666666667	0.7285627895443539	0.8260853477175256	0.0301	0.5982898485164697	0.8322487925048001	0.0301	0.5148442559793216	0.3391898104588538	0.0179	0.3874266980933594	-0.15222295013727502	0.023	0.5139045312147495	-0.27048478848987173	0.2179	0.4316870533736769	-0.28602721800083863	0.1804	0.33819797377152794	-0.23204890332000713	-0.0119	0.8302901016266153	0.8362431332157486	-0.0301	1.013162190993145	0.40240497453249924	-0.0179	1.0201476385767791	-0.09976446916063288	0.023	1.1927536023857455	-0.21410765779503665	0.2179	1.2038154093287001	-0.18605925624601524	0.1804	0.9788919447211758	-0.18011791858089507	-0.0119	0.8997361365009433	1.4541442546447454	-0.0008	1.046023599393704	1.749480548938884	0.0655	1.0742438635310343	1.5614353789583821	0.1076	0.6523733598088512	1.3660410435631498	-0.01275	0.5382414841684293	1.0161321761015532	0.0119	0.6242442449048343	0.7169119117814061	0.0002	1.0445064680376637	1.3206441347875655	0.01275	1.061833255649237	1.0069055151264292	-0.0119	1.146619595128806	0.7269072848371255	-0.0002
377	6.283333333333333	0.7287548343984926	0.8264647705935825	0.0301	0.598529009431691	0.8331177338908474	0.0301	0.5149500180766933	0.3388685113449079	0.0179	0.3872926016755194	-0.1530117701458154	0.023	0.5144422829775327	-0.2707529369623243	0.2179	0.4320419133597515	-0.2862374407709485	0.1804	0.3382186710804197	-0.23237943696829844	-0.0119	0.8296345342749313	0.8362784878568752	-0.0301	1.0132680462632808	0.4024968319637982	-0.0179	1.0201321616141363	-0.10080714219302914	0.023	1.1930478283226447	-0.21488912731672685	0.2179	1.20367168593688	-0.18656293066894253	0.1804	0.9788086819303853	-0.18007992854248603	-0.0119	0.899338997988623	1.4540876067367106	-0.0008	1.045843600367194	1.749186649587654	0.0655	1.0741873650997509	1.56051419940014	0.1076	0.6521404993870942	1.3665151948525252	-0.01275	0.5381940873420457	1.0157719430755914	0.0119	0.62395497811197	0.716638426748054	0.0002	1.0446958451777328	1.3205847983212542	0.01275	1.061165922704265	1.0063069548315475	-0.0119	1.1465513562715066	0.7269061239162058	-0.0002
378	6.3	0.7290736039885811	0.8264178152071681	0.0301	0.5989204170652549	0.8339381386558186	0.0301	0.5147770469563451	0.33833524559354444	0.0179	0.38711037348896193	-0.15344823378014794	0.023	0.5147639693270205	-0.2712043172401599	0.2179	0.4321222335859865	-0.28631285372402865	0.1804	0.3382811334916269	-0.23262817742399836	-0.0119	0.829019474819443	0.8361346152835051	-0.0301	1.013447944821456	0.40241119941258147	-0.0179	1.0200179413946546	-0.10181112827984361	0.023	1.1932221550949984	-0.21585976989231262	0.2179	1.2035832909563646	-0.18741615214438986	0.1804	0.9787675544786847	-0.18001943998428627	-0.0119	0.898921317000379	1.4543053949521874	-0.0008	1.0455535343003428	1.748915322665543	0.0655	1.074056629649755	1.5598971061425886	0.1076	0.6518189531256827	1.3670679400095365	-0.01275	0.5382780452176922	1.0153595373452478	0.0119	0.6237299438416333	0.7162300862920655	0.0002	1.0448531174378186	1.3203811731412711	0.01275	1.06040185251132	1.0058314335894767	-0.0119	1.1462976102787878	0.7270016215137209	-0.0002
379	6.316666666666666	0.7296264802682197	0.8258235262993737	0.0301	0.5994651406804338	0.8342950668606178	0.0301	0.5142460003329841	0.33766837662654736	0.0179	0.38685478724308375	-0.15355668959584046	0.023	0.5148760911044841	-0.2715591976431122	0.2179	0.43196478080909617	-0.28622251299773577	0.1804	0.3382429363656406	-0.23290382192981332	-0.0119	0.8286582861824064	0.8358532907416054	-0.0301	1.0135963353057862	0.4019391029544771	-0.0179	1.0198922702335418	-0.1023982163420868	0.023	1.193371537155323	-0.21646449242696125	0.2179	1.2037914056496397	-0.18824550309656404	0.1804	0.978758637001199	-0.17989295025336405	-0.0119	0.8986749117149209	1.4547212160471115	-0.0008	1.0454666527929963	1.748737189782736	0.0655	1.0738749309157194	1.559720602690446	0.1076	0.6513317490423001	1.3674073154770645	-0.01275	0.538411349502895	1.0148807763899899	0.0119	0.6235268800123661	0.7157958719746821	0.0002	1.0448986145724624	1.3201248437805384	0.01275	1.0598451192607066	1.0053493992449083	-0.0119	1.1457425938388277	0.7270111842418537	-0.0002
380	6.333333333333333	0.7303524130996352	0.8248896666786545	0.0301	0.6000402968969429	0.8341951173946488	0.0301	0.5135526260546787	0.3369695369754844	0.0179	0.38653530983938383	-0.15353216708032646	0.023	0.5149474185840128	-0.27149067732464877	0.2179	0.4318757093490998	-0.28581409383354867	0.1804	0.33810780249268513	-0.23319742549629532	-0.0119	0.8287205787204984	0.8357005404494764	-0.0301	1.0136309179501122	0.40105631365693817	-0.0179	1.019803169504732	-0.10252073410959786	0.023	1.1934879166271717	-0.21633892794278728	0.2179	1.2042200608490863	-0.18858814286785658	0.1804	0.9787168738651701	-0.17963998062119466	-0.0119	0.8987231899286331	1.4551877251059002	-0.0008	1.0456913267277153	1.7486307285148943	0.0655	1.073588884580598	1.5599247239795497	0.1076	0.6507754666344183	1.367379514358762	-0.01275	0.5384989802989769	1.014362082969327	0.0119	0.6233220334348362	0.7155149593645836	0.0002	1.044784852791814	1.320062531420741	0.01275	1.05966567991798	1.0048914558734183	-0.0119	1.144956550089289	0.7268341205507076	-0.0002
381	6.35	0.7310269656035223	0.8239904934609084	0.0301	0.6004430359564007	0.833745137208215	0.0301	0.5129480366600663	0.3363330599319953	0.0179	0.38624137364995687	-0.15350151233344622	0.023	0.5150128341797585	-0.27091057105480476	0.2179	0.431978364786978	-0.2850764493458751	0.1804	0.3380014278829241	-0.23345986598724716	-0.0119	0.8291744595156578	0.8357317508459966	-0.0301	1.0135480939922923	0.40005650634181295	-0.0179	1.0197942177189392	-0.10236096635637354	0.023	1.1935462275416118	-0.21548579668954582	0.2179	1.2046759677677321	-0.1882133007840689	0.1804	0.9786248312690919	-0.17932958289793058	-0.0119	0.8990434973242104	1.455595820193445	-0.0008	1.0461580079574262	1.748628052199449	0.0655	1.0732822957778747	1.5602818519990456	0.1076	0.6503049153211123	1.36703550718007	-0.01275	0.5384429559327432	1.0139526571813142	0.0119	0.6231756954745539	0.7154355877001383	0.0002	1.0445457630440402	1.3202995014711978	0.01275	1.0597468746171241	1.0046410491994628	-0.0119	1.1441120418907331	0.7265934888567761	-0.0002
382	6.366666666666666	0.7314376203670058	0.8233464202632191	0.0301	0.600556439273171	0.8328406857634575	0.0301	0.5124918443249282	0.335811116258575	0.0179	0.3860781297151752	-0.15347464995992371	0.023	0.5148977571462956	-0.2701110773867009	0.2179	0.4320200877868469	-0.2843282528329592	0.1804	0.33798240200948465	-0.23365023242147437	-0.0119	0.829776489986601	0.8356293255619076	-0.0301	1.013412428462746	0.39929253165831535	-0.0179	1.0199003614920008	-0.10200471248830993	0.023	1.193601243354192	-0.21417549092851948	0.2179	1.2051075400197915	-0.18731477895128482	0.1804	0.9785434081243579	-0.17911281502555704	-0.0119	0.8995157100525428	1.4558522425329834	-0.0008	1.0467221219429903	1.7488465371720225	0.0655	1.0731888236831908	1.5606201577248289	0.1076	0.6500067499889348	1.3665389180703005	-0.01275	0.5382253955914797	1.0138579443969584	0.0119	0.623153908029587	0.715416111225753	0.0002	1.0442583694851812	1.320692165950991	0.01275	1.059809596046273	1.0046762750324865	-0.0119	1.143284103115036	0.7264729919603399	-0.0002
383	6.383333333333333	0.7314979717793647	0.8229328151301488	0.0301	0.6004256272617216	0.8315046862177248	0.0301	0.5121899561606406	0.3354034685971806	0.0179	0.3860430044283408	-0.1534970690561736	0.023	0.5145699665620225	-0.26949934732212155	0.2179	0.4318421947432321	-0.28398746837758454	0.1804	0.33796812375056273	-0.23371985791849664	-0.0119	0.8302415311372039	0.8351757577671564	-0.0301	1.013321603797159	0.39891703293458125	-0.0179	1.0200860860265366	-0.10143363671787149	0.023	1.1936190270588223	-0.21290263715877192	0.2179	1.2054550589013546	-0.18636391545387163	0.1804	0.9785151226935705	-0.17905018056202704	-0.0119	0.8999324513893039	1.4558933706210457	-0.0008	1.0471807515434641	1.7492499873369554	0.0655	1.0733565346608505	1.5609476625031988	0.1076	0.6499107185613509	1.3660664658329473	-0.01275	0.5379399860257332	1.0141613424563072	0.0119	0.6232334332757443	0.7153463217464233	0.0002	1.0439383482684332	1.3210178673599253	0.01275	1.0596352238699738	1.004953432197079	-0.0119	1.14248184434294	0.7264681280457252	-0.0002
384	6.4	0.7312707930555749	0.8226242838550514	0.0301	0.6001658984245363	0.8301423486641858	0.0301	0.5121672686567217	0.33510687072773615	0.0179	0.3860590540147847	-0.15364137290735702	0.023	0.5142813256995139	-0.26923344434194585	0.2179	0.43169998861032804	-0.28421335999629044	0.1804	0.3378641156406105	-0.23364684612741965	-0.0119	0.830410069513968	0.8345233716734565	-0.0301	1.0133664972541263	0.3989094721170428	-0.0179	1.0202362758279953	-0.10072276645052348	0.023	1.1933668964655424	-0.21230181397729367	0.2179	1.2054931267006648	-0.1857840910616789	0.1804	0.9785042661838014	-0.1790839978201557	-0.0119	0.900066635008345	1.4558083932814172	-0.0008	1.0473194709559033	1.7496089836773008	0.0655	1.0735647747090187	1.5613826912292	0.1076	0.6500122911786397	1.3657609344504114	-0.01275	0.5377257515589519	1.014727786598655	0.0119	0.6232735170301181	0.7152768541465286	0.0002	1.0435519823023978	1.321179580887625	0.01275	1.059186286399131	1.0053598186695316	-0.0119	1.1417649488556958	0.7264012022086463	-0.0002
385	6.416666666666667	0.73090574845588	0.8223122957817424	0.0301	0.599842808714021	0.8290941701371494	0.0301	0.5125057621970692	0.3349496101310676	0.0179	0.386075687483947	-0.15383457227980687	0.023	0.5142321214845703	-0.269191672939412	0.2179	0.43180575847284314	-0.28485354456586837	0.1804	0.3376394730975792	-0.2334874072779724	-0.0119	0.8303324265092736	0.8338213127467486	-0.0301	1.0135519180091022	0.39912846142614594	-0.0179	1.020243702356945	-0.09997101208599302	0.023	1.1927259923526423	-0.21260035622173437	0.2179	1.2051151719220061	-0.18567589704707294	0.1804	0.9784386181601132	-0.17911611693338486	-0.0119	0.8998596179517339	1.4558113359158857	-0.0008	1.0470958830307455	1.7498606430860262	0.0655	1.0736787859477135	1.5620610741214978	0.1076	0.6502612953145157	1.3656956417654205	-0.01275	0.5376809388203405	1.0152938809284857	0.0119	0.6231181644228784	0.7152726576352686	0.0002	1.0430927430709211	1.3212156893227338	0.01275	1.0586008623558814	1.0056996293061318	-0.0119	1.141129458530265	0.726195374856944	-0.0002
386	6.433333333333334	0.7305161901790707	0.8219414549228246	0.0301	0.599490987874032	0.8282810277475169	0.0301	0.5130865203774804	0.33491223624200644	0.0179	0.38608976063893796	-0.1538664392133267	0.023	0.5143670208675438	-0.2692099341403018	0.2179	0.43192432957168303	-0.28561682262944577	0.1804	0.3373033511577426	-0.2333083112628906	-0.0119	0.8302156556598207	0.8329556171298137	-0.0301	1.013761441345564	0.3992560564440898	-0.0179	1.020092728165305	-0.09919434986155509	0.023	1.1919886752109556	-0.21326503793896115	0.2179	1.204601537297538	-0.18579040878202233	0.1804	0.9782717375618964	-0.1790905655259822	-0.0119	0.8994886761815996	1.455954601819981	-0.0008	1.046743392901741	1.7502672352008455	0.0655	1.0738474145608987	1.563027964136938	0.1076	0.6505935180327388	1.3658093571397079	-0.01275	0.5377798551912832	1.0156725758395646	0.0119	0.6227353730282951	0.7153421417355088	0.0002	1.0426247306879917	1.3211539624644701	0.01275	1.0580308924450026	1.0058257046328642	-0.0119	1.1404270892283892	0.7260165615109979	-0.0002
387	6.45	0.7301479358926627	0.8215512639367075	0.0301	0.5991880006233318	0.8275857897272155	0.0301	0.5137238115808056	0.3348778465840447	0.0179	0.3861078842428925	-0.15365356735896823	0.023	0.5145851734853331	-0.26927185388103103	0.2179	0.4317875369640262	-0.2862058306610209	0.1804	0.3369435319769633	-0.2330755227340617	-0.0119	0.8302378173201828	0.8319358469041814	-0.0301	1.013886299736705	0.39900918829722526	-0.0179	1.0198802935499522	-0.0984976262769273	0.023	1.191620500580449	-0.21363704780242898	0.2179	1.2043155747357328	-0.18581269127039252	0.1804	0.9780583962727082	-0.17902684464841076	-0.0119	0.8991358381048722	1.4560323376076723	-0.0008	1.0465487190502831	1.7509279673660672	0.0655	1.0742039485756902	1.5640699289833941	0.1076	0.6509293070284856	1.3659110327352282	-0.01275	0.5378851016889417	1.0158211349758124	0.0119	0.6221790538798703	0.7155076738492077	0.0002	1.0422608149484647	1.3209707105964574	0.01275	1.0574890243570796	1.0057537664229839	-0.0119	1.1396036507668275	0.7260910039811496	-0.0002
388	6.466666666666667	0.7298556461935022	0.8212658340773009	0.0301	0.5990115936187327	0.8272013853567757	0.0301	0.5143193405300083	0.33479565570645203	0.0179	0.3860914198637044	-0.15335620390514831	0.023	0.514914275437179	-0.2694578335029239	0.2179	0.4315433443663888	-0.28641051851544463	0.1804	0.3367199318157496	-0.23269665218777089	-0.0119	0.8304263866480113	0.8311702612197462	-0.0301	1.013924138023092	0.39849680515976055	-0.0179	1.0197626072187973	-0.09816206205573196	0.023	1.1918571032802936	-0.21359244199303992	0.2179	1.2043128885207948	-0.18563061261545555	0.1804	0.9779653177579952	-0.17894392296819508	-0.0119	0.8987900989085806	1.455898042706087	-0.0008	1.0465899396324507	1.7514288735068873	0.0655	1.0745591223173312	1.5647579896362172	0.1076	0.6511447353789661	1.365844976570484	-0.01275	0.5378620254112878	1.0157224508538465	0.0119	0.6215238558027101	0.7157826221972674	0.0002	1.0420888255799776	1.3206387773153239	0.01275	1.056932269076218	1.0055356111380758	-0.0119	1.138857910882532	0.7264317837693954	-0.0002
389	6.483333333333333	0.7297535456397422	0.8211838352606947	0.0301	0.5990097525726564	0.82729454103904	0.0301	0.5148143270738402	0.33478976838915603	0.0179	0.38599915187012757	-0.15317992792021204	0.023	0.5153058862468631	-0.26978056922642607	0.2179	0.43142354184635273	-0.28623461156416985	0.1804	0.33672345991831054	-0.2321739428318129	-0.0119	0.8307132031813427	0.8309600995518719	-0.0301	1.0139060289512127	0.3981030764311163	-0.0179	1.0198402122303996	-0.09835955944278676	0.023	1.1926420059509057	-0.21324439172930637	0.2179	1.2045033269284358	-0.18528262305081264	0.1804	0.9781373205934141	-0.1788148920025964	-0.0119	0.8984041870629771	1.4556690006655144	-0.0008	1.04680114491675	1.7513516144787002	0.0655	1.0746144494280159	1.5648557142373416	0.1076	0.6511740356692218	1.365644934721731	-0.01275	0.5376561761818265	1.0153842648780458	0.0119	0.620945972574729	0.7161186103292088	0.0002	1.0421322028510656	1.3201450549619707	0.01275	1.0564076488975893	1.005137484782943	-0.0119	1.1383772253707325	0.7267913789183035	-0.0002
390	6.5	0.7299485643606122	0.8212751648728902	0.0301	0.599249498723012	0.8276502119183196	0.0301	0.5151292294986736	0.3349456957553297	0.0179	0.3858701296595063	-0.15323026767543005	0.023	0.5154616257959784	-0.27018180693699373	0.2179	0.431344041440578	-0.28591648832089234	0.1804	0.3368889063889462	-0.23165572332775544	-0.0119	0.8309924402558521	0.831060235481241	-0.0301	1.0138303467023786	0.39804067230666745	-0.0179	1.0200870172867078	-0.09890181834871792	0.023	1.1937674874882673	-0.2125042269688668	0.2179	1.2049300409334016	-0.18479244320190352	0.1804	0.9785761179663358	-0.1786610899409217	-0.0119	0.8980690526106029	1.455509454192826	-0.0008	1.0471016129002526	1.7508129191975201	0.0655	1.0742939426739226	1.5645976069575593	0.1076	0.6511338141873095	1.3654904846057967	-0.01275	0.5373153334608357	1.0149459228216677	0.0119	0.6207196062972723	0.7164397738654267	0.0002	1.0423673067827406	1.3195663434118674	0.01275	1.0560057944033145	1.004541627585905	-0.0119	1.138049597320893	0.7268987854975837	-0.0002
391	6.516666666666667	0.7304161527355932	0.8214466164632349	0.0301	0.5997278043322916	0.8279993152083798	0.0301	0.515262945460344	0.33516406562891754	0.0179	0.385797919431492	-0.15352980095249277	0.023	0.5151162799312605	-0.2706158589416187	0.2179	0.43115769911554713	-0.2857269402224633	0.1804	0.3371211418366276	-0.2313318131133595	-0.0119	0.83109561480754	0.8311380907540805	-0.0301	1.0136872971179665	0.39824142885683256	-0.0179	1.0203659845155486	-0.09950804099238984	0.023	1.1949073782399338	-0.2114531731763254	0.2179	1.2055286433635815	-0.18427252920615614	0.1804	0.9791513682261396	-0.17861206085237072	-0.0119	0.8978590474818999	1.4554206382588246	-0.0008	1.0472886312270224	1.750161668758355	0.0655	1.073650156977988	1.5644316155444498	0.1076	0.6512092324563844	1.3655306601716826	-0.01275	0.5369745093170789	1.0146155457259352	0.0119	0.6210044891227342	0.7166810236343181	0.0002	1.0427127654987223	1.3191194839172111	0.01275	1.0557323848275868	1.0038530849199638	-0.0119	1.1376487165567404	0.7267233353998792	-0.0002
392	6.533333333333333	0.730978061298541	0.821710004280396	0.0301	0.6002200961331561	0.828421965091195	0.0301	0.5153354992085408	0.3353804805463505	0.0179	0.38586872551182116	-0.15398274795568784	0.023	0.5143575357372383	-0.27100366726630903	0.2179	0.43092502652367154	-0.28573676993974906	0.1804	0.33743834840807524	-0.2312838032350886	-0.0119	0.8308282507775093	0.8312388672267103	-0.0301	1.013497217560044	0.3985818858291051	-0.0179	1.0205128344433545	-0.10014249999757249	0.023	1.1956515401057972	-0.2107120541745338	0.2179	1.2059022982565546	-0.18407135394941265	0.1804	0.9796670296855574	-0.17879104515977878	-0.0119	0.8976979610410614	1.4553468725782899	-0.0008	1.047066570859757	1.749507571356802	0.0655	1.072684200386738	1.5646104689021796	0.1076	0.6514329343340177	1.3657590631418701	-0.01275	0.5367769980877469	1.0144892616575374	0.0119	0.6216911125693801	0.7167771587249336	0.0002	1.0429956101205617	1.3190113601591065	0.01275	1.0555049767899993	1.0032406864239651	-0.0119	1.1371886506196056	0.7265049606596654	-0.0002
393	6.55	0.7313991867092299	0.8221342004509995	0.0301	0.6004274292288836	0.8289885260861233	0.0301	0.5154079035003896	0.33569265202473125	0.0179	0.3861141373814154	-0.15433678186952726	0.023	0.5135221095693475	-0.2712035984083057	0.2179	0.430739015498637	-0.2858327442886448	0.1804	0.33787448908641765	-0.23144091290593974	-0.0119	0.8301457334979351	0.831411079107308	-0.0301	1.0133157376736324	0.39895659065641503	-0.0179	1.0204900970908113	-0.1007823753152773	0.023	1.1958319119533518	-0.2107380320956377	0.2179	1.205836143271044	-0.18446310379691958	0.1804	0.9799721671542682	-0.1791598730518009	-0.0119	0.8975435199013958	1.4553440428026523	-0.0008	1.046392614742244	1.7489023543786868	0.0655	1.071499354203435	1.5650712942371507	0.1076	0.6516745169163741	1.3660373087837723	-0.01275	0.5367644756707545	1.0145063828471206	0.0119	0.6225215472831535	0.7166846615937613	0.0002	1.0430346855048236	1.3192469896554404	0.01275	1.0552765092353995	1.0028489655719255	-0.0119	1.136805403209461	0.7265292869379903	-0.0002
394	6.566666666666666	0.7315467504831639	0.8226395713853883	0.0301	0.6003206044713567	0.8293273521273292	0.0301	0.51537508284882	0.33615175237091677	0.0179	0.38648271965222575	-0.15429541196264668	0.023	0.5129188688590737	-0.2711066302422557	0.2179	0.43059651330451276	-0.28589027847717147	0.1804	0.3383309277276514	-0.23167402268814147	-0.0119	0.829321995303505	0.8313943998021543	-0.0301	1.0132081787638836	0.3991395051867461	-0.0179	1.0204393840075427	-0.1011408237105033	0.023	1.1957251362551922	-0.21113625666317584	0.2179	1.2057329981412956	-0.18526307100838169	0.1804	0.980103194592706	-0.17950716678540354	-0.0119	0.8975146072338679	1.4555179596715673	-0.0008	1.0455609466742515	1.7486012106199214	0.0655	1.070464624925499	1.5655545597203457	0.1076	0.6518166332011548	1.3662189673588208	-0.01275	0.5368680035094185	1.0146055567728922	0.0119	0.623274606951754	0.7164846099967118	0.0002	1.0428301489917637	1.3196485522782804	0.01275	1.055109329075411	1.0027819261963056	-0.0119	1.1364095949786215	0.7268905809849174	-0.0002
395	6.583333333333333	0.7314905925519483	0.8230082858476572	0.0301	0.6001412492628869	0.8291082737711869	0.0301	0.5151420574299194	0.33662849806525064	0.0179	0.3868850165769302	-0.15376918257102398	0.023	0.5127367834401795	-0.2706822075965912	0.2179	0.4305965804384863	-0.28581374290733086	0.1804	0.33865331804704807	-0.23189954006907484	-0.0119	0.8287973431134288	0.8310890889418445	-0.0301	1.0132298981984065	0.3988638544916287	-0.0179	1.020503682312151	-0.10099832258423998	0.023	1.1956706836816056	-0.21133110075134745	0.2179	1.2060352126457186	-0.18602903059939083	0.1804	0.9802459727433703	-0.17957407729769456	-0.0119	0.8977030199558792	1.4558370682821105	-0.0008	1.0448328080631206	1.7487222811960346	0.0655	1.0699574608767082	1.5657744920135088	0.1076	0.6518973518980978	1.3662540474702425	-0.01275	0.5370429709859859	1.0148236465073914	0.0119	0.6237965942721726	0.7163890910412599	0.0002	1.04258038050089	1.3200400534687906	0.01275	1.0550954868133429	1.0030824894333832	-0.0119	1.1358354509483477	0.7274817540703068	-0.0002
396	6.6	0.7313319325961024	0.8231036015623941	0.0301	0.600068498104617	0.8286289127831793	0.0301	0.5147751256938218	0.3369493389572913	0.0179	0.38725959426131973	-0.15303617446220966	0.023	0.5130270570284226	-0.26999754250299585	0.2179	0.4309977647083555	-0.28550734929025945	0.1804	0.3387797692135649	-0.2321193969444038	-0.0119	0.8287509819356386	0.8309089974915094	-0.0301	1.0134162412394814	0.39818968207742317	-0.0179	1.0206849090110697	-0.10059701845944524	0.023	1.1957361629231196	-0.21135234613201168	0.2179	1.2065817761327853	-0.18646455244512777	0.1804	0.9804973293425464	-0.17924050872946862	-0.0119	0.8980387195321108	1.4561368379769546	-0.0008	1.0442215128241168	1.7489851448057683	0.0655	1.0699892209186668	1.5656031771519108	0.1076	0.6520638562765604	1.3662129592609034	-0.01275	0.5373281200939971	1.0152051240443314	0.0119	0.6240116030556951	0.7165496771897931	0.0002	1.0424511210702754	1.3203433958066475	0.01275	1.0552598469310968	1.0036449480033687	-0.0119	1.135222984789287	0.7280894821646358	-0.0002
397	6.616666666666666	0.7310034515117481	0.8229985145755074	0.0301	0.600106529418514	0.8283882183205196	0.0301	0.5144019238639922	0.33707735913889125	0.0179	0.38756709406277917	-0.1524948230022119	0.023	0.5135859356879894	-0.26925896679064903	0.2179	0.4317914869783129	-0.28495145638840264	0.1804	0.338727169576528	-0.23239175103279996	-0.0119	0.828974970362686	0.8312897558186644	-0.0301	1.0137330571700667	0.39754750780785364	-0.0179	1.0209205669680501	-0.10037835600929612	0.023	1.1959002848950373	-0.21131875585095086	0.2179	1.2069831398092128	-0.1864413580886247	0.1804	0.9807659981857982	-0.1786592237950985	-0.0119	0.8984410946684519	1.4562922900618793	-0.0008	1.0437439315162742	1.7491746176812344	0.0655	1.0702993783849108	1.565184409297868	0.1076	0.6523724847928519	1.3662280495171886	-0.01275	0.5377051802703264	1.0157171812592718	0.0119	0.6239861250311107	0.7169153705170587	0.0002	1.0424550808877069	1.3205058358182529	0.01275	1.0555507691335515	1.0041846852030487	-0.0119	1.1348578799297369	0.7284314517668186	-0.0002
398	6.633333333333333	0.730428755513996	0.8229098054115703	0.0301	0.6002154330588507	0.8284706755572191	0.0301	0.5141098188011566	0.3371128940758426	0.0179	0.3877369702011037	-0.1522646910117361	0.023	0.5140128771368266	-0.26870717306008834	0.2179	0.4324868701993289	-0.28427724010657257	0.1804	0.33852561450421065	-0.2327343260822232	-0.0119	0.829221930670764	0.8321641298188337	-0.0301	1.014034882661265	0.39725221181311904	-0.0179	1.0211533228764418	-0.10047336528327515	0.023	1.1962131353542458	-0.21087410055367525	0.2179	1.2072375408474014	-0.18590111925336414	0.1804	0.9809241448604821	-0.178133517444814	-0.0119	0.8989074407184369	1.4562817778769939	-0.0008	1.0436429959026092	1.7495108584042678	0.0655	1.0707301596012044	1.564784282327926	0.1076	0.6527297712981588	1.3663534262969244	-0.01275	0.5380091070256117	1.016241105041711	0.0119	0.6239437411609989	0.7173105815282981	0.0002	1.0425785948141466	1.3204544784544905	0.01275	1.0558540276953348	1.0043961935904655	-0.0119	1.1347640208012222	0.7282313923811805	-0.0002
399	6.6499999999999995	0.7297295803214214	0.8230717059844185	0.0301	0.6003343898542671	0.8288009136483573	0.0301	0.5139823955324427	0.3371509517763837	0.0179	0.3876943640675236	-0.15222003902534834	0.023	0.5140390223002751	-0.26843230436586013	0.2179	0.4326143591429386	-0.28368130093847777	0.1804	0.3382715432270307	-0.23302791517838073	-0.0119	0.8294495739403821	0.8332602806908006	-0.0301	1.014170197808323	0.39717608579889935	-0.0179	1.0212955505184496	-0.10070948955068426	0.023	1.196580803993185	-0.2098814755793755	0.2179	1.2075172180789073	-0.18497774834091468	0.1804	0.9809353160758634	-0.17782631988285183	-0.0119	0.8993704598941062	1.4561645700646169	-0.0008	1.0441354707808186	1.7502263219540202	0.0655	1.0712621101690534	1.5645602279198147	0.1076	0.6530414704108751	1.3664937089974292	-0.01275	0.5380906847689225	1.016623423472841	0.0119	0.6241272891843703	0.717602552668389	0.0002	1.042811984120848	1.3201873012228886	0.01275	1.0560392255140658	1.0041692560446867	-0.0119	1.1348087117493417	0.7274034791477465	-0.0002
400	6.666666666666667	0.7291323133039943	0.8236157381705299	0.0301	0.600378718443478	0.8295065391246587	0.0301	0.5140645912995808	0.33724453993089504	0.0179	0.3874722225208144	-0.15230118782311455	0.023	0.5136880601535412	-0.26838313963246613	0.2179	0.43215181172579625	-0.28329006888557084	0.1804	0.33813625671436026	-0.23307621639276344	-0.0119	0.8296878938615951	0.8345444219671194	-0.0301	1.0141492866208175	0.3970260581975567	-0.0179	1.021281651058244	-0.10090945657826457	0.023	1.196700337136324	-0.2089687317211316	0.2179	1.2077164146214374	-0.18401435382593165	0.1804	0.9808145052749617	-0.1777086176837022	-0.0119	0.8996523659621345	1.456058915446214	-0.0008	1.0450857595553011	1.7511461299439774	0.0655	1.0717908667596483	1.5645476648280208	0.1076	0.6532522878829594	1.3665278745493268	-0.01275	0.537992038278091	1.0167615888640549	0.0119	0.6245770308767539	0.7177743948786575	0.0002	1.043014765632479	1.3198375003491498	0.01275	1.0560700234807316	1.003613942752319	-0.0119	1.1350174940962516	0.7261659023135654	-0.0002
401	6.683333333333334	0.7288106512243802	0.8244112209990092	0.0301	0.6003704067772636	0.8305354700246066	0.0301	0.5142526638064177	0.33745566072905836	0.0179	0.38719746892562984	-0.1525643113553578	0.023	0.513132029034002	-0.26853911222468224	0.2179	0.4313299692180334	-0.28318424851998475	0.1804	0.33818409373765457	-0.23285126431525438	-0.0119	0.8299332598586255	0.8359176428256423	-0.0301	1.0141113443522989	0.39671939337572854	-0.0179	1.0211870796224563	-0.10091903505245438	0.023	1.196494895370771	-0.20863621098230048	0.2179	1.2077069847317092	-0.18322884890173596	0.1804	0.9805732883723655	-0.1777753074463515	-0.0119	0.8996407768419241	1.4560575233919932	-0.0008	1.0461459849148782	1.7519790930973171	0.0655	1.0721529724834575	1.5647223721701327	0.1076	0.6533066720141019	1.3664329350936817	-0.01275	0.537847234691377	1.0166083972814624	0.0119	0.6251187176892607	0.7178532489431916	0.0002	1.0429521713640038	1.3195713746197753	0.01275	1.0560498637603324	1.0029205137280004	-0.0119	1.1354456747705863	0.7249264030850378	-0.0002
402	6.7	0.7288500643996582	0.8250440525288517	0.0301	0.6004670756239632	0.8313340320372161	0.0301	0.5143763625904602	0.3378166069620279	0.0179	0.3869340329712136	-0.15300772919898464	0.023	0.5125339596354177	-0.2689464059470024	0.2179	0.43036558060953783	-0.2834397401561773	0.1804	0.3382715661710871	-0.2325900332938791	-0.0119	0.8302048679213332	0.8368659233846988	-0.0301	1.0141188961192378	0.3963329798577095	-0.0179	1.0211595455421767	-0.10057640064951517	0.023	1.1962787549160967	-0.20854637206065554	0.2179	1.20766066566064	-0.1825623004916339	0.1804	0.9802471896734251	-0.17810815835553057	-0.0119	0.8994035336832268	1.456143939986038	-0.0008	1.047054104559608	1.752665945308615	0.0655	1.07231964432402	1.564998634909072	0.1076	0.6532461940277189	1.3662665667316205	-0.01275	0.5376922309795044	1.0161688598281633	0.0119	0.6255681045465703	0.7178061189697232	0.0002	1.0425009153158529	1.3194706503943063	0.01275	1.0560971869278135	1.0022856645958584	-0.0119	1.135924451570358	0.724102145385418	-0.0002
403	6.716666666666667	0.7292216297487722	0.8251647623268258	0.0301	0.6007289339616815	0.8314365450204371	0.0301	0.5144306064711589	0.3383123703993638	0.0179	0.3866483842332436	-0.1535331439684756	0.023	0.5120529782458071	-0.26955887828786157	0.2179	0.42953283526052893	-0.28399732845317455	0.1804	0.3382272099126611	-0.2325189792114537	-0.0119	0.8305075713749975	0.8369909082410582	-0.0301	1.014074128261615	0.3959716625131668	-0.0179	1.021201130224074	-0.0999149555511848	0.023	1.1962209472900955	-0.2083273337111242	0.2179	1.2076668023795225	-0.1819930649775982	0.1804	0.9798912835633823	-0.17867688033959958	-0.0119	0.8990500141880468	1.4562320282320245	-0.0008	1.0476421116484866	1.7531605843750664	0.0655	1.072348516167136	1.5652704863398006	0.1076	0.6531956233721646	1.3661087447704565	-0.01275	0.5374910233503839	1.0155580318569044	0.0119	0.6258343805207279	0.7175483581782972	0.0002	1.0417298681289027	1.3195675510024583	0.01275	1.0561889714518529	1.0018701665444039	-0.0119	1.1362623946135213	0.7239244875715283	-0.0002
404	6.733333333333333	0.7297369028338243	0.8248467308314353	0.0301	0.6009542676277861	0.8310716214278103	0.0301	0.5145721336166272	0.3389159149688599	0.0179	0.38634249065400106	-0.15404811111668995	0.023	0.511903420934166	-0.2701706622147481	0.2179	0.42919227885261635	-0.28460685653972756	0.1804	0.3380650716578203	-0.23259061617184956	-0.0119	0.8307251798473178	0.8365858453893241	-0.0301	1.0138508426461084	0.39584629091288137	-0.0179	1.0211637895667862	-0.09924125735574374	0.023	1.1960501435717938	-0.20826655965105834	0.2179	1.2074494144507968	-0.18169859866344013	0.1804	0.979550183882898	-0.17926005354852836	-0.0119	0.8985980100691427	1.4563067635297429	-0.0008	1.0477848318584995	1.7532522517497804	0.0655	1.0722066224949227	1.5655091916094541	0.1076	0.6531459433693777	1.366011437420792	-0.01275	0.5372700974454241	1.0149497700057968	0.0119	0.625896031601159	0.7170610418801194	0.0002	1.0408160900958807	1.3198711257549982	0.01275	1.0562020851497085	1.0016778439566472	-0.0119	1.1365420771569854	0.7242108148445662	-0.0002
405	6.75	0.7301126066842646	0.824447997521152	0.0301	0.6008888388027213	0.8307439732280744	0.0301	0.5148530487834656	0.3395396523190123	0.0179	0.3861013725559551	-0.15447777045292743	0.023	0.5122238910408644	-0.2705818210907679	0.2179	0.42946792847830223	-0.28502845245213404	0.1804	0.33792440804019946	-0.23263502410358822	-0.0119	0.8306920497926592	0.8362048184642259	-0.0301	1.013429797219511	0.39613260390278876	-0.0179	1.020994264331619	-0.0988448950129497	0.023	1.1955482089151217	-0.20858838968164348	0.2179	1.2068737393835391	-0.1817242837567943	0.1804	0.9793098096135364	-0.17965391742706882	-0.0119	0.8981067455082481	1.4564626980447573	-0.0008	1.0474989510399197	1.7529383477884102	0.0655	1.0718572691083463	1.565764936503056	0.1076	0.6529349096539064	1.3659661671685592	-0.01275	0.5370990656085385	1.0144543939972497	0.0119	0.6258034238771635	0.7164643156109682	0.0002	1.0399222646730695	1.320284020621123	0.01275	1.056094039723253	1.0015911127513504	-0.0119	1.1369094645742195	0.7245054136974856	-0.0002
406	6.766666666666667	0.7301590292728576	0.8242283088975317	0.0301	0.6005358184565827	0.8305811407079177	0.0301	0.5151287932258976	0.3399640961402869	0.0179	0.3859881511698281	-0.1547072817582525	0.023	0.512867560711365	-0.2707371799051716	0.2179	0.4300714136110037	-0.2851964357342213	0.1804	0.3378548995314601	-0.2325934242759105	-0.0119	0.8303956116790095	0.8360098123241639	-0.0301	1.0128907069431863	0.3966638581523537	-0.0179	1.0208149569920495	-0.09876951108886613	0.023	1.194955607204044	-0.20880734105111648	0.2179	1.2063149349939304	-0.18177455771793222	0.1804	0.9792903434810994	-0.17981961522259526	-0.0119	0.8977597867876251	1.4567468894607951	-0.0008	1.0469704403127194	1.7525645276881496	0.0655	1.0714500491018553	1.5660237205613576	0.1076	0.6524829690433274	1.3659252380275306	-0.01275	0.5369915891603921	1.0141205567273128	0.0119	0.6256692323047567	0.7159857489719189	0.0002	1.0391564025085671	1.3206623260157386	0.01275	1.0559381107324324	1.0016229455930394	-0.0119	1.1372410720186674	0.7245660659507132	-0.0002
407	6.783333333333333	0.7298702498840479	0.8242848761307032	0.0301	0.6000950179661952	0.830537478988585	0.0301	0.515266630420657	0.33995474180357627	0.0179	0.38600799286971677	-0.15466166946594012	0.023	0.513494846829423	-0.27066249288528893	0.2179	0.43064377624851735	-0.28513476633066714	0.1804	0.33781616176090057	-0.23242918278399607	-0.0119	0.8299337204865134	0.8359816069076076	-0.0301	1.0123774633833558	0.3971199700966947	-0.0179	1.0207108072960556	-0.09894449686223976	0.023	1.1946201209398695	-0.20849555792026903	0.2179	1.206081123584749	-0.18162442543065666	0.1804	0.9794937020500092	-0.1797778525636275	-0.0119	0.8976596019057475	1.457067713644368	-0.0008	1.0464235527607906	1.7523170965682995	0.0655	1.0711731254185897	1.5661277585537858	0.1076	0.6518995328190039	1.365856228322365	-0.01275	0.5369390574162874	1.0139619925113397	0.0119	0.625589495313208	0.7158406885189199	0.0002	1.0386362908873257	1.3209964206452545	0.01275	1.0557751588591162	1.0019016187947403	-0.0119	1.1373307560009411	0.7244759541008186	-0.0002
408	6.8	0.7293498263823536	0.8247149078680586	0.0301	0.5996558031208571	0.8308206941023825	0.0301	0.5152603596637669	0.33955193452377636	0.0179	0.3861691132729358	-0.1544477891161925	0.023	0.5138877620288962	-0.2704089023141361	0.2179	0.43107432348129227	-0.28487919256587835	0.1804	0.337810111178782	-0.2320461082057278	-0.0119	0.8293226090498228	0.8363524026592428	-0.0301	1.0120776848583506	0.39751278796974476	-0.0179	1.0206044413861064	-0.09932297338586794	0.023	1.1945815713525678	-0.20805938196381402	0.2179	1.2059030249870226	-0.1815281578496944	0.1804	0.9797256080424914	-0.1795512899544999	-0.0119	0.8977221064626846	1.4573205207635813	-0.0008	1.0459996565036425	1.7520264746258052	0.0655	1.071003734019059	1.5659514287534448	0.1076	0.6513754641713883	1.3657800888093423	-0.01275	0.5369635666955442	1.0139136028640419	0.0119	0.6255631783342465	0.7160534822041894	0.0002	1.0384558676020972	1.3213277729421438	0.01275	1.055536263260364	1.0023169683128963	-0.0119	1.137253267080656	0.7243214538669605	-0.0002
409	6.816666666666666	0.7287664004017155	0.825510225540907	0.0301	0.5991884799857867	0.8315205081130692	0.0301	0.5150732177018067	0.33907012116645086	0.0179	0.3864659241750906	-0.15426347557768968	0.023	0.5140569819399613	-0.2701040263473341	0.2179	0.4313787245382634	-0.2845472333331699	0.1804	0.3378228323326639	-0.2314683581778997	-0.0119	0.8286124538465608	0.8372322973043714	-0.0301	1.0120915387795297	0.3980912371566007	-0.0179	1.0204278574595367	-0.09979017848676586	0.023	1.1947454732408815	-0.20803841878252619	0.2179	1.2054923837880172	-0.18189106434101093	0.1804	0.9797451260419504	-0.17926362381812697	-0.0119	0.8978897722474946	1.4574833540263537	-0.0008	1.045707315977772	1.751621089179252	0.0655	1.0707836090501484	1.5656593681453785	0.1076	0.6510390191743254	1.3657519846395347	-0.01275	0.5370351103699621	1.0138676846928447	0.0119	0.6255112092399298	0.7164277796021613	0.0002	1.0385608842682446	1.3215234371358915	0.01275	1.0551523211717426	1.0025248241791234	-0.0119	1.137219380445707	0.7240632861019611	-0.0002
410	6.833333333333333	0.7283475170506668	0.82633058024951	0.0301	0.598770866153688	0.8321353377839199	0.0301	0.5145702174179676	0.33869166650671967	0.0179	0.38683043395460415	-0.15415454118469413	0.023	0.514066649922339	-0.2699061373701442	0.2179	0.4315286044813194	-0.2843124729520682	0.1804	0.33773572007241925	-0.2309034452453174	-0.0119	0.8280672184600228	0.8381170654007081	-0.0301	1.0123217699304385	0.3987979809804462	-0.0179	1.0202618160765449	-0.1001219100763254	0.023	1.1951152057141752	-0.20826928016396207	0.2179	1.2051236629113653	-0.18276268520709987	0.1804	0.9794960188078252	-0.17910064521090688	-0.0119	0.8982507541101724	1.4575467723198186	-0.0008	1.045432991748283	1.7513222252867682	0.0655	1.0704386148891862	1.5655865255877786	0.1076	0.6508559409370784	1.3657765580721655	-0.01275	0.5370428952815993	1.0137699829186224	0.0119	0.6253832036517603	0.7167072894923769	0.0002	1.0388294522868626	1.3213971809032843	0.01275	1.0546557951332807	1.0024231514622466	-0.0119	1.1371879635748183	0.7237280491445286	-0.0002
411	6.85	0.7282940168416956	0.8266957139268915	0.0301	0.5985711421273845	0.8320698207179896	0.0301	0.5137537417222185	0.3382699370205526	0.0179	0.38716333652941676	-0.1539964131772665	0.023	0.513922238667804	-0.2698498887003661	0.2179	0.4315624792247974	-0.28423218062294175	0.1804	0.33746898865711156	-0.23053808417031682	-0.0119	0.8279646964949832	0.8383492074368857	-0.0301	1.0126032358102126	0.3992558122379259	-0.0179	1.0202111872957076	-0.10019967259583774	0.023	1.1956100671307608	-0.20848027572005928	0.2179	1.205156895152313	-0.18396080264315914	0.1804	0.9791399419842177	-0.17910694710311706	-0.0119	0.8988130439659653	1.457494068869553	-0.0008	1.0450495912745577	1.7512757870713695	0.0655	1.0700489294183007	1.5657983212849413	0.1076	0.6506774936064055	1.3657916483561634	-0.01275	0.536929330960035	1.0136279555466228	0.0119	0.625200875245243	0.7166865110128532	0.0002	1.0392542843739416	1.3210206893433531	0.01275	1.0541513652356902	1.0022845267025182	-0.0119	1.1369771236476693	0.7234802303538449	-0.0002
412	6.866666666666666	0.7286480443537532	0.8264363049731335	0.0301	0.5986451444552295	0.8313991382120953	0.0301	0.5129123033982018	0.33760530721116305	0.0179	0.38737617213154085	-0.15368337178816377	0.023	0.5136553036927141	-0.2698325194332092	0.2179	0.4316466786520916	-0.2842163614480258	0.1804	0.33710864435478993	-0.2304344372838988	-0.0119	0.8283011336287638	0.8378376481039409	-0.0301	1.0128590405983262	0.39927457499482627	-0.0179	1.0202758580427942	-0.1001889643034015	0.023	1.195989642771049	-0.20902192384971893	0.2179	1.2054690800452321	-0.18538460050827682	0.1804	0.9788691943531537	-0.1791673602510725	-0.0119	0.8993600121787836	1.457405973063941	-0.0008	1.0445603815295454	1.7513529023815313	0.0655	1.0697458252962495	1.566028492938947	0.1076	0.6504206548139705	1.365794797563082	-0.01275	0.5367663309369841	1.0134773405042632	0.0119	0.6250073272720704	0.7162861939489267	0.0002	1.0398713663940833	1.3206843697879052	0.01275	1.0537870227912238	1.0023297494043617	-0.0119	1.1366787077275593	0.7233864979352328	-0.0002
413	6.883333333333333	0.7292536171219877	0.825781998500767	0.0301	0.5988897802110354	0.8306695377632561	0.0301	0.5123641149454998	0.3367545984501232	0.0179	0.38741721930030476	-0.1532056006343927	0.023	0.5133100803497367	-0.26977418074260834	0.2179	0.4318153866858331	-0.28420640947211884	0.1804	0.33676730986083986	-0.23062525231989012	-0.0119	0.8288541446622253	0.8368917609251829	-0.0301	1.0130296118200817	0.39898291315715734	-0.0179	1.0203956471606177	-0.10030689926727751	0.023	1.1961689152984583	-0.21019137737285284	0.2179	1.2057942115450004	-0.18688663786505613	0.1804	0.9787567177095907	-0.1792350415871391	-0.0119	0.8996943182053336	1.4574328998123398	-0.0008	1.044126011967156	1.7514485133804687	0.0655	1.0696046276464657	1.5660528906296618	0.1076	0.6501491443851697	1.3658729310752262	-0.01275	0.5366453515071576	1.0133513722969647	0.0119	0.6248353715595226	0.7156815807299021	0.0002	1.0405726385009333	1.3205776303623182	0.01275	1.0537193824864375	1.0024527667965761	-0.0119	1.136567532730079	0.7232917049469416	-0.0002
414	6.8999999999999995	0.7298732072339574	0.8250227467609663	0.0301	0.5991872428060027	0.8301298638751562	0.0301	0.5121721481938756	0.3359724361210985	0.0179	0.38734033400706175	-0.15260323454778787	0.023	0.5128340276887676	-0.26968652331266685	0.2179	0.4318307257644415	-0.2842570869764577	0.1804	0.3364668566669562	-0.23113125419238528	-0.0119	0.8294446670701886	0.8356547519593459	-0.0301	1.012998301382222	0.3985072469430103	-0.0179	1.0205298365814695	-0.10051207696262114	0.023	1.196326923901864	-0.2114682818668141	0.2179	1.2061645961146492	-0.18811963442308163	0.1804	0.9787667586471748	-0.17941728669728527	-0.0119	0.8998267186689656	1.4576193005991822	-0.0008	1.0439055686918728	1.7516684350282694	0.0655	1.0696210872919447	1.565892445861167	0.1076	0.6499874696798134	1.3660355130133812	-0.01275	0.5365491312365495	1.0132460452498013	0.0119	0.6246963937773532	0.7152639559304174	0.0002	1.0411696215931192	1.3206750119844817	0.01275	1.0539858272057145	1.0024020031243186	-0.0119	1.136634123270978	0.723077198348003	-0.0002
415	6.916666666666667	0.7303104611338622	0.8242466686892583	0.0301	0.599493188863147	0.8296202067001432	0.0301	0.5122542362061853	0.3353809519741956	0.0179	0.38735020160990336	-0.15198107943056222	0.023	0.5122285183412296	-0.26956929834539334	0.2179	0.43154062877716526	-0.2844021337877554	0.1804	0.33624116359496914	-0.23185595416997534	-0.0119	0.8299613956196388	0.8341763509558922	-0.0301	1.0127280408759605	0.3978552721334305	-0.0179	1.0206601833431646	-0.10066870070936065	0.023	1.1965906963987976	-0.2122014177034657	0.2179	1.2066305217877127	-0.18881316587188546	0.1804	0.9788319407225698	-0.17977774066441854	-0.0119	0.8997991837877931	1.4579057428677038	-0.0008	1.0438712575242053	1.752027858953999	0.0655	1.0696713412661842	1.5657167360651103	0.1076	0.6500111169973405	1.3661515082730975	-0.01275	0.5364071780760123	1.013150003450965	0.0119	0.6245738925917506	0.7153150372873223	0.0002	1.0415913954385265	1.3209104386407617	0.01275	1.0544693723465473	1.0020149668805771	-0.0119	1.136633288043523	0.722841658261166	-0.0002
416	6.933333333333334	0.7304474985307123	0.8234108453764797	0.0301	0.5997435845688573	0.8290274922648544	0.0301	0.5125993065092521	0.3348070070958479	0.0179	0.3876624511070275	-0.15150996164508268	0.023	0.5117462941790618	-0.26936289592565626	0.2179	0.4311837639084182	-0.284557736410172	0.1804	0.3362025810228828	-0.23257572701634485	-0.0119	0.8302518442380176	0.8327661306237917	-0.0301	1.0123660456951487	0.39712015629048525	-0.0179	1.020740310587891	-0.10082342321302729	0.023	1.1968771386788624	-0.21242776376856187	0.2179	1.2069740461453888	-0.1890366638709382	0.1804	0.97888053176455	-0.18020783655894673	-0.0119	0.8995868653659902	1.4582801287365426	-0.0008	1.0438589982305901	1.7522545671382317	0.0655	1.069570401378439	1.5656872320900714	0.1076	0.6502066601876112	1.3660900291032312	-0.01275	0.5362267852727453	1.0130850120076023	0.0119	0.6244523169961306	0.7157309083629315	0.0002	1.0418802565360146	1.3212687122099567	0.01275	1.0550196324861312	1.0012320253164195	-0.0119	1.1365672023907243	0.7226915943111114	-0.0002
417	6.95	0.7303111278947396	0.822489393862347	0.0301	0.5998606795640989	0.8283235170530111	0.0301	0.5131638918354705	0.33400709206371165	0.0179	0.38823503103694673	-0.15131836305986834	0.023	0.5116705754890534	-0.2690536927265263	0.2179	0.43106199765113706	-0.28459306278619567	0.1804	0.33644077993456745	-0.23309040519417007	-0.0119	0.8302536096932668	0.8317517415736061	-0.0301	1.0121061159617197	0.3965146192216459	-0.0179	1.0207035975037826	-0.10100384930563104	0.023	1.1971258332459784	-0.21236725979295076	0.2179	1.2070676178717068	-0.18895517236853637	0.1804	0.9788376083739133	-0.1805327966708472	-0.0119	0.8992846381735781	1.458727946638919	-0.0008	1.043791600614369	1.7521521188584297	0.0655	1.0693060986837686	1.5658390691753412	0.1076	0.6504843510559949	1.3657911659853996	-0.01275	0.5360610574656091	1.01304167150425	0.0119	0.6243308763403765	0.7161659606750866	0.0002	1.042042540833511	1.321649773601562	0.01275	1.0555189725195362	1.0000853252113346	-0.0119	1.136666338274029	0.7225722228570428	-0.0002
418	6.966666666666667	0.7301259057277928	0.8214619830869875	0.0301	0.5999321508652626	0.8273141011446288	0.0301	0.5136988498767201	0.33298592968461665	0.0179	0.388727072906619	-0.15141808787674113	0.023	0.5120421349726392	-0.26877421112324273	0.2179	0.43115599171375407	-0.28446068926860135	0.1804	0.3369150585952986	-0.2333318970624428	-0.0119	0.8301498801937125	0.8310630383065137	-0.0301	1.0120005856690373	0.39611250017669336	-0.0179	1.0205464913159945	-0.10099566778557217	0.023	1.1973932570984474	-0.21181500467940642	0.2179	1.207119056377353	-0.18847551966044748	0.1804	0.9786750184193377	-0.1806239583618656	-0.0119	0.899143009191198	1.459077175616656	-0.0008	1.0437155580389819	1.7518837771810711	0.0655	1.0691157072032658	1.5660418320993417	0.1076	0.6507203913823022	1.3652377495905328	-0.01275	0.5359043653571588	1.012968500823536	0.0119	0.6241929714544944	0.7163939752377879	0.0002	1.0420135372274548	1.3218435748011235	0.01275	1.0558892932824109	0.9987932918761872	-0.0119	1.1369355604491602	0.7224149574823537	-0.0002
419	6.983333333333333	0.7301367093113457	0.8203063854929674	0.0301	0.6001432203853665	0.8258859918124524	0.0301	0.5139122048063367	0.332007944204881	0.0179	0.38881868606766834	-0.1517581309887223	0.023	0.5127812335358982	-0.2687289859578662	0.2179	0.43131833970329336	-0.28427173817875007	0.1804	0.337498875767647	-0.23332234835326787	-0.0119	0.8301688246545564	0.8304567525962068	-0.0301	1.011989023972573	0.39578539258554307	-0.0179	1.0203266976196037	-0.10066266354564128	0.023	1.1975488109110102	-0.21071352139900368	0.2179	1.2072295126251944	-0.1874809661041209	0.1804	0.978435229135257	-0.1804219120680239	-0.0119	0.8992908499285543	1.4591109234415047	-0.0008	1.043618879683765	1.751617407712661	0.0655	1.0692313940542866	1.5660908739394093	0.1076	0.6508490654715952	1.3645445927339557	-0.01275	0.5357232236562214	1.0129039470720682	0.0119	0.6239758994526869	0.7164195963331517	0.0002	1.0417158896841188	1.3217569663009359	0.01275	1.0560994890993356	0.9977370522117163	-0.0119	1.1371725893287803	0.7222712750513192	-0.0002
420	7.0	0.7303151266969224	0.819100512873581	0.0301	0.6004740669278819	0.8243841309259751	0.0301	0.51370822158125	0.33133689900513674	0.0179	0.3884946098760975	-0.15228648767401634	0.023	0.5138039162004575	-0.2690007219874729	0.2179	0.43151550779637415	-0.28420803538173955	0.1804	0.3380869459061405	-0.23314056846340195	-0.0119	0.8303177812697369	0.8299247285251831	-0.0301	1.0120676770836259	0.3954425212189785	-0.0179	1.0200693490778576	-0.10021976196801122	0.023	1.1971909733280588	-0.2097549034077909	0.2179	1.2071066033682145	-0.18630870467551489	0.1804	0.9781713173278196	-0.17997417319163792	-0.0119	0.8995561403006334	1.458814547631467	-0.0008	1.0434096220821687	1.7512597902000087	0.0655	1.069624992450471	1.565889756153722	0.1076	0.6509185794227288	1.3639997240566366	-0.01275	0.5355422472307768	1.0129621954943988	0.0119	0.6235906234393183	0.7163148032358488	0.0002	1.041110439980446	1.321525753603905	0.01275	1.0561498270731595	0.997232584540092	-0.0119	1.1373924972753358	0.7222292046353324	-0.0002
421	7.016666666666667	0.7303814707376006	0.8180168625964489	0.0301	0.6006823453490616	0.8232884157498632	0.0301	0.5131233494278217	0.3310447795661672	0.0179	0.3879672226623502	-0.15288137325178494	0.023	0.5149098504895486	-0.26947141727153623	0.2179	0.4317136686219987	-0.28434121900154113	0.1804	0.3385859126823108	-0.23292794458243218	-0.0119	0.8304420783788783	0.8295326971209882	-0.0301	1.0122687208176333	0.39509179753765394	-0.0179	1.0197723994973755	-0.09994351347177613	0.023	1.1961714457824477	-0.20966209093408564	0.2179	1.2065337050314424	-0.1855091058522875	0.1804	0.9779085752844251	-0.17943708790841906	-0.0119	0.8996874389443605	1.4583532179062684	-0.0008	1.0431285882559111	1.7508395647148836	0.0655	1.070068109623741	1.565555842032314	0.1076	0.6510071712311805	1.363826265154187	-0.01275	0.5354091428015304	1.0131576818630805	0.0119	0.6229979232093817	0.7161017536641978	0.0002	1.040302138236927	1.3213325612200562	0.01275	1.0560962034911372	0.9973360786325943	-0.0119	1.1377757107900128	0.7223162761832969	-0.0002
422	7.033333333333333	0.7301479085234622	0.8172153820152368	0.0301	0.6006040056883972	0.8226556026186562	0.0301	0.5122137351713025	0.33103269421835463	0.0179	0.3874700877459813	-0.1533326269904735	0.023	0.5157993204153464	-0.2699209266317346	0.2179	0.43185143518990426	-0.28459003943968	0.1804	0.3389145211408999	-0.23279413069885596	-0.0119	0.8304117438618193	0.8291332956000057	-0.0301	1.0125022889761712	0.3946685012283755	-0.0179	1.0195020821971597	-0.0998952799260767	0.023	1.1949333407092129	-0.21026299434099383	0.2179	1.205755119905858	-0.18522631876619908	0.1804	0.9776872180488282	-0.1789818065445825	-0.0119	0.8996365175687471	1.4578360148932903	-0.0008	1.042988743283511	1.7506576529146867	0.0655	1.0703226610061125	1.5653042949585223	0.1076	0.6511257325390529	1.364000990080343	-0.01275	0.5353226562124306	1.0133925502593946	0.0119	0.6222821647986263	0.715812418752753	0.0002	1.0395658283324112	1.3212464076902566	0.01275	1.0560366916500334	0.99789045054803	-0.0119	1.1382172791251222	0.7225302595055286	-0.0002
423	7.05	0.729693229236901	0.8167898450302038	0.0301	0.6003089378581534	0.8222797792893971	0.0301	0.511176642114011	0.3311354612722754	0.0179	0.38717900647952397	-0.1535545872270392	0.023	0.5162886056322721	-0.27017669585617243	0.2179	0.43201819607145353	-0.2848387744046218	0.1804	0.3390922595538025	-0.23270026257775622	-0.0119	0.8301596823735762	0.8286220812725642	-0.0301	1.0126586348729318	0.39408925883331947	-0.0179	1.0193685563597854	-0.10003567528329525	0.023	1.1940337929838403	-0.21096791363511896	0.2179	1.2051211790782235	-0.18524059081231933	0.1804	0.977580763132386	-0.17871055922352955	-0.0119	0.8994909450833524	1.4572367092719387	-0.0008	1.0431284583238005	1.7507595701442291	0.0655	1.0701844790994937	1.5652134658755597	0.1076	0.6512412935616257	1.3643781179573322	-0.01275	0.5353002919198036	1.0135773773870307	0.0119	0.6216312219160749	0.7155333812071332	0.0002	1.0391201973004154	1.3212571917857923	0.01275	1.0560288926269978	0.9986345327426189	-0.0119	1.1383835514643619	0.7228469707671269	-0.0002
424	7.066666666666666	0.7291778018696512	0.8167474923035185	0.0301	0.5999443761627226	0.8222084002269425	0.0301	0.5103601495561969	0.3311949190270088	0.0179	0.3871689739053696	-0.15366705832736516	0.023	0.5164035321226309	-0.27020624517898034	0.2179	0.4323775590230262	-0.2850464869153879	0.1804	0.3392101268914192	-0.2325057729455897	-0.0119	0.8296530726812044	0.828269595373496	-0.0301	1.0128162982967983	0.39351917889683735	-0.0179	1.0194034230259106	-0.10031594886463573	0.023	1.1936087915410059	-0.21167149386988088	0.2179	1.2046709494824799	-0.18540198211156783	0.1804	0.9776341345296602	-0.178607565008528	-0.0119	0.8992992910278825	1.4565624071373842	-0.0008	1.0434918579618502	1.7507733266265688	0.0655	1.0695643743773964	1.5651735410856984	0.1076	0.6513498233195655	1.364828957434397	-0.01275	0.5354717926536047	1.0136793256926802	0.0119	0.6211960380981016	0.7153098010062706	0.0002	1.0389176271282519	1.321314662358413	0.01275	1.0561025624436535	0.9991950708807986	-0.0119	1.138182558420995	0.7231440501175118	-0.0002
425	7.083333333333333	0.7286316903581728	0.8170309312793326	0.0301	0.5995611319293321	0.8226104266237483	0.0301	0.5099251132500351	0.3311244142668205	0.0179	0.38737050445675947	-0.15374600463019422	0.023	0.5162109018962229	-0.27008169402947396	0.2179	0.43278325189587286	-0.2852271420782027	0.1804	0.33928066118872263	-0.23211871365136516	-0.0119	0.8289379458940562	0.8283934772680243	-0.0301	1.0130938632589497	0.3932873709899265	-0.0179	1.0195269050560816	-0.10057002566828441	0.023	1.1934981642761695	-0.2124777119044164	0.2179	1.2043025928200493	-0.18567512567201058	0.1804	0.9778000013147403	-0.17855072043240744	-0.0119	0.8991338129533275	1.4559463590564579	-0.0008	1.0439900119072223	1.7505080341537544	0.0655	1.0687302215876198	1.5650366705906067	0.1076	0.6514816367350067	1.365266152580144	-0.01275	0.5359528402758511	1.0136918946951377	0.0119	0.620988566634716	0.715077138397869	0.0002	1.0387790275433968	1.3213049060693651	0.01275	1.0563076402191842	0.9992595605484803	-0.0119	1.1377730162918374	0.7232557497237032	-0.0002
426	7.1	0.728013520108823	0.817564540475525	0.0301	0.5991514359783324	0.8233313473268429	0.0301	0.5096898324997204	0.3309563240368323	0.0179	0.3876249796224087	-0.1537186429162967	0.023	0.5157032734898273	-0.2698883378875376	0.2179	0.4327478489639284	-0.28534312893631203	0.1804	0.3392103945892949	-0.23154907528648055	-0.0119	0.828182580998505	0.8288810799332222	-0.0301	1.0134140138910648	0.3934487210007623	-0.0179	1.01960965541991	-0.10056252619734536	0.023	1.1935743316858332	-0.21308288283194268	0.2179	1.204055147469808	-0.18595144698625152	0.1804	0.9779466697659869	-0.1784454067836587	-0.0119	0.8991663607158578	1.4554617961532086	-0.0008	1.0446422433311942	1.7502111475457305	0.0655	1.0682823035626163	1.564661462465295	0.1076	0.6516458523409486	1.3656621429714388	-0.01275	0.5366355228965771	1.013594445476095	0.0119	0.6209442686518798	0.7147677713390502	0.0002	1.0387021620091654	1.3210863940623705	0.01275	1.0566816603235658	0.9988699946353206	-0.0119	1.1372454121573399	0.7231230454518427	-0.0002
427	7.116666666666666	0.7273994073559089	0.818302697582761	0.0301	0.598756261715055	0.8241365117834665	0.0301	0.5094841278588773	0.3308148839148121	0.0179	0.3878154363090365	-0.15359688209503325	0.023	0.5149620605362168	-0.26968996083813856	0.2179	0.43201579103661514	-0.28527517818114967	0.1804	0.3389767441555431	-0.2308847210083857	-0.0119	0.8275959425955929	0.8294726792635799	-0.0301	1.0136346095496453	0.39374825417201104	-0.0179	1.0195730269783554	-0.10030172734117974	0.023	1.1937576879816325	-0.2131330211467394	0.2179	1.2039331140694782	-0.18608834442883393	0.1804	0.9779768674464491	-0.17831569362194227	-0.0119	0.8995047843338141	1.4549940512361401	-0.0008	1.0455526547794405	1.7500119661398037	0.0655	1.068673219452248	1.5638360723989748	0.1076	0.6518730509420728	1.3660137994071972	-0.01275	0.5372716758616419	1.0133730950857727	0.0119	0.6209945264714646	0.7144552208413542	0.0002	1.0388786349940449	1.3205840049322322	0.01275	1.0572020087297769	0.9983028012580605	-0.0119	1.1366942357730334	0.7227393857452887	-0.0002
428	7.133333333333333	0.7269743942070636	0.8192424529076153	0.0301	0.5984492397695366	0.8251204553226851	0.0301	0.5094156531811282	0.3308024824843376	0.0179	0.3879426322208332	-0.1535843835323569	0.023	0.5142497088837601	-0.26950196865594817	0.2179	0.4309278033981018	-0.2849361594844654	0.1804	0.33874827171176186	-0.23030968478724737	-0.0119	0.8272864103046558	0.8302101054708088	-0.0301	1.0137748518808998	0.3940357478095155	-0.0179	1.0194604128655809	-0.10012660980022445	0.023	1.1939332303959909	-0.21277860655818312	0.2179	1.2037096661103641	-0.18605240960712524	0.1804	0.9779448647331348	-0.17822953639240188	-0.0119	0.9000862907778746	1.4544088855796613	-0.0008	1.046847268365313	1.749565518708732	0.0655	1.0698587277250584	1.5623519500102678	0.1076	0.6522976050705442	1.3662578235296161	-0.01275	0.5377257896119767	1.0130909614116312	0.0119	0.6210534841508434	0.7143023356702037	0.0002	1.0394199391467758	1.3198170558812665	0.01275	1.0577919742839472	0.9977096076852316	-0.0119	1.1364065040674978	0.7220121658587125	-0.0002
429	7.1499999999999995	0.7268132382249021	0.8202730735610447	0.0301	0.5982448355948494	0.8263377683074352	0.0301	0.5096172373535753	0.33084209217769267	0.0179	0.38809019876199946	-0.15385191072241022	0.023	0.5137631365405978	-0.26929675300854766	0.2179	0.42997493432836026	-0.2844013588447431	0.1804	0.3387113097853904	-0.2300378801010401	-0.0119	0.8272430371690148	0.8311109278014377	-0.0301	1.0139747664933885	0.394329565809802	-0.0179	1.0193625054511966	-0.10029516536067035	0.023	1.1940395531596042	-0.21234720665145784	0.2179	1.2032195912131338	-0.18586240595214085	0.1804	0.9779821703418149	-0.17821990154370798	-0.0119	0.9008363510027645	1.453704725188499	-0.0008	1.048622589249055	1.748548989011402	0.0655	1.071493143896324	1.5602139009525384	0.1076	0.6530056242308263	1.3662741430312806	-0.01275	0.5379980989602978	1.012888149060636	0.0119	0.6210668508663931	0.7143262685514109	0.0002	1.0402451635838241	1.3188466599860391	0.01275	1.0583693375131014	0.9971026360641649	-0.0119	1.1365774490803253	0.7208953902820463	-0.0002
430	7.166666666666667	0.7268089040936829	0.821038236108697	0.0301	0.5980848896919602	0.8273766740948453	0.0301	0.5099836009272168	0.33071346278070884	0.0179	0.3883288068510513	-0.15434308300416924	0.023	0.5134741472788202	-0.26906342575867537	0.2179	0.42929003431200485	-0.28386578398920104	0.1804	0.33886153960876525	-0.2301223780353508	-0.0119	0.827448263837629	0.8317916957687931	-0.0301	1.0143368270231323	0.3945511836936275	-0.0179	1.019291504202708	-0.1006554725717492	0.023	1.1941301745423565	-0.2118249501229871	0.2179	1.202652987512765	-0.1855017229795475	0.1804	0.9781380043139868	-0.1782750946661542	-0.0119	0.9017430156078394	1.4529375910472007	-0.0008	1.050811781950852	1.7471570463961488	0.0655	1.0732859159304686	1.5577206330937021	0.1076	0.6538454865551026	1.3659639673199269	-0.01275	0.5381140882890794	1.0128746770780963	0.0119	0.6210838554982652	0.7143233041070767	0.0002	1.0412347347478474	1.3177904884126763	0.01275	1.0588556705554777	0.9965747671812484	-0.0119	1.137012976707698	0.7196152612718267	-0.0002
431	7.183333333333334	0.7268703152345148	0.8211457000112832	0.0301	0.597914772019369	0.827810577081839	0.0301	0.5103396666588262	0.3303625868498494	0.0179	0.38863328183505885	-0.15484883877753408	0.023	0.5133533471990595	-0.26880286639801404	0.2179	0.42887919462418017	-0.28347500348999033	0.1804	0.33909965269658165	-0.2303974591153616	-0.0119	0.8278905131261801	0.831904447417984	-0.0301	1.0148706939938044	0.39456141315880366	-0.0179	1.0191952690304882	-0.1008876021608552	0.023	1.1942504052482472	-0.21111084976943317	0.2179	1.2023171808589228	-0.18500216058671837	0.1804	0.9783658657779198	-0.1783143144035484	-0.0119	0.9027313062636407	1.4521290826378352	-0.0008	1.0530730301024809	1.7457409283607768	0.0655	1.075068219876518	1.5553257629288861	0.1076	0.6545595206991991	1.365333120398092	-0.01275	0.5381356268716293	1.013010841436242	0.0119	0.6211548149395418	0.7141174348133963	0.0002	1.0423534621168233	1.3168691477812358	0.01275	1.0592011996418427	0.9962582742717527	-0.0119	1.1374364743992276	0.718547222377261	-0.0002
432	7.2	0.7270372013551903	0.8205303774035226	0.0301	0.5977290321122751	0.8277803910063105	0.0301	0.5106616695745141	0.33003912825621157	0.0179	0.38890108015825603	-0.1551933966932411	0.023	0.5134946025416778	-0.2685024238596953	0.2179	0.4289110741461311	-0.2832655119025712	0.1804	0.33942380161073604	-0.23063321413452478	-0.0119	0.8284609629888628	0.831570520309175	-0.0301	1.015503003882366	0.3943553503738865	-0.0179	1.0190660309468835	-0.10087118242092623	0.023	1.1943701977367303	-0.21040717271081621	0.2179	1.2023117883612284	-0.18447588362990144	0.1804	0.9785991740975425	-0.17821837221479486	-0.0119	0.9036940865311862	1.4512846387798422	-0.0008	1.0549826220587455	1.7443282966449503	0.0655	1.076692334583018	1.553404522448634	0.1076	0.6550722564757363	1.36453451059963	-0.01275	0.5381861401293073	1.0130949931829454	0.0119	0.6212071225419417	0.7137363529434632	0.0002	1.043616250537122	1.3162381994538983	0.01275	1.0595029391066253	0.9960601829976448	-0.0119	1.1378849979441696	0.7178339187161339	-0.0002
433	7.216666666666667	0.7273822156673971	0.8194813348887311	0.0301	0.5975727593546594	0.8276714593924762	0.0301	0.5109855372114113	0.33004055927769493	0.0179	0.3890589616643589	-0.15530669466531616	0.023	0.5138746209594066	-0.26814445925062785	0.2179	0.42939088666626335	-0.2832039741634326	0.1804	0.3398621532406926	-0.23071156345235594	-0.0119	0.8290254830782633	0.8309846226343292	-0.0301	1.0161052561172916	0.3940079576998602	-0.0179	1.0189993324898343	-0.1006345342931786	0.023	1.1944473150136867	-0.2098271890170519	0.2179	1.2026084646717443	-0.18396207410895463	0.1804	0.9787978133123515	-0.17793939242570692	-0.0119	0.9046613941265206	1.4504136038833593	-0.0008	1.0563885363739294	1.7428989147703924	0.0655	1.0781312627716293	1.5521092821325917	0.1076	0.655594223022648	1.3637827979345962	-0.01275	0.5383564333679803	1.0129417321722032	0.0119	0.6211641226697103	0.7132842369000958	0.0002	1.0450483287005405	1.3157752312951412	0.01275	1.0600219680114495	0.9956859749254121	-0.0119	1.1384936920032747	0.7172521453330398	-0.0002
434	7.233333333333333	0.7279333114788546	0.8184365047530191	0.0301	0.5975644127784694	0.8275940436178069	0.0301	0.5112524885814048	0.33046115913861607	0.0179	0.38908742829402565	-0.15516204307832737	0.023	0.5142164262194328	-0.2677158937046957	0.2179	0.4299686789811829	-0.2831942600291414	0.1804	0.34029756923826615	-0.2306542533453439	-0.0119	0.8295872496569276	0.830107014590607	-0.0301	1.0165776328382934	0.3936066786880841	-0.0179	1.019109067387105	-0.10017923511968141	0.023	1.1944444349974426	-0.2090075149895618	0.2179	1.2031739282633012	-0.18333983617263314	0.1804	0.9789835149832969	-0.177545333439603	-0.0119	0.9057458007263881	1.4495029298816042	-0.0008	1.0574658658724614	1.7417118424453988	0.0655	1.0795971152152692	1.5514016309784877	0.1076	0.6564234100953716	1.3632291409884647	-0.01275	0.5386180881818144	1.0125999595891293	0.0119	0.6210853433482637	0.7128344316490359	0.0002	1.0466841892716274	1.315185155394985	0.01275	1.0609896240913634	0.9950253835912611	-0.0119	1.1391399189069054	0.7165166097746409	-0.0002
435	7.25	0.7286702661314455	0.8178851428913724	0.0301	0.5978610516391115	0.8276870997178591	0.0301	0.5113626019114021	0.33119995962052573	0.0179	0.3889336558496785	-0.15476151777755426	0.023	0.5142647981295799	-0.26724082214853956	0.2179	0.4303460560773268	-0.2831188709355854	0.1804	0.34052042002700167	-0.23054344386286707	-0.0119	0.8302093047532161	0.8292016844916275	-0.0301	1.0169120325379681	0.39341685122428144	-0.0179	1.019361507564608	-0.0996315811380828	0.023	1.1942902402864481	-0.20773967945088953	0.2179	1.2038043193500123	-0.18253284048434829	0.1804	0.9792028430517565	-0.17716602465144948	-0.0119	0.9069262515724756	1.4484514325819442	-0.0008	1.058499922555555	1.7409357734097126	0.0655	1.081291177849426	1.5510549400110158	0.1076	0.6576607001235694	1.3629244620754466	-0.01275	0.5388671098201627	1.012303601614863	0.0119	0.6210358912782356	0.7124723785839876	0.0002	1.0484969928886705	1.314277616673742	0.01275	1.0624066845513904	0.9943144090431387	-0.0119	1.1396768395863026	0.7155965597034183	-0.0002
436	7.266666666666667	0.7295205947691732	0.8181922864001449	0.0301	0.5985026456844266	0.8284028429115711	0.0301	0.5112923175431835	0.33203276691948613	0.0179	0.388519192664307	-0.15419232618468098	0.023	0.5140522823756783	-0.2667760163740177	0.2179	0.43052539785332394	-0.28296357373708547	0.1804	0.3404340553433897	-0.23047986743770227	-0.0119	0.8308229086565132	0.8290460643351899	-0.0301	1.017136578507944	0.3938768819268795	-0.0179	1.019591771733505	-0.09931412825654846	0.023	1.1939101676116128	-0.20657580577592416	0.2179	1.2041169542841244	-0.1817485341239018	0.1804	0.9794245306283528	-0.1769177935001847	-0.0119	0.9080371269335891	1.4470865117130183	-0.0008	1.0597767178077364	1.7402781967488967	0.0655	1.0831408239036626	1.550557854194435	0.1076	0.6591938107288198	1.3628343563361491	-0.01275	0.539012472936381	1.0122085286480913	0.0119	0.6209344258833077	0.7122740497835192	0.0002	1.050366429500797	1.3130609358265994	0.01275	1.064062223934955	0.9938227701022305	-0.0119	1.140290729600027	0.714640282749859	-0.0002
437	7.283333333333333	0.7303768192696005	0.8192791313394061	0.0301	0.5993512183114658	0.8298587496786114	0.0301	0.5110685665426088	0.33264411067387734	0.0179	0.3878860458580348	-0.1535593959313416	0.023	0.5137298133123067	-0.2663768567320471	0.2179	0.43056037611480313	-0.2828699277582544	0.1804	0.34014793244749253	-0.23055376811256104	-0.0119	0.831263445744448	0.8300168995258063	-0.0301	1.0172444825537783	0.3951752065063482	-0.0179	1.0197069291312628	-0.09935659563991558	0.023	1.193427390269576	-0.20611460250335403	0.2179	1.204008554396496	-0.1813108590925138	0.1804	0.9795566224217173	-0.1768872381479601	-0.0119	0.9090099884185423	1.4453868283156106	-0.0008	1.0615774188990064	1.7393758716022414	0.0655	1.0849369398811148	1.5493669470023737	0.1076	0.6608918836512444	1.362886680232104	-0.01275	0.5389917920114078	1.0122761048081959	0.0119	0.6206415352204091	0.7121946378275541	0.0002	1.0522346014388837	1.3116117361785424	0.01275	1.065777162968579	0.9935685713705952	-0.0119	1.1412516449212842	0.7137401104732172	-0.0002
438	7.3	0.7311528589798545	0.8205421833401919	0.0301	0.6002262401062155	0.8313342410463546	0.0301	0.5107286880995777	0.33278246704400655	0.0179	0.38724875136309783	-0.15289638806061062	0.023	0.5133258282396547	-0.2660927135407101	0.2179	0.4304112815844786	-0.2829467058179567	0.1804	0.3399002317140396	-0.23077170440341524	-0.0119	0.8315260055261735	0.8314414454334146	-0.0301	1.0172529558868992	0.3968811878625006	-0.0179	1.0197298003073345	-0.09949957896181436	0.023	1.1931769400983894	-0.20616805032207164	0.2179	1.2038670489255827	-0.1813047074568802	0.1804	0.9795726269656816	-0.17710757789828305	-0.0119	0.9100124935973882	1.4435863610917554	-0.0008	1.064045610680109	1.738259811516098	0.0655	1.086575093782087	1.5473844247172723	0.1076	0.6626688020820742	1.3630160021946216	-0.01275	0.53876494104682	1.0123869986210912	0.0119	0.6201088854353256	0.7120717063275175	0.0002	1.0542262499179937	1.3100214406504502	0.01275	1.0675753902632512	0.9933967279181456	-0.0119	1.1425006587422328	0.7129027438227221	-0.0002
439	7.316666666666666	0.7318519122521705	0.8212581859134844	0.0301	0.6009860856270789	0.8320263429825792	0.0301	0.5104345331238601	0.3325218195913373	0.0179	0.3868486858036441	-0.15226492730270524	0.023	0.5128319577911952	-0.26594313667768266	0.2179	0.430134411522536	-0.2830329098031952	0.1804	0.33990752269450203	-0.23101053770624294	-0.0119	0.8318415955554767	0.8323729180553762	-0.0301	1.0172813957035485	0.3981830505667854	-0.0179	1.0196311941512832	-0.09948784269578022	0.023	1.193208119768238	-0.20633770094138248	0.2179	1.2039762048814304	-0.18159150266702934	0.1804	0.9795209186939637	-0.17742489969089967	-0.0119	0.9112689108745721	1.4419308524819479	-0.0008	1.0670896377633223	1.73699188478555	0.0655	1.0880895175437524	1.5448824528039362	0.1076	0.6644151317021711	1.3631439814798596	-0.01275	0.5383530140954951	1.0124492117598778	0.0119	0.6193779438341985	0.7117710168999899	0.0002	1.0564886786631758	1.3084994402038974	0.01275	1.06954524928766	0.9931870538935075	-0.0119	1.1437920650017113	0.7121383073081211	-0.0002
440	7.333333333333333	0.7325454205449892	0.8211693617590745	0.0301	0.601496775471755	0.832001662638563	0.0301	0.5104777317589538	0.3322475133031416	0.0179	0.3868080798927292	-0.151827095591868	0.023	0.5123257272085154	-0.2659309170737901	0.2179	0.4299524121286367	-0.28284795966286	0.1804	0.34023714446331216	-0.23109951983188953	-0.0119	0.8324164951516264	0.832638293037997	-0.0301	1.0174779254172193	0.398619176870009	-0.0179	1.0193085045391723	-0.09936581926159958	0.023	1.1930993391371938	-0.20678925938514453	0.2179	1.2040565032182278	-0.18205734652078032	0.1804	0.9794263461104216	-0.17750168516009154	-0.0119	0.912894648686496	1.4405030764056745	-0.0008	1.0705535906140882	1.7352736200035033	0.0655	1.0895938322327003	1.5421316704420993	0.1076	0.6660574958980789	1.3631752787148508	-0.01275	0.5378360576977387	1.0124045494789402	0.0119	0.618507585017431	0.7112466173500368	0.0002	1.0589787467413232	1.3072671956515616	0.01275	1.0716469252687737	0.9928968195857041	-0.0119	1.145072713440956	0.7114577720693082	-0.0002
441	7.35	0.7332443396275264	0.8205591283060886	0.0301	0.6016703886961298	0.8318426647962724	0.0301	0.5109580855513992	0.33225130692198984	0.0179	0.38711294640150873	-0.15170209244726646	0.023	0.5118950317210403	-0.2660804057987113	0.2179	0.4299787787280392	-0.28237693565980304	0.1804	0.3407529811222778	-0.23097248959942773	-0.0119	0.8332564568961804	0.832664826520642	-0.0301	1.017912750167517	0.39841879313338346	-0.0179	1.0187957581547291	-0.0992642177015753	0.023	1.1926070541953417	-0.20773594064383857	0.2179	1.2037783227264554	-0.18264202878153707	0.1804	0.9793158287977686	-0.177144281267516	-0.0119	0.9149957930403869	1.4393142260372869	-0.0008	1.0743716761280069	1.7330114893512298	0.0655	1.0913088621758198	1.5394488524772034	0.1076	0.6676883416544978	1.3630730757337033	-0.01275	0.537316383329937	1.0122465842238095	0.0119	0.617603218407025	0.7104763094048369	0.0002	1.0615428366804571	1.3062853346399939	0.01275	1.0737740909277402	0.9923935441009034	-0.0119	1.1464457121517069	0.7108085068738068	-0.0002
442	7.366666666666666	0.7338772006722216	0.8198326874061225	0.0301	0.6015704930353979	0.8317941015889427	0.0301	0.5115765001635256	0.33248958898668646	0.0179	0.3876302058404109	-0.1518527606285659	0.023	0.5115777013152764	-0.26637253160681923	0.2179	0.4300340722458135	-0.28186817748353377	0.1804	0.3412107982008765	-0.23066413202898042	-0.0119	0.8342570786643223	0.8327219635745912	-0.0301	1.0185779585226422	0.398029698979686	-0.0179	1.018332629574968	-0.09917240661563854	0.023	1.1920465076082603	-0.208774639242347	0.2179	1.2032826547422368	-0.18321468213106673	0.1804	0.9793285688057164	-0.17653431775656137	-0.0119	0.9176985035194732	1.4383291627746568	-0.0008	1.0784569271545725	1.7307261907011524	0.0655	1.0935403057616808	1.5372402299887344	0.1076	0.669483752461879	1.3628611223023468	-0.01275	0.5369458198053465	1.0120466133452002	0.0119	0.616818747805351	0.7094560353184414	0.0002	1.0641638562976388	1.3053179911477233	0.01275	1.0758685679557662	0.9914246493480178	-0.0119	1.1478958090420188	0.710082218959044	-0.0002
443	7.383333333333333	0.7344299799834884	0.8193245129066614	0.0301	0.6014355477413038	0.8319054491627065	0.0301	0.511959666509506	0.3328104534005698	0.0179	0.3881324333240299	-0.15216324831359612	0.023	0.5114267850540478	-0.2666982119829443	0.2179	0.42994670272319874	-0.281506889944717	0.1804	0.34144703766878487	-0.23021217596293816	-0.0119	0.8352642898478568	0.8328971678227706	-0.0301	1.0193894709360203	0.39765871971986605	-0.0179	1.0181741218477762	-0.09906155850132378	0.023	1.1918274340665576	-0.20936143784363925	0.2179	1.202868525361923	-0.18355231525271834	0.1804	0.9796428108795893	-0.17600254724440348	-0.0119	0.9209293233660362	1.4373759331271778	-0.0008	1.0825700783529306	1.7287854962763685	0.0655	1.0963850112393567	1.5356108146862812	0.1076	0.6715111518974511	1.3624846073471428	-0.01275	0.5369330903951137	1.0118784031591692	0.0119	0.6162065312322985	0.7082444587215775	0.0002	1.0669719890511065	1.3042638166868639	0.01275	1.0778658191803858	0.9899536446977623	-0.0119	1.1493058063450399	0.7091752094784372	-0.0002
444	7.3999999999999995	0.7349690068623822	0.8194105597962513	0.0301	0.6015257893381883	0.8325039219231478	0.0301	0.5120661455416687	0.3332061320663901	0.0179	0.3883847080950885	-0.15252393452816113	0.023	0.5115319024063593	-0.26694276069772055	0.2179	0.42983561923081115	-0.2813005625557145	0.1804	0.34143668802318156	-0.22970653815132197	-0.0119	0.836097170752212	0.8334241427334169	-0.0301	1.0201813809063254	0.39740572442365085	-0.0179	1.0184345209080097	-0.09902258406283013	0.023	1.1920860941642937	-0.20946674475750235	0.2179	1.2026505330194122	-0.1834686739395745	0.1804	0.9802556470453354	-0.17571110210350294	-0.0119	0.924351103836974	1.436227112131515	-0.0008	1.0864526768303642	1.7268493635930366	0.0655	1.099577424439016	1.5342253514504334	0.1076	0.6737186756245446	1.3618205647226376	-0.01275	0.5374427445099794	1.0117143801463042	0.0119	0.6156831565121533	0.7069538555796929	0.0002	1.0700173473307453	1.3031734439320108	0.01275	1.0796982706418514	0.9882866353287214	-0.0119	1.15065656441771	0.7079825116747648	-0.0002
445	7.416666666666667	0.7354563609633269	0.8204114994308415	0.0301	0.6018849045821084	0.8338551423757192	0.0301	0.5120667019247804	0.3338020693403288	0.0179	0.3882757383932196	-0.15283091650336147	0.023	0.5119132143108529	-0.26708184701288856	0.2179	0.4298372452487126	-0.28121985357095364	0.1804	0.34123838511562277	-0.2293523514652223	-0.0119	0.8366646353379805	0.8344896131770335	-0.0301	1.0208168040514256	0.3974355558481356	-0.0179	1.0190609215166864	-0.09911254229886801	0.023	1.1928345275723	-0.20932568574553737	0.2179	1.2027545013358025	-0.18295949699450892	0.1804	0.9809500947491355	-0.1756456861785892	-0.0119	0.9276665454708342	1.4348334134061995	-0.0008	1.0901331315297318	1.7245405941509233	0.0655	1.1028853999781643	1.5328251735248595	0.1076	0.6760327183767599	1.3609133173167596	-0.01275	0.538463818118234	1.011476197937074	0.0119	0.6151815187143496	0.7057141917326727	0.0002	1.0731739379849914	1.3019628278381736	0.01275	1.0814951532759092	0.9866515238845752	-0.0119	1.1520519287146782	0.7063308649634561	-0.0002
446	7.433333333333334	0.7357311305172629	0.8222277825587325	0.0301	0.6023216154123966	0.8356547623999476	0.0301	0.5119985837977818	0.33468728264740766	0.0179	0.38787274974857	-0.15298120027743678	0.023	0.512442759226464	-0.267185897300847	0.2179	0.42983044981377594	-0.28130136453110965	0.1804	0.3409539712188986	-0.22933804787288528	-0.0119	0.8370081929884926	0.8358816459821744	-0.0301	1.021289683037372	0.3978471882254888	-0.0179	1.0198619429505476	-0.09922784514865844	0.023	1.194025785257905	-0.20898105137065098	0.2179	1.203412297663726	-0.18218644270793044	0.1804	0.9815094958808307	-0.1757521390066674	-0.0119	0.9308703934747727	1.4333375053698056	-0.0008	1.0939694443607324	1.7219978391618338	0.0655	1.106378581647909	1.531539501971524	0.1076	0.6783980324193724	1.3600133260055176	-0.01275	0.5397850426375892	1.0111615445307334	0.0119	0.6146980726003844	0.7046543666043322	0.0002	1.0762528298479364	1.30040024219805	0.01275	1.0836334244042085	0.9849225426907959	-0.0119	1.153641198459569	0.7040282333124994	-0.0002
447	7.45	0.7357774616853721	0.8242099579885577	0.0301	0.6026604747287541	0.8372537030590773	0.0301	0.5118134181863784	0.3357259300658107	0.0179	0.38731496460007975	-0.15293566069222922	0.023	0.512913794011465	-0.2673329243064701	0.2179	0.42970747646925883	-0.2815893516105863	0.1804	0.34066562737184497	-0.2296629852115064	-0.0119	0.8371811687097179	0.8371151119653601	-0.0301	1.0216688329128285	0.3986191005101642	-0.0179	1.0206226521694233	-0.09929944266755425	0.023	1.1953653119276177	-0.20856577336307727	0.2179	1.2045765756607665	-0.181426667429279	0.1804	0.9818476993358076	-0.1759566612048307	-0.0119	0.9341191906003259	1.4318093175697328	-0.0008	1.0982999697560676	1.7194073935114038	0.0655	1.1100892419010273	1.5304063535936039	0.1076	0.680823742894715	1.3593370742783408	-0.01275	0.5411178090403179	1.0108370222573855	0.0119	0.614209956366885	0.7038847609968233	0.0002	1.0791305404445415	1.298429111369189	0.01275	1.0863847352682199	0.982898345740742	-0.0119	1.1555823574877426	0.7011663579413927	-0.0002
448	7.466666666666667	0.7357833826185597	0.825511607162105	0.0301	0.6028631763206479	0.8381366788292145	0.0301	0.511627048062084	0.3366053464502289	0.0179	0.3867165890018366	-0.15278874155520536	0.023	0.5132206195212993	-0.26753944376676986	0.2179	0.42966397664316563	-0.28205966139901095	0.1804	0.34037459157928496	-0.23015555519520695	-0.0119	0.8371796572155935	0.8377607687570674	-0.0301	1.0220186582050494	0.3996744179911073	-0.0179	1.021221327158487	-0.09941093929752456	0.023	1.196388567353796	-0.20862441263652254	0.2179	1.2057147921174083	-0.18108466657126654	0.1804	0.9819270092857996	-0.17614414537400816	-0.0119	0.937457633197696	1.4301104716607833	-0.0008	1.1031392194289755	1.7165944268495286	0.0655	1.1138460448727112	1.5289679225041322	0.1076	0.683409255514004	1.3588902199643829	-0.01275	0.5422212485531308	1.0105467739477398	0.0119	0.6136760953172574	0.7034567439254263	0.0002	1.0818350276300202	1.2962793767532783	0.01275	1.0895889653779847	0.9806557641707383	-0.0119	1.1579598095815853	0.698312812327377	-0.0002
449	7.483333333333333	0.7358948122069469	0.8255280145864805	0.0301	0.6029476896071816	0.8379374704794607	0.0301	0.5116456908753005	0.33708729569643153	0.0179	0.3862147430060277	-0.1526637660209027	0.023	0.5134628901684488	-0.267770947809736	0.2179	0.4300042298481101	-0.28263337487350576	0.1804	0.34002389893489804	-0.23063252478988305	-0.0119	0.837104901843467	0.8374450684268179	-0.0301	1.0223803305215708	0.4008115292128136	-0.0179	1.0216102178344475	-0.09956043735307396	0.023	1.1969256578041372	-0.20947504181561852	0.2179	1.2063337936606822	-0.18145087537287607	0.1804	0.9817012451078176	-0.17629896489208197	-0.0119	0.9407748394279487	1.4280632397669761	-0.0008	1.1082207101066583	1.713475636363666	0.0655	1.1176543021718264	1.5267365106126531	0.1076	0.6861894138895953	1.358449501189131	-0.01275	0.5429381198891807	1.0102959407413923	0.0119	0.6131143676369476	0.7033189819389407	0.0002	1.0845491253107757	1.2941645936418895	0.01275	1.092901197296642	0.9785168912909809	-0.0119	1.160682545564367	0.6960874853577987	-0.0002
450	7.5	0.7361368606920697	0.8241421804227902	0.0301	0.602982192607512	0.8364149339865254	0.0301	0.5119243371039215	0.3370884057925555	0.0179	0.3859621249349547	-0.15257946577653067	0.023	0.5137563383714588	-0.2679961110673765	0.2179	0.4308054152074082	-0.28321070071784377	0.1804	0.33959179744679524	-0.23099182415990796	-0.0119	0.8372486181773096	0.8358612541495883	-0.0301	1.0227649530516087	0.4016871650496168	-0.0179	1.0217567494678563	-0.09956925895309443	0.023	1.1972245627898352	-0.21062698884055983	0.2179	1.20646678411825	-0.18236420231884395	0.1804	0.9811650099751951	-0.17659040488904884	-0.0119	0.9440114962720797	1.4257009047666147	-0.0008	1.1132620420561774	1.7104462490686831	0.0655	1.1217999478158727	1.5238365103306242	0.1076	0.6890249182917739	1.3577561462188124	-0.01275	0.5432349255397572	1.0101202916150125	0.0119	0.6126051443346794	0.703313801542225	0.0002	1.0874423109354006	1.292094502211831	0.01275	1.0962627503340554	0.9767221309416662	-0.0119	1.1635567650929588	0.6945694779709023	-0.0002
451	7.516666666666667	0.7365128922703393	0.8218725211056269	0.0301	0.603092051553828	0.8339047141293038	0.0301	0.5123476939131544	0.33661326050941337	0.0179	0.38597251394654647	-0.15252358630708243	0.023	0.5140454892725288	-0.2682287515110352	0.2179	0.4319107088279103	-0.2837024068759487	0.1804	0.3391323866942425	-0.23120179713452368	-0.0119	0.837775814446549	0.833248498187465	-0.0301	1.0231494263908953	0.4020622752061367	-0.0179	1.021673306196736	-0.09937087984767358	0.023	1.1974800563076833	-0.21144764459711743	0.2179	1.2063771930637013	-0.18341539862816844	0.1804	0.9803977278947774	-0.17710608513525883	-0.0119	0.9472718885227844	1.423344442463133	-0.0008	1.11815910825118	1.7078762772878144	0.0655	1.1263892379252405	1.5208196503204834	0.1076	0.6918383907262721	1.3568341162982622	-0.01275	0.5432642880305284	1.0100757286271929	0.0119	0.612210375979804	0.7032524772340121	0.0002	1.0904666516012487	1.2900960640888177	0.01275	1.0998812661115795	0.9752055376472623	-0.0119	1.166502335169615	0.6933744774342772	-0.0002
452	7.533333333333333	0.7369838919712558	0.8196942899098293	0.0301	0.6033704562743681	0.8314278268144525	0.0301	0.5127255063690278	0.3357730702049546	0.0179	0.3860809397313748	-0.1525324767629672	0.023	0.514264822998739	-0.26844578652042234	0.2179	0.4331198594779852	-0.2840667799220241	0.1804	0.3387260202053701	-0.23127813584030077	-0.0119	0.8384961673841218	0.8305291870412225	-0.0301	1.0234906834674404	0.4020000064854584	-0.0179	1.0214352322890732	-0.0991451808804204	0.023	1.1976066235101102	-0.2118959050019637	0.2179	1.2061912043902037	-0.18440317971319112	0.1804	0.9795610822618614	-0.17762902042770334	-0.0119	0.9506601140377717	1.4213491620229257	-0.0008	1.1229387826595545	1.7056220894405485	0.0655	1.131148693283997	1.5180254167111762	0.1076	0.6947563854426924	1.3559453536709987	-0.01275	0.5433376892440919	1.0100734547704926	0.0119	0.6119007752627624	0.7030568867556725	0.0002	1.0933887994290166	1.2882847645195619	0.01275	1.1038754389311767	0.9736809101343308	-0.0119	1.1695994570273671	0.6921450856871786	-0.0002
453	7.55	0.7374197959946864	0.8184487645271701	0.0301	0.6038372441991866	0.8298719363895336	0.0301	0.5128255936257398	0.3348244974601151	0.0179	0.3861456620032767	-0.15261613317237668	0.023	0.5144252530261663	-0.2684906777919912	0.2179	0.4341574725136048	-0.28431066071632305	0.1804	0.33843809002082065	-0.23122258785618835	-0.0119	0.8391556107447791	0.8285213263044792	-0.0301	1.0237973225568562	0.4017331557964279	-0.0179	1.0210953963662923	-0.09902372753218795	0.023	1.1975018698999151	-0.21207556728134533	0.2179	1.2060225919629548	-0.18525221900324446	0.1804	0.9788371206221539	-0.17785818180729118	-0.0119	0.9541495420928539	1.4197636042263095	-0.0008	1.1276782799043426	1.703390329276856	0.0655	1.135760965026609	1.5154366356735727	0.1076	0.6977827423329986	1.3552326034466622	-0.01275	0.5437429720269729	1.0098835175583334	0.0119	0.6115907657800896	0.7028037586290965	0.0002	1.0960303016917579	1.2865896302335458	0.01275	1.108091550169068	0.9719610741412897	-0.0119	1.172874123748216	0.690743014239454	-0.0002
454	7.566666666666666	0.7376954690240412	0.8184409950031621	0.0301	0.604465969627263	0.8293776152996902	0.0301	0.5124630913158188	0.3340736406564382	0.0179	0.38620748204632177	-0.1527012300890088	0.023	0.5144870267921157	-0.2682143912478422	0.2179	0.4346251265620818	-0.2844674651323627	0.1804	0.338288523533459	-0.23098821790622662	-0.0119	0.8397034119967222	0.8273729130152736	-0.0301	1.0241665188808973	0.4014273856464242	-0.0179	1.0206523150901072	-0.09888202174735938	0.023	1.1971766069925194	-0.21170632567694714	0.2179	1.2060280094393425	-0.1857170848292567	0.1804	0.978385437640124	-0.1777506755145719	-0.0119	0.9576909903400143	1.4183732969442262	-0.0008	1.1325102613585616	1.701150718143218	0.0655	1.1401127694488205	1.5129939173686286	0.1076	0.7006606818380745	1.3546152070589081	-0.01275	0.5445511180374336	1.0094153515539885	0.0119	0.6112675612881111	0.7025713762347543	0.0002	1.098444190507616	1.284737401956488	0.01275	1.1121469651368554	0.9701973481559113	-0.0119	1.1761604556469054	0.6892089033599129	-0.0002
455	7.583333333333333	0.7377830377763893	0.819411035889433	0.0301	0.6050883459409262	0.8296324935040542	0.0301	0.5116835540501268	0.3336423477038573	0.0179	0.3863526362710181	-0.15274403949113824	0.023	0.514473270258311	-0.2677131291250697	0.2179	0.43435486791435624	-0.28462687516472573	0.1804	0.338239225009181	-0.23058619402336283	-0.0119	0.8401344482778729	0.8268759839179876	-0.0301	1.024666254007688	0.4011029861436586	-0.0179	1.020148076623435	-0.09861041247445781	0.023	1.1966658143023856	-0.2106908946330475	0.2179	1.2061620839563836	-0.18558967792429407	0.1804	0.9783450091582349	-0.17748594465719023	-0.0119	0.9612702524940617	1.4169864495501971	-0.0008	1.1374972127491665	1.698896489018607	0.0655	1.1442066175784265	1.510730151701032	0.1076	0.7032911102218384	1.3539187892739288	-0.01275	0.5456575278466349	1.008818553668322	0.0119	0.6110281616469891	0.7023171500777208	0.0002	1.1008746622821628	1.2825964293977732	0.01275	1.1156929376765035	0.9686491836894882	-0.0119	1.179236874192419	0.6876962437668674	-0.0002
456	7.6	0.7377102254725435	0.8206088172186222	0.0301	0.6053104216612115	0.8302197591661274	0.0301	0.5107944995646472	0.3333671917808537	0.0179	0.38654464156125584	-0.15285719879052984	0.023	0.5145863038590544	-0.2673125001500388	0.2179	0.43366718386680053	-0.28495132991941535	0.1804	0.3382169048029717	-0.2301453860020955	-0.0119	0.8403644192359112	0.8267314155504134	-0.0301	1.025235349443799	0.4006494793778052	-0.0179	1.0196799305551971	-0.09835563251010754	0.023	1.1960170169786675	-0.20968199982739755	0.2179	1.2061601174072183	-0.18503417548952278	0.1804	0.9787624655425209	-0.17714429961877567	-0.0119	0.9648117881934261	1.415486558978677	-0.0008	1.142556786211933	1.6963828185383614	0.0655	1.148041481487646	1.5085797018336402	0.1076	0.7059004617395213	1.3529489651551265	-0.01275	0.5469571206953456	1.0082845474194568	0.0119	0.6109960072195574	0.7019292262288515	0.0002	1.1035463316462848	1.2803121862923756	0.01275	1.1187105037439973	0.9672693149172791	-0.0119	1.1820209160918613	0.6863310275729781	-0.0002
457	7.616666666666666	0.7375531850788049	0.8211943210921299	0.0301	0.6048249470645349	0.8306523365421773	0.0301	0.5100840675939563	0.3330395099523111	0.0179	0.38671091170569627	-0.1531917511698373	0.023	0.5149224621350945	-0.26730258167362564	0.2179	0.4329914298395924	-0.28552115075152856	0.1804	0.3381293464487387	-0.22981356826742783	-0.0119	0.8404107109519713	0.8264981451444225	-0.0301	1.0257859621031813	0.39989771751799275	-0.0179	1.0193117457074103	-0.09830209675682935	0.023	1.195339625466263	-0.20934848786194582	0.2179	1.2058599149464704	-0.18440162039933794	0.1804	0.97952680852677	-0.1766973451367979	-0.0119	0.9682661743517106	1.4137481921538	-0.0008	1.1477142292061246	1.6933818091286568	0.0655	1.1516899414414623	1.5063261742964023	0.1076	0.7087008818502533	1.351564189173907	-0.01275	0.5483633852763758	1.0079178536245337	0.0119	0.6112612739111466	0.7012685685412435	0.0002	1.1064966889781418	1.2780645208633057	0.01275	1.1214335399625504	0.9657961058676139	-0.0119	1.184640854371933	0.685117699400507	-0.0002
458	7.633333333333333	0.7375127656240629	0.8208480257895941	0.0301	0.6038171849367259	0.8306028097384777	0.0301	0.509587698767528	0.3326527823501277	0.0179	0.3868208942333692	-0.15373211725946792	0.023	0.5152633881927327	-0.26774022692550464	0.2179	0.43242480437661224	-0.286180473019656	0.1804	0.3379329857380722	-0.2296685391831881	-0.0119	0.840475847439716	0.8258686010289328	-0.0301	1.0263439599335304	0.3988275670768947	-0.0179	1.0190956788935503	-0.09842805362768235	0.023	1.194751907726955	-0.2095219830556188	0.2179	1.2053490015899893	-0.18384393313975478	0.1804	0.9804155225816005	-0.17628209173620218	-0.0119	0.9717960709179027	1.411672499433646	-0.0008	1.153264591092673	1.6899345597942386	0.0655	1.1554069140441652	1.5037901088895802	0.1076	0.7118052140589799	1.3498170819899262	-0.01275	0.5497499005891984	1.007760648504876	0.0119	0.6118329747293478	0.7002038149468078	0.0002	1.1096446090362866	1.2758620423755085	0.01275	1.1240648743038602	0.9641099506095442	-0.0119	1.1873410189428302	0.6839199200849415	-0.0002
459	7.6499999999999995	0.7378416985153922	0.8198013537873259	0.0301	0.6028523992710679	0.8301550205850102	0.0301	0.5092626341266371	0.33229312403899214	0.0179	0.38681546630012276	-0.15429568816685652	0.023	0.5153000883588119	-0.26846789486996303	0.2179	0.43182438318428756	-0.28665982594238343	0.1804	0.33773927200684134	-0.22971521811452003	-0.0119	0.8407580733601037	0.8249791747930941	-0.0301	1.0270271091804628	0.3976653361141644	-0.0179	1.0191047720524102	-0.09862440512333373	0.023	1.194234142425253	-0.20971471741368516	0.2179	1.2047911357963552	-0.18333913156924697	0.1804	0.981136553860922	-0.17612353082963317	-0.0119	0.9756748790243445	1.4092403874134338	-0.0008	1.159455158393153	1.6861724203090651	0.0655	1.1595080624267378	1.500855185104011	0.1076	0.7154067813912898	1.3480113890362517	-0.01275	0.5510188053344123	1.0077873899680005	0.0119	0.6126206880776632	0.6987491166878739	0.0002	1.1129608775114561	1.2736076725286074	0.01275	1.126754357039655	0.9621798724547398	-0.0119	1.1902567548324101	0.6824716914401442	-0.0002
460	7.666666666666667	0.7386642222189829	0.8183621340383901	0.0301	0.60244688295839	0.8296097568071314	0.0301	0.509187621840634	0.3319108525788007	0.0179	0.38664793097067673	-0.15466715860035918	0.023	0.5148609076647785	-0.26925783385772356	0.2179	0.43105553943332997	-0.2868038309408613	0.1804	0.33777496449736216	-0.2299228021535022	-0.0119	0.8413383316341548	0.8241383356640377	-0.0301	1.0279621497584919	0.39667550700462406	-0.0179	1.0193204729139103	-0.09889677682231292	0.023	1.1936385386706614	-0.20991095577204888	0.2179	1.2043022276353916	-0.18292435775082852	0.1804	0.9813798774426138	-0.17625276256462208	-0.0119	0.9800511250484549	1.4065239301998205	-0.0008	1.1661321281603731	1.682152645626539	0.0655	1.1641922088775658	1.4974139805825937	0.1076	0.7196206694407854	1.3465241228770617	-0.01275	0.5522053082620013	1.0078497241207587	0.0119	0.6135226647887245	0.6970842931093166	0.0002	1.1164447227682741	1.2711888877959117	0.01275	1.129709049102569	0.9598406196118565	-0.0119	1.1933353376145714	0.6804948575287668	-0.0002
461	7.683333333333334	0.7399411193371791	0.8167909858792033	0.0301	0.6028690473232248	0.8291847867840196	0.0301	0.5094002590407771	0.3313463625656638	0.0179	0.3863862415856769	-0.15470697029969646	0.023	0.513913415679607	-0.2699857565985647	0.2179	0.43001616358804357	-0.2866536272085906	0.1804	0.3381457499858549	-0.2302267426596973	-0.0119	0.8422457506491605	0.8234824973555744	-0.0301	1.0292367663762478	0.3959840754287786	-0.0179	1.0195725339678485	-0.09931447616648385	0.023	1.1929591238759958	-0.21027147515080796	0.2179	1.2040055304849233	-0.18264629771889052	0.1804	0.9809877425999662	-0.1765891741613104	-0.0119	0.9848657280765157	1.4036709310813669	-0.0008	1.172921836093133	1.6780071112007733	0.0655	1.169517553842947	1.4935411582361655	0.1076	0.7242146746912425	1.3455062832539064	-0.01275	0.5534465447781832	1.00770399407934	0.0119	0.6145113128990359	0.6953613390985677	0.0002	1.1199833744831365	1.2684918877549973	0.01275	1.1330695101776327	0.956960383444965	-0.0119	1.1965393027117661	0.67788400289846	-0.0002
462	7.7	0.7415207607944001	0.8154100876907148	0.0301	0.6041223185763771	0.8288985402429054	0.0301	0.509718525555004	0.33045209836487305	0.0179	0.38612574986013654	-0.15441290642712013	0.023	0.5125906876435852	-0.270673567337063	0.2179	0.4286827988404737	-0.286397402592221	0.1804	0.3386809581597966	-0.23051534875589896	-0.0119	0.8434624512810583	0.8229873322939995	-0.0301	1.0308485609174844	0.39561360333845436	-0.0179	1.0196898364592049	-0.09984683422952235	0.023	1.1924888222128485	-0.2106282082371348	0.2179	1.2040346762324372	-0.18243362128583165	0.1804	0.9800905535701016	-0.17712020224382657	-0.0119	0.9899311852632875	1.4007996672331582	-0.0008	1.179621398183613	1.6740152086023412	0.0655	1.175369975151437	1.4896312601806094	0.1076	0.7288036164263761	1.344733944090733	-0.01275	0.5548615394873528	1.0071775852564249	0.0119	0.6156162571987481	0.6936021030357431	0.0002	1.1233874779474633	1.2654640392277974	0.01275	1.1367455526935326	0.9537396913739619	-0.0119	1.1999759641246321	0.6748165198640547	-0.0002
463	7.716666666666667	0.7431863661145484	0.8143217455210174	0.0301	0.6058632648031398	0.8284909709225404	0.0301	0.5098858674097765	0.3290926948700809	0.0179	0.3858630223346957	-0.15394005901093819	0.023	0.5112550002441913	-0.2713279113161354	0.2179	0.4272865958390248	-0.28620289666771026	0.1804	0.33910297061401296	-0.23066086759386478	-0.0119	0.8448450115410144	0.8224437255536889	-0.0301	1.032712887065336	0.3955077193691167	-0.0179	1.0196572056902462	-0.10035286463779249	0.023	1.1925357932343945	-0.21079396747615275	0.2179	1.204377825883447	-0.18220067616734453	0.1804	0.9790566552372384	-0.17776239645742514	-0.0119	0.9950893344480634	1.3979245426918872	-0.0008	1.1862128429200558	1.6703416101061115	0.0655	1.1814743422276794	1.4860615153088044	0.1076	0.7332513627876392	1.3437593746311478	-0.01275	0.5564887706171741	1.0062764706306901	0.0119	0.616865804802867	0.6917892197403731	0.0002	1.1265703181937483	1.2621600758282692	0.01275	1.1405549241005863	0.95055222338124	-0.0119	1.2037179591611313	0.6716263315719985	-0.0002
464	7.733333333333333	0.7447951407103047	0.8131687081746838	0.0301	0.6075514981749198	0.8275358522028176	0.0301	0.5097979636840326	0.32723247524825183	0.0179	0.385545264377707	-0.15352016407819416	0.023	0.5103066403095542	-0.27184169351014514	0.2179	0.4262234329660841	-0.28605827919654137	0.1804	0.33928731945858104	-0.23054063764657654	-0.0119	0.8461991563113905	0.821476653969554	-0.0301	1.0347356268278554	0.3954697031580667	-0.0179	1.0195703715784663	-0.10069153235325799	0.023	1.1930713159215194	-0.21092246387056426	0.2179	1.2048425775265377	-0.18192489717984292	0.1804	0.978296302801498	-0.17825429078970076	-0.0119	1.0003076863813003	1.395021201737111	-0.0008	1.192713523855612	1.6668610769805345	0.0655	1.187630897885411	1.4827281093235722	0.1076	0.7376647947655143	1.3422304452280023	-0.01275	0.5582984863908125	1.0050549218374918	0.0119	0.6182284100285395	0.6898990898354123	0.0002	1.1296516029435544	1.2587123115141035	0.01275	1.1444273905816529	0.9475444885801667	-0.0119	1.207624377780161	0.668546902393751	-0.0002
465	7.75	0.7464401881677799	0.8115204744786503	0.0301	0.6090182315389857	0.8257951317443422	0.0301	0.5095149554607646	0.3251081687806784	0.0179	0.3851302139581249	-0.15327712263237256	0.023	0.5098136384574626	-0.27212937413245725	0.2179	0.4256387876829619	-0.2858599666193652	0.1804	0.33925415219933236	-0.23009491892652423	-0.0119	0.8475586286177216	0.8198362188867938	-0.0301	1.036906054164917	0.39517352732293287	-0.0179	1.0194993786410842	-0.10077508267171895	0.023	1.1938164107929632	-0.21105110877003166	0.2179	1.205316394810375	-0.18153267782080829	0.1804	0.9779808158816788	-0.17838883206163575	-0.0119	1.0056538181709234	1.3920446177730714	-0.0008	1.1992094058366105	1.6634416617795234	0.0655	1.1939139133287904	1.479193562726809	0.1076	0.7421176851809425	1.3400337510424662	-0.01275	0.5602516272481042	1.0035183739024176	0.0119	0.6195704333662456	0.6878420909173448	0.0002	1.1328775028002562	1.2552571586077743	0.01275	1.148365942437796	0.9446339281310002	-0.0119	1.2114223793301147	0.6656680915715224	-0.0002
466	7.766666666666667	0.7483820234233586	0.8093972886225811	0.0301	0.6107042233723795	0.8234464254626198	0.0301	0.5091796912494294	0.3231658062760517	0.0179	0.3845648353472549	-0.15312008275747813	0.023	0.5094956118235829	-0.2722403340214482	0.2179	0.4252906622481491	-0.28559082679412134	0.1804	0.33901850087670016	-0.22938301243424275	-0.0119	0.849256056333683	0.817613597453176	-0.0301	1.0393868457336926	0.394342057179121	-0.0179	1.019465431024708	-0.10057880177044905	0.023	1.1945326762041577	-0.2107457644934235	0.2179	1.2058760999542653	-0.18088197278744383	0.1804	0.9779638070870817	-0.17820943240318868	-0.0119	1.0112136055518568	1.388877364073593	-0.0008	1.2058349329174298	1.6601019155643533	0.0655	1.2005647591056172	1.4752141276031498	0.1076	0.746625877772862	1.3372319296076798	-0.01275	0.5623965055915429	1.0017524352195368	0.0119	0.620752421003894	0.685528261555139	0.0002	1.1364767098522541	1.2518459373827415	0.01275	1.1523780835604154	0.9417156519266339	-0.0119	1.2149036069978862	0.6630525830721761	-0.0002
467	7.783333333333333	0.7507341400384725	0.8072838831320689	0.0301	0.6130609293162778	0.8210113878119374	0.0301	0.5090295702661948	0.3217744372802604	0.0179	0.3838519200543758	-0.15286410554725804	0.023	0.5091404949502	-0.272282041830959	0.2179	0.4248842127056556	-0.28532297042920335	0.1804	0.3386348939443277	-0.22849645169326646	-0.0119	0.8515334520930914	0.8151778263066907	-0.0301	1.042435034780504	0.39292559734952487	-0.0179	1.0194844716476406	-0.10024056560286826	0.023	1.19514142461616	-0.20981986911325556	0.2179	1.2065101685346717	-0.17999040312769105	0.1804	0.9780629134754886	-0.17786148947181127	-0.0119	1.017069173878794	1.3854124006160264	-0.0008	1.2125806779638084	1.6566382647107243	0.0655	1.2077654222674994	1.4708923109853371	0.1076	0.7513361321712092	1.3340441466208726	-0.01275	0.5649269289503062	0.9999578474149893	0.0119	0.6218841163593478	0.6829927944773785	0.0002	1.1406650917706127	1.2484221084483287	0.01275	1.1565623909521614	0.9385894269838905	-0.0119	1.218045468014141	0.6607751888773675	-0.0002
468	7.8	0.7532924232009213	0.8057648520064513	0.0301	0.6159497178924268	0.8190599508999367	0.0301	0.5093515396469394	0.32100956596995556	0.0179	0.38314074388554215	-0.15244191448471908	0.023	0.5088038379769999	-0.27235733993967826	0.2179	0.42435328001655837	-0.28513708595786696	0.1804	0.3382939247998724	-0.22751666831312567	-0.0119	0.8542381253664675	0.812964350300373	-0.0301	1.0461951971926886	0.39110248093922917	-0.0179	1.0195417128624187	-0.10004730175010466	0.023	1.1957612787809901	-0.2088494037987972	0.2179	1.2070203096775929	-0.17910745090724897	0.1804	0.9782477284687617	-0.1773792996112675	-0.0119	1.0233726576575266	1.3816651301621803	-0.0008	1.2193360337071182	1.6525408439643732	0.0655	1.2156148019184652	1.4664494877871004	0.1076	0.7565461554407893	1.330734259980487	-0.01275	0.5681208168168214	0.9982713720197016	0.0119	0.6234226308610563	0.6803734809111793	0.0002	1.1456657578693137	1.2448510946567086	0.01275	1.1611189291010537	0.9349408174644523	-0.0119	1.2210314331005818	0.6588745191952735	-0.0002
469	7.816666666666666	0.7557397850953993	0.8051838101734337	0.0301	0.6188563885931455	0.8178652073738805	0.0301	0.5102563120936171	0.3206223253101578	0.0179	0.3826240003499719	-0.1519265791198124	0.023	0.5084952178444266	-0.2725724171551931	0.2179	0.4237990010226953	-0.28504855101066257	0.1804	0.3381388747214419	-0.22659958267910668	-0.0119	0.8570719599509042	0.8112752680854615	-0.0301	1.050649503860814	0.3891569177106345	-0.0179	1.0196003152714628	-0.10009076056838973	0.023	1.196645415844048	-0.2082844123180827	0.2179	1.2073303092251872	-0.17836355481644692	0.1804	0.9784948697270417	-0.17673672987530623	-0.0119	1.0303386714939669	1.3776675708286172	-0.0008	1.2262766216163274	1.6475088433613758	0.0655	1.2242271351766478	1.4620298569550036	0.1076	0.7625283355987433	1.3273481253844754	-0.01275	0.5722039955581176	0.9966678946285692	0.0119	0.6258888863247145	0.6778214398765686	0.0002	1.151568490865112	1.2408881279450525	0.01275	1.1661364219732142	0.9306895581295798	-0.0119	1.2241906384509864	0.6572181532037888	-0.0002
470	7.833333333333333	0.7579996945327193	0.8054187973108854	0.0301	0.6214989348804009	0.8172764371029618	0.0301	0.5116106226756997	0.3201563566825911	0.0179	0.38235244664423756	-0.15138478166418934	0.023	0.5079613592335885	-0.2729538542277048	0.2179	0.42330944309862567	-0.28498218343267673	0.1804	0.3380492117545117	-0.2259113581278919	-0.0119	0.8599916338211052	0.8101226768872518	-0.0301	1.0557324241212072	0.38734424146516994	-0.0179	1.0196837154535145	-0.10010293474754117	0.023	1.1979197025055806	-0.2077478133714282	0.2179	1.207621860688303	-0.17758666581650034	0.1804	0.9786881490677646	-0.17600937094599084	-0.0119	1.0380952103869951	1.3732818681515175	-0.0008	1.2339784801874987	1.6416274481112416	0.0655	1.2336509744755368	1.4575654361148611	0.1076	0.7694404347132067	1.323675966674203	-0.01275	0.5772815331898212	0.9949931274663713	0.0119	0.6295823168013767	0.6753855566080936	0.0002	1.1583017382236256	1.2362085198345873	0.01275	1.1714476413250623	0.9261979597524441	-0.0119	1.2278286032881076	0.6554574017505044	-0.0002
471	7.85	0.7604133381570771	0.8058654106689501	0.0301	0.6240379192717687	0.8168652041234324	0.0301	0.5133447857401497	0.31917565658213914	0.0179	0.3822298643812449	-0.15087985526760728	0.023	0.5069211144576545	-0.27342626755326455	0.2179	0.42285386811900094	-0.284877913630051	0.1804	0.3378304474648642	-0.22540178963327728	-0.0119	0.8632623964235541	0.8091301562859422	-0.0301	1.0614674134680162	0.3858186224133392	-0.0179	1.0198587534915498	-0.09988876338168483	0.023	1.199342522502918	-0.2069166520172918	0.2179	1.2080304306517686	-0.17670510660248706	0.1804	0.9787528125472379	-0.17533842035914093	-0.0119	1.0466249566558687	1.3681952538293511	-0.0008	1.2429583364222594	1.6349279726013795	0.0655	1.2438146729658461	1.4526170153608682	0.1076	0.7773665743728552	1.3193902554980892	-0.01275	0.5833682864851272	0.9929024981277926	0.0119	0.6347040120516452	0.6728304172122297	0.0002	1.1658288440142748	1.2306462179802575	0.01275	1.1768032329791447	0.9218892647377895	-0.0119	1.2320134001026528	0.6532175123459991	-0.0002
472	7.866666666666666	0.7635044090475219	0.8057900677409642	0.0301	0.6268418716067036	0.8162625920909506	0.0301	0.515631141290232	0.3174507944044089	0.0179	0.38214026694836983	-0.15060723323886593	0.023	0.5053024914961	-0.2739553600197353	0.2179	0.4222700201100553	-0.2847774180799521	0.1804	0.33750480295862717	-0.22481130445043052	-0.0119	0.8672503658324741	0.8077175490483356	-0.0301	1.0680817390902995	0.384614354967483	-0.0179	1.020170191663947	-0.09963907396151889	0.023	1.2004319096521083	-0.20624801747563398	0.2179	1.2084232255454408	-0.17601475961545332	0.1804	0.9787585359191407	-0.1747761765558622	-0.0119	1.0558772304927528	1.3620343145557912	-0.0008	1.253294804879222	1.6271665425885113	0.0655	1.2546728045814621	1.4464779670578434	0.1076	0.7863992139487601	1.3140868451282885	-0.01275	0.5904648184314889	0.9898364692489494	0.0119	0.6416024204840718	0.6696273641446674	0.0002	1.1742240886534316	1.224321405431085	0.01275	1.1820906277666048	0.9177130557442296	-0.0119	1.2365050394120638	0.6502216776181104	-0.0002
473	7.883333333333333	0.7675443706070636	0.8047788013028135	0.0301	0.6302703523286042	0.8154825581693724	0.0301	0.5185966174428897	0.31501440988538926	0.0179	0.3820136432316504	-0.1507737829867804	0.023	0.5032550295853025	-0.2745193351950576	0.2179	0.4214342457163944	-0.2846931365651055	0.1804	0.33722105667149094	-0.22399714011318786	-0.0119	0.8722769550676591	0.8055384753706578	-0.0301	1.0760021706608673	0.3836376530074357	-0.0179	1.0206479993490734	-0.09953823218252456	0.023	1.2009743742323336	-0.2060766290379261	0.2179	1.2086783035779405	-0.17575780333328977	0.1804	0.9787777643497045	-0.17425776036258192	-0.0119	1.0659040647336102	1.35456203290006	-0.0008	1.2648500716903	1.618189642655006	0.0655	1.266197667877832	1.4387118154653373	0.1076	0.7967692815682023	1.3074330276839685	-0.01275	0.598707265167516	0.9852988562222021	0.0119	0.6507685978489433	0.6651588897194171	0.0002	1.1835563089799097	1.2174058475275626	0.01275	1.1872806777425169	0.9131565141559725	-0.0119	1.2408212994828016	0.6461911802319945	-0.0002
474	7.8999999999999995	0.7725250172066632	0.8028137257182414	0.0301	0.6346087712352128	0.8148031268480236	0.0301	0.5220835720823076	0.312131588996103	0.0179	0.38184593766714325	-0.15132780904996326	0.023	0.5010660112440262	-0.2749482464467837	0.2179	0.4204752754963575	-0.28448287261269667	0.1804	0.337075542233118	-0.22308127863082264	-0.0119	0.8785799888104688	0.8026620951767989	-0.0301	1.0856729000121637	0.38273633055571565	-0.0179	1.0213166477222586	-0.09939866133588814	0.023	1.201245852860413	-0.20590638554546045	0.2179	1.208966270504369	-0.17575146611076561	0.1804	0.9787220943556961	-0.17364381887625005	-0.0119	1.0769146592022785	1.3458804745227324	-0.0008	1.277626985211194	1.6082300725368612	0.0655	1.2783480434986594	1.4295031130393647	0.1076	0.8088550838260568	1.299386651586239	-0.01275	0.6085074549517473	0.9791046580812356	0.0119	0.6628126303998187	0.6588271806710043	0.0002	1.1938569553756435	1.2099385042519761	0.01275	1.1922870978859204	0.907795217526441	-0.0119	1.2442580446413103	0.6408463254560053	-0.0002
475	7.916666666666667	0.7784627024553903	0.8000743232143191	0.0301	0.6400094884453724	0.81433771354796	0.0301	0.525828993425208	0.30910464096600965	0.0179	0.3817179349678412	-0.15204777989614285	0.023	0.4990062971048616	-0.27503784758353966	0.2179	0.41970140477744244	-0.2839924691682718	0.1804	0.33716705151894233	-0.22222343557708005	-0.0119	0.8862196090583127	0.7993147856478842	-0.0301	1.0974417165334727	0.3818367142738182	-0.0179	1.0222190180919788	-0.098940627870973	0.023	1.201595810343355	-0.20531343451602038	0.2179	1.2094317937723236	-0.17567722468127445	0.1804	0.9784737126913768	-0.17265921490618946	-0.0119	1.0892053978045286	1.3362682039939797	-0.0008	1.2916967214267523	1.5976270324927546	0.0655	1.2913444062615291	1.4193280482852502	0.1076	0.8229782943941892	1.2900457668023038	-0.01275	0.6204679354467805	0.9711570378265579	0.0119	0.6786257295402374	0.650040401289452	0.0002	1.2052182919953265	1.2019823205266864	0.01275	1.1970261538757414	0.9017657057697702	-0.0119	1.24587763665614	0.6341461078641115	-0.0002
476	7.933333333333334	0.7854230145616764	0.7968526025035756	0.0301	0.6464916794067681	0.8139613520663015	0.0301	0.5296642607240144	0.30598124170893387	0.0179	0.38173403234401354	-0.15283531778175719	0.023	0.4972312973016951	-0.2747375585774739	0.2179	0.4193761164668641	-0.28321348419302106	0.1804	0.3376113360908391	-0.22146382530001366	-0.0119	0.8950380591151516	0.7956404949880107	-0.0301	1.111643725834852	0.3810191868704103	-0.0179	1.023453613630935	-0.098087935499218	0.023	1.2021572423491342	-0.2046459132742346	0.2179	1.2098383861923954	-0.17540039366955398	0.1804	0.9780815704160346	-0.17085366671974872	-0.0119	1.1030338424705244	1.3258070673455238	-0.0008	1.307011215766921	1.5864638718315351	0.0655	1.3057254251528645	1.408555696061265	0.1076	0.8392485733271544	1.2793355500973849	-0.01275	0.6351805492585522	0.9610748122341046	0.0119	0.6993746062719112	0.6382576210269235	0.0002	1.2178249187172638	1.1936812874250986	0.01275	1.2014933809574584	0.8956537544397302	-0.0119	1.2447086367917553	0.6264039021890083	-0.0002
477	7.95	0.7933569674419699	0.7934560044452376	0.0301	0.6540867093542746	0.8135173835717028	0.0301	0.5334420582425592	0.30251525907618676	0.0179	0.38190485325828377	-0.1537162455533274	0.023	0.4958797461149197	-0.27408213773577217	0.2179	0.41965330390009276	-0.28226461910887257	0.1804	0.3383478655210931	-0.22092126237492468	-0.0119	0.9048756023719875	0.7916782934505089	-0.0301	1.1285482135885343	0.38042643512953406	-0.0179	1.0251845272505804	-0.09668920203539803	0.023	1.2031262006117562	-0.20421555080706696	0.2179	1.2099541877495246	-0.17481295826461332	0.1804	0.9776843491523431	-0.16777611195897676	-0.0119	1.1185346349688565	1.3143587265142531	-0.0008	1.3235784502332408	1.574646807067432	0.0655	1.3218632840845157	1.397479751729885	0.1076	0.8576295866969409	1.2671335603327591	-0.01275	0.6532315070628849	0.9482551506226432	0.0119	0.7261951204821897	0.6231957137913281	0.0002	1.231793120799206	1.1850354275274624	0.01275	1.205605812386494	0.8899929230012995	-0.0119	1.2401950054633901	0.618051463519707	-0.0002
478	7.966666666666667	0.8021714532760216	0.7898890330501095	0.0301	0.662966894518895	0.8127476209910574	0.0301	0.5370061301581176	0.29848890813592754	0.0179	0.3821211541521988	-0.15469459501447266	0.023	0.4952264410744672	-0.27317483382901114	0.2179	0.4206162232176684	-0.281336249371913	0.1804	0.33907720898307797	-0.22090448379374616	-0.0119	0.9157693741244407	0.7872254145019605	-0.0301	1.1481526042503492	0.3800830920095879	-0.0179	1.0276570278904906	-0.09414254165505336	0.023	1.2049309460633983	-0.20356623849809347	0.2179	1.2100612625667435	-0.17364464559198867	0.1804	0.9774063655974815	-0.16305452021118413	-0.0119	1.1357004701023243	1.3017985458325911	-0.0008	1.3416389476721937	1.5620913656524145	0.0655	1.3396724490987695	1.3862965311008384	0.1076	0.8781208275343888	1.2536083947237044	-0.01275	0.6752407129993638	0.9323407719830042	0.0119	0.7600195240142055	0.6052291188438335	0.0002	1.2469824981468267	1.1758388147140213	0.01275	1.2090668770747082	0.8848394621315564	-0.0119	1.232448712867645	0.6094071422236879	-0.0002
479	7.983333333333333	0.8119148365001708	0.7855584159188445	0.0301	0.6733934087507892	0.8110531425854827	0.0301	0.5403258289918068	0.29397257492285755	0.0179	0.38222099263410714	-0.1558372699774	0.023	0.49561255655910647	-0.2723427698681207	0.2179	0.422263899433326	-0.28060707009580194	0.1804	0.339540558539101	-0.22152193678613502	-0.0119	0.9278039473385178	0.7815418361147688	-0.0301	1.1702214677405902	0.37983375385793117	-0.0179	1.0310984102882392	-0.08960871636379225	0.023	1.2079096413958106	-0.2021051740759169	0.2179	1.2106976915071201	-0.1716026815961647	0.1804	0.9774539261645575	-0.15618380988334324	-0.0119	1.154483674682673	1.288103790316164	-0.0008	1.361426086394926	1.5486226333555042	0.0655	1.3589541942280265	1.3747719731983055	0.1076	0.9009321460820512	1.2391582844236742	-0.01275	0.7015944768462404	0.9135856064990128	0.0119	0.8017130512960758	0.5856263419565414	0.0002	1.2631326682222286	1.1658882515232876	0.01275	1.2114545467880171	0.8796728118040986	-0.0119	1.2220972574873228	0.6008425921511925	-0.0002
480	8.0	0.822790982030578	0.7793341524227207	0.0301	0.6856145429979386	0.8075386973191991	0.0301	0.543490810789333	0.28914492625011906	0.0179	0.38207509229805636	-0.15738868813480417	0.023	0.4971411451167059	-0.27207091559893115	0.2179	0.4244451182927168	-0.28015108480569195	0.1804	0.33971917216683595	-0.22242272426981513	-0.0119	0.940839877257745	0.7733991191505839	-0.0301	1.194472610958954	0.37941814532932666	-0.0179	1.0355254845154114	-0.08264409458383262	0.023	1.2120403221734566	-0.1998727401679607	0.2179	1.2121261934565115	-0.16859638353945605	0.1804	0.9781788191351305	-0.14664745683121133	-0.0119	1.1749616004191064	1.2733481332579768	-0.0008	1.3829699924090029	1.5339912984223998	0.0655	1.3797099709258973	1.362270817143262	0.1076	0.9264940722712846	1.2241072244620448	-0.01275	0.7322123127390764	0.8927930383066134	0.0119	0.8521067410320364	0.5662777680520525	0.0002	1.2802208950896414	1.1552000602507346	0.01275	1.2123001708937071	0.8737856788124089	-0.0119	1.2102553599904182	0.5930887499983593	-0.0002
481	8.016666666666666	0.8350148792360199	0.7702358130927114	0.0301	0.6998997076769053	0.801452472111904	0.0301	0.5466627694834532	0.28406815077866315	0.0179	0.38173223152813845	-0.15948656003346384	0.023	0.49936607062315924	-0.27269289695887833	0.2179	0.4267674383755449	-0.279945626426007	0.1804	0.339684623033383	-0.22319940183655904	-0.0119	0.9545141088429386	0.7619007286377114	-0.0301	1.220544348932061	0.3785887710267284	-0.0179	1.0407422889582087	-0.07354643507223706	0.023	1.2169306449438506	-0.19713290161434313	0.2179	1.2142192911110694	-0.1647852192313811	0.1804	0.9799129131110664	-0.1346051072281724	-0.0119	1.1973384483657978	1.257784393054973	-0.0008	1.4063221875857064	1.518414104195464	0.0655	1.401955730781897	1.3484859040240809	0.1076	0.9551475990115244	1.2086691438395538	-0.01275	0.7667765466028597	0.8710416109374076	0.0119	0.9116133969075992	0.5493569617527907	0.0002	1.2985636122052	1.144056046400033	0.01275	1.2110661132111038	0.8668020791602762	-0.0119	1.1988507505168602	0.587240841841938	-0.0002
482	8.033333333333333	0.8488171255541309	0.758350581500795	0.0301	0.7167297468554371	0.7927312917566656	0.0301	0.5502933482194219	0.27890923405080426	0.0179	0.381484519460048	-0.16177483244742835	0.023	0.5012711663554634	-0.27418642253738146	0.2179	0.4285876954989638	-0.27991829097987203	0.1804	0.3394834346169418	-0.22368022660178935	-0.0119	0.9686021447684698	0.747445461941832	-0.0301	1.2478988664399644	0.3770975619015245	-0.0179	1.0465096689739715	-0.06322072072650979	0.023	1.2218199892576171	-0.193817068005541	0.2179	1.2164988614991172	-0.16050941278438483	0.1804	0.9826961180812329	-0.12120444811436895	-0.0119	1.2217896171029805	1.2419152932073034	-0.0008	1.431720697252906	1.5028998131125963	0.0655	1.425571729286926	1.3339720809029092	0.1076	0.9868619050981833	1.1932102668245967	-0.01275	0.8050685432104104	0.8495681115897559	0.0119	0.9797407743037608	0.5372802768579625	0.0002	1.3186298299515304	1.1327679825886503	0.01275	1.2072364038896775	0.8588142961253702	-0.0119	1.1907298563373099	0.5846051593263238	-0.0002
483	8.05	0.8648029062124968	0.7451109685866667	0.0301	0.7369084776553975	0.782295781942278	0.0301	0.5553422862087132	0.2742319613503738	0.0179	0.3816867498335071	-0.1635710042277843	0.023	0.5017503338290458	-0.2762584607727802	0.2179	0.42925060458946374	-0.2799860231684456	0.1804	0.3392049769642585	-0.22359466284246707	-0.0119	0.9835519002843507	0.7317087486010978	-0.0301	1.2759161715540568	0.3745420763105755	-0.0179	1.0526141797314776	-0.05279745142067093	0.023	1.2257419447113154	-0.190109593871451	0.2179	1.2181994005570786	-0.15625718708020228	0.1804	0.9862177766770432	-0.10788816717789165	-0.0119	1.2484075678913678	1.226437263726032	-0.0008	1.45932707032092	1.4886369760375118	0.0655	1.4505825776892176	1.3197478217684009	0.1076	1.0213606000465345	1.1784446564016957	-0.01275	0.8468821908131472	0.8297641172461242	0.0119	1.0548592840723812	0.5324594038933494	0.0002	1.3408662169279335	1.121432396657769	0.01275	1.2007757238023697	0.8504534211780542	-0.0119	1.1892118943387044	0.5864323517527069	-0.0002
484	8.066666666666666	0.8841811111367518	0.7327768224278981	0.0301	0.7612665399267902	0.7718388708803144	0.0301	0.5631590792554448	0.2707252259991772	0.0179	0.3826123276964757	-0.16433392780178321	0.023	0.5002117287144922	-0.27854221895508763	0.2179	0.4283876492636443	-0.28006052836793877	0.1804	0.33903549398820704	-0.22238494206192996	-0.0119	1.0007554250018338	0.7167496807934574	-0.0301	1.3039579218058668	0.37036567681166266	-0.0179	1.058771005462524	-0.04319311259229765	0.023	1.2278537268671306	-0.18709033518939708	0.2179	1.2185945643195546	-0.15274486735886134	0.1804	0.9899973263828422	-0.09555407061507104	-0.0119	1.2772861317947068	1.2120978193350256	-0.0008	1.4890470380586027	1.4762705870405726	0.0655	1.4774573388550563	1.3066213788707937	0.1076	1.0582449251045367	1.1653227380031332	-0.01275	0.8917533578763517	0.8131334891365075	0.0119	1.1342090174777786	0.5365480282825247	0.0002	1.3657134402507372	1.1101507024490813	0.01275	1.1928988078226592	0.8430893366780202	-0.0119	1.1974821088711975	0.593146222106922	-0.0002
485	8.083333333333334	0.9083187755337406	0.723308940163105	0.0301	0.7902644618807972	0.7629131278889436	0.0301	0.5751978810834933	0.26841250497279007	0.0179	0.38454310080566867	-0.16368050140396104	0.023	0.49668409564863725	-0.2806428938343654	0.2179	0.4259476484891005	-0.27993550019506575	0.1804	0.33929553254969586	-0.21957869697734433	-0.0119	1.02212769066093	0.7041161978154882	-0.0301	1.331302380036024	0.3639909445669943	-0.0179	1.0645368087315175	-0.03493897492808548	0.023	1.2275533549298927	-0.18607235667094327	0.2179	1.2173267353726405	-0.1509534974981317	0.1804	0.9935042039307971	-0.08467927126832038	-0.0119	1.308571236383667	1.1995519704849749	-0.0008	1.520929665711672	1.4659900515242503	0.0655	1.507085579310542	1.2950545597409626	0.1076	1.0969677689352708	1.154808305860904	-0.01275	0.9389490434940047	0.80120711106804	0.0119	1.214129229651666	0.5497011525013035	0.0002	1.3936951404198847	1.0994952448796513	0.01275	1.186677850699178	0.8384389005460741	-0.0119	1.218068297493226	0.6036435409867228	-0.0002
486	8.1	0.9380265112235873	0.7172547654254497	0.0301	0.8239275003684527	0.7560735165283784	0.0301	0.5927822655553487	0.26613327596426173	0.0179	0.38786856929899066	-0.1610752583044	0.023	0.4915884471589376	-0.28219556333025114	0.2179	0.4221569202294198	-0.27923789219324074	0.1804	0.3404445268477093	-0.21484799842527882	-0.0119	1.0491662444467085	0.6943517120790312	-0.0301	1.3571912978202048	0.35490534527044526	-0.0179	1.0693555870083413	-0.02837708243485327	0.023	1.2244950246471578	-0.18747926459387687	0.2179	1.214428615194049	-0.1517514664594568	0.1804	0.9962274786884745	-0.07589306881105838	-0.0119	1.3424437101311377	1.1893137955290527	-0.0008	1.5555442624826068	1.4578438412215637	0.0655	1.5404017219362787	1.2853015061233768	0.1076	1.1371759206181873	1.147700480137869	-0.01275	0.9874373524923044	0.7952763656488275	0.0119	1.290401221660992	0.5702993551401911	0.0002	1.4251634057570044	1.0904248592473234	0.01275	1.1867578700284507	0.8374316410787908	-0.0119	1.2517271103185195	0.6158654117724449	-0.0002
487	8.116666666666667	0.9731542586308487	0.7137739385758669	0.0301	0.8617856152416038	0.7510953872801681	0.0301	0.6171361837893095	0.26206336469856645	0.0179	0.39318897827814064	-0.15578795489274333	0.023	0.4856946595568957	-0.28307939236639384	0.2179	0.41768444774859176	-0.27756106813500897	0.1804	0.3431411445439767	-0.20738052392182463	-0.0119	1.0820861901634242	0.6870652642131566	-0.0301	1.3809429508727538	0.3427841752409178	-0.0179	1.072650611071657	-0.023927468885088083	0.023	1.2188056690581999	-0.19069832344159246	0.2179	1.2101537794438904	-0.1552765902070469	0.1804	0.9977747719211868	-0.06986969243498978	-0.0119	1.3790144643996445	1.1817177003992496	-0.0008	1.5935298365363022	1.4515722181818689	0.0655	1.5777570433117025	1.277349729158989	0.1076	1.1791662959283864	1.1443435118991074	-0.01275	1.035653523196923	0.7959825368893572	0.0119	1.3585538798305596	0.5951165437217217	0.0002	1.4598724747072889	1.0835484709108751	0.01275	1.1974269826871582	0.839483521891492	-0.0119	1.2954130179103096	0.6280053086389955	-0.0002
488	8.133333333333333	1.012550796895127	0.7116480126208493	0.0301	0.9028207221018438	0.747671781983615	0.0301	0.6498543035043018	0.2548867785314221	0.0179	0.40161372435944986	-0.1469887695529143	0.023	0.4801411734843654	-0.2834151519477815	0.2179	0.41372073632933476	-0.27453307763364293	0.1804	0.34855524472692995	-0.19561808214058768	-0.0119	1.1196084340008834	0.6815500372760799	-0.0301	1.401953219800981	0.32773580253520374	-0.0179	1.0739464869073498	-0.022173895235701284	0.023	1.2111381520147926	-0.19474246812065077	0.2179	1.204821303387964	-0.16086207938621774	0.1804	0.9978429873820575	-0.06695171365651104	-0.0119	1.418200751057984	1.1767453325181372	-0.0008	1.6348985975954182	1.4464823464955934	0.0655	1.6187332822283655	1.2708492044619653	0.1076	1.2236970656805126	1.14434213795436	-0.01275	1.0815703808361037	0.8031195650269933	0.0119	1.4143236477306416	0.6198426431046284	0.0002	1.497153262764996	1.078681697809564	0.01275	1.2202068745811967	0.8430405875288753	-0.0119	1.3420393300698419	0.63848941512556	-0.0002
489	8.15	1.0543528532048927	0.7100329829222484	0.0301	0.9458258868281857	0.7455825543476043	0.0301	0.6931550132300224	0.24437363437341145	0.0179	0.41499642999114084	-0.1337098169542386	0.023	0.47640104280990125	-0.28306412655010776	0.2179	0.4119205456060965	-0.26968579952245797	0.1804	0.3586211657006625	-0.17788274973600876	-0.0119	1.1596376425332597	0.6774227057813981	-0.0301	1.419747865297661	0.31055323374683197	-0.0179	1.073152660637124	-0.02361681033650072	0.023	1.2024129167988815	-0.19873563733406083	0.2179	1.1989439536917244	-0.1675860863155964	0.1804	0.996214220719736	-0.0672360031353363	-0.0119	1.4599042910825553	1.173911957525778	-0.0008	1.6791616208662759	1.4419314367890739	0.0655	1.6626895106370183	1.2654397020830959	0.1076	1.2712962710686988	1.1466564444019551	-0.01275	1.1232136231075796	0.8157427099868632	0.0119	1.4544136087647215	0.6399707063226373	0.0002	1.5365052840867364	1.0750969212678485	0.01275	1.2539472154508153	0.8465389076792793	-0.0119	1.3849391406096683	0.6448189665180389	-0.0002
490	8.166666666666666	1.096502930398408	0.708541332263	0.0301	0.9897508070443887	0.7444542362236882	0.0301	0.7492406786715731	0.2310997288694591	0.0179	0.43574407632527484	-0.11508872202359816	0.023	0.4765697187402741	-0.28118524191764405	0.2179	0.4146534177437714	-0.2623082074030416	0.1804	0.37579987236323054	-0.1531285921994831	-0.0119	1.2000550697445516	0.6747237399406297	-0.0301	1.4343289727865405	0.2926319444642824	-0.0179	1.0708202842111445	-0.02813579885918849	0.023	1.193841134894305	-0.2021590397222395	0.2179	1.1934632985078337	-0.17469675297189113	0.1804	0.9929860569931445	-0.07046744700548666	-0.0119	1.5042337804176973	1.1723518743751054	-0.0008	1.7257398037228469	1.437777628039145	0.0655	1.7091105231077186	1.2611896963340474	0.1076	1.321822831715071	1.1500474559431024	-0.01275	1.1592224998848746	0.8324823121502695	0.0119	1.4771248688317895	0.6520075568964636	0.0002	1.577772621567704	1.0717831351376412	0.01275	1.2977275567354993	0.8482722758055996	-0.0119	1.4232582012778274	0.6432747133547758	-0.0002
491	8.183333333333334	1.1374145133193294	0.7070839352684574	0.0301	1.0338206421771547	0.7436628533662326	0.0301	0.8195416590317759	0.2162676148375275	0.0179	0.4663812456817135	-0.09103770435414453	0.023	0.4840446268534069	-0.2765223581916405	0.2179	0.42558460307816415	-0.2515736340810363	0.1804	0.40253727939226475	-0.12137285311576639	-0.0119	1.2390163748331902	0.6736309657698402	-0.0301	1.4465947222200342	0.2754711397741565	-0.0179	1.067926417330735	-0.03458018763002157	0.023	1.1870911802001085	-0.20495218313857255	0.2179	1.1894114955786743	-0.1814950373028284	0.1804	0.9886406116764825	-0.07544504503559393	-0.0119	1.5511970137356912	1.170991962881865	-0.0008	1.7737968433738038	1.434031016754451	0.0655	1.757504341098213	1.2583174586052408	0.1076	1.3745693859715646	1.1534618895316595	-0.01275	1.1892727530245661	0.8520553350868277	0.0119	1.482365679701432	0.6546871697505332	0.0002	1.6208513817904537	1.0676573506489742	0.01275	1.3531528766536662	0.8456852379642905	-0.0119	1.4625713833117413	0.6303951162084451	-0.0002
492	8.2	1.1765701855863517	0.7057743964145656	0.0301	1.0779142794609955	0.7425899576401067	0.0301	0.9046105317101708	0.20186222465236064	0.0179	0.5092819696174015	-0.0627787412035784	0.023	0.5040652773572314	-0.26803025970718547	0.2179	0.45007840793262577	-0.23704995576794746	0.1804	0.4408925256521154	-0.08417278250013417	-0.0119	1.2752547685035307	0.6742994320139797	-0.0301	1.4581700719699309	0.260206653440319	-0.0179	1.0652630330204849	-0.04100116821022271	0.023	1.1837329043584104	-0.20710637829494136	0.2179	1.1871313490268014	-0.18702654706440067	0.1804	0.9837223234488285	-0.08015866456961365	-0.0119	1.6003158731840568	1.1687939822379485	-0.0008	1.8223492908889458	1.4302473152768955	0.0655	1.8074873976089931	1.2563556921056855	0.1076	1.4286142559858883	1.1561191735904706	-0.01275	1.2143150538109715	0.8736969870621061	0.0119	1.4711800751311548	0.6497458498501043	0.0002	1.665274201814973	1.062085962400349	0.01275	1.422919216784984	0.8360544235082731	-0.0119	1.5117656463556595	0.6052387933975771	-0.0002
493	8.216666666666667	1.2145699467131745	0.7047834858562235	0.0301	1.1228353654018934	0.7409144660550463	0.0301	1.0040989155265365	0.1903698858948891	0.0179	0.5665958121568171	-0.0328436372297478	0.023	0.5431373179987944	-0.25529731313295945	0.2179	0.49449806098191573	-0.21936583117206182	0.1804	0.4925502077615232	-0.045156447098667646	-0.0119	1.3085273023378503	0.6767546701431705	-0.0301	1.4704784599907457	0.24749685190985657	-0.0179	1.0630091381216737	-0.04547474003758344	0.023	1.1841688616084172	-0.208377839084195	0.2179	1.185975074062487	-0.19033823819381082	0.1804	0.9785918989831656	-0.08305529503694493	-0.0119	1.650779273957027	1.164981214492846	-0.0008	1.8711241504181226	1.425540495916877	0.0655	1.8587935669015816	1.253922694512302	0.1076	1.4831057123886866	1.1574137902416257	-0.01275	1.2364938379477455	0.8971079020287935	0.0119	1.445325286790154	0.6418550872185715	0.0002	1.7099528513073932	1.0550016996757792	0.01275	1.5069387767839058	0.8184677822271056	-0.0119	1.5792165606939716	0.5713303201875862	-0.0002
494	8.233333333333333	1.2526642416378393	0.7040246868649319	0.0301	1.1698821334880192	0.7385945699700119	0.0301	1.1165309921442748	0.1840034149198553	0.0179	0.6400688211711306	-0.004590928661603753	0.023	0.6070700348881921	-0.23899487392161234	0.2179	0.5641033754703086	-0.20059508543506496	0.1804	0.5591112657472849	-0.009606877152405258	-0.0119	1.3396142528254842	0.6806223958561844	-0.0301	1.483818567170715	0.2375388777505528	-0.0179	1.0607782189080222	-0.046815260709616176	0.023	1.1872129774498288	-0.208810169378645	0.2179	1.1847830459158524	-0.1912813947158728	0.1804	0.9734441384423715	-0.08380086631031641	-0.0119	1.7017917008007848	1.1592221308168558	-0.0008	1.9207706576133816	1.4191140501106718	0.0655	1.9109604644002633	1.2495221626100221	0.1076	1.5374126423345778	1.1568835182333659	-0.01275	1.2586106959455419	0.92210889772821	0.0119	1.4074874170862952	0.6373910931220856	0.0002	1.7535940948720088	1.0464725681550267	0.01275	1.601006253989845	0.7949331064184175	-0.0119	1.6691947839941517	0.5372491624487007	-0.0002
495	8.25	1.292154108314995	0.7031504734564665	0.0301	1.220150690173274	0.7358165476550602	0.0301	1.2392880251504512	0.18410007435357634	0.0179	0.7306898094591824	0.018656704408809493	0.023	0.6992138833659989	-0.22117501504346454	0.2179	0.661300376194727	-0.18392477430525422	0.1804	0.6422318533264367	0.017478429661165272	-0.0119	1.3695505114061244	0.6852239103624053	-0.0301	1.4971053069138684	0.23011843660807935	-0.0179	1.058011419141645	-0.04481057035139276	0.023	1.1907019074773866	-0.20913829839703904	0.2179	1.1826169477390238	-0.19074604618375335	0.1804	0.9682723138392846	-0.08263109886279714	-0.0119	1.752720663875529	1.1518593530064674	-0.0008	1.9718457049573168	1.41082828681347	0.0655	1.9634080783328922	1.2426012762325283	0.1076	1.591317709114049	1.154515737735879	-0.01275	1.283319961723756	0.9487077126207107	0.0119	1.3621222454336774	0.6425775792304518	0.0002	1.7958411447407825	1.0369611186282612	0.01275	1.6994743060329758	0.7696309568408206	-0.0119	1.7802838487815307	0.5143527712349005	-0.0002
496	8.266666666666666	1.333868261843163	0.7020862832549458	0.0301	1.2739973642916544	0.73307148834193	0.0301	1.3689317212890655	0.19121133116906322	0.0179	0.8383918239471676	0.034729326320844696	0.023	0.82017102155206	-0.20439302966197265	0.2179	0.7856029327202555	-0.17215377291090936	0.1804	0.743258152956612	0.03348133080657063	-0.0119	1.3988519200059295	0.6901398501286345	-0.0301	1.508057620084647	0.22506809506774958	-0.0179	1.054423201776636	-0.04037458302921724	0.023	1.1924501053321954	-0.21018441242678657	0.2179	1.1791416434827342	-0.18993732787418494	0.1804	0.9628721542971341	-0.07985598107212265	-0.0119	1.803214529923333	1.14400948963962	-0.0008	2.023976961401789	1.4015544324434293	0.0655	2.0159492036347006	1.2341302519044834	0.1076	1.645168202519954	1.1512069129874005	-0.01275	1.3125664335654972	0.9775557367647062	0.0119	1.3158988497289632	0.6619498309380311	0.0002	1.8381237094499343	1.0279624434405537	0.01275	1.798248245697992	0.7474397373900736	-0.0119	1.9066504614419026	0.5122426255550675	-0.0002
497	8.283333333333333	1.3782362157584358	0.7012016319656016	0.0301	1.3309838781259355	0.7309274008855067	0.0301	1.5018099456179708	0.20588617394122843	0.0179	0.9620696813808844	0.04346490914410613	0.023	0.9677695586163974	-0.1897078490876738	0.2179	0.9340552227048947	-0.16541640954964548	0.1804	0.8626046634213742	0.038816769028830266	-0.0119	1.4280137478588337	0.6953441009629922	-0.0301	1.5133297010498719	0.22275130330668025	-0.0179	1.050226757594456	-0.03590397465418842	0.023	1.1910646351399745	-0.2120856161048572	0.2179	1.1746401589057351	-0.18972429452254158	0.1804	0.9574431515197762	-0.07681606221768161	-0.0119	1.8534242751575223	1.1372847245485977	-0.0008	2.0762254600282692	1.3931276876296366	0.0655	2.0689770710448716	1.2264867288926706	0.1076	1.6995510834271943	1.1485872282677916	-0.01275	1.3474937164641911	1.009766113138158	0.0119	1.2770121907275664	0.6971951022824838	0.0002	1.883306762790263	1.0215476851566796	0.01275	1.8956935863030415	0.7327228060597168	-0.0119	2.040207125460977	0.5352084502094101	-0.0002
498	8.3	1.4261411556818637	0.700889394011175	0.0301	1.3908855531703164	0.7296579484815542	0.0301	1.6345443404909719	0.2288511245597688	0.0179	1.0998094332575887	0.046559725350284756	0.023	1.1367988453179234	-0.175793492360902	0.2179	1.101580497490959	-0.16063802699019367	0.1804	0.9992146517378759	0.03602202951542382	-0.0119	1.45886095506963	0.7008869839853964	-0.0301	1.5097633998224138	0.22372999308098065	-0.0179	1.0461772964551161	-0.034581947040628086	0.023	1.1866098088955006	-0.214340388325733	0.2179	1.1700336822623034	-0.19046263614007428	0.1804	0.9533205311445423	-0.07608598859054494	-0.0119	1.9040620268836006	1.1331919190505704	-0.0008	2.1280414947950765	1.3877687716017173	0.0655	2.123198094641535	1.222463434288589	0.1076	1.7548475234508063	1.1481394903592854	-0.01275	1.3887292799294788	1.0458972402676507	0.0119	1.2534270340626776	0.7464118701176469	0.0002	1.9342435683993782	1.0193698266855529	0.01275	1.9916750704466648	0.7283093295909954	-0.0119	2.172215837102624	0.5812075060773677	-0.0002
499	8.316666666666666	1.4793581519206729	0.7014844293258566	0.0301	1.4546856513840867	0.7294385229344711	0.0301	1.7639398866428713	0.25977899061922344	0.0179	1.248755906617637	0.04614065784759825	0.023	1.3198738423781178	-0.1607239845885888	0.2179	1.2818030895262151	-0.15425754321369203	0.1804	1.1502128590447334	0.027773465932395627	-0.0119	1.494775466595949	0.7069379638095736	-0.0301	1.4980757856142424	0.22826952310678028	-0.0179	1.043739821455766	-0.03738821605878402	0.023	1.180597074806743	-0.21614055250996914	0.2179	1.1664925503195152	-0.19166536463928965	0.1804	0.9526296860462367	-0.07859881439272416	-0.0119	1.9562221982300132	1.1326885144606376	-0.0008	2.179750335855577	1.387190740448392	0.0655	2.179188407493651	1.223828909812212	0.1076	1.8113310135040566	1.150567381859881	-0.01275	1.436668688897651	1.0850745735089855	0.0119	1.2506470143713924	0.8042259345990028	0.0002	1.992285278545399	1.022336855289183	0.01275	2.0858590837313	0.7348022701327928	-0.0119	2.295044604420664	0.6426397400704316	-0.0002
500	8.333333333333334	1.5397157526933174	0.703503187102906	0.0301	1.5238908676772147	0.7308655380162882	0.0301	1.8869185581482504	0.2962482996397609	0.0179	1.4045611087866183	0.04342816936551358	0.023	1.5085233143316794	-0.14437532696906202	0.2179	1.4672542219404543	-0.1452161609085723	0.1804	1.3107656839372284	0.015696403449431677	-0.0119	1.539380144845853	0.7139579098399805	-0.0301	1.4848709638143671	0.2366132663564488	-0.0179	1.0452966016520824	-0.04114156656314491	0.023	1.1749430157565677	-0.21667835118452797	0.2179	1.1644838880388304	-0.19208707001262076	0.1804	0.9573832233338959	-0.08143189088111442	-0.0119	2.011047786888103	1.1361857347367619	-0.0008	2.23222986008386	1.3920565701343057	0.0655	2.237040861526849	1.230753768719375	0.1076	1.8693658959607617	1.1558620645364452	-0.01275	1.4912857077590602	1.1247478812465415	0.0119	1.2702721955125937	0.8628027781664772	0.0002	2.056987539139675	1.0306453845342523	0.01275	2.176901326805381	0.7507006973670622	-0.0119	2.404054833287634	0.708516366854986	-0.0002
501	8.35	1.6080521772963028	0.7074448596018861	0.0301	1.599214356748646	0.734729005782864	0.0301	2.0010322642141047	0.3340653339633421	0.0179	1.5611775648490236	0.039000430806842686	0.023	1.693439954046451	-0.12868003423277755	0.2179	1.6492708330272063	-0.13510100794796984	0.1804	1.4740542518409114	0.0013210149902342222	-0.0119	1.5952940832242692	0.7223338158897562	-0.0301	1.4793242542742364	0.24922181302743046	-0.0179	1.0538914361462772	-0.04087999867844691	0.023	1.1709605933403555	-0.2156442776586496	0.2179	1.1636674277386412	-0.19067359547529728	0.1804	0.9693370572518542	-0.07967926321436661	-0.0119	2.0691504582718365	1.14366561021536	-0.0008	2.2863139284952534	1.4022577413555568	0.0655	2.2964484831893985	1.2425919639171978	0.1076	1.9291000817038733	1.163629739378787	-0.01275	1.5516234084968132	1.1609749567690273	0.0119	1.310314035663751	0.913501344616361	0.0002	2.1268941070041385	1.0437439751901794	0.01275	2.2625359397479814	0.7732700079289628	-0.0119	2.497853462709851	0.7673883077103114	-0.0002
502	8.366666666666667	1.6838622396140022	0.7132838125143935	0.0301	1.6801029172069026	0.7411198203386115	0.0301	2.104690476749848	0.36819860693032896	0.0179	1.7113975985214207	0.03342274161030018	0.023	1.8651038292847375	-0.11615401990830983	0.2179	1.8190023587283146	-0.12651274624927794	0.1804	1.6316900775332186	-0.01329256401018163	-0.0119	1.6634513737935612	0.7318346820003852	-0.0301	1.489228009424119	0.26592864765224367	-0.0179	1.0725837129298743	-0.03297256409436392	0.023	1.1693337754000461	-0.21274237522453762	0.2179	1.1638892302663042	-0.1865962774956298	0.1804	0.9903782154837258	-0.06892949469468788	-0.0119	2.1303786174242085	1.1547683678742946	-0.0008	2.342533630931763	1.4174447577284075	0.0655	2.3571233601376673	1.258668413139909	0.1076	1.990177953634681	1.1732721660827505	-0.01275	1.6156495991131872	1.1891319816250023	0.0119	1.3670823204895126	0.9484669714589399	0.0002	2.2003332795220847	1.060488755753879	0.01275	2.3400570750593728	0.7993956537294835	-0.0119	2.576548178745207	0.8098568084500917	-0.0002
503	8.383333333333333	1.7653578772076641	0.7203548114131617	0.0301	1.7647430329828697	0.7492562486745697	0.0301	2.196725904850213	0.3937758585265	0.0179	1.847762894363403	0.026889355544850467	0.023	2.0149493073617264	-0.10868022818681979	0.2179	1.9684688311642742	-0.12169631996313364	0.1804	1.7749116219634677	-0.026759515030972656	-0.0119	1.7425288171485318	0.7416418137992976	-0.0301	1.520083825464497	0.2846007522273473	-0.0179	1.1039625710413283	-0.0155916802764371	0.023	1.1706890780727996	-0.2059813301939297	0.2179	1.16594787642596	-0.17794870784383662	0.1804	1.0226436527744456	-0.04611177978109661	-0.0119	2.194465211940615	1.1689714266920144	-0.0008	2.401164144694335	1.4368847247237995	0.0655	2.41910781207857	1.2779936935252818	0.1076	2.0523775664112844	1.184018437069854	-0.01275	1.6810945495061396	1.2049721734515506	0.0119	1.4376803382932715	0.9617124180067765	0.0002	2.2756502385123665	1.079535083412896	0.01275	2.4074584137016464	0.8260276199020107	-0.0119	2.6397843048830936	0.83020653107567	-0.0002
504	8.4	1.8500465735431004	0.7277211148065071	0.0301	1.850493223599059	0.7581726142117082	0.0301	2.276161961820868	0.4072560772100319	0.0179	1.9636071938432902	0.018981299939392075	0.023	2.136686511191288	-0.10728302377719943	0.2179	2.0911822306892374	-0.1219373120415024	0.1804	1.8961554994531469	-0.03905614770152511	-0.0119	1.829474490427564	0.7508136031474879	-0.0301	1.575017688998798	0.30104877708839545	-0.0179	1.1500302171454664	0.0117264791229188	0.023	1.1766406370780045	-0.19120517145741017	0.2179	1.1723256118138496	-0.1614119265023326	0.1804	1.0683999322206654	-0.010075098401967875	-0.0119	2.2614548562357073	1.1856638815605829	-0.0008	2.4623490450283376	1.45900607736911	0.0655	2.4827462685978987	1.2989204700204526	0.1076	2.1164077196827296	1.195044686695216	-0.01275	1.7470745865626551	1.2057796540245975	0.0119	1.5218916052181066	0.9503565349417618	0.0002	2.351089431062939	1.0996354421011447	0.01275	2.4641725865296875	0.8507174080600796	-0.0119	2.6859297679385015	0.8273392647459528	-0.0002
505	8.416666666666666	1.9356442548943755	0.7345988936525428	0.0301	1.9348219676731417	0.7670642462074123	0.0301	2.3422878742674484	0.40745249045490267	0.0179	2.0542821507225626	0.009228947360481307	0.023	2.227368544655041	-0.11227270348209971	0.2179	2.1831447354457616	-0.12751066206846323	0.1804	1.9904585517822784	-0.050541070333693774	-0.0119	1.9211788522556081	0.7584764124299427	-0.0301	1.6543429819691842	0.3110041275611223	-0.0179	1.2124219512216525	0.048013823495520316	0.023	1.1912958992468945	-0.16432983081761196	0.2179	1.188175716026225	-0.13387260231190623	0.1804	1.1300730043255942	0.037895603810756344	-0.0119	2.3310410745860484	1.2039927289016523	-0.0008	2.5262063479718186	1.4817407328621166	0.0655	2.548259038702551	1.3197440078028055	0.1076	2.1830568742981957	1.2058301302723422	-0.01275	1.8151028604511714	1.1910379758574174	0.0119	1.6223329198226555	0.9162991642049662	0.0002	2.4250821760767565	1.1197450545902883	0.01275	2.51054541742035	0.8722933544612657	-0.0119	2.7127347650467732	0.8052710226917636	-0.0002
506	8.433333333333334	2.0204911451505807	0.7405751439449186	0.0301	2.0159813318229647	0.775083550329575	0.0301	2.3947051416026923	0.39567847473307505	0.0179	2.118157313755125	-0.00241295070345934	0.023	2.2875774892833	-0.12312985216795475	0.2179	2.243864747285011	-0.13779243154665735	0.1804	2.056231798092905	-0.06111500210476848	-0.0119	2.0154241492365843	0.7637437086575096	-0.0301	1.7556591601147151	0.3125659281562182	-0.0179	1.292722336269407	0.09069532607016004	0.023	1.22185784330906	-0.12454822000769483	0.2179	1.2211795923819302	-0.09479093428284158	0.1804	1.2101453407811276	0.09389830881424913	-0.0119	2.4020689638484147	1.2228080425237395	-0.0008	2.5927018400298203	1.503455146708998	0.0655	2.6153430556813806	1.3393342048921741	0.1076	2.251684637049542	1.2162924331823302	-0.01275	1.8884732042872125	1.1622940885213182	0.0119	1.7426338194033189	0.8667978916002367	0.0002	2.4967785840107584	1.1390750517127475	0.01275	2.5470273535156935	0.8909705472017184	-0.0119	2.719414558475136	0.7727701476374564	-0.0002
507	8.45	2.1034795749778263	0.7456288240246116	0.0301	2.0930808992413734	0.7814876785406267	0.0301	2.4336408585736393	0.3750756906486516	0.0179	2.1567924592986785	-0.015488599248060458	0.023	2.3209997492052357	-0.13823665186338882	0.2179	2.276564095364542	-0.15126269572807233	0.1804	2.0951242609468617	-0.07054986881095296	-0.0119	2.110678726967078	0.7660603535359019	-0.0301	1.8749858337999026	0.30697608431106244	-0.0179	1.3923878840492163	0.1358055948109463	0.023	1.2772997196224378	-0.0758263116086071	0.2179	1.2798474559544946	-0.047526251780550026	0.1804	1.3105401984935403	0.15197823749806194	-0.0119	2.473243808428836	1.2409889598701869	-0.0008	2.661414868596158	1.5232527021682116	0.0655	2.683334118523013	1.356943581104082	0.1076	2.320707866242493	1.22626216951095	-0.01275	1.9706634370164537	1.1226640734100068	0.0119	1.8849481373636712	0.8126355968303426	0.0002	2.5659431870437346	1.1571469147167799	0.01275	2.5739912399447284	0.9076843210514416	-0.0119	2.709222292052158	0.7412233870457805	-0.0002
508	8.466666666666667	2.1841719715803705	0.750143174262731	0.0301	2.166153592990728	0.7863386656307587	0.0301	2.4604437653838174	0.3498182048898236	0.0179	2.174349480064326	-0.02890418634822379	0.023	2.3334211338688595	-0.1550031081531628	0.2179	2.287158510600556	-0.16563054606251823	0.1804	2.1114231971951773	-0.07869336192361025	-0.0119	2.2057670259965514	0.7659652327258228	-0.0301	2.0084612515294014	0.2977606556497192	-0.0179	1.5121549627474877	0.17881042165235664	0.023	1.3657925596176794	-0.025681547361996498	0.2179	1.3712823021879013	0.0015236703742046408	0.1804	1.4319765983724233	0.2056904844112366	-0.0119	2.5440721914168916	1.2578174841030285	-0.0008	2.7317221048481413	1.5405395353972184	0.0655	2.7516271807622172	1.3719425185462863	0.1076	2.3896087333459786	1.2349641312358095	-0.01275	2.063930640283953	1.0765234561053802	0.0119	2.0484334686910626	0.7652099326455963	0.0002	2.632455093707076	1.1737765703625027	0.01275	2.592329039084132	0.923161350409661	-0.0119	2.6909504249275225	0.7210460819490085	-0.0002
509	8.483333333333333	2.263392286888169	0.754742760796366	0.0301	2.236727905395572	0.7905550633160332	0.0301	2.4777209560622007	0.32427291537202146	0.0179	2.1768476046666216	-0.04091984961410959	0.023	2.331282249555181	-0.1707813529135932	0.2179	2.282594288236906	-0.17856626785711663	0.1804	2.111529704991867	-0.08504847047308572	-0.0119	2.2999654579412523	0.7651249029002055	-0.0301	2.153454886839868	0.289533821784409	-0.0179	1.651411774838527	0.2155578370266214	0.023	1.4920364943379414	0.017726829906763258	0.2179	1.499115622964923	0.04517827894156156	0.1804	1.5736098560344365	0.249553275881655	-0.0119	2.6150333915900954	1.272982903180094	-0.0008	2.8032586401176616	1.5548808427236334	0.0655	2.8199352941137277	1.3840723627125158	0.1076	2.459891108885717	1.241337224122135	-0.01275	2.168676836125767	1.0292794640840046	0.0119	2.2290004189568355	0.7341583286117584	0.0002	2.6960782810935813	1.1890134940568127	0.01275	2.6044296337217903	0.9375330934520847	-0.0119	2.678171186275627	0.7182964035192035	-0.0002
510	8.5	2.343335758247886	0.7598602466145282	0.0301	2.307849072248453	0.7948951424821152	0.0301	2.489021205915789	0.3021417313875436	0.0179	2.171251119253906	-0.04966195152117938	0.023	2.320638262538085	-0.18387587162749872	0.2179	2.269492795052157	-0.18854603898914143	0.1804	2.1030288570976072	-0.08862652164347494	-0.0119	2.393127732744602	0.7652595582736915	-0.0301	2.3083723735148176	0.2869821965959034	-0.0179	1.8079894512634402	0.24267537678790493	0.023	1.6557005704021064	0.04842196923625199	0.2179	1.6623840006431905	0.0776172036671821	0.1804	1.7327940882459547	0.2793674540328175	-0.0119	2.6870281033118806	1.286430815407828	-0.0008	2.8758900928781492	1.566432610813011	0.0655	2.8884616395231437	1.3936960335440631	0.1076	2.534085672416472	1.2450152605728855	-0.01275	2.283569604163248	0.9866996391243902	0.0119	2.419714430712221	0.7251620572509468	0.0002	2.7565663052234686	1.2032236947714188	0.01275	2.615008463301	0.9507815458183388	-0.0119	2.6855849454595595	0.7330779950591005	-0.0002
511	8.516666666666666	2.4261658876324366	0.7655472566550765	0.0301	2.382468850445698	0.7993346375048579	0.0301	2.4984080210463446	0.28591907093559593	0.0179	2.1640531109942573	-0.05368371804891798	0.023	2.3066867978718095	-0.19363589365749856	0.2179	2.2533496051849475	-0.19489525188643483	0.1804	2.0929138458998113	-0.0881382731407195	-0.0119	2.4852875588791936	0.7672033969496217	-0.0301	2.4711915872466057	0.29388838158943836	-0.0179	1.9785272298931433	0.2575970716494378	0.023	1.8517268266994324	0.06411628581302688	0.2179	1.8560612705271045	0.09566568185655222	0.1804	1.9053997284391655	0.2919062300781387	-0.0119	2.7604609704300795	1.298295403599039	-0.0008	2.9492900317405035	1.5762073374598151	0.0655	2.9578515520196937	1.4016596303842834	0.1076	2.614010927553664	1.2469212937341048	-0.01275	2.405954605303567	0.9536103168630736	0.0119	2.6113702654101343	0.7380708528249657	0.0002	2.8139635937873133	1.2170665566869867	0.01275	2.6311505446719154	0.9633979820373589	-0.0119	2.7232159498822646	0.7605029911140613	-0.0002
512	8.533333333333333	2.5125553252014474	0.771618340378634	0.0301	2.461900154275542	0.8034991855862794	0.0301	2.5102143767747354	0.27670631434426446	0.0179	2.160234740095828	-0.05194813718321985	0.023	2.2934708662051695	-0.19989356321761495	0.2179	2.238381512358617	-0.19732185907211966	0.1804	2.086300017958602	-0.08222630679762069	-0.0119	2.5764686096897544	0.7709060799280295	-0.0301	2.6378526853796576	0.3121810252162936	-0.0179	2.1594209718120925	0.25874104304720524	0.023	2.072117136131073	0.06594316746160919	0.2179	2.0729634466845526	0.09895765918740929	0.1804	2.087291361296761	0.28503037765097483	-0.0119	2.834713555120767	1.3088271144079908	-0.0008	3.022965698975039	1.5857172003256366	0.0655	3.028706228152652	1.4089163456764071	0.1076	2.699722136994312	1.248649511826504	-0.01275	2.5320330001782603	0.9325702078457329	0.0119	2.7935263280559717	0.7667821903632785	0.0002	2.8689029228502285	1.231120671989909	0.01275	2.660073570664228	0.9766284879934596	-0.0119	2.791711638482443	0.7936183048894269	-0.0002
513	8.55	2.602006763146003	0.7778151611744634	0.0301	2.5460712646782917	0.8071593381581544	0.0301	2.528924403476139	0.2745051830187608	0.0179	2.1635463496676106	-0.04348748554308195	0.023	2.2838013649189404	-0.2024435552517929	0.2179	2.2278522478639844	-0.19550726215306918	0.1804	2.0869274929488997	-0.06964011611006103	-0.0119	2.6672640506492025	0.775896501655285	-0.0301	2.80244834903753	0.3412777632179348	-0.0179	2.347642936307768	0.24596541884238224	0.023	2.3084773377169023	0.05672228227428791	0.2179	2.3058938891505543	0.08934977576234254	0.1804	2.2758775801487987	0.25868933332596084	-0.0119	2.9087290755962147	1.3183574983295105	-0.0008	3.0967379352159763	1.5962522936200827	0.0655	3.1011608731487437	1.4162276581718434	0.1076	2.7896414780803984	1.2513798050466833	-0.01275	2.6570130196627852	0.9234452042507171	0.0119	2.9568257905647206	0.8012738256753004	0.0002	2.9226444137909464	1.2456804208991274	0.01275	2.705154029317053	0.9921015057736791	-0.0119	2.882485185328331	0.826077438727969	-0.0002
514	8.566666666666666	2.6938559886721247	0.783905100680217	0.0301	2.6344171293595724	0.8102261069707754	0.0301	2.5590774045216484	0.27857326504246765	0.0179	2.177387686408774	-0.02731279193669716	0.023	2.2797582873359197	-0.20058808719236534	0.2179	2.2245491806249644	-0.1887511327826982	0.1804	2.0983671842791076	-0.04922650705360084	-0.0119	2.758890077969059	0.7816516213337467	-0.0301	2.9589598329193207	0.3780163374921037	-0.0179	2.54029787699953	0.22118447150627063	0.023	2.553373221238579	0.03945966577383387	0.2179	2.547881291348755	0.07028072388596	0.1804	2.46956568367306	0.21635345464935396	-0.0119	2.9821355595788606	1.32727692960934	-0.0008	3.1708844950976625	1.6082735687778584	0.0655	3.175115874608682	1.4240290141920873	0.1076	2.881478637829666	1.2555276709012222	-0.01275	2.775947776210862	0.9240505886891067	0.0119	3.0957730438946722	0.8308986630689493	0.0002	2.977076129791747	1.2606837119421686	0.01275	2.764699761843578	1.010660811688672	-0.0119	2.9828281006761515	0.8529465096079679	-0.0002
515	8.583333333333334	2.787303530243248	0.7897427270012575	0.0301	2.726067036160046	0.8127572791665614	0.0301	2.6050854446111367	0.28710121178432285	0.0179	2.20519494622434	-0.002732459774988686	0.023	2.2837448334077894	-0.19275256599650398	0.2179	2.2314930251395206	-0.17575657523283722	0.1804	2.1244621681833036	-0.020043910428073408	-0.0119	2.8520104084637072	0.7878050767932815	-0.0301	3.1023760930794406	0.41732459201088795	-0.0179	2.733398498645884	0.18832253948393873	0.023	2.7987396968506073	0.01750491757345254	0.2179	2.790300893173154	0.04613407578353116	0.1804	2.6655782149511515	0.1648268827687548	-0.0119	3.0557075256904884	1.3359560103563874	-0.0008	3.2458105185773065	1.6212722388756584	0.0655	3.250685074112569	1.4323377593853004	0.1076	2.973023355806049	1.2610019822566358	-0.01275	2.885111304371376	0.9312171981192237	0.0119	3.2094405145634552	0.8476127510182522	0.0002	3.034736575295869	1.2753746063699147	0.01275	2.8353869225308643	1.0305366165298013	-0.0119	3.0822395680624655	0.8706833661980218	-0.0002
516	8.6	2.880984263686529	0.795257642531383	0.0301	2.8197652980692083	0.8151001183449113	0.0301	2.6707783143299895	0.29700079564238874	0.0179	2.2502943965881	0.029863554710670828	0.023	2.29947818950785	-0.17686981779625482	0.2179	2.252662207278874	-0.15500204120617644	0.1804	2.169084272821756	0.017921445027425844	-0.0119	2.9457082968246326	0.7941823323522024	-0.0301	3.2291190074121654	0.4534212344439908	-0.0179	2.921339865590937	0.151892335393499	0.023	3.0340839024984514	-0.005156328274217534	0.2179	3.0223035234664906	0.02124222693282397	0.1804	2.8585583803560857	0.11143272056801956	-0.0119	3.1308645574872154	1.3447114723761284	-0.0008	3.321879057962717	1.6341922880529056	0.0655	3.3281925054871606	1.4408264903946129	0.1076	3.062575172256658	1.2674667649630675	-0.01275	2.9828350806140667	0.9418071519489913	0.0119	3.2996848592469776	0.8478768329089891	0.0002	3.098031706723872	1.2884550789700484	0.01275	2.9156464839663196	1.046818006325085	-0.0119	3.1758855490718814	0.877821817485965	-0.0002
517	8.616666666666667	2.9731967375054427	0.8002417245040476	0.0301	2.9141413365033526	0.8175542923263349	0.0301	2.7586774638050966	0.30492413363614934	0.0179	2.3156333124512414	0.06803133641939994	0.023	2.332232950819309	-0.15198693314928535	0.2179	2.293096425558479	-0.12599282493582947	0.1804	2.2356129313308406	0.06253669364383022	-0.0119	3.03791211125449	0.8005385303658618	-0.0301	3.337638925901418	0.48108472219145665	-0.0179	3.097055319257868	0.11529821630524807	0.023	3.2475973244952936	-0.02537940638877333	0.2179	3.2325409610155984	-0.001430967522442945	0.1804	3.0405849669299654	0.06135011051923103	-0.0119	3.208672944927077	1.3537618917280916	-0.0008	3.3994310272856354	1.645984415353625	0.0655	3.4077412912151255	1.4490384024054395	0.1076	3.1494662769804123	1.2745459177255207	-0.01275	3.0692979812343815	0.9535217037826792	0.0119	3.3692304832746838	0.832949455769675	0.0002	3.168002985767533	1.2990092724852758	0.01275	3.005055919975668	1.0545385595997938	-0.0119	3.2638986485233477	0.8760007575225743	-0.0002
518	8.633333333333333	3.062717369589544	0.8041368296780882	0.0301	3.008086430307039	0.8198532837320858	0.0301	2.8691718876320693	0.30906982504962616	0.0179	2.403483179250554	0.10709823097795719	0.023	2.3882812621694747	-0.11996654389369384	0.2179	2.358221297527617	-0.09072474346410489	0.1804	2.326290226034731	0.10876586724247177	-0.0119	3.126843509288361	0.8062706990590366	-0.0301	3.428720184204523	0.49683045234040735	-0.0179	3.2524683300586945	0.0805217539849357	0.023	3.4286824126727304	-0.04243427183065526	0.2179	3.4109612874078943	-0.021043078343961626	0.1804	3.2021871963223996	0.017314327190080293	-0.0119	3.2891594856763	1.36305407182008	-0.0008	3.478540180533699	1.655843636499877	0.0655	3.4887596759847055	1.4565541605084253	0.1076	3.2340807426123814	1.2819815543346436	-0.01275	3.1458120628388144	0.9652629694594633	0.0119	3.4211180991825314	0.8079230251659083	0.0002	3.2442356623874917	1.3070060190945605	0.01275	3.102425501325784	1.0527556299843643	-0.0119	3.3489299234093144	0.8699656224139213	-0.0002
519	8.65	3.1494650303628755	0.8062459823091668	0.0301	3.1008602081808783	0.8213940310841614	0.0301	3.0001831558573833	0.31049428038165067	0.0179	2.5151219550049433	0.1412789608314298	0.023	2.47403173820741	-0.0856072427000367	0.2179	2.4528520692120797	-0.053993336846177964	0.1804	2.441665430441404	0.14938722956481795	-0.0119	3.2122051850402076	0.8106407024159755	-0.0301	3.505215382597967	0.4998046476484078	-0.0179	3.379962450461697	0.049152148607628086	0.023	3.569983768776782	-0.05720396655911708	0.2179	3.550292478984169	-0.03813679889447597	0.1804	3.334439751689291	-0.019325135878272406	-0.0119	3.3714532894128295	1.372013156762784	-0.0008	3.5588117067608276	1.6634552049404518	0.0655	3.5700626402570292	1.463132431814804	0.1076	3.316721012670778	1.2895727674938247	-0.01275	3.2141940034326635	0.9768350354989789	0.0119	3.4590410859553202	0.7796855560294674	0.0002	3.325909793966158	1.3127815900599544	0.01275	3.2061516027102073	1.0447608816260945	-0.0119	3.434973827047437	0.8660153797365575	-0.0002
520	8.666666666666666	3.234553785368786	0.8063656506389281	0.0301	3.1920365920405027	0.8219564453884151	0.0301	3.147869802239508	0.31289827045140906	0.0179	2.650714624945556	0.16533311292855463	0.023	2.595133558582517	-0.054967486306739345	0.2179	2.580447996944392	-0.02201436518799723	0.1804	2.5803791749076437	0.17698789347343058	-0.0119	3.295237031819158	0.8134420487456816	-0.0301	3.571515852900633	0.49191787253738417	-0.0179	3.474885021832154	0.023373486483427023	0.023	3.6688820052784807	-0.07029217751591998	0.2179	3.647695560310995	-0.053150724861100965	0.1804	3.4316266602790018	-0.04742297741499763	-0.0119	3.454351391377366	1.3796087516464448	-0.0008	3.63965903558689	1.6692481059782769	0.0655	3.6505143431656673	1.468798182495377	0.1076	3.396736890996698	1.2969799943477283	-0.01275	3.2764403609546786	0.9882260388784018	0.0119	3.4877321163254806	0.7543282694889386	0.0002	3.4125236335286546	1.3164684941286788	0.01275	3.315066047439538	1.0352616769009775	-0.0119	3.526689231848486	0.8694705120704151	-0.0002
521	8.683333333333334	3.319651032647538	0.8051774498466437	0.0301	3.2814949027652562	0.821863599361783	0.0301	3.3076592198245853	0.3208126648290321	0.0179	2.809481954526876	0.17587586627955495	0.023	2.755285658627799	-0.033325809001796096	0.2179	2.742769948751731	-0.000577307693894979	0.1804	2.7396165698299306	0.1861078975758797	-0.0119	3.377693520367046	0.8152154211146545	-0.0301	3.6328311463294507	0.4771293005011691	-0.0179	3.5377465788929277	0.005902357137682896	0.023	3.728312986165626	-0.08147146352746071	0.2179	3.705957393182773	-0.06577153469637802	0.1804	3.493400195147489	-0.06542329088014648	-0.0119	3.536805141904934	1.3850545838125226	-0.0008	3.720602435161387	1.6739874368893826	0.0655	3.72960989450835	1.4738534209550054	0.1076	3.4732040790591037	1.3037890198229256	-0.01275	3.334603901202585	0.9991830576787629	0.0119	3.5126606368392665	0.7353332844057403	0.0002	3.5035916277283556	1.3182248613402243	0.01275	3.4271103843921074	1.0282062255729925	-0.0119	3.626730877833665	0.8820899434577267	-0.0002
522	8.7	3.4061696317475536	0.8038220187361589	0.0301	3.3695444071686578	0.8214350476160316	0.0301	3.4743014670596564	0.3371409100643319	0.0179	2.9898190075083018	0.17195386120375677	0.023	2.954884916532544	-0.024069777420961273	0.2179	2.939590656405122	0.0060080170426181495	0.1804	2.9161061542605227	0.17463743070930965	-0.0119	3.4609771607331234	0.8165851932604165	-0.0301	3.6943157692404167	0.4601153875731385	-0.0179	3.5748745726836026	-0.000844498878339611	0.023	3.7564330684007428	-0.09021493459262657	0.2179	3.733293098909911	-0.07528464852806024	0.1804	3.525619572850783	-0.07164283720264529	-0.0119	3.6181689755047786	1.3884173838738771	-0.0008	3.801198133497948	1.6780644028544434	0.0655	3.807540404260551	1.4787502722693888	0.1076	3.5460116785485063	1.309767600843047	-0.01275	3.390639505827773	1.0093938787514187	0.0119	3.5389110783076156	0.7234919963296184	0.0002	3.598033117006202	1.318627600061878	0.01275	3.538213139205258	1.025840128142456	-0.0119	3.732829909695544	0.9010638772234719	-0.0002
523	8.716666666666667	3.4949597933006284	0.8031967444219433	0.0301	3.4571028896327145	0.8207414362612765	0.0301	3.6413234135698014	0.361472339087351	0.0179	3.189120667756593	0.15490063554633032	0.023	3.190216771915708	-0.027859146063034686	0.2179	3.168228377673285	-0.0037986612329892074	0.1804	3.1071518196782972	0.1442785777204476	-0.0119	3.5462331801661793	0.8177274310521911	-0.0301	3.760363135065066	0.4448308556980608	-0.0179	3.5968874650174785	0.004481444504045988	0.023	3.7647949258897753	-0.09610731895909118	0.2179	3.741389471950066	-0.08100485142848118	0.1804	3.539311886784309	-0.06479459728874691	-0.0119	3.6982284274746564	1.3904129255493125	-0.0008	3.880977695826479	1.6814458637284129	0.0655	3.8849547606591206	1.4838237619416856	0.1076	3.6160626190321588	1.3148558203768728	-0.01275	3.4463563895844884	1.0186840017343148	0.0119	3.5702139666376542	0.7177773509230186	0.0002	3.6940053212487878	1.3185292909708477	0.01275	3.6440253578076525	1.028349310372797	-0.0119	3.8386075269614834	0.9207233932811095	-0.0002
524	8.733333333333333	3.586386268351987	0.8037220552825618	0.0301	3.545522969321412	0.8199349985881147	0.0301	3.801825434334489	0.39036076147947313	0.0179	3.4034339621038345	0.12792799785357856	0.023	3.4527517825019265	-0.041563854169661324	0.2179	3.422460433601457	-0.026637080379525724	0.1804	3.3112010982584503	0.10034084664472953	-0.0119	3.634495716893522	0.8186093258579187	-0.0301	3.834019116217654	0.4335724422283951	-0.0179	3.615571749584736	0.02132762634741083	0.023	3.765611973300316	-0.0988541807943535	0.2179	3.7426897107232127	-0.08236934735081751	0.1804	3.548239221279536	-0.04464110484173043	-0.0119	3.777181216478336	1.3918933919864973	-0.0008	3.9595008240652936	1.6839638957551462	0.0655	3.962549538800999	1.4891236884261487	0.1076	3.6848987475240844	1.3190245562353684	-0.01275	3.5036130273269563	1.026655587116476	0.0119	3.6088777373176577	0.7160073803937325	0.0002	3.7893062773499286	1.3186655220615304	0.01275	3.7422452856483277	1.034063567810086	-0.0119	3.9374895322035512	0.9354634071435785	-0.0002
525	8.75	3.6804397608815096	0.805310020186001	0.0301	3.636032398585653	0.8192312573662989	0.0301	3.950619999408665	0.4192242690833155	0.0179	3.6268835478368784	0.09549866913769063	0.023	3.7284556926164742	-0.05900022276135713	0.2179	3.690993858228095	-0.05452539796990334	0.1804	3.527222273608026	0.05058577942910914	-0.0119	3.7261796633840536	0.8192243110990017	-0.0301	3.9162659632439554	0.426673152064072	-0.0179	3.641031172600041	0.04663721394793372	0.023	3.7698008434764056	-0.09790158955917844	0.2179	3.748442045129891	-0.07872930056589876	0.1804	3.565845926360241	-0.012940389885535019	-0.0119	3.855524135789868	1.3935208277430187	-0.0008	4.036238458748066	1.6851981821425501	0.0655	4.040628074567328	1.4943955224193133	0.1076	3.754404274582262	1.3222524201750936	-0.01275	3.5644242885586874	1.0322450527788112	0.0119	3.6562399417654157	0.7154078255955653	0.0002	3.8821552280134775	1.3192594884371893	0.01275	3.832868204392462	1.0401925989088303	-0.0119	4.025492297091316	0.9415884574927362	-0.0002
526	8.766666666666666	3.7766534909746605	0.8073200785937856	0.0301	3.7291948501066723	0.81854179870583	0.0301	4.085448118666894	0.4441226285182149	0.0179	3.8512606786798464	0.062039179788638286	0.023	3.999619898324178	-0.07415163021241786	0.2179	3.958108015132433	-0.07926538725147883	0.1804	3.752147221955865	0.002619616132541542	-0.0119	3.820565615415019	0.8194750019106649	-0.0301	4.006177586883017	0.42313258542111765	-0.0179	3.6804285421331655	0.07615695064530294	0.023	3.786867495458555	-0.09213860756780877	0.2179	3.7679619792432737	-0.0691800747138701	0.1804	3.601742829283064	0.026687034439753357	-0.0119	3.9337963385931705	1.3954843963676733	-0.0008	4.110669728066857	1.6844391133086103	0.0655	4.119039379158055	1.4990989719792918	0.1076	3.8264824740602266	1.324342886568483	-0.01275	3.630659710284942	1.0339893621062686	0.0119	3.7130370142872517	0.7134341594941253	0.0002	3.9717132580113033	1.3199249087322045	0.01275	3.9169009377977595	1.043919475735111	-0.0119	4.101365016177231	0.9376016227332788	-0.0002
527	8.783333333333333	3.873972084711644	0.8087590888352137	0.0301	3.8246970193446717	0.8174075280241673	0.0301	4.206589501084174	0.4626006641297112	0.0179	4.066723195495631	0.030777387622116348	0.023	4.249470391773589	-0.0841044562001491	0.2179	4.207478194341777	-0.09676898152680058	0.1804	3.977437605165294	-0.03854028920018835	-0.0119	3.9161069906294075	0.8190063179503932	-0.0301	4.102459287538621	0.4220243136387854	-0.0179	3.738225256280874	0.10635488221247937	0.023	3.8254554137454293	-0.08076723829005127	0.2179	3.808751782595514	-0.05341742648411396	0.1804	3.6600489171154957	0.06970695408916755	-0.0119	4.0123287012569	1.3973318321467412	-0.0008	4.182768495643683	1.6812350860239311	0.0655	4.197390530647757	1.5025132392397038	0.1076	3.9023126272920945	1.324678049832653	-0.01275	3.7034902209261453	1.0308045268022596	0.0119	3.7794465745040395	0.7084317567710942	0.0002	4.057938956885965	1.3200798376843828	0.01275	3.9954367421302464	1.0434290089778135	-0.0119	4.166120924965349	0.9236651798220443	-0.0002
528	8.8	3.971102596596483	0.8085098355983333	0.0301	3.9217203629984887	0.8149741863017068	0.0301	4.316027430162273	0.47395283427347423	0.0179	4.263260741452534	0.0037623252299482323	0.023	4.46572762842247	-0.089544400849517	0.2179	4.425908249100681	-0.10757581582613698	0.1804	4.189061999515037	-0.07068609502341675	-0.0119	4.011342904070742	0.8170224411231937	-0.0301	4.20455369259043	0.4233879640962891	-0.0179	3.8169954179518926	0.13420990099747598	0.023	3.892394131270279	-0.06469680564484168	0.2179	3.8764170316653304	-0.03317892662662945	0.1804	3.741397928559592	0.11061872285187349	-0.0119	4.091068749070195	1.398137242535477	-0.0008	4.25319273409446	1.6759042848005234	0.0655	4.27515868035926	1.5039152343160884	0.1076	3.9816934778367052	1.3223603035272393	-0.01275	3.78309288763879	1.0224827736035584	0.0119	3.8548418565580147	0.6997303883562835	0.0002	4.14108340612191	1.3192457924407244	0.01275	4.070022163780964	1.0383801666645511	-0.0119	4.223338422865403	0.9008275063178293	-0.0002
529	8.816666666666666	4.066920173008712	0.8054273968895439	0.0301	4.019413490640235	0.8099200574929952	0.0301	4.416749982714423	0.4789445196924227	0.0179	4.431898508368194	-0.01774111639110304	0.023	4.641449750560405	-0.09315643734132366	0.2179	4.604722466876216	-0.11468059473894694	0.1804	4.37231113747635	-0.09346953537635323	-0.0119	4.105267557799305	0.8123921573978996	-0.0301	4.312111856076107	0.42812919472901395	-0.0179	3.917989737320974	0.1564988364515653	0.023	3.9906083961226786	-0.046365427674343096	0.2179	3.9733960016451886	-0.012044495258342947	0.1804	3.8455059214489995	0.14309463502776737	-0.0119	4.169615396604176	1.3967943180578752	-0.0008	4.322987954933764	1.6695032508892862	0.0655	4.351880290591418	1.5027549272872625	0.1076	4.063324708013646	1.31657086374555	-0.01275	3.8687545543116535	1.0095740553898158	0.0119	3.9377944864868786	0.6874530851772064	0.0002	4.221247287209679	1.316885995442552	0.01275	4.143148660382071	1.0295455579914028	-0.0119	4.279069310095998	0.8705960789254399	-0.0002
530	8.833333333333334	4.160609243767124	0.7987057552760435	0.0301	4.116775060736731	0.8009219273338078	0.0301	4.511950321185566	0.47896309780690033	0.0179	4.565821401252294	-0.033284166362014755	0.023	4.774445839200576	-0.09741246107992006	0.2179	4.73971891658265	-0.12099999087943224	0.1804	4.5165479350171776	-0.10776856678622042	-0.0119	4.197273504575625	0.8043743295773141	-0.0301	4.424136204513118	0.4374847463105408	-0.0179	4.041357840163836	0.17050428857279964	0.023	4.1187599038203455	-0.028263114204896	0.2179	4.098230424881743	0.006436683956470413	0.1804	3.9719126611625764	0.16172365713112818	-0.0119	4.247440728830728	1.392351985838861	-0.0008	4.393056456553908	1.6632900288514318	0.0655	4.427403436068896	1.498888403555588	0.1076	4.145673731660818	1.3068728669716767	-0.01275	3.9589783696220513	0.9929644285495088	0.0119	4.02666213892347	0.6723936492985599	0.0002	4.298237170828493	1.31235356664988	0.01275	4.217363205351818	1.0178794183808675	-0.0119	4.339793747028821	0.8355410869278138	-0.0002
531	8.85	4.252040448281006	0.7884382238267114	0.0301	4.2124652310255915	0.7875370603769555	0.0301	4.603942434636103	0.4749044176631613	0.0179	4.662010658304389	-0.043191449411600205	0.023	4.866272558353477	-0.10315145916894723	0.2179	4.831108552174208	-0.12772520905732138	0.1804	4.617417799693795	-0.1150950209850482	-0.0119	4.287620291225012	0.7934311535832002	-0.0301	4.539261017306275	0.45235964005588547	-0.0179	4.18606572227198	0.17489913739108437	0.023	4.2733007323207435	-0.012019303210511699	0.2179	4.247472818951096	0.020293579245274154	0.1804	4.119899602089019	0.1638911736332001	-0.0119	4.3240198702339345	1.3845843143367993	-0.0008	4.463707667958613	1.6579655550758174	0.0655	4.501870664248047	1.4926859259154606	0.1076	4.227511168606375	1.2935996284155153	-0.01275	4.051563400281327	0.9736927574962444	0.0119	4.120088573553233	0.6558984229603952	0.0002	4.371757248924755	1.3053493090002515	0.01275	4.293703560165355	1.003933221267447	-0.0119	4.409154420629054	0.8000688756076789	-0.0002
532	8.866666666666667	4.341738399658299	0.7758425662729643	0.0301	4.305073285375413	0.7708288070841246	0.0301	4.693280383773884	0.4665622680746232	0.0179	4.722874265599254	-0.048153547496446764	0.023	4.921773656555471	-0.10962597641466237	0.2179	4.883952885949586	-0.1342779227540366	0.1804	4.677975739698456	-0.1169398195557113	-0.0119	4.377443894747315	0.7813332643843419	-0.0301	4.656166743018471	0.4724717033743503	-0.0179	4.349520706248826	0.17000848061085425	0.023	4.450518300397006	0.0015445502166901404	0.2179	4.418501462022453	0.029480042371220448	0.1804	4.287793253181034	0.150440616338434	-0.0119	4.3989354458780285	1.3743653515516439	-0.0008	4.5349108747885	1.653497290147612	0.0655	4.5755884906301185	1.4848155658179032	0.1076	4.307977970888294	1.2780736311267173	-0.01275	4.143978040264305	0.9531755749247445	0.0119	4.216803552325206	0.6395723261221516	0.0002	4.441755915513699	1.2963600716713133	0.01275	4.371346647808776	0.9883017838604401	-0.0119	4.486293922233002	0.7692988486979216	-0.0002
533	8.883333333333333	4.429938308594939	0.7629903885109334	0.0301	4.393587952177549	0.753342442000706	0.0301	4.779123435487386	0.4535539192860129	0.0179	4.756040764400832	-0.04856357161733335	0.023	4.948974234340752	-0.1155831021623374	0.2179	4.9076853588084575	-0.13939671438360945	0.1804	4.7077488362613815	-0.11408950374077746	-0.0119	4.467495299495112	0.7704068743634231	-0.0301	4.772511792135273	0.49532192752244913	-0.0179	4.527240511811773	0.1577667023861316	0.023	4.64668242397677	0.011874587980690635	0.2179	4.609914280619869	0.035134952373942624	0.1804	4.471666520352008	0.12524072072581932	-0.0119	4.472140569245499	1.3632842232135347	-0.0008	4.606925770199801	1.6496774577666866	0.0655	4.6489885282783385	1.476049939213275	0.1076	4.386550201041647	1.2622257143534317	-0.01275	4.234014502324274	0.9333291407359681	0.0119	4.3150695696936	0.6248191484674552	0.0002	4.508712169725491	1.2864329162236112	0.01275	4.448774220063112	0.9724112260015172	-0.0119	4.567484361549123	0.7465614344900098	-0.0002
534	8.9	4.516021951404916	0.7518959722109231	0.0301	4.477793308790087	0.7380074793471565	0.0301	4.860907131137904	0.4369270889284722	0.0179	4.77182598405805	-0.04403447792442439	0.023	4.957745679094036	-0.12001020554127034	0.2179	4.9133297478856335	-0.14194250140666334	0.1804	4.719048423223312	-0.10592922239128252	-0.0119	4.557202320872398	0.7622076344552299	-0.0301	4.884136221974425	0.5159442678045625	-0.0179	4.71254251440832	0.14111694179791406	0.023	4.85583722363772	0.018244063129994874	0.2179	4.817737411555356	0.038368065216705105	0.1804	4.664513294368645	0.09405296643884051	-0.0119	4.5442027822260815	1.3528123771433935	-0.0008	4.680058775755638	1.6462759731811232	0.0655	4.722469248492011	1.4672404019961476	0.1076	4.463137792027912	1.2479034089101981	-0.01275	4.320358560335072	0.916087582776385	0.0119	4.412446061355604	0.612561386390923	0.0002	4.574086569181997	1.2766550874211429	0.01275	4.525186910925421	0.9583015539142189	-0.0119	4.649370239696954	0.7322866251270225	-0.0002
535	8.916666666666666	4.599229321209881	0.7434046878280364	0.0301	4.558236674272228	0.7264850840674222	0.0301	4.939599749998804	0.4194244015808034	0.0179	4.780730074388465	-0.03370408926487499	0.023	4.95768088772814	-0.12196867994788291	0.2179	4.910613471092723	-0.14093466612973668	0.1804	4.723478215213459	-0.09055623365324923	-0.0119	4.6452327807077625	0.7565362831418639	-0.0301	4.986975306471941	0.5286708848892967	-0.0179	4.896213833936819	0.12271741743245367	0.023	5.066730678542921	0.01998932890356374	0.2179	5.030391043019278	0.0393730656579287	0.1804	4.856287689221912	0.06284536296372349	-0.0119	4.6162541074982935	1.3437226312663397	-0.0008	4.753715928419793	1.6425843698774885	0.0655	4.796128886788847	1.4590691850982096	0.1076	4.538099402075869	1.2362487793271113	-0.01275	4.402567555430487	0.9025123589745041	0.0119	4.506205056134952	0.603219180483731	0.0002	4.6407146955398195	1.2677271476038185	0.01275	4.601177277856719	0.9472986600900821	-0.0119	4.7308419491612375	0.724666024546598	-0.0002
536	8.933333333333334	4.679686199847508	0.7371051434086218	0.0301	4.63586919438761	0.7186931407474267	0.0301	5.017361669709776	0.40461505177532003	0.0179	4.79232458315187	-0.01700785398245729	0.023	4.957310546325924	-0.12047260007170937	0.2179	4.907843787584224	-0.1355187586888665	0.1804	4.73068195358158	-0.06629990948987888	-0.0119	4.730637557280978	0.7519835958218626	-0.0301	5.079703213456608	0.5300408343049876	-0.0179	5.067193407617638	0.10404052542001849	0.023	5.26318728668055	0.016934686210000598	0.2179	5.229530323635879	0.03730926907566665	0.1804	5.035003161383054	0.03586710005059937	-0.0119	4.689364689045845	1.335880019627444	-0.0008	4.826489705139463	1.6374537709360633	0.0655	4.869744543482509	1.4515525916008467	0.1076	4.611721547601864	1.2272056361791555	-0.01275	4.48051880237122	0.892135028627496	0.0119	4.594033499187399	0.5965654294186239	0.0002	4.7118066940257695	1.2595704453754657	0.01275	4.67862887318492	0.9389928158488983	-0.0119	4.813091327573595	0.7210174671007419	-0.0002
537	8.95	4.758356067968437	0.7321862640769567	0.0301	4.711846563412666	0.7137187688307145	0.0301	5.096369255034591	0.39606710537476225	0.0179	4.814510577249927	0.005687423698969675	0.023	4.964930246786026	-0.1149290850913238	0.2179	4.913390999836932	-0.12538945073931654	0.1804	4.748270485951568	-0.03391760744683661	-0.0119	4.813243562786027	0.7474065865889784	-0.0301	5.163885604453171	0.5205631948589943	-0.0179	5.214898742810333	0.08589815371683439	0.023	5.429426748055401	0.009375996206101	0.2179	5.397364747322813	0.031089568083230677	0.1804	5.1891544947686485	0.014663263102422462	-0.0119	4.763614912942676	1.3282656130827364	-0.0008	4.897599733665648	1.6299709283199735	0.0655	4.942999130790992	1.4438708051411755	0.1076	4.683633161685086	1.219525019388533	-0.01275	4.554073949161141	0.8832522522158105	0.0119	4.674405243393104	0.5915138352272213	0.0002	4.788714054608766	1.2515128062081309	0.01275	4.759772430318259	0.9318878736965039	-0.0119	4.898872898815458	0.719961625389855	-0.0002
538	8.966666666666667	4.835929306282644	0.7279930200792183	0.0301	4.786998971738161	0.7104566390433489	0.0301	5.177832843146234	0.3963996944730961	0.0179	4.852980486305308	0.032591061350867985	0.023	4.989298401562433	-0.10543569563614717	0.2179	4.936079270893078	-0.1111859535351313	0.1804	4.781953047076192	0.0023743338325823843	-0.0119	4.893142170916924	0.7425032705613331	-0.0301	5.242163610423273	0.5045788473581712	-0.0179	5.331946871063633	0.06968376373813796	0.023	5.555487252368562	-0.0018148959517034942	0.2179	5.523113449822256	0.020567198216118368	0.1804	5.310365681204172	-0.0009698381186048659	-0.0119	4.838068556474162	1.3195180648769675	-0.0008	4.967661850866949	1.6199481887953562	0.0655	5.015651663392931	1.4349473282016905	0.1076	4.753089805388697	1.2115101288079346	-0.01275	4.623297377291668	0.8740852462749629	0.0119	4.7465597726775	0.5861915878362046	0.0002	4.870050525240839	1.2430179585533152	0.01275	4.8455546692984655	0.9250897556001659	-0.0119	4.99059413639346	0.7230126888360587	-0.0002
539	8.983333333333333	4.911892670361414	0.7240398829792931	0.0301	4.860833309833912	0.707560975008078	0.0301	5.261703885944667	0.4061995267240808	0.0179	4.911442710563519	0.06025687208466496	0.023	5.038686825798717	-0.09276004225589249	0.2179	4.984010264312329	-0.09450417136886824	0.1804	4.8358948997830975	0.03619166235428446	-0.0119	4.970100465201391	0.7373039023448426	-0.0301	5.3168585231966565	0.48864409273498854	-0.0179	5.415825193302057	0.05771161934984004	0.023	5.638893379860382	-0.014819755560667343	0.2179	5.604871669011812	0.007266044850116442	0.1804	5.395123640348571	-0.011083647318319368	-0.0119	4.9118072705684135	1.3088688638832886	-0.0008	5.037811976684321	1.6078723037842617	0.0655	5.08755439984836	1.4243164295323163	0.1076	4.819765678536549	1.2019883875502058	-0.01275	4.688782485834609	0.8636709030249266	0.0119	4.810326334667508	0.5785408356328436	0.0002	4.953184072362759	1.2341058762407486	0.01275	4.9345437263650656	0.9191349950282581	-0.0119	5.087839139338368	0.7333612564081168	-0.0002
540	9.0	4.984743337050843	0.7200017466651684	0.0301	4.931573067116622	0.703792866791805	0.0301	5.3470119679599994	0.42362701059799385	0.0179	4.9919905927998185	0.08410451877244125	0.023	5.118590621383612	-0.07855659592761682	0.2179	5.062734123975759	-0.07793648969873794	0.1804	4.91301087741619	0.06135706181196426	-0.0119	5.043574613262946	0.7318865716466961	-0.0301	5.389758159318683	0.4788157699268681	-0.0179	5.469269601194866	0.052360494714575975	0.023	5.683749810908044	-0.02713117337998003	0.2179	5.648463308202914	-0.005994009713359387	0.1804	5.4455241890085695	-0.014678070651656083	-0.0119	4.984573016823888	1.2966057367356973	-0.0008	5.1087417059726095	1.5946475424790865	0.0655	5.1586130686477585	1.4123735146936693	0.1076	4.883993315548084	1.1908194953791358	-0.01275	4.751486975796742	0.8519717097713214	0.0119	4.866107842158607	0.5673314766696499	0.0002	5.035976973557223	1.2253781960015055	0.01275	5.02351549027216	0.9156426528366337	-0.0119	5.187062371643631	0.7524106376827052	-0.0002
541	9.016666666666666	5.05331943762392	0.7157566101123132	0.0301	4.997814725179239	0.6987069890804003	0.0301	5.43215807877864	0.44500299709357094	0.0179	5.095019349230441	0.09996166164830982	0.023	5.229934321188359	-0.06539523698140683	0.2179	5.173713301487239	-0.0647656405869363	0.1804	5.014879112318192	0.07358824993193616	-0.0119	5.113390221552362	0.7266761652722379	-0.0301	5.4622517823098695	0.47810152650415777	-0.0179	5.49945448726154	0.05519351005467616	0.023	5.698970034526806	-0.036405669685844945	0.2179	5.6648474736495675	-0.016419874931036325	0.1804	5.468787124640214	-0.010408062378017852	-0.0119	5.056488541830022	1.2837078115431695	-0.0008	5.180580118504335	1.5815108147087953	0.0655	5.2287475997053425	1.3998778814899229	0.1076	4.946311410464682	1.1786149884353092	-0.01275	4.812153310787161	0.8397792178921184	0.0119	4.915156443976577	0.5528354626386284	0.0002	5.117291347302886	1.2176831838254172	0.01275	5.109863013781201	0.9166077246847247	-0.0119	5.284170954667451	0.7770478595951874	-0.0002
542	9.033333333333333	5.118076554055327	0.7113381064771931	0.0301	5.060052806147905	0.6926352735759904	0.0301	5.514904929813487	0.46566727411704445	0.0179	5.218907981038681	0.10575486014202294	0.023	5.368707043847101	-0.055844443904269715	0.2179	5.3136077417104595	-0.057659565847288166	0.1804	5.141099541777061	0.07152711454710582	-0.0119	5.180489208120613	0.7224503063698676	-0.0301	5.535449660548237	0.4858472474759814	-0.0179	5.516143769764719	0.06658924658780654	0.023	5.696163834309982	-0.040882460653995194	0.2179	5.666773771410524	-0.02215318358226974	0.1804	5.475335060375882	0.0023727085492560793	-0.0119	5.127601090456459	1.271126405769622	-0.0008	5.252993636366159	1.569801119839761	0.0655	5.297866892644835	1.3874220000217141	0.1076	5.007055647807886	1.1660919545766533	-0.01275	4.870994333872575	0.8285670673005364	0.0119	4.9595915953070575	0.5367428909139512	0.0002	5.1967655495419685	1.2114276159678077	0.01275	5.19335160911366	0.923178422449296	-0.0119	5.376768831701651	0.8009403114897015	-0.0002
543	9.05	5.181009737499227	0.7067414428313649	0.0301	5.120390740194091	0.6858638251084785	0.0301	5.592602868028329	0.4805945765767937	0.0179	5.359414298479603	0.10182275371151486	0.023	5.5263984891482805	-0.05147537184621225	0.2179	5.474183567780456	-0.057512010030955435	0.1804	5.288062387948914	0.05734292541515232	-0.0119	5.246938874739127	0.7197055075089303	-0.0301	5.610560920840939	0.4989724887900096	-0.0179	5.529691230508893	0.08552082121821628	0.023	5.687870967861475	-0.03944174598841184	0.2179	5.66581978351099	-0.022026664304346133	0.1804	5.476742736508949	0.02353427712784202	-0.0119	5.197784033577094	1.2592872346728918	-0.0008	5.325225649290602	1.5601132707217713	0.0655	5.3659415842898825	1.3752648820620528	0.1076	5.06656829042936	1.1538736905291331	-0.01275	4.9279095623159375	0.8197960935218642	0.0119	5.001916154357883	0.5215060806980778	0.0002	5.2744503761780415	1.206128982672605	0.01275	5.274815133944721	0.9340882302647511	-0.0119	5.463703552585984	0.8188473893734953	-0.0002
544	9.066666666666666	5.244425613163784	0.7017538340274195	0.0301	5.181012435333916	0.6780355631792719	0.0301	5.663163042064692	0.48541523073233417	0.0179	5.50918703200063	0.08981970810773474	0.023	5.6912353101633	-0.0529150095044427	0.2179	5.643044403186983	-0.06375670746957134	0.1804	5.448282075280427	0.03567309960637211	-0.0119	5.315031183469663	0.7181607507868858	-0.0301	5.688733564359128	0.5135048872510052	-0.0179	5.549458235262094	0.1095050553633036	0.023	5.6859953967876065	-0.03177989295781987	0.2179	5.671316733800367	-0.015135646727842874	0.1804	5.4845140645427275	0.05215621142432351	-0.0119	5.267017300032881	1.2480573833508815	-0.0008	5.396323620818404	1.5515689396674035	0.0655	5.433131113893479	1.3632312235033794	0.1076	5.1256544274003355	1.1424738271067205	-0.01275	4.982886083713982	0.8139083426484872	0.0119	5.0446025608565686	0.5092564186262908	0.0002	5.35052954321499	1.2006739645448397	0.01275	5.354053608856317	0.9456325377799849	-0.0119	5.5435249352353395	0.8289287169454427	-0.0002
545	9.083333333333334	5.309724709246125	0.696159606881655	0.0301	5.243160468740347	0.668596761950661	0.0301	5.726316185302009	0.47812803494313877	0.0179	5.658495287305245	0.07180591509531925	0.023	5.85047802913414	-0.06006708103099081	0.2179	5.805847840344162	-0.07528712080293523	0.1804	5.611100227655356	0.01084953616118684	-0.0119	5.385985870457139	0.7170367636842635	-0.0301	5.769785839254729	0.5258180902386641	-0.0179	5.5824942647178855	0.1349435083396888	0.023	5.700425214128068	-0.017987835935628083	0.2179	5.691258118878266	-0.0009904190257001794	0.1804	5.50830529117257	0.08522073797305099	-0.0119	5.335576068692256	1.2369540966654076	-0.0008	5.465733135713967	1.5423604302183407	0.0655	5.499814557676032	1.3506882253005528	0.1076	5.185488558992753	1.1318574353882285	-0.01275	5.036233334591599	0.8100133138723118	0.0119	5.08988386942826	0.5007766587788709	0.0002	5.425068221856826	1.1941172560175681	0.01275	5.42935231038824	0.9537746938609893	-0.0119	5.613975016412215	0.8318007524825587	-0.0002
546	9.1	5.376986429237972	0.6900297340609387	0.0301	5.307084591163354	0.6576589950162374	0.0301	5.783764273189938	0.4602414367252751	0.0179	5.796801963129927	0.05031848599072528	0.023	5.992577969518986	-0.07153516991527804	0.2179	5.949272019269895	-0.09053223415429835	0.1804	5.763850592861451	-0.01462462650629909	-0.0119	5.459345297872007	0.7156901906145472	-0.0301	5.851719546095633	0.5335339899159175	-0.0179	5.633451343064773	0.15795111297110656	0.023	5.739191002633762	0.0019473456100421657	0.2179	5.733496481300474	0.020003002310127777	0.1804	5.5542886621196095	0.11688851072191564	-0.0119	5.403799357523513	1.2252724486190374	-0.0008	5.533841484811781	1.5310258690462293	0.0655	5.5665198997542	1.3369375650987727	0.1076	5.246984558009184	1.1212869859978827	-0.01275	5.088638772175835	0.8064754746226727	0.0119	5.139394454542617	0.4953011829436526	0.0002	5.4978137507685	1.1861076489075448	0.01275	5.4982172111856125	0.9558228461450018	-0.0119	5.67312600973431	0.8288645024588889	-0.0002
547	9.116666666666667	5.4453526985000495	0.6836396253822798	0.0301	5.3721714815593025	0.6462448604407863	0.0301	5.837866722897064	0.43628218042284367	0.0179	5.914440100544612	0.0284685490390306	0.023	6.108414157223412	-0.08451344462327957	0.2179	6.063390980187121	-0.1070376003640763	0.1804	5.893930726861718	-0.03872417904580033	-0.0119	5.533570723504547	0.7138086967831975	-0.0301	5.932028133218704	0.5355401272408016	-0.0179	5.7055629285527365	0.17550830795767175	0.023	5.8088708218181955	0.02707314969682419	0.2179	5.805167567138754	0.04602475067702897	0.1804	5.625811072047933	0.14066474825193057	-0.0119	5.471817566191463	1.2123282093784193	-0.0008	5.601600347713794	1.516983241817237	0.0655	5.633698592652223	1.3216709932154114	0.1076	5.310353840564816	1.109971310067725	-0.01275	5.141144618117442	0.8016316868984431	0.0119	5.19379635727362	0.4911519823002015	0.0002	5.568471023209711	1.1765062410352147	0.01275	5.5587501315809265	0.950279602101575	-0.0119	5.721154153654647	0.8211808474861307	-0.0002
548	9.133333333333333	5.513596247424326	0.6772397872175208	0.0301	5.437086566283788	0.6357707982635249	0.0301	5.890139621001933	0.4120128416835255	0.0179	6.004806454905341	0.009359065146242719	0.023	6.1926068448185685	-0.0960459100265839	0.2179	6.143383219987986	-0.1218426803793609	0.1804	5.992465368055767	-0.05845668322927525	-0.0119	5.606875639500151	0.7110802413190385	-0.0301	6.008614217149657	0.5312647537273772	-0.0179	5.8004043524614515	0.18611120115712554	0.023	5.912893993295856	0.05366050127588482	0.2179	5.910267890048245	0.07343956408315652	0.1804	5.724425770245534	0.15248262858269293	-0.0119	5.539515762028088	1.1978531452934542	-0.0008	5.669556127059395	1.5003015890818614	0.0655	5.701426228536453	1.304971718991577	0.1076	5.3751574597244876	1.0975234390282587	-0.01275	5.1949460494061706	0.7941982206732001	0.0119	5.2528297683661425	0.4865817953429985	0.0002	5.637181762671623	1.165143536652792	0.01275	5.610849459610036	0.936940193486443	-0.0119	5.7607767517123465	0.8092443099724839	-0.0002
549	9.15	5.580479106502991	0.6709212986102274	0.0301	5.500323721617046	0.6271994981468193	0.0301	5.940534732174397	0.39231826781015144	0.0179	6.06642721348856	-0.00472937387960727	0.023	6.24513437446323	-0.10439665970676586	0.2179	6.190509231212856	-0.13266535418976533	0.1804	6.057261724112333	-0.07102752346738397	-0.0119	5.677591743929038	0.7070607394148158	-0.0301	6.079515440065455	0.5205919723406006	-0.0179	5.91665307660528	0.18944380975849467	0.023	6.049185472727803	0.07531007098369832	0.2179	6.047079022470826	0.09705529212353005	0.1804	5.849203093156374	0.15194299775071649	-0.0119	5.606598306323762	1.1819713091898283	-0.0008	5.737597130922039	1.481517840070228	0.0655	5.7693860860759685	1.2870317051317346	0.1076	5.440556725347327	1.0836856884083426	-0.01275	5.250972491880633	0.783481524805506	0.0119	5.3157381934821695	0.4804598641959908	0.0002	5.7044832799806615	1.1521149759455207	0.01275	5.656650914310539	0.9179862241020519	-0.0119	5.795968436410856	0.7935586740921846	-0.0002
550	9.166666666666666	5.644991130853603	0.6645726882354439	0.0301	5.560848698715861	0.6204703344119418	0.0301	5.987724128487667	0.3795789050919215	0.0179	6.103369869011943	-0.012940113685376998	0.023	6.271536840778307	-0.1094502345923234	0.2179	6.211505882334691	-0.1387199057890818	0.1804	6.093134145830092	-0.0760114095905061	-0.0119	5.744506679531043	0.7014398358632479	-0.0301	6.143112386509421	0.5045206934857839	-0.0179	6.0495287458090985	0.18562710997993717	0.023	6.209308775101538	0.08604826505210313	0.2179	6.206997073134418	0.11177727066375003	0.1804	5.995179469478675	0.14132240155114936	-0.0119	5.67278057899847	1.1648371678075842	-0.0008	5.8053672684103645	1.4613524316324167	0.0655	5.83710727141276	1.2679054533289118	0.1076	5.505613308904063	1.0682486522867605	-0.01275	5.309555658904786	0.7693932488298113	0.0119	5.3816024348064655	0.47267715711594593	0.0002	5.771166170702095	1.137751002682787	0.01275	5.700414515118842	0.8974210183338944	-0.0119	5.830336780827496	0.7748708903228534	-0.0002
551	9.183333333333334	5.706609942254816	0.657913357563233	0.0301	5.61835493306307	0.6145005426497209	0.0301	6.030191814353549	0.37325545945407257	0.0179	6.123414681230516	-0.016001563331947383	0.023	6.280626135883558	-0.11214001853502929	0.2179	6.2160083621046684	-0.14054070687068707	0.1804	6.109621421639049	-0.07550756539150838	-0.0119	5.807430971835665	0.6940560597708582	-0.0301	6.199043808708567	0.48501354394580776	-0.0179	6.191091759785527	0.17485022726566107	0.023	6.379668762417128	0.08348015112243863	0.2179	6.376220357062119	0.1146648012346787	0.1804	6.152442056241297	0.12335003884634947	-0.0119	5.737970052567162	1.146481347131913	-0.0008	5.8723064186763585	1.4400750431648897	0.0655	5.904055565050944	1.2474272939137885	0.1076	5.569597766746114	1.0512974759206433	-0.01275	5.370441331301016	0.7523425607156518	0.0119	5.449390065620257	0.464088960473851	0.0002	5.838413102546268	1.122273262927606	0.01275	5.74720333736001	0.8784615492525508	-0.0119	5.866253380852549	0.7539335684827931	-0.0002
552	9.2	5.765546660333227	0.6505376821454353	0.0301	5.673260795529034	0.6077533830301597	0.0301	6.067227239245799	0.3710102327839985	0.0179	6.134759128285721	-0.015689761200022762	0.023	6.280980758836189	-0.11350940836476275	0.2179	6.212938465754557	-0.13932086279781428	0.1804	6.1168156732946635	-0.07234765506411191	-0.0119	5.867384432773569	0.6848020295692506	-0.0301	6.248689648333672	0.4639737613298304	-0.0179	6.33150061935689	0.15788785625019877	0.023	6.544423424881571	0.0688677816088107	0.2179	6.5395684529973686	0.10557115428251163	0.1804	6.307707299351214	0.10024666996904932	-0.0119	5.80211460819885	1.126850198250763	-0.0008	5.937494424464581	1.4174184774013943	0.0655	5.9696524723994635	1.2255123819466953	0.1076	5.632033410248648	1.03288709136351	-0.01275	5.432969318015328	0.7331352407809965	0.0119	5.517914425867813	0.45595431240157575	0.0002	5.90732401040042	1.1058516678618768	0.01275	5.800334208333048	0.8620609447117168	-0.0119	5.9048684483162255	0.7319034199921743	-0.0002
553	9.216666666666667	5.822767182134702	0.6419728001673011	0.0301	5.726596848875701	0.5991463281478203	0.0301	6.099168848131098	0.37044724518477967	0.0179	6.143242027327401	-0.01380713083411834	0.023	6.278468098810242	-0.11426578682961193	0.2179	6.20805462218193	-0.13642161018551263	0.1804	6.121671870527874	-0.06862380371010939	-0.0119	5.926027634103692	0.6738124608105209	-0.0301	6.294973319123909	0.44244958181108934	-0.0179	6.460949464602552	0.1367264932496931	0.023	6.689199187799068	0.04565336134672964	0.2179	6.683904987922402	0.08675519104623677	0.1804	6.448155208258343	0.07454130909736109	-0.0119	5.864960521063587	1.1059225606390635	-0.0008	6.000036797424853	1.3934792499675912	0.0655	6.033538358681425	1.202665202031206	0.1076	5.692517150794583	1.0127441304762261	-0.01275	5.496233760164889	0.712699833718221	0.0119	5.585900816545818	0.4491892796843908	0.0002	5.9777108054917605	1.0886584508674144	0.01275	5.860029259288262	0.8476764374292195	-0.0119	5.9468709739045345	0.7109315982334745	-0.0002
554	9.233333333333333	5.879501058378028	0.631975783156442	0.0301	5.779546714733823	0.5886514522249754	0.0301	6.127039065685405	0.3702381283815188	0.0179	6.15155424869359	-0.011511570373761848	0.023	6.27587902110174	-0.11481109220901871	0.2179	6.203859089106769	-0.13296494068769305	0.1804	6.1271145951591475	-0.06550618462157334	-0.0119	5.984843677216515	0.6614883199779217	-0.0301	6.341597235662425	0.42050940573230405	-0.0179	6.571408296791994	0.11417087139794646	0.023	6.8045418327068194	0.018615613140909048	0.2179	6.800439921902253	0.06239067241066446	0.1804	6.564542356256917	0.04926483496410849	-0.0119	5.926081822124774	1.0838623250224635	-0.0008	6.059537470405343	1.369174250606866	0.0655	6.095681231457842	1.1799828538636479	0.1076	5.75070019590416	0.9910068024445746	-0.01275	5.559342143024274	0.6916803132266115	0.0119	5.652168194110909	0.44383190985169757	0.0002	6.047800873502245	1.070751499537199	0.01275	5.924932412603464	0.8350724674066856	-0.0119	5.99416872765528	0.6943397057404949	-0.0002
555	9.25	5.936363146516559	0.6209184035023547	0.0301	5.83271251103371	0.5771353924219932	0.0301	6.15200453746005	0.3703302900722087	0.0179	6.160249881826013	-0.00940898342758346	0.023	6.273960698254691	-0.11528632674197122	0.2179	6.200792617375325	-0.12950976088919414	0.1804	6.133695007731811	-0.06352593654573924	-0.0119	6.04439483095154	0.6482909868254403	-0.0301	6.391625249988438	0.39792997391981594	-0.0179	6.658100299934103	0.09308635166893883	0.023	6.8875713140592225	-0.0067631842765239975	0.2179	6.8859763152484605	0.03774752159803723	0.1804	6.652510613463594	0.027205011183692444	-0.0119	5.9849692907885785	1.0610359067156307	-0.0008	6.115988390644117	1.3453901442535707	0.0655	6.155963881085169	1.1584351664194705	0.1076	5.806409517104027	0.9687809594657107	-0.01275	5.6217839361867235	0.6702145585314873	0.0119	5.715866569018971	0.4388725083532035	0.0002	6.115478901360252	1.0523030638666802	0.01275	5.995034942424819	0.8259722464306842	-0.0119	6.052069633410496	0.6871213551190182	-0.0002
556	9.266666666666666	5.992873701388878	0.6095971355551428	0.0301	5.885786749397194	0.5657514322448909	0.0301	6.175020537395155	0.37140646361884333	0.0179	6.1694100087101615	-0.007761040914134141	0.023	6.272640097931062	-0.1157182398464256	0.2179	6.198600568556647	-0.1262493036429075	0.1804	6.141831606841533	-0.06259124545579643	-0.0119	6.103855138607026	0.6347433752340147	-0.0301	6.446081484146598	0.3751351455307563	-0.0179	6.720704631962665	0.07587577546576971	0.023	6.941343740202569	-0.025818914952176353	0.2179	6.942810058760268	0.017663811304265864	0.1804	6.713104666865139	0.010368885699189586	-0.0119	6.040956594586792	1.0379069736500866	-0.0008	6.16941198990575	1.322287138993727	0.0655	6.213684597441528	1.1380788178250731	0.1076	5.85950389286358	0.9473728803691523	-0.01275	5.683518118249526	0.6480378652629544	0.0119	5.776706354080448	0.4323854297670588	0.0002	6.179356336207674	1.033864370607128	0.01275	6.073053933098274	0.824061018316557	-0.0119	6.129137234656195	0.6957383722164395	-0.0002
557	9.283333333333333	6.047748996133143	0.5986835720082692	0.0301	5.9378064686098115	0.555587164630654	0.0301	6.196627112097515	0.3739786931890163	0.0179	6.179808194218472	-0.0062719415125244045	0.023	6.2720951861068475	-0.11617133935754857	0.2179	6.197559800112641	-0.1233828185951839	0.1804	6.152937265253695	-0.061895744756241065	-0.0119	6.161353059285279	0.6216011251929269	-0.0301	6.503433723790133	0.3533884468497634	-0.0179	6.7631994020983415	0.06378318899011617	0.023	6.972876695570888	-0.03669718324936118	0.2179	6.977250373630057	0.004689448006407631	0.1804	6.752123138895528	-0.0003618395832614148	-0.0119	6.093306835206293	1.0149780388071459	-0.0008	6.219728166556464	1.2999011266443845	0.0655	6.2674547692434945	1.1181105522242034	0.1076	5.909473052668833	0.9275603638645022	-0.01275	5.744497447588537	0.6249447330969298	0.0119	5.834999714140757	0.4219114906470636	0.0002	6.23877734048944	1.016322326009424	0.01275	6.162974220367817	0.8329427271615389	-0.0119	6.232957909325503	0.7252125183333491	-0.0002
558	9.3	6.099493453956728	0.5886145945588737	0.0301	5.987492419984482	0.5475936339842089	0.0301	6.216794654606867	0.3777283313513256	0.0179	6.193122530819452	-0.004162575370049674	0.023	6.273763192113981	-0.11662099978215511	0.2179	6.199283832986166	-0.12111073591865534	0.1804	6.169103648485687	-0.06030554941187527	-0.0119	6.214918317919397	0.6097998130308281	-0.0301	6.560300237193772	0.33410825219991425	-0.0179	6.791760139786315	0.05656660517988569	0.023	6.990501005496116	-0.040669537746404166	0.2179	6.997047558680329	-0.0014885745557222667	0.1804	6.777459923889717	-0.005332053267187077	-0.0119	6.141636629736496	0.9928611920471934	-0.0008	6.266816880296716	1.2789420695783031	0.0655	6.31578675651959	1.097787236017828	0.1076	5.955512538960539	0.9099096348937276	-0.01275	5.804103590295424	0.6013702075848101	0.0119	5.891346672151841	0.40512418489475555	0.0002	6.293669994395032	1.0006169824142193	0.01275	6.266254278499161	0.8529235558878326	-0.0119	6.364143725837536	0.7739716536554624	-0.0002
559	9.316666666666666	6.146863075729141	0.5798416271358225	0.0301	6.0335083732348656	0.5423040093839592	0.0301	6.23507362551207	0.38150056086390777	0.0179	6.211329073623177	-0.0010411606060977637	0.023	6.280766254481982	-0.11684326341440528	0.2179	6.206758735140507	-0.11952745090406011	0.1804	6.192064893591591	-0.05721490052955537	-0.0119	6.263098576989598	0.6001227305042299	-0.0301	6.613166165847257	0.31806186632369216	-0.0179	6.812137777886395	0.05307125684824607	0.023	7.0012728668619095	-0.04042435363580024	0.2179	7.008952815907499	-0.0027867396319928967	0.1804	6.795821443108881	-0.005762630559628075	-0.0119	6.186136057179183	0.9724556059996258	-0.0008	6.310462518052612	1.2605675079465906	0.0655	6.358063253626518	1.0772180810175325	0.1076	5.997198073600362	0.8951049272408566	-0.01275	5.861078676399984	0.5785188036853666	0.0119	5.945971556650572	0.3807056057562505	0.0002	6.344570366079115	0.9872454239030661	0.01275	6.378009328718911	0.8786754885311988	-0.0119	6.512976222691946	0.8307684454264828	-0.0002
560	9.333333333333334	6.1890184521494325	0.5729416786335785	0.0301	6.074768589850883	0.5396270276174463	0.0301	6.251144299591129	0.3839179934387266	0.0179	6.2357474490357	0.0026352368044444585	0.023	6.296864497151186	-0.11658815983168054	0.2179	6.223222427097183	-0.11860543232704487	0.1804	6.22234097771451	-0.0527957405957758	-0.0119	6.304981492885923	0.5929785299079912	-0.0301	6.659818902580076	0.3052626735915588	-0.0179	6.8282911820741505	0.05200975845285591	0.023	7.009729701697179	-0.03849201644726993	0.2179	7.017656716948322	-0.0013429508428674318	0.1804	6.81119854373226	-0.003173183033222553	-0.0119	6.2273193306623735	0.95489186533971	-0.0008	6.350210542328204	1.2457146791841935	0.0655	6.394883750853319	1.0574352840165113	0.1076	6.034747297626509	0.8836117736089034	-0.01275	5.913896484862811	0.5578443154315295	0.0119	5.998013105449735	0.34914775941313597	0.0002	6.392427196463034	0.9759798544121491	0.01275	6.488691394864159	0.9012866814977314	-0.0119	6.664118115909087	0.8794747686050159	-0.0002
561	9.35	6.2255616171425165	0.5684283170812376	0.0301	6.110813705002874	0.5391994006121771	0.0301	6.2652118211733185	0.38419156392568315	0.0179	6.266445518660807	0.006305577402073079	0.023	6.324211588940214	-0.11578677747526409	0.2179	6.250269968716553	-0.11811953379028524	0.1804	6.259053242996165	-0.047322408877842864	-0.0119	6.34025879673882	0.5884250020577542	-0.0301	6.699447463503474	0.29539393547504056	-0.0179	6.842477242589255	0.05237557558564148	0.023	7.018251636501297	-0.036869239161396776	0.2179	7.025922819174166	0.0008895256904373205	0.1804	6.825456785477286	0.0011064981628793491	-0.0119	6.265739987276002	0.9409688837149693	-0.0008	6.385679213746096	1.2349224421384963	0.0655	6.427501396766153	1.039878747590043	0.1076	6.068614450810836	0.8753890359783545	-0.01275	5.9613120610164465	0.5404214338607226	0.0119	6.04543288468842	0.3130030290113187	0.0002	6.437988121309195	0.9662367362880266	0.01275	6.5906072111102105	0.9136391354241301	-0.0119	6.805994605714781	0.9084864989265498	-0.0002
562	9.366666666666667	6.256688071098997	0.5663932059776677	0.0301	6.141899872095763	0.5406804447861704	0.0301	6.277979213720275	0.38246353348836576	0.0179	6.302257253777882	0.0099648489385153	0.023	6.361659933535438	-0.11458188707639719	0.2179	6.286484581845094	-0.11762143312537146	0.1804	6.300297820404618	-0.04073663399064605	-0.0119	6.3695382697483325	0.5861923546344939	-0.0301	6.732015318633553	0.2879984917159357	-0.0179	6.855874917486029	0.05349093115428313	0.023	7.02787408273093	-0.037063803983404815	0.2179	7.035063239332178	0.002262272529506158	0.1804	6.839465326782337	0.006124742070051839	-0.0119	6.301803909035279	0.9307279138087176	-0.0008	6.417116433245838	1.228327087930625	0.0655	6.457028330808028	1.0256896988633433	0.1076	6.099249302151116	0.870254781633855	-0.01275	6.0027833044703245	0.5267819868135939	0.0119	6.085799513213847	0.2762474372223495	0.0002	6.481177132436195	0.9577001341219629	0.01275	6.6807418595177115	0.9133799734605502	-0.0119	6.93345235622932	0.9145540826252968	-0.0002
563	9.383333333333333	6.282991170358715	0.5662704586408733	0.0301	6.168409229729779	0.5434118417605446	0.0301	6.290608878563366	0.3793844017217664	0.0179	6.340998353965005	0.013772328049001975	0.023	6.404963748708193	-0.11323118359321838	0.2179	6.327593548695289	-0.11668735050856299	0.1804	6.34355458722106	-0.0330376012332822	-0.0119	6.394127489404951	0.58566342597065	-0.0301	6.757940646692677	0.2824075998421757	-0.0179	6.868966748362033	0.05487153184605826	0.023	7.038667759032455	-0.039703554220180175	0.2179	7.04526361819597	0.0019394697732347992	0.1804	6.853586672811834	0.011193844878506075	-0.0119	6.335549477109559	0.9238080702234337	-0.0008	6.445215147982039	1.225390499499266	0.0655	6.483830778390761	1.015345851162302	0.1076	6.12720070893071	0.8683208965610315	-0.01275	6.038365360822717	0.517150924930188	0.0119	6.117164726561004	0.2429701635367022	0.0002	6.521168140880452	0.9505211400041195	0.01275	6.758562054814891	0.9020607488509739	-0.0119	7.044040183978395	0.9001789524073026	-0.0002
564	9.4	6.304926894720201	0.5669823453234647	0.0301	6.190317387270244	0.5461323784157824	0.0301	6.304512056445366	0.3755519968835791	0.0179	6.379655409577602	0.017523693027374193	0.023	6.448589877088117	-0.11196742403922612	0.2179	6.368189437842873	-0.11525808200089863	0.1804	6.385753182877235	-0.02483717318454372	-0.0119	6.4151931897403145	0.5859597305482578	-0.0301	6.7781018870829906	0.27792015318325947	-0.0179	6.881732747164277	0.056249624420949204	0.023	7.04993928538448	-0.0440002101805554	0.2179	7.055897598141258	0.0003188476174828223	0.1804	6.867697881633333	0.015761651029381787	-0.0119	6.366596883455208	0.919864244708231	-0.0008	6.470313814909559	1.2248910403300244	0.0655	6.507281121248879	1.0086301347132287	0.1076	6.153050003066294	0.8697085945603461	-0.01275	6.068180360367008	0.5116969708978967	0.0119	6.138186580062205	0.2162515575791987	0.0002	6.556953806907065	0.945050694557246	0.01275	6.823861869798209	0.8830045654709325	-0.0119	7.1355849702926815	0.8703433890594059	-0.0002
565	9.416666666666666	6.322822610840626	0.5674614305967243	0.0301	6.207617978086524	0.5474221094178571	0.0301	6.320633571647899	0.37147199542256704	0.0179	6.414870919401607	0.02075683850001655	0.023	6.487733453441101	-0.11090780292467461	0.2179	6.403840371085691	-0.11365257864400437	0.1804	6.4234164712036135	-0.0174616104848134	-0.0119	6.433397328414739	0.5861602645564957	-0.0301	6.7935799131309835	0.2743484343402362	-0.0179	6.8941181142124455	0.05767823593217289	0.023	7.060849369612657	-0.04821739548096991	0.2179	7.066401291394141	-0.0015062970376813216	0.1804	6.881389042658372	0.01948659967791269	-0.0119	6.394365460567735	0.9183768094252268	-0.0008	6.492277183678853	1.225559662152782	0.0655	6.526318464788041	1.0047285360059608	0.1076	6.177105150611942	0.8739618530322433	-0.01275	6.09204716902667	0.51054897582832	0.0119	6.147727945009063	0.19801065020685332	0.0002	6.587764395378699	0.9414601302831659	0.01275	6.876114238253938	0.8595372505508575	-0.0119	7.205864334871571	0.8304928897317932	-0.0002
566	9.433333333333334	6.337214079884926	0.5672383996932863	0.0301	6.220894797953009	0.5465971949274029	0.0301	6.338804668800393	0.3677778443216625	0.0179	6.443855840349528	0.023048032973636383	0.023	6.5193965431415295	-0.11007628838540418	0.2179	6.432190189703804	-0.112290663167669	0.1804	6.4535232650862655	-0.012482868119310271	-0.0119	6.4491579665326375	0.5857176586420572	-0.0301	6.805239678288174	0.27221181944511585	-0.0179	6.906432251439605	0.059380302060570885	0.023	7.07108917786387	-0.050932593448752644	0.2179	7.077072196658387	-0.002793676223494657	0.1804	6.894419217979726	0.022325853644194295	-0.0119	6.418192624638842	0.9185740092504753	-0.0008	6.511056116905386	1.2266686572270888	0.0655	6.540335221589208	1.0026450585484903	0.1076	6.199190601325881	0.8799934540688134	-0.01275	6.109495614524846	0.5135954342201525	0.0119	6.144725712042528	0.18938843582887432	0.0002	6.613150752138784	0.939627892512598	0.01275	6.914415145815901	0.8343251546081841	-0.0119	7.252761547408234	0.7854977702459583	-0.0002
567	9.45	6.3485013314736545	0.566744005831526	0.0301	6.23090070409882	0.5443577728333713	0.0301	6.35777818432798	0.3651609834783648	0.0179	6.465147052810563	0.024182551990462972	0.023	6.542563907667947	-0.10939579629361257	0.2179	6.452974679102298	-0.11144377984990249	0.1804	6.4745207165744185	-0.010892781690602461	-0.0119	6.4625824091757895	0.5849947762887231	-0.0301	6.813667909201804	0.2721627243204123	-0.0179	6.9190873417630945	0.061512872244197936	0.023	7.080720050773075	-0.05157242138306057	0.2179	7.088458081293648	-0.0034046216410430433	0.1804	6.907040948572916	0.024489311749931943	-0.0119	6.437262884915016	0.9198731403049687	-0.0008	6.526653156675315	1.2279816623593711	0.0655	6.549257940549151	1.0017156394189213	0.1076	6.218709543922795	0.88658161613674	-0.01275	6.1199523535176565	0.5204766085508402	0.0119	6.128536110344445	0.19090888310213758	0.0002	6.632842719028953	0.9394026864894119	0.01275	6.93763541380266	0.8095861888136291	-0.0119	7.274659246125845	0.7393807229367053	-0.0002
568	9.466666666666667	6.356416619607006	0.5669992777158475	0.0301	6.237744841967246	0.5424613760273908	0.0301	6.37575184271704	0.36396677975431324	0.0179	6.478719903715604	0.02430667028509178	0.023	6.5579436484501406	-0.10859453595281826	0.2179	6.46751912159544	-0.11105886653168963	0.1804	6.486592117030232	-0.012517970126434411	-0.0119	6.473265637378201	0.5851653373347019	-0.0301	6.819239985143324	0.2744855271854635	-0.0179	6.932272677053758	0.06413612376635128	0.023	7.089658603643475	-0.05016830773563987	0.2179	7.100384311742896	-0.003355541709561879	0.1804	6.919978994890238	0.026370279568548597	-0.0119	6.450884260681549	0.9221122614617957	-0.0008	6.538626113234199	1.2295267823075322	0.0655	6.553148509414634	1.0018079360337435	0.1076	6.234915466477725	0.893002795121757	-0.01275	6.122969461672039	0.5310300532098058	0.0119	6.099374975502649	0.2025730697811735	0.0002	6.646782906506876	0.9407067761313026	0.01275	6.945142752022745	0.7872295394162478	-0.0119	7.271117887519483	0.695368383346619	-0.0002
569	9.483333333333333	6.360566413719534	0.5688053560968815	0.0301	6.241111782325032	0.5425235444815166	0.0301	6.390736884203058	0.36386598727410846	0.0179	6.485794750109005	0.023959408470302174	0.023	6.567352747407287	-0.10731022037152355	0.2179	6.477928461124116	-0.11072197775201682	0.1804	6.491606380616521	-0.01612998763954848	-0.0119	6.480892735773761	0.5871197778511924	-0.0301	6.821932955838783	0.279218773472144	-0.0179	6.9460977746931	0.06745588062876837	0.023	7.097806009354477	-0.04721269312499503	0.2179	7.112360639340197	-0.0025788937575689105	0.1804	6.933996129422761	0.028577238465815853	-0.0119	6.459086787827323	0.9252747009879663	-0.0008	6.546165823286059	1.23162828831567	0.0655	6.552057908717356	1.0032577510291951	0.1076	6.247141603889278	0.8993378274536451	-0.01275	6.118425854935997	0.5457172415859074	0.0119	6.0586010341179914	0.22408448653292246	0.0002	6.655430543353989	0.9432300521768914	0.01275	6.937863507040317	0.7686327542739341	-0.0119	7.243489348410012	0.655981875884944	-0.0002
570	9.5	6.36154900645216	0.5723402911072295	0.0301	6.24139828581221	0.5452892622385355	0.0301	6.40065378774953	0.3639038785643385	0.0179	6.488638899743336	0.02393965415898344	0.023	6.572887318184427	-0.1053880894756582	0.2179	6.486176833320827	-0.10996013434523966	0.1804	6.493040996299377	-0.019936704945314673	-0.0119	6.4860536758687966	0.5907516246091752	-0.0301	6.821352047776807	0.2862448568132144	-0.0179	6.960652798897281	0.07196434678760032	0.023	7.105284197608558	-0.04352020728327129	0.2179	7.124255675718735	-0.0010474690203243428	0.1804	6.949396612963897	0.03190958252774774	-0.0119	6.462643032370361	0.9292655057512781	-0.0008	6.548506514870696	1.2349645259065711	0.0655	6.545808672745016	1.0066655651559242	0.1076	6.254733412588867	0.9061601923839339	-0.01275	6.106514532442851	0.5654661489664913	0.0119	6.008668716870077	0.25499843579826176	0.0002	6.659666173907649	0.9463665421622309	0.01275	6.91845667265642	0.7543987886002795	-0.0119	7.194793660046031	0.6230736925379806	-0.0002
571	9.516666666666666	6.361046252612444	0.5774496743596759	0.0301	6.2400828827037875	0.5508744106491421	0.0301	6.403629665926744	0.36279409128368817	0.0179	6.490152520672896	0.025058417969585012	0.023	6.5763533670711904	-0.10287051154014548	0.2179	6.493525574064371	-0.10855359923562405	0.1804	6.495138784942306	-0.022044669435133873	-0.0119	6.489951985964308	0.5956257865864877	-0.0301	6.81737669698203	0.29488531567266624	-0.0179	6.975718536872826	0.07794738345273411	0.023	7.112161207127686	-0.03986885029599207	0.2179	7.135926091392046	0.0010076970179668078	0.1804	6.965983631183135	0.036878590434007735	-0.0119	6.4622663485833485	0.9340743884827883	-0.0008	6.544827645009758	1.2404306984402418	0.0655	6.533724691530161	1.0126676367519625	0.1076	6.256847806444669	0.9140289775459807	-0.01275	6.087552879600427	0.5910281905244327	0.0119	5.952623319799279	0.2946695743570743	0.0002	6.660099248046228	0.9496480036383893	0.01275	6.890501612135662	0.7442896750621008	-0.0119	7.129348531827622	0.5975477863353116	-0.0002
572	9.533333333333333	6.360755033478538	0.5838392315539325	0.0301	6.238778414065673	0.5589609104062051	0.0301	6.398568602397602	0.3591872630485837	0.0179	6.493172370676303	0.027740828213648233	0.023	6.579122916504065	-0.09976341219710881	0.2179	6.500590045431495	-0.10648562511809383	0.1804	6.5014086827638975	-0.02097881123813794	-0.0119	6.493353174387845	0.6017750493628486	-0.0301	6.810579012713664	0.3038843064322787	-0.0179	6.990605021832986	0.08496080702597712	0.023	7.118245742717178	-0.03673238253984795	0.2179	7.146879239514281	0.003100856994677794	0.1804	6.983326470080908	0.04322164911774152	-0.0119	6.457881317276665	0.9399586637518738	-0.0008	6.533954417327198	1.2488632021969057	0.0655	6.514956033447476	1.0218541446785558	0.1076	6.252539958639731	0.9233374057373961	-0.01275	6.0619720507471095	0.6224481102632102	0.0119	5.893498051679875	0.342160042817852	0.0002	6.656589989947403	0.9531223115534002	0.01275	6.857680047536117	0.7373583076837178	-0.0119	7.052840067937313	0.5787174920268492	-0.0002
573	9.55	6.361308845993241	0.5909138225107262	0.0301	6.238238479283047	0.5686868593522241	0.0301	6.385651730957419	0.3518036951623039	0.0179	6.499681296602772	0.031721685199268705	0.023	6.582004962577486	-0.09631312167294911	0.2179	6.507693230614432	-0.10396917359734714	0.1804	6.51354253499262	-0.016175861355707526	-0.0119	6.496045264173707	0.6094485882230773	-0.0301	6.801743957258158	0.3125505603997758	-0.0179	7.004437571163903	0.0921066784119156	0.023	7.12319913698077	-0.034394779734637046	0.2179	7.1565558555591	0.004761186102096062	0.1804	7.001049020396791	0.050152236638549924	-0.0119	6.44863694983378	0.947263016911824	-0.0008	6.514661012261165	1.2607315642799581	0.0655	6.489057092480805	1.0347051000838652	0.1076	6.241129742322872	0.9343766686631392	-0.01275	6.030603077910469	0.6590099046381866	0.0119	5.83398265104528	0.39632025332245346	0.0002	6.648363819736355	0.9574101118336514	0.01275	6.823106765844188	0.7323805054388265	-0.0119	6.971884593185282	0.5640564542469862	-0.0002
574	9.566666666666666	6.362017610834102	0.5977620402491405	0.0301	6.2382083835640625	0.5787536252237812	0.0301	6.366517661278968	0.3396510275197991	0.0179	6.510280380808068	0.03611328063376975	0.023	6.584986448618621	-0.09339696875024743	0.2179	6.514866290244108	-0.10159826165933768	0.1804	6.531224303231787	-0.008261177256925014	-0.0119	6.497124727559052	0.6184229340864007	-0.0301	6.791460320665067	0.32153626740575114	-0.0179	7.016551647795994	0.09853401322108672	0.023	7.126666134075574	-0.03324437487087348	0.2179	7.164489426337669	0.005673902105637205	0.1804	7.018865278385502	0.05674364070577579	-0.0119	6.433512607211255	0.9561278968172755	-0.0008	6.486180333110978	1.2758409430657889	0.0655	6.455922089079985	1.0512356134045808	0.1076	6.22255182131446	0.947301533042554	-0.01275	5.994992199905214	0.6993910429816592	0.0119	5.776236960596287	0.45583352137213984	0.0002	6.6344231010964245	0.9634742193819965	0.01275	6.78862292053608	0.7283446343643954	-0.0119	6.892359568711179	0.5499168198993771	-0.0002
575	9.583333333333334	6.361444852715256	0.603622854672697	0.0301	6.237763939837713	0.5878179205832813	0.0301	6.343952913265855	0.32257146133440473	0.0179	6.524171692229685	0.03974303326066266	0.023	6.587364333760228	-0.09204820835270897	0.2179	6.521634042756181	-0.10009878935721425	0.1804	6.552590917934116	0.0009100789573759105	-0.0119	6.495591216495982	0.6278870551994342	-0.0301	6.780568327011745	0.33172497832719267	-0.0179	7.026575863443539	0.10357550766864393	0.023	7.128355085143834	-0.03373839955498329	0.2179	7.170340063631843	0.005588492711748617	0.1804	7.0361735871893645	0.06202731013482271	-0.0119	6.412050410291662	0.9664778476349535	-0.0008	6.448284994201357	1.2931685002326099	0.0655	6.41541418385274	1.0705874258437074	0.1076	6.197481750891521	0.9619726360643999	-0.01275	5.957241508742681	0.7417172475451336	0.0119	5.7217058295759635	0.5191246373093672	0.0002	6.614072133836439	0.9720448824461494	0.01275	6.754620744679379	0.7246182697283082	-0.0119	6.817960193968205	0.5326189067161351	-0.0002
576	9.6	6.358296088730878	0.608431486269848	0.0301	6.235736088195745	0.5950484975409895	0.0301	6.321113848484333	0.30171369855735825	0.0179	6.539399572166944	0.04167503357745484	0.023	6.588458305712298	-0.09268503526672638	0.2179	6.527203301818009	-0.09992603687486672	0.1804	6.574936409423806	0.008922747494872972	-0.0119	6.490854975614764	0.6369760519134313	-0.0301	6.7705128912567005	0.3427570166656738	-0.0179	7.034287729159864	0.10697248070962971	0.023	7.128072680440858	-0.035957097304730234	0.2179	7.173989258576032	0.004456457353357125	0.1804	7.051775746493171	0.06551812972073578	-0.0119	6.3846237522074585	0.9781520290740497	-0.0008	6.401354030396075	1.3111169075268239	0.0655	6.367552903857763	1.0911476182177657	0.1076	6.167034562590788	0.9777745988665538	-0.01275	5.919115517845115	0.7835497976195656	0.0119	5.6710067515404115	0.5843139268286559	0.0002	6.587320627481999	0.9830420620231393	0.01275	6.7207862973985755	0.720904787168038	-0.0119	6.7502918904049585	0.5095790310284509	-0.0002
577	9.616666666666667	6.352097267385926	0.6126965763654239	0.0301	6.2312833927885745	0.6004712896490518	0.0301	6.300501540402485	0.2793407245289274	0.0179	6.553327905080742	0.04174134427308835	0.023	6.588242873096426	-0.09500251949224624	0.2179	6.531111410604504	-0.10107209764375165	0.1804	6.595421114947406	0.014204644073589595	-0.0119	6.483099248595538	0.6453270690792341	-0.0301	6.762575011692255	0.35300744742927903	-0.0179	7.039380242296244	0.10930457796562082	0.023	7.125706506153798	-0.0392032323690566	0.2179	7.17533316971141	0.0029413652649474256	0.1804	7.064101507738897	0.06804923744821097	-0.0119	6.352050784485082	0.9909064837396164	-0.0008	6.346575940363162	1.3282080418323647	0.0655	6.3130211318512774	1.1111387603336735	0.1076	6.132193747415762	0.9935940015756506	-0.01275	5.881087886565382	0.821939129769016	0.0119	5.624118947958533	0.6491857578981962	0.0002	6.554945802959745	0.9955869224723642	0.01275	6.687080623867718	0.717167328654511	-0.0119	6.689793284026526	0.48091097939092625	-0.0002
578	9.633333333333333	6.343255900186562	0.6169936370010602	0.0301	6.224251035582145	0.6047343372764343	0.0301	6.283090080742417	0.25817469853585134	0.0179	6.56357684851999	0.040582271920885205	0.023	6.587390518438887	-0.09829017358363631	0.2179	6.533602804911773	-0.10308360046916645	0.1804	6.611679660260264	0.016821665209798976	-0.0119	6.473202682823611	0.6532253591761866	-0.0301	6.756635081344074	0.36037352416898155	-0.0179	7.0411000668844475	0.11210839969987609	0.023	7.121004684757013	-0.042083712983758	0.2179	7.173860711724361	0.002596168219734923	0.1804	7.071370569975185	0.07204885998823629	-0.0119	6.315028138938379	1.0044201378675512	-0.0008	6.285803182911951	1.3435118613910175	0.0655	6.253339381335856	1.1291479938168199	0.1076	6.093526338462184	1.008085685905624	-0.01275	5.842311678495228	0.8537963948892523	0.0119	5.581163269325671	0.7113904478062579	0.0002	6.518129791862967	1.0085673735243166	0.01275	6.6539096522414205	0.7138181323601105	-0.0119	6.636386336015045	0.45017731876489325	-0.0002
579	9.65	6.332451549068836	0.6219253747718394	0.0301	6.21487255082787	0.6087333729527049	0.0301	6.268207368349478	0.24072972071662027	0.0179	6.568954904428701	0.03919950477941124	0.023	6.587005269045906	-0.10164560422311862	0.2179	6.535286746609766	-0.10536224679305316	0.1804	6.622178458470846	0.01794053321991017	-0.0119	6.462011936397565	0.6614562231289839	-0.0301	6.750776066356062	0.36276299487746294	-0.0179	7.037827757865143	0.11759649342377361	0.023	7.113090741276752	-0.042842725010569446	0.2179	7.1684075733031305	0.005275939691474303	0.1804	7.071268487357267	0.08100774066540073	-0.0119	6.273896742546009	1.0184526280336805	-0.0008	6.2210780051381125	1.3563540775950698	0.0655	6.19066664968557	1.1443438557294026	0.1076	6.051344433232758	1.0201406599009633	-0.01275	5.801662556444646	0.8766169555506836	0.0119	5.543336258050891	0.7689985838087221	0.0002	6.477885188254229	1.021138937866501	0.01275	6.621499203199161	0.7120838838160113	-0.0119	6.589785951640221	0.4226362802546731	-0.0002
580	9.666666666666666	6.320077865933578	0.6282351756429045	0.0301	6.203382067184703	0.6134370745784096	0.0301	6.2543513798754855	0.2284956746493108	0.0179	6.569823589893459	0.038545088015786745	0.023	6.588226438527324	-0.10417552206420087	0.2179	6.536697119224067	-0.10745454140304	0.1804	6.626587852949623	0.018912721058612945	-0.0119	6.449655940695145	0.6709627513370191	-0.0301	6.7420364950188345	0.3582556067595939	-0.0179	7.027147631214414	0.1280683359814921	0.023	7.100386818764755	-0.03956676256552122	0.2179	7.157255984951512	0.012502663036265845	0.1804	7.060952905515132	0.09828260167370045	-0.0119	6.228945128431562	1.0328243484773663	-0.0008	6.154144677795841	1.366075914576311	0.0655	6.127274981707078	1.1563501202700694	0.1076	6.0060535876973375	1.0292268913853129	-0.01275	5.758934108698938	0.8890829645268973	0.0119	5.512789481518222	0.8208126674486177	0.0002	6.434829003988362	1.0329360944158723	0.01275	6.589533261650483	0.7137271890356132	-0.0119	6.549929174853414	0.4026563259284374	-0.0002
581	9.683333333333334	6.306326133953101	0.6364335080757937	0.0301	6.190118803002248	0.6194907333278799	0.0301	6.240409669440388	0.2210859499329198	0.0179	6.567867395670429	0.03933192840790668	0.023	6.591467516207229	-0.10545225161131257	0.2179	6.538259561278819	-0.10895247696083467	0.1804	6.626350799228783	0.020906372227288646	-0.0119	6.435596881424034	0.682240266728493	-0.0301	6.727614230260525	0.3454898476935891	-0.0179	7.0071895284801435	0.14473715514488733	0.023	7.081682042632208	-0.030686203293409535	0.2179	7.138984378756476	0.025265505154072006	0.1804	7.038600958946236	0.12534633134697035	-0.0119	6.180959295208793	1.0470179384182265	-0.0008	6.086162734225058	1.3724375880943664	0.0655	6.0648360638036225	1.1650012441103215	0.1076	5.958560988284234	1.0352901867324984	-0.01275	5.715118877620717	0.8912369074288506	0.0119	5.491298063921077	0.8661215968236828	0.0002	6.389413434763255	1.0441530384768243	0.01275	6.557471956031004	0.7203618327109406	-0.0119	6.517363933955758	0.3927966621509454	-0.0002
582	9.7	6.291414129657456	0.6463532031950204	0.0301	6.175684075689557	0.6267625744875306	0.0301	6.226388325841485	0.21641366766146686	0.0179	6.565500130070198	0.04185791454057954	0.023	6.595917051639634	-0.10569123415800646	0.2179	6.5402877635337475	-0.10932108387262715	0.1804	6.624576591488065	0.024737122184827022	-0.0119	6.419134982361037	0.6949598177456809	-0.0301	6.705420030890556	0.3245934243792173	-0.0179	6.978443937345124	0.16631146777155775	0.023	7.057511623415157	-0.0161535341374097	0.2179	7.113872728910199	0.04331101875614039	0.1804	7.005485195371996	0.1600369330917984	-0.0119	6.131360248960085	1.060043148136003	-0.0008	6.01781538219512	1.3760481298671507	0.0655	6.004040456151525	1.170468218649384	0.1076	5.910453825675309	1.038495063650962	-0.01275	5.671703690931844	0.8843565090024229	0.0119	5.479032644618915	0.9042965675111045	0.0002	6.3422177704687455	1.0553291924269457	0.01275	6.525104681087764	0.7330865111626441	-0.0119	6.4930256009796565	0.3943624225439002	-0.0002
583	9.716666666666667	6.275526430311193	0.6570649233369734	0.0301	6.160806879298818	0.6343919411244858	0.0301	6.213159605206215	0.21231923251838516	0.0179	6.565240117477229	0.04570816967790221	0.023	6.600258232379335	-0.10520034925692467	0.2179	6.542899475188365	-0.10816242935695333	0.1804	6.624856787874204	0.03015899715127442	-0.0119	6.3999458756964085	0.7081366805086723	-0.0301	6.673676589865162	0.2978705359705997	-0.0179	6.943847115654687	0.18879495272477984	0.023	7.030054089776289	0.001562775123891312	0.2179	7.084201524851704	0.06375551484382024	0.1804	6.965975302367665	0.19646020309382262	-0.0119	6.081656804107028	1.071021820754323	-0.0008	5.949791393307975	1.3781460230391716	0.0655	5.944863351872785	1.1736352031535457	0.1076	5.863559991277398	1.0392218129105468	-0.01275	5.629643832301612	0.8707692048406426	0.0119	5.47411975646924	0.9345216114651849	0.0002	6.294001127309617	1.066834647273607	0.01275	6.4928971469931325	0.7523173064492898	-0.0119	6.4775424803161	0.4079598812803216	-0.0002
584	9.733333333333333	6.258881743171359	0.6671094705787805	0.0301	6.146260012134646	0.6412052920903409	0.0301	6.20181987103441	0.208089472078079	0.0179	6.569124889004475	0.0497667494381291	0.023	6.603817554408494	-0.10416794725897555	0.2179	6.546337963176271	-0.10576370073567712	0.1804	6.630049063361193	0.03543090148866912	-0.0119	6.3785023448942395	0.7203722812973514	-0.0301	6.630257730465891	0.26936850784773947	-0.0179	6.90674220299512	0.20725551481509386	0.023	7.0013276773556345	0.018005110629325884	0.2179	7.052404471486414	0.08118321404669368	0.1804	6.925308557845055	0.22747342557880995	-0.0119	6.032772886329806	1.079803915707099	-0.0008	5.883293029004246	1.3798840555746912	0.0655	5.8872536914473415	1.1760732944549752	0.1076	5.819302124135067	1.0380875397682967	-0.01275	5.588880804017341	0.853778905428394	0.0119	5.472927139736613	0.95576900789056	0.0002	6.2455433843102375	1.0784835141780371	0.01275	6.461907744739374	0.7777935033450195	-0.0119	6.47078661211059	0.4336467106951802	-0.0002
585	9.75	6.24188203364351	0.6751314453399124	0.0301	6.132867101352792	0.6462836181416142	0.0301	6.193395776894883	0.20439947507408454	0.0179	6.578143492176299	0.05285191470482354	0.023	6.606779326507177	-0.10350543085562004	0.2179	6.5515800406886635	-0.10336251972931326	0.1804	6.641679067405774	0.038464240843496235	-0.0119	6.355794263589561	0.7301628863350004	-0.0301	6.572519742298855	0.24368365621211172	-0.0179	6.868718181810279	0.21799473973832245	0.023	6.9712578806041785	0.02842339940801574	0.2179	7.0185987981818965	0.08999015710447408	0.1804	6.887275352513092	0.24763908131146944	-0.0119	5.985039268649155	1.0868789030792554	-0.0008	5.819932792134397	1.3818414091651532	0.0655	5.831533527334187	1.1793592540129763	0.1076	5.77842885558613	1.0357454088389395	-0.01275	5.548889987053327	0.8373485568218536	0.0119	5.471286807665515	0.9672077296504128	0.0002	6.197580449223856	1.0894740384895023	0.01275	6.433363478456443	0.808725945894735	-0.0119	6.472131285244218	0.4708368636612227	-0.0002
586	9.766666666666666	6.224807230438591	0.680698039903029	0.0301	6.12122076341754	0.6495770621166481	0.0301	6.188814196430913	0.20243180772581745	0.0179	6.592018610362881	0.05429356955397748	0.023	6.609831984866971	-0.10513521533426698	0.2179	6.560384661315075	-0.10263962871499939	0.1804	6.659816794328326	0.03836564828952926	-0.0119	6.332212747046006	0.7366258916222991	-0.0301	6.498635837404737	0.22471252964022784	-0.0179	6.8288796761649015	0.21921723664748352	0.023	6.9368368478301115	0.029185111108574486	0.2179	6.979681418161682	0.08665666340835565	0.1804	6.852782749716129	0.25422648567224193	-0.0119	5.938605764064867	1.0928849300559929	-0.0008	5.761128643872165	1.3843080154150136	0.0655	5.778197175027709	1.1842736829939027	0.1076	5.7408897858349315	1.032823734799243	-0.01275	5.509334447062307	0.8251351830157136	0.0119	5.465697420456205	0.9687172997432286	0.0002	6.150688634650901	1.0987251542046357	0.01275	6.408060229874904	0.8439286115893422	-0.0119	6.4809792915513365	0.5178931312062681	-0.0002
587	9.783333333333333	6.207374056938571	0.6845660430192152	0.0301	6.111215291213076	0.6522103771705631	0.0301	6.188833993970309	0.20332660318172102	0.0179	6.609586978399329	0.053870063835027106	0.023	6.613885202693768	-0.11066506218785911	0.2179	6.574394307172964	-0.10455286412192279	0.1804	6.6834875664555895	0.03543634614698759	-0.0119	6.306868569429417	0.7401504160822936	-0.0301	6.409946084697476	0.21493620163183857	-0.0179	6.7843432320486725	0.21054428188766258	0.023	6.892592193195903	0.01866170425400602	0.2179	6.930389432160373	0.07041021129818076	0.1804	6.819227624156793	0.2467055811039394	-0.0119	5.893579550935961	1.0983825613546316	-0.0008	5.707805179908987	1.3877769869797305	0.0655	5.727660599106984	1.1907525691773555	0.1076	5.705856936400302	1.0302763378264024	-0.01275	5.469937619254454	0.8196330248531937	0.0119	5.4533025711264855	0.9609111613422662	0.0002	6.104789854589646	1.1056844259895442	0.01275	6.385810908857077	0.8819303554262798	-0.0119	6.496493346996893	0.571820454035787	-0.0002
588	9.8	6.18871286637797	0.6879348725557161	0.0301	6.101788785652419	0.6559519778981103	0.0301	6.193834740390068	0.20762116983859555	0.0179	6.6293755355252255	0.051617915903074345	0.023	6.619441919186962	-0.12026386447783878	0.2179	6.5937904210462746	-0.10877621959937529	0.1804	6.71102707371526	0.03042092798443417	-0.0119	6.278228773221623	0.7420662856312187	-0.0301	6.311416880356414	0.21544993835008228	-0.0179	6.731423223124507	0.19254810969163733	0.023	6.83241496245087	-0.002376386647414062	0.2179	6.8655322436330275	0.0427727404708815	0.1804	6.781244650091442	0.2260647133350922	-0.0119	5.850040322607005	1.1038402194998156	-0.0008	5.660251995812749	1.3927588886326452	0.0655	5.680084645053227	1.1984465755374587	0.1076	5.6722000788734555	1.0295683476317163	-0.01275	5.430469855958081	0.8221453470082652	0.0119	5.431574831549017	0.944696704666197	0.0002	6.059077616921138	1.1108963094318889	0.01275	6.365357544583931	0.9207630734458803	-0.0119	6.516470521123294	0.6285086663389129	-0.0002
589	9.816666666666666	6.167386690710559	0.6913148806400995	0.0301	6.0907307039204746	0.6617907580178101	0.0301	6.203400191441178	0.214560267994085	0.0179	6.649498249483371	0.04820415164217059	0.023	6.626152808716524	-0.1326711456242295	0.2179	6.616489311049831	-0.11429577882043632	0.1804	6.739318224878116	0.024839002739695366	-0.0119	6.2451754745944	0.7435128268802554	-0.0301	6.209260841565265	0.2260590814961413	-0.0179	6.667195919996261	0.16648050648935128	0.023	6.752355970384362	-0.03122381484781737	0.2179	6.782485259149599	0.006771197378475498	0.1804	6.732733497266157	0.1942695376142462	-0.0119	5.80804616849211	1.109550426727166	-0.0008	5.617994706364401	1.3994634774105001	0.0655	5.635133105099819	1.2070492467149188	0.1076	5.638816012328786	1.0320849932972231	-0.01275	5.391384868688195	0.8328779350679258	0.0119	5.398595260244276	0.9207328725705366	0.0002	6.013007655751796	1.1155159831472212	0.01275	6.344674385720043	0.9575557222697927	-0.0119	6.536444497725839	0.6833371959999296	-0.0002
590	9.833333333333334	6.141303045558494	0.6941648882197544	0.0301	6.074643241674027	0.6688731937898439	0.0301	6.21578704153441	0.22237953098845326	0.0179	6.667026593557382	0.04548037112343137	0.023	6.63358430441219	-0.145164852927151	0.2179	6.638892882404262	-0.11977632430887696	0.1804	6.763130896578897	0.02174606356638471	-0.0119	6.2073680821781405	0.74470188777942	-0.0301	6.108677222616544	0.24512983017044587	-0.0179	6.59067559605683	0.13400866562124397	0.023	6.652726217447569	-0.06430127094631051	0.2179	6.682623910454667	-0.033872366966506404	0.1804	6.6690906341929095	0.15370681244565418	-0.0119	5.7675407876352205	1.1157204276379045	-0.0008	5.5800859829169	1.4080239129933276	0.0655	5.592092813621351	1.2164146956013877	0.1076	5.604554424133592	1.038315532588342	-0.01275	5.353864634442111	0.8505270421931781	0.0119	5.353446345645261	0.8891986143592412	0.0002	5.967182044320497	1.1204869512177025	0.01275	6.321283928080865	0.9887733746750782	-0.0119	6.549750902947713	0.731602564401014	-0.0002
591	9.85	6.108329090762917	0.6955649977044209	0.0301	6.0499317236163686	0.6751511239261935	0.0301	6.227533072759679	0.22972287134272476	0.0179	6.678350981868747	0.04610011368058195	0.023	6.642337976297544	-0.15391412511071714	0.2179	6.6581201822808325	-0.12338296942342009	0.1804	6.776774503537633	0.02489411078876638	-0.0119	6.165076345200432	0.7451802076753473	-0.0301	6.0139250480583435	0.26960098843597974	-0.0179	6.50342233925198	0.09677354441816441	0.023	6.537765511224315	-0.0986504712516238	0.2179	6.5707123034976735	-0.07585576092368843	0.1804	6.589350810817919	0.1064963917008485	-0.0119	5.728393535778477	1.1227632117271633	-0.0008	5.545417091009931	1.4185629561484803	0.0655	5.55037247427928	1.2266902009978198	0.1076	5.568436627203999	1.0477838121142993	-0.01275	5.318650129712434	0.8717379523296508	0.0119	5.296671837313302	0.8503285578356307	0.0002	5.922973602836173	1.1263610026254463	0.01275	6.292792293205225	1.0110407539278734	-0.0119	6.548642105289593	0.7683922381967678	-0.0002
592	9.866666666666667	6.067561931619912	0.6950658612824092	0.0301	6.014632983570203	0.6789944451640173	0.0301	6.2337205499622685	0.23643119200732066	0.0179	6.680524911634625	0.052199444149109445	0.023	6.6542698312126305	-0.15549513707707552	0.2179	6.673877814334113	-0.1231018676724907	0.1804	6.776803893723183	0.03685664250877135	-0.0119	6.119038337613725	0.7445985104815884	-0.0301	5.929072364617288	0.29522848998512846	-0.0179	6.410096600298831	0.056099945696237954	0.023	6.414351502987213	-0.13329526453032298	0.2179	6.453607918877375	-0.11739252481654847	0.1804	6.497891547528347	0.05443335250265688	-0.0119	5.6904112437273255	1.1312259304265329	-0.0008	5.512664564521645	1.4308365329553288	0.0655	5.509789602617176	1.2381355135624508	0.1076	5.530036149938236	1.0595209176577935	-0.01275	5.2852670911769986	0.891391966506568	0.0119	5.231081708093819	0.8057171024465757	0.0002	5.88150999191627	1.1333520063621898	0.01275	6.257574113534492	1.0216332162185273	-0.0119	6.525932551214072	0.7885415246994227	-0.0002
593	9.883333333333333	6.019983927198142	0.692835139571186	0.0301	5.969400303205735	0.6798725623808732	0.0301	6.229213848506147	0.2424487624992919	0.0179	6.6717383726636195	0.06468964227153609	0.023	6.671176072991278	-0.14789442995042146	0.2179	6.687620431358915	-0.11695509451361331	0.1804	6.7626016576352335	0.05846978566007779	-0.0119	6.070372548505123	0.7431598210393943	-0.0301	5.8575907866414765	0.31712137977322846	-0.0179	6.318148843083167	0.013464420133462935	0.023	6.292175734733861	-0.16886924521767155	0.2179	6.340090637594269	-0.15806523412959128	0.1804	6.403944986861418	-2.3008308128930822e-05	-0.0119	5.653124716660219	1.1412136159240862	-0.0008	5.480189494454966	1.4442147630727142	0.0655	5.470337186449016	1.2506641947754924	0.1076	5.4895130818785365	1.0722368674292164	-0.01275	5.253061788219041	0.9046527653888243	0.0119	5.1622833579456415	0.7593402534415095	0.0002	5.8431802964224655	1.1411061880146935	0.01275	6.21470548842392	1.0185894978230043	-0.0119	6.476135578465685	0.7877390617784304	-0.0002
594	9.9	5.9679435062776065	0.689372312870126	0.0301	5.916807873170628	0.6779200550713053	0.0301	6.210024942592111	0.2462467697432467	0.0179	6.6506623100688405	0.0837409978967774	0.023	6.691376816111114	-0.1300752898434633	0.2179	6.698894600166773	-0.1026729577268514	0.1804	6.734647302468033	0.08943135050501011	-0.0119	6.020428909980088	0.7415020040704966	-0.0301	5.801575428123239	0.3306877032786935	-0.0179	6.235908238739452	-0.029108456617313393	0.023	6.183348118824082	-0.20575748331253263	0.2179	6.240402226282171	-0.1976243904229102	0.1804	6.318348530393475	-0.053430787935882434	-0.0119	5.615742474591058	1.1520409593467065	-0.0008	5.446273541379694	1.4579155551043133	0.0655	5.431720074257006	1.2635015066422273	0.1076	5.44748958234452	1.0843924774373634	-0.01275	5.222574743316538	0.9095044410798098	0.0119	5.09806600233052	0.7167385386209301	0.0002	5.807560218762917	1.1486283833060953	0.01275	6.162943940056337	1.001213308083837	-0.0119	6.395588649867245	0.7646293914797432	-0.0002
595	9.916666666666666	5.91397851164853	0.6853999273690313	0.0301	5.859695025997109	0.6734241848539354	0.0301	6.173847996908152	0.24495377273263402	0.0179	6.615916724682606	0.10911205358301697	0.023	6.706743554196689	-0.10184996567559984	0.2179	6.702347960150089	-0.07836620376825675	0.1804	6.6928329552371215	0.12842899546826575	-0.0119	5.970422498235839	0.7402511026676979	-0.0301	5.7615925686689655	0.3326819299589843	-0.0179	6.170414202197838	-0.06951747325212336	0.023	6.09879979666883	-0.24282372103854288	0.2179	6.163547619555489	-0.23510524975858715	0.1804	6.250022199406707	-0.10258682082093991	-0.0119	5.577423881655503	1.162572225214501	-0.0008	5.409776675844572	1.4708760798673024	0.0655	5.3932050376348455	1.2752127939368696	0.1076	5.404811779891254	1.0946678352550607	-0.01275	5.195369036126136	0.907072957476922	0.0119	5.046494406359227	0.6825413176539256	0.0002	5.77309748565853	1.1548077955303633	0.01275	6.0998420591933105	0.9710233320338789	-0.0119	6.282298175897909	0.7225244507359988	-0.0002
596	9.933333333333334	5.859682314954683	0.6816260328843429	0.0301	5.799919486619185	0.6666018573508287	0.0301	6.119954316992738	0.23614125926016175	0.0179	6.565998916585252	0.13961322724822212	0.023	6.704663290597187	-0.06484815719410013	0.2179	6.688868244627782	-0.04442727365633339	0.1804	6.636074709328548	0.17286042339162072	-0.0119	5.920877633470909	0.7394538045205491	-0.0301	5.736891742953238	0.3220617763874125	-0.0179	6.12604775750062	-0.10603616534919597	0.023	6.043740123517556	-0.27743341071854993	0.2179	6.11392290405352	-0.26868008385687775	0.1804	6.204180776663609	-0.14558732867117538	-0.0119	5.5374454630919185	1.1717219137762285	-0.0008	5.370607270310017	1.481737962004399	0.0655	5.3538340873555805	1.2842913392205384	0.1076	5.362094151489046	1.102345376407588	-0.01275	5.173102237527941	0.8997865138637304	0.0119	5.013541354086697	0.6585329889819683	0.0002	5.73710305951418	1.1589142241220294	0.01275	6.022203841508	0.9320270902682697	-0.0119	6.136617138725615	0.669615361304088	-0.0002
597	9.95	5.805454978413671	0.6781308143464925	0.0301	5.738624108711295	0.6578024497140855	0.0301	6.048660949664817	0.21953904509470948	0.0179	6.499407098867509	0.17258012144139964	0.023	6.6739571121270425	-0.02323471584419066	0.2179	6.649917910305299	-0.004705498296070415	0.1804	6.562882659756973	0.21875883081546482	-0.0119	5.87155585748013	0.7383130247641776	-0.0301	5.7254161772375065	0.30047155402169295	-0.0179	6.103700894301869	-0.1372895229854425	0.023	6.016087030292835	-0.3064893485586764	0.2179	6.09011234570333	-0.29620669893507384	0.1804	6.181823700304978	-0.18159263417614321	-0.0119	5.495103430238471	1.178559785356989	-0.0008	5.329239796571718	1.4895737791106043	0.0655	5.312583656136969	1.2899767965080868	0.1076	5.319371301288205	1.1071888652851765	-0.01275	5.157370664844812	0.8896849450437623	0.0119	5.001959867274417	0.6437363429813019	0.0002	5.696641049680874	1.1603004175697251	0.01275	5.927793774230067	0.8895905878622521	-0.0119	5.962473435079104	0.6174104708840498	-0.0002
598	9.966666666666667	5.751386976847504	0.6740061246494068	0.0301	5.677204015420902	0.6477594405617713	0.0301	5.960451032445691	0.19761293582217046	0.0179	6.414964726783875	0.20400284724288453	0.023	6.608723238661054	0.01670949248270509	0.2179	6.580674605326721	0.03427250337432038	0.1804	6.472306029231139	0.26099552207230986	-0.0119	5.82226805554819	0.7354181804915343	-0.0301	5.723733406498342	0.2719929506302443	-0.0179	6.10048708601695	-0.16230632318145974	0.023	6.008662850547929	-0.32811567211942655	0.2179	6.08620793746451	-0.31641270070900546	0.1804	6.179857799321273	-0.21009224378301633	-0.0119	5.4496898405754255	1.1822796631896393	-0.0008	5.2856991219038445	1.494585034099301	0.0655	5.268336941551602	1.2925868206411495	0.1076	5.276268997760325	1.1092255366276131	-0.01275	5.150187919271065	0.8779063228532074	0.0119	5.01191427414433	0.636061230344877	0.0002	5.649456926517103	1.1580580146312536	0.01275	5.816638480201465	0.8489329859118497	-0.0119	5.767420344255549	0.577449459923264	-0.0002
599	9.983333333333333	5.698003444501712	0.6681162596181444	0.0301	5.617189002503553	0.6374555392354493	0.0301	5.855806673196947	0.17534984038975057	0.0179	6.312471072682715	0.22906047198288954	0.023	6.507823215186639	0.04798788083807632	0.2179	6.479691900094623	0.06552148098059872	0.1804	6.364891662952948	0.2937176294895312	-0.0119	5.77352958242555	0.7295445749035319	-0.0301	5.727584144454039	0.24203979647289184	-0.0179	6.110416196375272	-0.18071360048713384	0.023	6.013009112629323	-0.342693916676071	0.2179	6.0943876459308175	-0.32972978722910445	0.1804	6.19198340238297	-0.23066762153116765	-0.0119	5.400646020354311	1.1825802762538946	-0.0008	5.239111085899715	1.4976539556712267	0.0655	5.219952885602564	1.2931502085699635	0.1076	5.232715762115097	1.1088825084192506	-0.01275	5.153740686686902	0.8652375397457015	0.0119	5.041795369885292	0.634178950378916	0.0002	5.594138940226277	1.1516470420802416	0.01275	5.691014922538545	0.8143876478471608	-0.0119	5.561076328995512	0.557630236513466	-0.0002
600	10.0	5.645882546212884	0.660709110115057	0.0301	5.559334036603858	0.6283265139077824	0.0301	5.736286495157065	0.15966927143358903	0.0179	6.193344324823031	0.24300953859544988	0.023	6.373500058302674	0.06470925193962325	0.2179	6.347692208553867	0.08371036442609382	0.1804	6.243184450540572	0.3110646466233666	-0.0119	5.725991413988332	0.7209606388932989	-0.0301	5.733153022756029	0.21576929256609093	-0.0179	6.12628606036534	-0.19272055152050518	0.023	6.02238356723386	-0.35225493631266713	0.2179	6.107608161548969	-0.33793510732351006	0.1804	6.21069857183657	-0.24324818247948937	-0.0119	5.347617804850656	1.1803035796167736	-0.0008	5.187837601975885	1.4992892124887698	0.0655	5.166511045037841	1.2927942184796228	0.1076	5.189719292196758	1.1073803140931529	-0.01275	5.168677226240314	0.8535719089300036	0.0119	5.08764652162585	0.6384478502052598	0.0002	5.529845768440969	1.1418890886869826	0.01275	5.554984397188085	0.7890413324168745	-0.0119	5.353454868479613	0.56053984555849	-0.0002
601	10.016666666666666	5.5948001993649275	0.653886014432189	0.0301	5.503209042270147	0.6223790627038017	0.0301	5.605230560066652	0.15746304409710069	0.0179	6.060365925685764	0.24262908027005942	0.023	6.211073446080016	0.06345337794565319	0.2179	6.187852367258636	0.08582496045502258	0.1804	6.111076646919345	0.30842723726073595	-0.0119	5.679342916223706	0.7117858878231689	-0.0301	5.738035254120199	0.1965879133201168	-0.0179	6.1420774192821375	-0.19893221644338585	0.023	6.032661971041794	-0.3591268359998675	0.2179	6.121049573917292	-0.34319188559046143	0.1804	6.229799155512814	-0.2485257441508179	-0.0119	5.290336868616345	1.1775013567768542	-0.0008	5.1297456062401325	1.499439109767498	0.0655	5.107384302970914	1.2923847499097272	0.1076	5.1493334864636795	1.1069150107652381	-0.01275	5.191998051864167	0.8470659111759626	0.0119	5.141013250485025	0.6502942309056757	0.0002	5.456180563989408	1.1310938943517679	0.01275	5.413863218770645	0.7742059282374967	-0.0119	5.153875181352436	0.5842708071666478	-0.0002
602	10.033333333333333	5.5433058062183145	0.6500324071964226	0.0301	5.447316680248577	0.6211143690735663	0.0301	5.46692096942619	0.17230901398707596	0.0179	5.916966155005944	0.22750728535953652	0.023	6.02794088501209	0.043764059244266185	0.2179	6.0061614958590415	0.07092054701694454	0.1804	5.972487104361118	0.28409497437518877	-0.0119	5.631845681748545	0.704602889126892	-0.0301	5.740938527737911	0.18555442072331024	-0.0179	6.154291351509933	-0.20016514563481227	0.023	6.04166597551284	-0.36501172892859357	0.2179	6.132041720425216	-0.34725566181131995	0.1804	6.245634682721977	-0.24806113998307142	-0.0119	5.228514376340974	1.176588462666104	-0.0008	5.062887564784724	1.4983147791635567	0.0655	5.042061698973389	1.2926090527823206	0.1076	5.1134315431943405	1.1101423770511643	-0.01275	5.216753018971573	0.8512366986967761	0.0119	5.188188257997925	0.6704030364985587	0.0002	5.373374787220665	1.1221361131217424	0.01275	5.2734789084286176	0.7692524604786372	-0.0119	4.970150537915652	0.6239614874034984	-0.0002
603	10.05	5.489089544155158	0.6503026989966832	0.0301	5.389529680319898	0.6245761801473549	0.0301	5.325575888637721	0.20265161749869498	0.0179	5.767309102703512	0.20017289874061037	0.023	5.832097655918016	0.008484443737102715	0.2179	5.81097784806636	0.040687930485954316	0.1804	5.83061826674659	0.24087056774910953	-0.0119	5.580757818252942	0.7010275632209912	-0.0301	5.740602862556529	0.18220868149230662	-0.0179	6.161389491060357	-0.1971281350818723	0.023	6.048546017366317	-0.37046820556841226	0.2179	6.139628549256692	-0.35085424534244186	0.1804	6.256279681189791	-0.24350920495679917	-0.0119	5.1618047771418185	1.179394990602369	-0.0008	4.986493268852257	1.49711860093104	0.0655	4.970144779580936	1.2944033550067537	0.1076	5.0821204142615475	1.1190105776846395	-0.01275	5.234777041478963	0.8701960477652048	0.0119	5.215446153391538	0.6976070198108102	0.0002	5.282621569252862	1.117378254960681	0.01275	5.139422365994517	0.7721446886257513	-0.0119	4.808092997969582	0.6726449453285851	-0.0002
604	10.066666666666666	5.43000529442028	0.6547211585363025	0.0301	5.327985400417936	0.6317727098773422	0.0301	5.185373638522254	0.24286149770147378	0.0179	5.616312931399532	0.16506578571698627	0.023	5.632285921232364	-0.03579402818866231	0.2179	5.612683612701024	0.0005993830101540652	0.1804	5.688000994561857	0.18613301663869686	-0.0119	5.523508980750948	0.7014636422374085	-0.0301	5.734941462753795	0.18593101944922585	-0.0179	6.161942939560085	-0.1900519589581644	0.023	6.0535487973740665	-0.37476584345065267	0.2179	6.143942485933944	-0.3533751836679625	0.1804	6.259607633460615	-0.23543647371419882	-0.0119	5.089924948169949	1.1868382587958568	-0.0008	4.90143423834524	1.4978416852321572	0.0655	4.891672195004136	1.2991281996570125	0.1076	5.052535287891005	1.133838417809393	-0.01275	5.24031951408595	0.9041491352500441	0.0119	5.217454755043567	0.7295976608557379	0.0002	5.186084697300922	1.1182639793825333	0.01275	5.016214318275267	0.7801765799995088	-0.0119	4.67111703510965	0.7216384847673134	-0.0002
605	10.083333333333334	5.365116461340244	0.6627828265193445	0.0301	5.262115201697429	0.6415478442242896	0.0301	5.050711333711908	0.28548509981247394	0.0179	5.468788268949288	0.12677637503961914	0.023	5.438318646837179	-0.08043301962073458	0.2179	5.422246857019641	-0.04142569486907557	0.1804	5.54717984665863	0.12840890904932686	-0.0119	5.459030116450365	0.7055052018605609	-0.0301	5.720587671399823	0.1962599617520483	-0.0179	6.153107114093327	-0.17861932450827903	0.023	6.057005669727141	-0.37639542458862474	0.2179	6.144889803639478	-0.3532016171312851	0.1804	6.252105437140416	-0.2228422057747764	-0.0119	5.013109747118422	1.1989027035380233	-0.0008	4.810015299663567	1.5022674038960278	0.0655	4.807484757655423	1.3080190774693086	0.1076	5.018824289149045	1.1534121425750439	-0.01275	5.230965448489224	0.9487881343272786	0.0119	5.198889773865166	0.7637599839078569	0.0002	5.086042426816274	1.1254043340243405	0.01275	4.9066723649664254	0.790785228222622	-0.0119	4.56001335746419	0.761566433166208	-0.0002
606	10.1	5.294889736084731	0.6737486215945246	0.0301	5.192857348445189	0.6531067254396415	0.0301	4.9259485995170245	0.3232180263923089	0.0179	5.329208261442379	0.08862236107390678	0.023	5.259621204271487	-0.11912679040906297	0.2179	5.248634162642435	-0.07940654848818497	0.1804	5.411746861094244	0.07340599288105541	-0.0119	5.388049912922039	0.7125677318552465	-0.0301	5.6929404648532325	0.21188454226151834	-0.0179	6.130780242300356	-0.1622758180856441	0.023	6.057774522101259	-0.37363846236358117	0.2179	6.14085357414412	-0.34828542102007004	0.1804	6.229390624275429	-0.20381787640663698	-0.0119	4.932446355581469	1.214673117242881	-0.0008	4.715495467012864	1.5110488347540956	0.0655	4.719334082760209	1.321328640176413	0.1076	4.974624388758225	1.1758822922295724	-0.01275	5.206087462257294	0.9965829496212399	0.0119	5.167171321840166	0.7966286430986473	0.0002	4.9840368574850835	1.138428506967137	0.01275	4.811970736821765	0.802209726398714	-0.0119	4.47358618114518	0.7843695323644487	-0.0002
607	10.116666666666667	5.220452378835252	0.6870276764079921	0.0301	5.121559562348001	0.6661393980295763	0.0301	4.814908555352322	0.35042841905755495	0.0179	5.2024461356414164	0.05264451441711565	0.023	5.1040063742382	-0.15061083712447804	0.2179	5.098176850268435	-0.11206549963980397	0.1804	5.286632188111358	0.023826218335093702	-0.0119	5.312149348325904	0.7224161466390966	-0.0301	5.647022432688415	0.22948509513748674	-0.0179	6.091222612752363	-0.1406404571772735	0.023	6.052557786282982	-0.36453258098365	0.2179	6.12829152097978	-0.33642737106987386	0.1804	6.187984373250511	-0.1767939553174263	-0.0119	4.849470203450687	1.2325939000497637	-0.0008	4.621150623317557	1.5234980755446488	0.0655	4.629483289206745	1.3379168449709706	0.1076	4.9164572901188475	1.1995019639481181	-0.01275	5.165665577121098	1.0387941548099866	0.0119	5.1251342960978	0.8227228044915783	0.0002	4.881514012761758	1.1555897599711922	0.01275	4.731952443735441	0.8133474680971405	-0.0119	4.409793098274755	0.785372410997015	-0.0002
608	10.133333333333333	5.14303951941624	0.702361909597743	0.0301	5.048972544857138	0.6806254338973025	0.0301	4.720403987942012	0.3641015302745573	0.0179	5.093708437520458	0.020033360636232855	0.023	4.9774423960537995	-0.17736905312197088	0.2179	4.975447752625125	-0.1414010275848118	0.1804	5.1772771775662605	-0.019141122205182895	-0.0119	5.2328003467976	0.7350321807974588	-0.0301	5.578953847580413	0.24392170325424198	-0.0179	6.0326112164645	-0.1135554103912474	0.023	6.036213056201508	-0.34690172871546643	0.2179	6.1022296685298425	-0.3156042740368837	0.1804	6.126943772429153	-0.14114706263121546	-0.0119	4.765491665678883	1.2508957789044983	-0.0008	4.529082890163898	1.5380797735187834	0.0655	4.5399618295145	1.3557082092142323	0.1076	4.844898037094069	1.222538220273388	-0.01275	5.110023742658766	1.0671953849202787	0.0119	5.069515799937176	0.834726400552754	0.0002	4.78072863842516	1.1740095159487318	0.01275	4.665397127645526	0.8234573569972602	-0.0119	4.3665292200125325	0.7644985005940966	-0.0002
609	10.15	5.063992683914918	0.7193382357542809	0.0301	4.975694109519666	0.6965779041108138	0.0301	4.643885201079013	0.3640264501927287	0.0179	5.007212987225414	-0.009048959704838305	0.023	4.883213912311576	-0.20263242314441784	0.2179	4.883160615740794	-0.16973904893554947	0.1804	5.0885567537635605	-0.05564158386446221	-0.0119	5.150933072952235	0.750005713181178	-0.0301	5.487278514761822	0.2503284718038784	-0.0179	5.955173151627352	-0.08096298544653459	0.023	6.002835150336471	-0.3192970150312113	0.2179	6.057559651165729	-0.2847641457747385	0.1804	6.047555801228777	-0.0969518246286674	-0.0119	4.681286124112696	1.2680004065478623	-0.0008	4.439828557167692	1.553183135224847	0.0655	4.452018443526749	1.3727020289658398	0.1076	4.763516275643835	1.2431214103317823	-0.01275	5.039562795343829	1.0760670136049524	0.0119	4.993900661759296	0.826581398490207	0.0002	4.683886793612185	1.1908572400518658	0.01275	4.610520376159732	0.8327091200007478	-0.0119	4.342087240979683	0.7265985113768398	-0.0002
610	10.166666666666666	4.984664562996265	0.7367829025952772	0.0301	4.90289448505524	0.7137568824658754	0.0301	4.585437031644988	0.3521924413000917	0.0179	4.944921883810435	-0.035378048921291066	0.023	4.8208927205569685	-0.2279272024006421	0.2179	4.821437635859577	-0.1977653495636372	0.1804	5.023760230543255	-0.08700043155637711	-0.0119	5.066872342931798	0.7661423359025968	-0.0301	5.373246193554849	0.24662310572809	-0.0179	5.860085803619199	-0.04351915840571924	0.023	5.947581453335329	-0.2823892792134678	0.2179	5.990663056972823	-0.24485263273917443	0.1804	5.951452240801223	-0.04556820818680876	-0.0119	4.597061727396217	1.2827949506944774	-0.0008	4.352940780417192	1.5673980061790571	0.0655	4.365970918160279	1.3876097641539584	0.1076	4.677030542073573	1.259803500614654	-0.01275	4.955197573895739	1.065230282647102	0.0119	4.895337169503408	0.7985568256237551	0.0002	4.591932138375431	1.2045195678404024	0.01275	4.565507846586465	0.8427531977365194	-0.0119	4.335188293612532	0.6807721639769503	-0.0002
611	10.183333333333334	4.906221724240917	0.7529475564049859	0.0301	4.8321436394273185	0.7314206585740989	0.0301	4.544129785055725	0.33176270097765403	0.0179	4.906166650207469	-0.05984287104329136	0.023	4.786027527748852	-0.25217204940642873	0.2179	4.787059538717232	-0.22402006157486312	0.1804	4.983708054819403	-0.11456465029163909	-0.0119	4.980844569438789	0.7816890583653165	-0.0301	5.239947672735528	0.23433915241218556	-0.0179	5.7485536619817035	-0.0036675858547447903	0.023	5.867996086832781	-0.2397225262326596	0.2179	5.900114190693712	-0.19957245883991712	0.1804	5.839618619332779	0.008838880048604617	-0.0119	4.512734277610911	1.2946839723439507	-0.0008	4.267867228175357	1.5792669975357811	0.0655	4.28150351635823	1.3997137248538845	0.1076	4.589237884334836	1.2719052511071867	-0.01275	4.85981556183017	1.0413055507884623	0.0119	4.780038159824587	0.7593401977899628	0.0002	4.50486889511185	1.2148897211334018	0.01275	4.528706260867625	0.8562601003337307	-0.0119	4.344048971025699	0.6381903972842036	-0.0002
612	10.2	4.829501263894212	0.7662354369550758	0.0301	4.764888077491729	0.74834488786525	0.0301	4.518336569697398	0.3063633110652936	0.0179	4.887919428145722	-0.08256152058435151	0.023	4.770829094480467	-0.27265870808070136	0.2179	4.773376025739642	-0.24584343757550506	0.1804	4.9666147213900995	-0.13859073308748682	-0.0119	4.89352684125719	0.7948194963871595	-0.0301	5.091153677919181	0.217683466147459	-0.0179	5.62161604330488	0.03432820341085067	0.023	5.763303889051453	-0.19729972712250993	0.2179	5.785682703061072	-0.15524233064930404	0.1804	5.712755985791336	0.05945777300711441	-0.0119	4.42850881052125	1.3033972858543506	-0.0008	4.184498776791442	1.5875203564461762	0.0655	4.198308215457076	1.4084872786388178	0.1076	4.501601296992886	1.2790696323353243	-0.01275	4.757806223723774	1.0131989003943842	0.0119	4.657807014237688	0.7210863294838192	0.0002	4.42254320307067	1.2229660424961917	0.01275	4.4983122888077975	0.8759484353913184	-0.0119	4.364882553333749	0.6088773719813024	-0.0002
613	10.216666666666667	4.754768851616469	0.7755077425577852	0.0301	4.70181642095967	0.7630433346170268	0.0301	4.505718979667495	0.2798157584799547	0.0179	4.885294233449687	-0.10246201527660867	0.023	4.76654246361116	-0.2872851059416581	0.2179	4.772136190987644	-0.2613455809462748	0.1804	4.968298026987783	-0.15807867231988082	-0.0119	4.805878833661596	0.8038732896419225	-0.0301	4.930410765696703	0.20194807743234164	-0.0179	5.479982776208212	0.06567166432588009	0.023	5.6323168512030195	-0.16191571850407435	0.2179	5.646580630774304	-0.11906755894576597	0.1804	5.571437366376386	0.09907941003640587	-0.0119	4.345098446274399	1.3088173213952263	-0.0008	4.102988560252773	1.591696145382708	0.0655	4.116442220493955	1.413550966704482	0.1076	4.413529467138162	1.2809783579754026	-0.01275	4.652108525328426	0.9856364978877329	0.0119	4.530892041056981	0.6928099148842959	0.0002	4.344720576143435	1.2303338258009344	0.01275	4.4716584791095855	0.9039435509312143	-0.0119	4.391251857884569	0.5993330814776727	-0.0002
614	10.233333333333333	4.681404331806548	0.7800412534371035	0.0301	4.642227493283419	0.7742238772366564	0.0301	4.503067485324636	0.25583522064182834	0.0179	4.892305002294421	-0.11778931383331295	0.023	4.766457415433296	-0.29621307301972377	0.2179	4.776376160805198	-0.2708820993695401	0.1804	4.982354508999801	-0.1715710461607891	-0.0119	4.718453916873983	0.8077535868277935	-0.0301	4.760693588402445	0.19197851594281742	-0.0179	5.32376179566236	0.08655880964244055	0.023	5.472575628354835	-0.13891105123384428	0.2179	5.480954645531075	-0.0966589187718132	0.1804	5.415712807048217	0.12249158185564206	-0.0119	4.263186044164741	1.3111081469398305	-0.0008	4.023481647602789	1.592119435982003	0.0655	4.036191149518784	1.4149414330296288	0.1076	4.323898607530045	1.2777521473700766	-0.01275	4.543103187032254	0.9585222987811397	0.0119	4.3938938823759655	0.6794257749396194	0.0002	4.270753802456255	1.238568423371548	0.01275	4.444930167549762	0.9415677384365518	-0.0119	4.415223071985574	0.6123183071701759	-0.0002
615	10.25	4.6076824910342795	0.7798726874168387	0.0301	4.584094044087804	0.7815929094261312	0.0301	4.506446408712643	0.2375846095729227	0.0179	4.9030266982822015	-0.1273782175949183	0.023	4.767258305327631	-0.30156763074611703	0.2179	4.782157524747906	-0.2767632005905066	0.1804	5.0011985922251325	-0.17817535908582477	-0.0119	4.63068976913998	0.8066537287744535	-0.0301	4.584927878211132	0.19118281136474236	-0.0179	5.152822430361058	0.09506093795205232	0.023	5.281900898030841	-0.13081432521288638	0.2179	5.287366799037483	-0.09078408526642172	0.1804	5.245236153556729	0.1278939726573729	-0.0119	4.1827668638322715	1.3109594213374638	-0.0008	3.946361215970903	1.5895647029530693	0.0655	3.9578402500803027	1.413374777335534	0.1076	4.232237926957457	1.2705486293658481	-0.01275	4.430209604537673	0.9309980399221635	0.0119	4.242950662224206	0.6836655220584942	0.0002	4.199170585332079	1.2484357401451913	0.01275	4.413826153079228	0.9890592997529033	-0.0119	4.429504202826325	0.6475373568331669	-0.0002
616	10.266666666666666	4.531059307711178	0.776407646231269	0.0301	4.5247390065907505	0.7862573460595301	0.0301	4.511704816423795	0.22725995460409587	0.0179	4.912695938699162	-0.13129923176201144	0.023	4.76857192156168	-0.3057780206876359	0.2179	4.788566705965582	-0.28166341990962845	0.1804	5.017782317351207	-0.17798142586295557	-0.0119	4.540981357382399	0.8021793599795436	-0.0301	4.406863811871845	0.20123536873407014	-0.0179	4.967802372266896	0.09115859029898496	0.023	5.061048313653706	-0.13725828788709865	0.2179	5.0670932279465815	-0.10134193258684518	0.1804	5.060261275444287	0.11655540295326325	-0.0119	4.103069165307191	1.3096328933535175	-0.0008	3.872045243189255	1.5853649557215315	0.0655	3.881352740318561	1.4103524840928006	0.1076	4.138849278944103	1.2617122602498179	-0.01275	4.312926173342515	0.9040836070719581	0.0119	4.0814816042834625	0.7057165777000282	0.0002	4.1276233127341415	1.259485704915023	0.01275	4.3744610142198	1.0446769677643255	-0.0119	4.428746990933714	0.7011612875763082	-0.0002
617	10.283333333333333	4.449366395253623	0.7721469259795108	0.0301	4.461563689244584	0.7898439050436377	0.0301	4.514763300716607	0.2257268384589696	0.0179	4.917968588726266	-0.13030674841169196	0.023	4.771736163117445	-0.30981592609257774	0.2179	4.796568874550481	-0.28677270526108345	0.1804	5.026789085121427	-0.1718807195858836	-0.0119	4.447922438061487	0.7964527561024564	-0.0301	4.231342206956172	0.22195105056181777	-0.0179	4.771010609984091	0.07644198483666778	0.023	4.815579240589437	-0.15512300849536598	0.2179	4.825516929785946	-0.12507227686996472	0.1804	4.862800267259275	0.09140334185425344	-0.0119	4.023000292664344	1.3087249707348918	-0.0008	3.799922066809764	1.5814764609751624	0.0655	3.805934240730555	1.4079302308288963	0.1076	4.0445482393431575	1.2540780790973747	-0.01275	4.191191812105567	0.8808639818931864	0.0119	3.9184489215430776	0.7415446379694951	0.0002	4.053648346789302	1.270666339054743	0.01275	4.323917713206252	1.103662922732354	-0.0119	4.40944876275029	0.7648091382506418	-0.0002
618	10.3	4.362154024874575	0.769307780920017	0.0301	4.392673333229319	0.7932301936658579	0.0301	4.5112571683664155	0.23243535998876041	0.0179	4.916268224233906	-0.12492539281462355	0.023	4.777932607225846	-0.31259672363953545	0.2179	4.807022425594273	-0.2908973721508601	0.1804	5.024787786861161	-0.16085618147634156	-0.0119	4.3514789808672765	0.7911414605127383	-0.0301	4.063414552043354	0.2509371564237728	-0.0179	4.567097947787781	0.05371491269991135	0.023	4.55585565529427	-0.17896715458806253	0.2179	4.571823047196906	-0.15590797231775622	0.1804	4.657483682243803	0.05634858802397128	-0.0119	3.9416207284559386	1.3097832128531597	-0.0008	3.727986470698306	1.5800148665519973	0.0655	3.7300780163856704	1.4081208652190091	0.1076	3.950562576117625	1.2499708865266477	-0.01275	4.066753803340905	0.8654928671084203	0.0119	3.763731645200191	0.7828942222151143	0.0002	3.9758075440391263	1.2813298314667045	0.01275	4.260597550562181	1.1584164438091167	-0.0119	4.369269475795214	0.8264909851452286	-0.0002
619	10.316666666666666	4.270704744931438	0.7688882439494851	0.0301	4.317165023397464	0.7964015121744523	0.0301	4.495988531343497	0.24554623748721646	0.0179	4.904812219635237	-0.1147028496590673	0.023	4.786336689524593	-0.3118648379265435	0.2179	4.8186060107700515	-0.2911441764331554	0.1804	5.009491008340982	-0.14486175635241166	-0.0119	4.252810943598983	0.7872243229353889	-0.0301	3.907074828328384	0.2835403515798378	-0.0179	4.363455799510297	0.025835866076115585	0.023	4.295841147313715	-0.20314640066282777	0.2179	4.317889274360451	-0.18768042899623574	0.1804	4.4516412040101905	0.01551522788201255	-0.0119	3.8583119370381604	1.3140077834857662	-0.0008	3.6539912237820906	1.5827222478036032	0.0655	3.652255201430899	1.4123567985953556	0.1076	3.8581716079102955	1.2507757003223967	-0.01275	3.944268259345035	0.8611744476760366	0.0119	3.6253960752537906	0.8195288214349035	0.0002	3.8941317818825594	1.2915858709839505	0.01275	4.184387363690772	1.2004437921636022	-0.0119	4.306400965670407	0.8739121406414552	-0.0002
620	10.333333333333334	4.176759595370987	0.7708800091608049	0.0301	4.235105748691541	0.7992156646461006	0.0301	4.462980459889706	0.26171056596113723	0.0179	4.879922981993893	-0.09803693322853818	0.023	4.793651680164765	-0.3050457077136461	0.2179	4.827191908854518	-0.28413099731165514	0.1804	4.978811278179247	-0.1222207811687852	-0.0119	4.1531029158256665	0.7851631273525381	-0.0301	3.7649988508202235	0.3137287173260847	-0.0179	4.169661458352795	-0.005529621155896521	0.023	4.051423237187742	-0.224656512530345	0.2179	4.077520037192641	-0.21686593567251766	0.1804	4.254550609119447	-0.0282087361869001	-0.0119	3.7728064435891553	1.32194336779964	-0.0008	3.576643248920761	1.5905621668365508	0.0655	3.571476687690213	1.4211418541400271	0.1076	3.7682881459604487	1.25693569551075	-0.01275	3.830103407727034	0.8684238834116185	0.0119	3.5087850468108654	0.8423082364531745	0.0002	3.809518795014229	1.301881049754075	0.01275	4.0962555631665065	1.2230698086800311	-0.0119	4.219251419055922	0.8980560088635834	-0.0002
621	10.35	4.081371255253057	0.7745187021086518	0.0301	4.147420896056527	0.8017789940047303	0.0301	4.406446338472163	0.27604398186552054	0.0179	4.837141098498751	-0.0728961677289404	0.023	4.794464497217916	-0.2893205973128279	0.2179	4.826643317579537	-0.2668440480022505	0.1804	4.9302451965033285	-0.09008204693581269	-0.0119	4.05269868651451	0.7848959072124895	-0.0301	3.6390056558197372	0.3356368154549905	-0.0179	3.995659124966424	-0.03949297043950773	0.023	3.8374597918858586	-0.24402764454140474	0.2179	3.8652706258164637	-0.24274540796152974	0.1804	4.076282003425103	-0.07310911713737546	-0.0119	3.6853250403733564	1.3330742380837393	-0.0008	3.495665508773799	1.6032511311242459	0.0655	3.487411849398837	1.4337157130857214	0.1076	3.681612351738271	1.2677689271451715	-0.01275	3.729505424819174	0.8847636019316588	0.0119	3.416199652340939	0.8458229439304352	0.0002	3.7230418777468577	1.3122062794334861	0.01275	3.997423710316322	1.2232191712892302	-0.0119	4.106655701789211	0.8953478269494656	-0.0002
622	10.366666666666667	3.984595075660046	0.7781276882629189	0.0301	4.055223691238402	0.8038959470699872	0.0301	4.322371958563432	0.28340709928916236	0.0179	4.772228490601411	-0.037974337950006785	0.023	4.781101176724989	-0.26199795917798935	0.2179	4.809470945217816	-0.23727238573724949	0.1804	4.860842093677142	-0.045989101827765506	-0.0119	3.951379898046783	0.7856648475273094	-0.0301	3.530206817676626	0.3450548949844527	-0.0179	3.8493296293494907	-0.07454574073060037	0.023	3.664204642556199	-0.2638480651693349	0.2179	3.693117456223365	-0.26629400794549	0.1804	3.9257488053580785	-0.11721215766235443	-0.0119	3.596678839833223	1.345689879221475	-0.0008	3.4113474764248912	1.6190911701982682	0.0655	3.4004730651111226	1.4480125325579336	0.1076	3.598832196145414	1.2811978231982117	-0.01275	3.6444331988151832	0.9055680215780904	0.0119	3.3472925839977212	0.8298796173997057	0.0002	3.6358264560172917	1.3214301228381016	0.01275	3.8887989971510746	1.2015328972483312	-0.0119	3.9685352150967375	0.868072737838976	-0.0002
623	10.383333333333333	3.8859630258194637	0.7793655105918791	0.0301	3.9589477082600677	0.8044286841179384	0.0301	4.209960482076671	0.28068118297764827	0.0179	4.682387385113892	0.006019944266062024	0.023	4.744292401622301	-0.22210035864500532	0.2179	4.767549949049242	-0.19530535078512387	0.1804	4.768064733822744	0.009672009135369667	-0.0119	3.8494168887416707	0.7859911608576768	-0.0301	3.4388370848607064	0.3404077235571647	-0.0179	3.734711250308379	-0.10822178176115473	0.023	3.5355507975201794	-0.28612838070832436	0.2179	3.5664915143574643	-0.2890590252287882	0.1804	3.8084113170218914	-0.15781727021620956	-0.0119	3.5080779085179694	1.3572397697507395	-0.0008	3.3243244781732053	1.6354531239647603	0.0655	3.3116933320189177	1.4612867154644757	0.1076	3.5202239778097644	1.2941120763627394	-0.01275	3.573560189872022	0.9260418628930737	0.0119	3.2999387086206213	0.7995293090486287	0.0002	3.5490395897355853	1.3273493670119128	0.01275	3.7708370822378594	1.1616179442307455	-0.0119	3.8064482780532938	0.8234673019731306	-0.0002
624	10.4	3.785565362854168	0.7761412362715112	0.0301	3.858528287109394	0.8016160435922243	0.0301	4.071912229262621	0.26838952023795704	0.0179	4.5669481246540276	0.05528963176452586	0.023	4.675856493329906	-0.17245366663627712	0.2179	4.69407560684628	-0.1440843664803949	0.1804	4.650988887042579	0.07193248532669577	-0.0119	3.7482351306722848	0.7841229384605206	-0.0301	3.3640969964736334	0.32300273518216127	-0.0179	3.651853995084294	-0.13809674269689257	0.023	3.4495311255904992	-0.31039096404688743	0.2179	3.483602079660511	-0.31191842692527244	0.1804	3.7252067975268	-0.1922782959199147	-0.0119	3.420553365772943	1.3651137725459803	-0.0008	3.235456019494476	1.6496013931767568	0.0655	3.2221400022650686	1.4712099598468475	0.1076	3.4449863689692575	1.3036070841774903	-0.01275	3.513974310734707	0.9434189114669687	0.0119	3.270813719448437	0.7636856480704454	0.0002	3.4634468456453646	1.3277381387742326	0.01275	3.643580218501597	1.1094547754084656	-0.0119	3.623777604531496	0.7719968474296576	-0.0002
625	10.416666666666666	3.6849526186101875	0.7677140835890829	0.0301	3.754088099660726	0.7942424167874041	0.0301	3.9129468436321613	0.2503310682212195	0.0179	4.427465988084756	0.10324978240910819	0.023	4.571110581532059	-0.12022942064613698	0.2179	4.585560168961057	-0.09051964602700122	0.1804	4.510754629659533	0.13197207238844505	-0.0119	3.6501106571932023	0.7790370845028516	-0.0301	3.3042455016587993	0.2965351197783196	-0.0179	3.5979228020981013	-0.16279876719568262	0.023	3.3996437945148372	-0.33413861466740635	0.2179	3.437813471733968	-0.33425266508965384	0.1804	3.673160351776257	-0.2188871561374749	-0.0119	3.33418784168201	1.3677213009953897	-0.0008	3.14561124835234	1.659425872811383	0.0655	3.132427270368151	1.4767603160714746	0.1076	3.371014709999118	1.3082238000599693	-0.01275	3.462739524097	0.9574856527851752	0.0119	3.255516019935535	0.7327284318133427	0.0002	3.37863827140493	1.3216522590194042	0.01275	3.506837823439315	1.0525428938958836	-0.0119	3.425771121761315	0.7251728585338398	-0.0002
626	10.433333333333334	3.5865764907940867	0.7552873460449132	0.0301	3.645879277567485	0.7825512261840133	0.0301	3.737568544081755	0.23196526628154934	0.0179	4.267251802308213	0.1425285762755896	0.023	4.428791635123029	-0.07489750127697442	0.2179	4.44179116929226	-0.04363968050535419	0.1804	4.350135503008706	0.18012766686902087	-0.0119	3.557106635066405	0.7711943388859215	-0.0301	3.2570583352454556	0.26586200478132593	-0.0179	3.5681893548032377	-0.1818764195825569	0.023	3.37657777196737	-0.3546399643996034	0.2179	3.419938159332674	-0.3541636878783388	0.1804	3.646820110999718	-0.23707340564320314	-0.0119	3.247833854421293	1.3651386476240897	-0.0008	3.0555275320017405	1.6639456144391733	0.0655	3.0425830183433744	1.4782321631935913	0.1076	3.2956522301316244	1.3081450657787512	-0.01275	3.417118818233125	0.969981287877558	0.0119	3.2492657635179474	0.7159032419561259	0.0002	3.2927259794984782	1.3097252527390528	0.01275	3.3607855489568372	0.9978387013702362	-0.0119	3.219200816536093	0.6934167480132838	-0.0002
627	10.45	3.4918692050265703	0.7412798787815557	0.0301	3.5340394600108374	0.7679716676531908	0.0301	3.549350845138727	0.21912717177984647	0.0179	4.090233133260747	0.16735666335411836	0.023	4.249765988896841	-0.0448318060813501	0.2179	4.264464575988454	-0.01154619559601318	0.1804	4.173000928058821	0.20888998682706109	-0.0119	3.4697842780318777	0.7620057773868938	-0.0301	3.2202467249680167	0.2353527866085236	-0.0179	3.5564233396071216	-0.19513498448429123	0.023	3.3706107245588512	-0.3701952581897769	0.2179	3.4199518082720943	-0.3697188473670474	0.1804	3.6393366564538905	-0.24721404297975397	-0.0119	3.159915166590741	1.3586610409092277	-0.0008	2.9658689651094026	1.6636195162574114	0.0655	2.9522279982112036	1.4765806407165563	0.1076	3.2172141895550666	1.3044744192463054	-0.01275	3.3740312413101594	0.9843601668742606	0.0119	3.2480981142412135	0.7190032534686457	0.0002	3.2028592474591804	1.293456675283272	0.01275	3.20672162506874	0.9499011883179049	-0.0119	3.0118564641056924	0.6843881942528031	-0.0002
628	10.466666666666667	3.399997362211746	0.7277519181697228	0.0301	3.419106277069203	0.7522120224754524	0.0301	3.3523612332065067	0.2168919380468776	0.0179	3.899869217387312	0.17491764271472843	0.023	4.036677872395054	-0.0344812479891467	0.2179	4.056573377661834	0.0013403988484907159	0.1804	3.9836780635118743	0.21419026214275189	-0.0119	3.3866050447863065	0.7526018141998776	-0.0301	3.1913148764543395	0.20786995282499773	-0.0179	3.555523248462942	-0.20268150150807326	0.023	3.373944448934742	-0.38075957616238804	0.2179	3.4289100659184415	-0.38027034188981634	0.1804	3.643108537565915	-0.25053658365349096	-0.0119	3.0696054409291467	1.3500350693556613	-0.0008	2.8773509301277738	1.6601078876051745	0.0655	2.8611418012890204	1.473054697016674	0.1076	3.13597653638106	1.2986472559560942	-0.01275	3.3304026030416134	1.005089791756073	0.0119	3.2486925671061146	0.742535017131698	0.0002	3.1060930425607327	1.2745757325777463	0.01275	3.047207138106211	0.9111100847599926	-0.0119	2.8120174534680853	0.7015645756877111	-0.0002
629	10.483333333333333	3.3084286670753693	0.7158948472917189	0.0301	3.302614096794509	0.737003851050792	0.0301	3.152609225661727	0.2280010247482993	0.0179	3.6988294553812753	0.16539842199356442	0.023	3.7944496152030642	-0.043185747387698696	0.2179	3.8223738520922104	-0.004510086073561526	0.1804	3.7853765217409436	0.19561699746872413	-0.0119	3.304307483095259	0.7435189032902114	-0.0301	3.16722860993546	0.18504007863226754	-0.0179	3.558810685621838	-0.20532657850587432	0.023	3.381601156771622	-0.3878274671406931	0.2179	3.4404438598134908	-0.3865956288518674	0.1804	3.650883936119993	-0.24866058928831786	-0.0119	2.9770969634890347	1.3413070761008266	-0.0008	2.7905053182374124	1.655239111305338	0.0655	2.769486258500533	1.4692129090221229	0.1076	3.053726572085198	1.292484017462735	-0.01275	3.28438096898801	1.0354421222791037	0.0119	3.2469687691884603	0.7811317115146044	0.0002	3.000457215229165	1.2551428900742374	0.01275	2.88566592073451	0.8829578611424199	-0.0119	2.6270461300460974	0.7430755670438742	-0.0002
630	10.5	3.2142811048459925	0.7067182454817655	0.0301	3.186725740384094	0.7243462783543059	0.0301	2.9577140167367673	0.25175877096468996	0.0179	3.4892500538614137	0.14137314050252153	0.023	3.530651051071922	-0.06627889520304997	0.2179	3.566897213405672	-0.025094518558251837	0.1804	3.5789462998587944	0.15609935134081998	-0.0119	3.2188980754842724	0.7352217976929902	-0.0301	3.144730324427576	0.1682566091628275	-0.0179	3.5610027347260176	-0.2042064420033546	0.023	3.3906883427786285	-0.39328354815984407	0.2179	3.4509365173620608	-0.38984029773310336	0.1804	3.6568953821520958	-0.24270470305778752	-0.0119	2.8830893632417234	1.3346634021858947	-0.0008	2.704948331514543	1.6502658525669656	0.0655	2.677336128122557	1.4666577695375191	0.1076	2.972606759415629	1.2881447989557075	-0.01275	3.2353524770528272	1.074566080869111	0.0119	3.237364450392586	0.825108973871097	0.0002	2.886048425268039	1.2378426800018074	0.01275	2.726019631154531	0.8667020418264926	-0.0119	2.461594137434433	0.8016319068466541	-0.0002
631	10.516666666666666	3.115276878502705	0.7011558909769451	0.0301	3.073116418473814	0.7161400585712616	0.0301	2.7750672728396473	0.2843185826423374	0.0179	3.273788177255988	0.10706006678694355	0.023	3.255288154020318	-0.09732781177527584	0.2179	3.2964315098671513	-0.0553209368795748	0.1804	3.364625240133311	0.10132955415082624	-0.0119	3.127062661979538	0.728312102113216	-0.0301	3.1208939147049883	0.1593387538874586	-0.0179	3.5579412136264934	-0.199717834242009	0.023	3.399356201710123	-0.3978029136073114	0.2179	3.458668640562745	-0.3903717186973217	0.1804	3.656745267836835	-0.23271747902888804	-0.0119	2.7883456908530584	1.331763345608844	-0.0008	2.619041154669873	1.6463753764066962	0.0655	2.5843866002496947	1.466721094457636	0.1076	2.894086053844588	1.287313096007359	-0.01275	3.1826450525352485	1.1168161104468168	0.0119	3.214021036959008	0.8643507129026076	0.0002	2.765471615122549	1.2255418877663637	0.01275	2.572401055424861	0.862935108307366	-0.0119	2.3168817462309477	0.8660209526636548	-0.0002
632	10.533333333333333	3.0103592324409134	0.6995996238121255	0.0301	2.962423192689846	0.7133871860716369	0.0301	2.609899475713106	0.3200145453310367	0.0179	3.0572198006284292	0.06746395318301565	0.023	2.9796738888123646	-0.12937484187808418	0.2179	3.0209427642568025	-0.08959073252965792	0.1804	3.1456136162651305	0.039352692712551096	-0.0119	3.027193204755962	0.7234981011955978	-0.0301	3.092547410555813	0.15985341207322556	-0.0179	3.5456217304270443	-0.1909106796560536	0.023	3.4060514427111417	-0.39982705685811815	0.2179	3.46252580631831	-0.3872142493381973	0.1804	3.6464098909466407	-0.21762487772466774	-0.0119	2.6934514411913564	1.3332769875653996	-0.0008	2.5307680701045263	1.6452485664710619	0.0655	2.4902907705831487	1.470433993370442	0.1076	2.8182911624842237	1.2903729437495906	-0.01275	3.1247836836398344	1.15491571959907	0.0119	3.1733315248302674	0.8924378731621191	0.0002	2.642927642422093	1.2202856686904242	0.01275	2.428655063362431	0.8705745308048025	-0.0119	2.191316618999514	0.9236567238263793	-0.0002
633	10.55	2.9003394655525874	0.7020350116993699	0.0301	2.855227280855267	0.7161126071612776	0.0301	2.464580573603012	0.3528761697029243	0.0179	2.8468952878430236	0.02706460920621475	0.023	2.7159106801714565	-0.15659972746934414	0.2179	2.755002663517045	-0.12215735141441927	0.1804	2.9294631627482257	-0.021337188762098277	-0.0119	2.9194844614036253	0.7216484128548711	-0.0301	3.054872178075029	0.16929851564077059	-0.0179	3.5196893651282157	-0.1758798991352076	0.023	3.4087561488911295	-0.3959556610483925	0.2179	3.460628972790979	-0.37797135169753554	0.1804	3.621655602735416	-0.19541397265932287	-0.0119	2.5986621400939507	1.3388689685879336	-0.0008	2.4391266788376447	1.6483361989491034	0.0655	2.395181737193918	1.4782440746802918	0.1076	2.743993316339704	1.2964232557023723	-0.01275	3.0600864883584142	1.183360899993131	0.0119	3.1149568003621573	0.9075690455493436	0.0002	2.522096480833389	1.2224502317514179	0.01275	2.2975001109834796	0.8863726912224718	-0.0119	2.081624103289305	0.9633795680845172	-0.0002
634	10.566666666666666	2.7878806508523506	0.7083107925193652	0.0301	2.753103274507567	0.7238042371277482	0.0301	2.339187221908326	0.37790041520719025	0.0179	2.651685290689678	-0.011443131644136666	0.023	2.477514382999574	-0.1770215919853497	0.2179	2.5147925312697548	-0.14953526576944762	0.1804	2.726458067211464	-0.07508821562033643	-0.0119	2.805566356746486	0.7234805580078952	-0.0301	3.00133260635968	0.18393522875905816	-0.0179	3.4760084239142217	-0.15279523664790592	0.023	3.404295973928363	-0.38232650259081113	0.2179	3.4495020179027835	-0.3592476061816934	0.1804	3.5783903183753147	-0.16377588791327377	-0.0119	2.5038038238499096	1.3474800610553863	-0.0008	2.344711906154985	1.6558883540524987	0.0655	2.2997507952767164	1.4896724584573335	0.1076	2.6691298830464865	1.3038634783592666	-0.01275	2.9876491735623008	1.1991286428979682	0.0119	3.0403083089826866	0.9106015719639392	0.0002	2.404605504726453	1.2307029537334764	0.01275	2.179801451326327	0.905637893745446	-0.0119	1.9836686691935073	0.9778761509730215	-0.0002
635	10.583333333333334	2.676186656120014	0.7177849138326482	0.0301	2.657625875101847	0.735380829910977	0.0301	2.232333373308765	0.3920772730585314	0.0179	2.480520778196789	-0.04713411872614821	0.023	2.2775538697383335	-0.1927484070660053	0.2179	2.3137921322787034	-0.1719755165168576	0.1804	2.5471841613866797	-0.12025513962690584	-0.0119	2.6879709415040076	0.7290015603756741	-0.0301	2.92559635281325	0.197662285065217	-0.0179	3.411694099049549	-0.12096219837293037	0.023	3.3877553731642887	-0.35606892527837564	0.2179	3.424007553176533	-0.3280391759564359	0.1804	3.5135942810716103	-0.12142346314399455	-0.0119	2.4082833236166636	1.357936359051736	-0.0008	2.249152878395553	1.6671218341629945	0.0655	2.2047150701135485	1.503559890964297	0.1076	2.5913684770320433	1.3110939636779848	-0.01275	2.907486187332325	1.2011457554278242	0.0119	2.950962138509806	0.9036183095169479	0.0002	2.290536517474637	1.242898108715477	0.01275	2.074658628643595	0.9237319400735522	-0.0119	1.8934272757855943	0.965054439382165	-0.0002
636	10.6	2.567374015240855	0.729013899837061	0.0301	2.5685168083843557	0.7490949397820723	0.0301	2.1418566578478826	0.39485610152840256	0.0179	2.340674748889868	-0.07995063457404444	0.023	2.1241045941731023	-0.2074248738946694	0.2179	2.1596673234410018	-0.1919684416641683	0.1804	2.400269603547951	-0.15782251056435245	-0.0119	2.5693507201172694	0.7374052314728988	-0.0301	2.8238070048673394	0.20470974129801275	-0.0179	3.325196868087952	-0.08152394906035809	0.023	3.352403766597688	-0.317099373168247	0.2179	3.3780277696118266	-0.284139021911578	0.1804	3.425667846714803	-0.06960728763114717	-0.0119	2.311450265449256	1.3692712675852694	-0.0008	2.1540620660810994	1.6809611577570123	0.0655	2.1103012862798383	1.5184581557706747	0.1076	2.5086134366823143	1.3170620173422491	-0.01275	2.8199361725896823	1.190065810413126	0.0119	2.848323606662537	0.8897720836058107	0.0002	2.179814833398269	1.2569090240012477	0.01275	1.980274226619265	0.9375153866991125	-0.0119	1.8087014722533536	0.9279892322213801	-0.0002
637	10.616666666666667	2.46186422408914	0.7402396480208149	0.0301	2.4835500871375653	0.7631036928305764	0.0301	2.0655717415517154	0.38757026506363923	0.0179	2.235780073269919	-0.11002255152157836	0.023	2.0178209423845415	-0.22374671353163308	0.2179	2.0529127122779327	-0.2118387917384021	0.1804	2.290272687391465	-0.1896620208927094	-0.0119	2.4514441020585234	0.7474388485515442	-0.0301	2.6958075596353237	0.202594268750721	-0.0179	3.215334963217468	-0.03772261427600329	0.023	3.290769951220317	-0.26966501309322494	0.2179	3.305789592559395	-0.2319760254875826	0.1804	3.3136818969933906	-0.012933038852957563	-0.0119	2.2133398092150083	1.380258516524193	-0.0008	2.0603280290114996	1.6962513984279153	0.0655	2.016569798905537	1.5325763893777573	0.1076	2.4196482129207024	1.321307200093428	-0.01275	2.7249858709724233	1.1682423802664323	0.0119	2.733715705885639	0.8728817384010706	0.0002	2.0726339165660694	1.270763131303799	0.01275	1.8949027814522883	0.9462447360221075	-0.0119	1.7303095152024475	0.8739163060815219	-0.0002
638	10.633333333333333	2.3588139028630404	0.750076437979343	0.0301	2.399788277781235	0.7759707350072926	0.0301	2.0018214767407616	0.37215288912722194	0.0179	2.1647713361615293	-0.1370499080619581	0.023	1.9533489470578922	-0.2422444290404409	0.2179	1.9875677750032252	-0.232241474797945	0.1804	2.216731916778909	-0.21705886349013662	-0.0119	2.334577268541177	0.7577208911151323	-0.0301	2.5449221245039153	0.1932000687578714	-0.0179	3.0807957620730253	0.005480902902973618	0.023	3.1964558070550666	-0.22175398435882626	0.2179	3.2029253612859234	-0.17991972552673782	0.1804	3.1766656951016503	0.04132458018478384	-0.0119	2.1150726849708716	1.3890912669913675	-0.0008	1.9681037310037517	1.7116294851324436	0.0655	1.9241396903354926	1.5438203751475916	0.1076	2.3246418207333432	1.3235210606195509	-0.01275	2.622005690241626	1.1392300333327943	0.0119	2.6082373122223332	0.8564892170997324	0.0002	1.9691286145456717	1.282735805719039	0.01275	1.817475464625211	0.9515040369077725	-0.0119	1.6611355024268635	0.81288989659844	-0.0002
639	10.65	2.2568468147938483	0.7575348600745454	0.0301	2.3143029719489765	0.7863514027502152	0.0301	1.9494415897138861	0.3503340234325692	0.0179	2.1226763239581867	-0.15996468010121329	0.023	1.922257756836747	-0.26152850240048514	0.2179	1.9536778621091573	-0.25201799897283905	0.1804	2.1750035820639924	-0.239793744315715	-0.0119	2.21836150621944	0.76678359721559	-0.0301	2.3763937894310923	0.18144640497245126	-0.0179	2.9209902245952812	0.042436892725418736	0.023	3.065608493425474	-0.18229972991893273	0.2179	3.0667591686007567	-0.13732655333179491	0.1804	3.0141162062093723	0.0852501376294736	-0.0119	2.0181756261813097	1.3941665811532877	-0.0008	1.8771214033543988	1.725899748029175	0.0655	1.8337831624806669	1.5506215255049796	0.1076	2.2249593417308153	1.3233835326543002	-0.01275	2.510299198277849	1.1068120468609681	0.0119	2.4724710931150384	0.842880044775109	0.0002	1.8693404705863579	1.2917687809452782	0.01275	1.7477343126884555	0.9562447427331526	-0.0119	1.6036057726214363	0.7557679256669712	-0.0002
640	10.666666666666666	2.15463451662037	0.761735095748929	0.0301	2.2246565103325677	0.7927676958972477	0.0301	1.9072793705453992	0.32390560498810067	0.0179	2.1024125573319425	-0.17754338504435732	0.023	1.9153128431804407	-0.2796233605118048	0.2179	1.940609977353758	-0.2694636271034759	0.1804	2.1577933291394076	-0.2565209159589764	-0.0119	2.102516715999559	0.773145861869353	-0.0301	2.1956294059613737	0.17299574960156786	-0.0179	2.7371390963143183	0.06811881641460021	0.023	2.897118998246302	-0.15787172874694802	0.2179	2.896286996886816	-0.11126819140802764	0.1804	2.8271830736804766	0.11258837346415995	-0.0119	1.923393970145413	1.3951846481058434	-0.0008	1.7870274880918136	1.7385080822461527	0.0655	1.7452541096652932	1.5529503300435905	0.1076	2.1223924172104036	1.3210676187969923	-0.01275	2.389725406138787	1.074469264825241	0.0119	2.326262367828677	0.8322854038020459	0.0002	1.7732167597651485	1.2977349448847195	0.01275	1.6857158353968202	0.9636306456442074	-0.0119	1.5576961070727462	0.7113694422445581	-0.0002
641	10.683333333333334	2.0512540752896866	0.7620470562497706	0.0301	2.1297565147996953	0.7942990721442418	0.0301	1.873432246116957	0.2951672550557449	0.0179	2.0962266801416196	-0.18914001341118394	0.023	1.9236250627239906	-0.29505901634483284	0.2179	1.9399769684247563	-0.2838983502375794	0.1804	2.1564752055900147	-0.2661937677128666	-0.0119	1.9869994749381132	0.7757378933591825	-0.0301	2.007624887263213	0.17238973227559676	-0.0179	2.5324531996977315	0.07929984948390492	0.023	2.6918176490128314	-0.15053315561850034	0.2179	2.6920240552085057	-0.10445678500655056	0.1804	2.619216089885376	0.12006927531337584	-0.0119	1.8301705001476005	1.393361471283975	-0.0008	1.6978665017630965	1.748978099156721	0.0655	1.6573626011744023	1.5523553581748573	0.1076	2.0183222864876993	1.3175418492808397	-0.01275	2.260453437784338	1.045438971723782	0.0119	2.1688416377912674	0.8233439647131461	0.0002	1.6803533686828498	1.3013641198997858	0.01275	1.6309373590829093	0.9759776479635369	-0.0119	1.5207843217236234	0.6843944228626907	-0.0002
642	10.7	1.946468075895079	0.7586804977258059	0.0301	2.0303133416964667	0.7914230313924736	0.0301	1.8443522317338814	0.2670485245523989	0.0179	2.0964912320704796	-0.19451924220593056	0.023	1.9387491348326966	-0.306967783938379	0.2179	1.9466723022466774	-0.2957432184768738	0.1804	2.16216104522797	-0.26868961711427897	-0.0119	1.8721339487037754	0.7744900834918794	-0.0301	1.817270956576182	0.1822812411385664	-0.0179	2.3125568996771975	0.07511148943469213	0.023	2.452508421317402	-0.15809078823495482	0.2179	2.456168895659556	-0.11533850174927161	0.1804	2.3962148298055235	0.10715441289074225	-0.0119	1.7371970116791962	1.3906723463195427	-0.0008	1.6101301551566853	1.7562573921102973	0.0655	1.5691044010662434	1.5508533562911662	0.1076	1.9133313667824174	1.3141920870176347	-0.01275	2.1226579759021553	1.0224852700863571	0.0119	1.9993834023708494	0.8154019303178031	0.0002	1.5901629627952734	1.3038995320534075	0.01275	1.581816474361859	0.993952480787395	-0.0119	1.4888485739403567	0.6751989901615992	-0.0002
643	10.716666666666667	1.8406103281696065	0.7528752920218394	0.0301	1.9279475432172184	0.7857190258425508	0.0301	1.8144253205719643	0.24320083200380435	0.0179	2.0958724469623697	-0.19334539790025684	0.023	1.95095782429454	-0.3149282434834704	0.2179	1.9571144852262652	-0.30517551259274145	0.1804	2.166212485261249	-0.2639710939541332	-0.0119	1.7588570683195592	0.7703077391360986	-0.0301	1.6295411154985142	0.20324819785892542	-0.0179	2.0872402506785024	0.057056600804598706	0.023	2.1854779629423495	-0.17618303300162572	0.2179	2.194038877939108	-0.13982098118939332	0.1804	2.1682329377376472	0.07543884900385049	-0.0119	1.643470273541243	1.3888172685257572	-0.0008	1.5238810891823826	1.7595524571204735	0.0655	1.4800885400617425	1.5497022320738314	0.1076	1.807744101447291	1.3123496510380326	-0.01275	1.9769863991148513	1.0072555848150275	0.0119	1.8184508904794212	0.8111421359514138	0.0002	1.5025443114188635	1.3065191063009138	0.01275	1.5355851305740686	1.0164935441591028	-0.0119	1.4575924012513775	0.6807669936798242	-0.0002
644	10.733333333333333	1.7337972171019962	0.7460557669042945	0.0301	1.8232928311906058	0.7784207929174415	0.0301	1.7764453862782585	0.22731633241137003	0.0179	2.086562902957378	-0.1853227425954643	0.023	1.9455832545527247	-0.3189794135065033	0.2179	1.965598403656079	-0.3111437950624344	0.1804	2.160118568678756	-0.25186560779231426	-0.0119	1.648461560010116	0.7640531092384115	-0.0301	1.4497153524979387	0.23310365323111645	-0.0179	1.871962342822096	0.029021608889267747	0.023	1.9023823264764146	-0.19956242995294363	0.2179	1.9166762474098515	-0.17218748789246902	0.1804	1.9508481891107146	0.029270693653405244	-0.0119	1.5488193902268148	1.388655099662672	-0.0008	1.438177950539373	1.7592949275775391	0.0655	1.3901798853401761	1.5490604161910724	0.1076	1.7022580830204062	1.3128852669510351	-0.01275	1.8250889513513333	0.999920263752101	0.0119	1.6303665620895822	0.816890695574894	0.0002	1.418216882966021	1.3098766112905909	0.01275	1.4888748603370194	1.0413953123329491	-0.0119	1.423049941349604	0.6962474336827117	-0.0002
645	10.75	1.6254543812828925	0.7390406684414761	0.0301	1.7151105482710463	0.7696822831147211	0.0301	1.7221856548908243	0.2216007558881324	0.0179	2.0593139596811003	-0.17092026389491993	0.023	1.900816199336574	-0.31895123729773944	0.2179	1.9617429522547658	-0.31141941528711864	0.1804	2.135113434528339	-0.23324275311928797	-0.0119	1.5419993907722707	0.7559899368753032	-0.0301	1.2837974970639263	0.2664840523500388	-0.0179	1.686803932463619	-0.002952391831195669	0.023	1.6212830207681097	-0.22190304528500876	0.2179	1.6422576399256268	-0.20486461885310733	0.1804	1.7647071834391432	-0.023289910764993055	-0.0119	1.4535252542613817	1.390257512034904	-0.0008	1.3518287735364858	1.7565791695434634	0.0655	1.299389482390611	1.5485379343555596	0.1076	1.5973435770921294	1.3158381952128781	-0.01275	1.6694798014602985	0.9993942029613899	0.0119	1.4433915495360354	0.8386141367250336	0.0002	1.3381696015456261	1.314022875205042	0.01275	1.4387581045283473	1.065909986051658	-0.0119	1.3820011879570995	0.7164058459287419	-0.0002
646	10.766666666666666	1.5148749970185889	0.7323599286316852	0.0301	1.6013237812013055	0.7596197325066644	0.0301	1.642457028220485	0.2260069790232053	0.0179	2.004116145626336	-0.1514903561439697	0.023	1.7920925630011075	-0.3133590986968327	0.2179	1.931844011225039	-0.303079577717238	0.1804	2.0821018760639856	-0.2101412691095657	-0.0119	1.4399737785397193	0.7468073087032124	-0.0301	1.1381755772389426	0.29628371522291597	-0.0179	1.551806106472469	-0.031893393524013804	0.023	1.3640052696565366	-0.23677732331178508	0.2179	1.3927839762154304	-0.22945976680651353	0.1804	1.6309302730730888	-0.07154899040582774	-0.0119	1.3578028664058925	1.3931128172970881	-0.0008	1.264332116696423	1.752203660615881	0.0655	1.208020318963814	1.5478763522223262	0.1076	1.49246738067401	1.320456153504162	-0.01275	1.5129327579323435	1.0039312556960907	0.0119	1.2661175821588246	0.8765995606888931	0.0002	1.2627128902175095	1.3186279091395179	0.01275	1.3834807349801987	1.0870619862930824	-0.0119	1.332112269283578	0.7365937128752567	-0.0002
647	10.783333333333333	1.4020428941462257	0.726763815520503	0.0301	1.480680354117946	0.7495306556497402	0.0301	1.5283702686876297	0.23832727457097214	0.0179	1.9136901019316184	-0.1281274986228593	0.023	1.6052156586329076	-0.29934125625680164	0.2179	1.8643708659558282	-0.28304325544882913	0.1804	1.9938675901513672	-0.18358632144948822	-0.0119	1.3421533508325814	0.7384747414487443	-0.0301	1.0178060811299823	0.3164783641910763	-0.0179	1.4774790743869344	-0.052079817916312075	0.023	1.1481054554685324	-0.24011644014256311	0.2179	1.185755988596973	-0.2392769953869291	0.1804	1.5607004324850142	-0.10574174237956088	-0.0119	1.2618984585392792	1.3962352341103452	-0.0008	1.1757349416700829	1.7465047703713983	0.0655	1.1164505274777832	1.5469460068895695	0.1076	1.3868072134473532	1.3256615644431646	-0.01275	1.35919895095264	1.0116119180908911	0.0119	1.1047688224090506	0.9240935210944471	0.0002	1.1909747907167259	1.3232995002953747	0.01275	1.3222840633639257	1.1022116756785951	-0.0119	1.2716935377223983	0.7533203129647955	-0.0002
648	10.8	1.2881376736917753	0.722948215413332	0.0301	1.3544035268387091	0.7416209248988451	0.0301	1.37669977392344	0.2537266506991147	0.0179	1.7900648531565166	-0.10018118803489444	0.023	1.3581442617788986	-0.27381601871972455	0.2179	1.758772526175931	-0.24919818515148567	0.1804	1.8715490221956894	-0.1511149371706533	-0.0119	1.2466810361081584	0.7332343245151526	-0.0301	0.9223907870719983	0.32476535916430277	-0.0179	1.4479952527094984	-0.061698341374253056	0.023	0.9762296486544403	-0.2314159530670653	0.2179	1.0241471772155233	-0.23137810965347566	0.1804	1.5374181940725637	-0.1212504965535613	-0.0119	1.166452988523543	1.3984834532843105	-0.0008	1.0859677404932877	1.7394948950343936	0.0655	1.0246940894630943	1.5453910126575008	0.1076	1.280618737496329	1.3304832976968086	-0.01275	1.2155427569332835	1.02034906126874	0.0119	0.9637742337748524	0.9697223214148518	0.0002	1.1205412477546408	1.327589529109589	0.01275	1.2545007727453796	1.1096288370553191	-0.0119	1.1992093332378329	0.7641104879909519	-0.0002
649	10.816666666666666	1.1756341972827657	0.7208678654159567	0.0301	1.228218047733326	0.7374896436948114	0.0301	1.200851467412729	0.2644314093135607	0.0179	1.6539170921356487	-0.06461683137118901	0.023	1.1172992634241625	-0.2349066187821624	0.2179	1.6378128153028986	-0.20225826805602187	0.1804	1.7347726048056216	-0.1062619414052896	-0.0119	1.1492281954263306	0.7318195354014556	-0.0301	0.8395546609738893	0.32378893194072356	-0.0179	1.408286913404544	-0.0651546131414627	0.023	0.8261889484629046	-0.21342777568658722	0.2179	0.8867153810352584	-0.2076195406393115	0.1804	1.503214874252914	-0.12150793440109145	-0.0119	1.0723910737305058	1.3990612434876644	-0.0008	0.994687898216447	1.7308369127354635	0.0655	0.9323742923334205	1.5427466113551653	0.1076	1.1755849435964996	1.334012412191122	-0.01275	1.0923736717068717	1.0275193933204176	0.0119	0.8457313847101897	1.0006856934160329	0.0002	1.0472456415637197	1.3306439307127496	0.01275	1.1788147540459923	1.1079883093423954	-0.0119	1.112907145751826	0.7669388260439672	-0.0002
650	10.833333333333334	1.0674769390602687	0.7193674427629103	0.0301	1.111789386311501	0.7366597299335932	0.0301	1.0366831043496616	0.26253310681981296	0.0179	1.5410926309298292	-0.01775381333780418	0.023	0.97378113367148	-0.1829782070840936	0.2179	1.5451135169307657	-0.14639937297046096	0.1804	1.619147495745984	-0.04244364460808213	-0.0119	1.0447838090968216	0.7327524613187103	-0.0301	0.7449656968975087	0.31923331474135125	-0.0179	1.2852760695556986	-0.07205634835302918	0.023	0.6589883846709397	-0.19182794463609612	0.2179	0.7358083289133655	-0.17435671451663848	0.1804	1.3812513021515587	-0.11639474350879446	-0.0119	0.9803648735860315	1.3975722802961092	-0.0008	0.9017800588270963	1.720033026155939	0.0655	0.8392426613901167	1.5386940926249448	0.1076	1.0741485712872019	1.3349757072607469	-0.01275	0.9979347259371494	1.0298101170847436	0.0119	0.7502142084752039	1.0055483473899083	0.0002	0.9666472334390867	1.3311165636999165	0.01275	1.093470718629552	1.09604002368268	-0.0119	1.0111055306272358	0.7602140756588737	-0.0002
651	10.85	0.9653531858358934	0.7165488214358985	0.0301	1.0118741608929052	0.7362675678733096	0.0301	0.9205490874773875	0.24540382948916353	0.0179	1.4701412819522774	0.0398989561460094	0.023	0.9768683341654335	-0.12164097100968732	0.2179	1.5054973370128437	-0.08789155820132606	0.1804	1.5439928446202067	0.03885454297004829	-0.0119	0.9318357559400247	0.7329372139279876	-0.0301	0.6225268604816402	0.31472580709337894	-0.0179	1.0443770125212535	-0.09056577668195188	0.023	0.46035479238634297	-0.1740876999909951	0.2179	0.5593626446218438	-0.13976147225234076	0.1804	1.1352025597677797	-0.11315110251719843	-0.0119	0.8902603666229245	1.3935466889639572	-0.0008	0.8078837111005224	1.7070652082159488	0.0655	0.7454746900010933	1.5328898643206657	0.1076	0.9784915718504263	1.33173748539686	-0.01275	0.9327772162650636	1.0241723911441387	0.0119	0.6741603426596954	0.9770869249235579	0.0002	0.8766129880008237	1.3275912135243761	0.01275	0.9970559591673246	1.0737817172361714	-0.0119	0.8930620715186197	0.743337575225489	-0.0002
652	10.866666666666667	0.8684764163275123	0.7106845699328961	0.0301	0.9261119320684669	0.7322434151790512	0.0301	0.8532189792761373	0.2177332421926165	0.0179	1.4198403552682866	0.10026997963014825	0.023	1.0875352423846392	-0.058834459256130685	0.2179	1.4936417592012308	-0.03364673120122808	0.1804	1.489085624000985	0.12417886969925751	-0.0119	0.8139863048202242	0.7287910444989861	-0.0301	0.48130941640701147	0.30848960203093034	-0.0179	0.726608539580574	-0.12015649411856211	0.023	0.26699250406641095	-0.1663451644898241	0.2179	0.39481642192224126	-0.1101553963503549	0.1804	0.8083871380542006	-0.10659279180239446	-0.0119	0.8010032419077229	1.3861890293730386	-0.0008	0.7141263641235828	1.6927831350778941	0.0655	0.6512624333989686	1.5247925504880429	0.1076	0.8891754898110509	1.323058690390244	-0.01275	0.8875623585786973	1.0096019798002258	0.0119	0.6127836814208472	0.9168419325419859	0.0002	0.7779338680351384	1.3190212690909875	0.01275	0.888914613764378	1.0431124660793296	-0.0119	0.759712668355814	0.7172449762060068	-0.0002
653	10.883333333333333	0.7741501741557473	0.7009177771197266	0.0301	0.8462643815855707	0.721428649458612	0.0301	0.8001268723081356	0.18784060462364408	0.0179	1.3545367389944123	0.15097238926985876	0.023	1.2090892322779083	-0.005955847403205005	0.2179	1.4625340039497963	0.009547788210554816	0.1804	1.4199642284103051	0.19479071041056814	-0.0119	0.6966136827344137	0.7177237965055797	-0.0301	0.3421904005718152	0.29644891656273675	-0.0179	0.4198881197363769	-0.1517371293312499	0.023	0.13219790826121597	-0.16927853668027854	0.2179	0.2881506483535333	-0.08846284777955696	0.1804	0.49319329139579804	-0.08279040491408944	-0.0119	0.7108953168691715	1.3747125666348206	-0.0008	0.6211369316645147	1.678467511867022	0.0655	0.5564673801340339	1.5139279493947264	0.1076	0.8045465743835515	1.308657856536946	-0.01275	0.8471179804331792	0.9877861654180642	0.0119	0.5607779447403943	0.8386132257540313	0.0002	0.6725248200809273	1.3048183355630503	0.01275	0.7691288115860598	1.006979211316703	-0.0119	0.6139362619887201	0.6847874267290324	-0.0002
654	10.9	0.6795712578286212	0.6875002960392553	0.0301	0.7652700239037358	0.7033435809366209	0.0301	0.7268452743191712	0.16342934939595913	0.0179	1.2550958205661127	0.1817056455034238	0.023	1.2609101322378096	0.026166477897246493	0.2179	1.384366716034798	0.03569469711761609	0.1804	1.3191645066898994	0.23653832683003717	-0.0119	0.5832402749345932	0.6995979990432006	-0.0301	0.2187331573515214	0.2780288399521394	-0.0179	0.1958057464382806	-0.1739201358643531	0.023	0.08284062136097564	-0.1760504779105253	0.2179	0.2501524672365328	-0.07510494544641773	0.1804	0.263924208508323	-0.034874113435023286	-0.0119	0.6183793486565894	1.358953438426403	-0.0008	0.5283810963267844	1.6649818011108417	0.0655	0.46076064363519864	1.5002066259660687	0.1076	0.7220799768706253	1.2890494078404955	-0.01275	0.7996200720443879	0.9618925803058542	0.0119	0.5152325259610862	0.7631140984389795	0.0002	0.5617332158235487	1.2848948791365333	0.01275	0.6385594206721343	0.9684755127567466	-0.0119	0.46090529452156215	0.650917230082089	-0.0002
655	10.916666666666666	0.5832301078490636	0.6718111276760814	0.0301	0.6798991085932565	0.6803949832852217	0.0301	0.6208340010956315	0.15009433514183737	0.0179	1.1196434972194205	0.18743978349385057	0.023	1.2142681709212606	0.03190963924369094	0.2179	1.2544589159706838	0.040629567642205364	0.1804	1.1858095871561238	0.24400306838889477	-0.0119	0.4753656833833945	0.6769712093326201	-0.0301	0.11597611885972553	0.2571329714495931	-0.0179	0.07884392528318014	-0.17834637753491894	0.023	0.11278749049920092	-0.17648568451867558	0.2179	0.2606927481286397	-0.06967593863005649	0.1804	0.14514105234933317	0.027444290736684914	-0.0119	0.5226109175385966	1.3397987612085147	-0.0008	0.43456124485496406	1.6520972448576552	0.0655	0.3639564744696241	1.4838992422084312	0.1076	0.6399830649518902	1.2653726255630977	-0.01275	0.7412616264214602	0.9349293698292198	0.0119	0.47566317771608907	0.7063638017749316	0.0002	0.44644524292990373	1.2600594408495422	0.01275	0.4994431820869868	0.930283240676162	-0.0119	0.3092024957329818	0.6225692585091152	-0.0002
656	10.933333333333334	0.4853880825249794	0.6561413550724197	0.0301	0.5900432125787357	0.6565078079953157	0.0301	0.4878438740991811	0.15104407718446441	0.0179	0.9541118199257319	0.1682019984227788	0.023	1.0779046662429506	0.012805499178259443	0.2179	1.0790368925291431	0.023607079884628315	0.1804	1.0247222573167363	0.2191130531139268	-0.0119	0.3737821869508945	0.653772893417161	-0.0301	0.035239662815687654	0.23882567771108473	-0.0179	0.056384230265320225	-0.16223285599754203	0.023	0.19042755517734322	-0.1662997920649176	0.2179	0.2893041635975653	-0.07214266348788732	0.1804	0.12390814226697804	0.08254236551185064	-0.0119	0.42390094741680834	1.3191131618139174	-0.0008	0.3390214130266565	1.6384327212352003	0.0655	0.26687404001310916	1.4656447899148937	0.1076	0.5575313788685484	1.2394905559917888	-0.01275	0.6732993812423603	0.9088400951985489	0.0119	0.4390382640466052	0.6742602751882398	0.0002	0.3285996712422797	1.2324637998123804	0.01275	0.35709847242620174	0.8946343733606862	-0.0119	0.1722354285459754	0.6081200541482918	-0.0002
657	10.95	0.38857349858080237	0.6431357508003196	0.0301	0.49803146201930193	0.6353164587673222	0.0301	0.34308907214563444	0.16707538373323857	0.0179	0.7679604494925327	0.12829497292717074	0.023	0.8768131532192989	-0.023733528714788562	0.2179	0.8696613687665079	-0.011494295542959793	0.1804	0.8424762160347756	0.1683560270931884	-0.0119	0.2797219702271695	0.6336279835168227	-0.0301	-0.0241305251832363	0.227742087764679	-0.0179	0.0934894956052434	-0.13012066762607677	0.023	0.26807772812821057	-0.1517416819822274	0.2179	0.307160204015335	-0.08276920418438594	0.1804	0.16503731838309868	0.10865801684600361	-0.0119	0.32460566970678223	1.2994735272766706	-0.0008	0.24376418557056465	1.622517606864443	0.0655	0.17303434682062446	1.4469510662361602	0.1076	0.47532568052826196	1.2139415677302439	-0.01275	0.5990489530622256	0.8849009391803101	0.0119	0.39887715434275345	0.6655058355307591	0.0002	0.21316483012753243	1.205585346395768	0.01275	0.22232680317358225	0.8641156607635144	-0.0119	0.06832179601423219	0.6158079893034708	-0.0002
658	10.966666666666667	0.2985363696448916	0.6349265980645096	0.0301	0.40914130969369766	0.6193732564700316	0.0301	0.2059391007198628	0.19726180284434494	0.0179	0.5742390250106515	0.07603813865678732	0.023	0.6434303269751872	-0.06654056944439316	0.2179	0.6442633026892466	-0.05586367206893703	0.1804	0.6491357770304813	0.10123748787193095	-0.0119	0.19658929202451783	0.6192540041007799	-0.0301	-0.06317140879429148	0.22846737638513342	-0.0179	0.14344668260904644	-0.09378571107389908	0.023	0.3024979379467561	-0.1430522241689934	0.2179	0.29462851274773405	-0.10055760495077336	0.1804	0.21979771072258775	0.0959340628447965	-0.0119	0.23069637912336083	1.2841001851054157	-0.0008	0.15563654862353582	1.6047069212435658	0.0655	0.09068313477884955	1.4307359812962266	0.1076	0.396797821135045	1.1918057367104193	-0.01275	0.5247860537346083	0.865282761982182	0.0119	0.35241565873957714	0.6759265386916298	0.0002	0.10985915770239067	1.1837193687329879	0.01275	0.11272229561572283	0.8421433288075432	-0.0119	0.017970613272057845	0.650842675374453	-0.0002
659	10.983333333333333	0.22565856290969974	0.6333589992322034	0.0301	0.33339680076389033	0.6114493132022882	0.0301	0.0977140212762516	0.2406220758643531	0.0179	0.3926339815493605	0.02399260677582377	0.023	0.4162154720013054	-0.10193160471700546	0.2179	0.43011142875560726	-0.0959191092198968	0.1804	0.4625959483652255	0.030586650987776087	-0.0119	0.1326546422233999	0.6136672188392458	-0.0301	-0.07882560461458736	0.24491350772807327	-0.0179	0.17005943948641983	-0.06477458280155868	0.023	0.2816340944251935	-0.14255600019520054	0.2179	0.2499103247416422	-0.12036077208375863	0.1804	0.24812844510042026	0.05263754407555056	-0.0119	0.15382231927497902	1.2770203267078726	-0.0008	0.08799120477296958	1.5885859015975452	0.0655	0.03411090701224165	1.421287404348325	0.1076	0.3307798910248457	1.1770526972134898	-0.01275	0.46192335953353963	0.8545034298130938	0.0119	0.30726519900821664	0.7013320867834769	0.0002	0.03392886792295744	1.1716273797582561	0.01275	0.0514886985793647	0.83302505805444	-0.0119	0.039303286222837734	0.7134228032865728	-0.0002
660	11.0	0.18713827735071456	0.6424233794264561	0.0301	0.28808481791723667	0.6170990864295468	0.0301	0.04178369093227649	0.2982888675025404	0.0179	0.2526082138114554	-0.01084213419170709	0.023	0.23885116082107793	-0.11490489935892287	0.2179	0.26422752640423974	-0.11472883346888638	0.1804	0.31238748287485246	-0.02685755247849786	-0.0119	0.1044777050731526	0.6223976888924965	-0.0301	-0.058621750044240355	0.2804155272097326	-0.0179	0.17438336901026183	-0.041920420304638904	0.023	0.23629897395622945	-0.13898459568865473	0.2179	0.19738373243000432	-0.12989267117583575	0.1804	0.2481645531131875	0.0014853183548002573	-0.0119	0.11292593693628213	1.2834187828566814	-0.0008	0.060652017848501626	1.580942828955012	0.0655	0.0227299483563389	1.423665311376656	0.1076	0.2935908505866137	1.1753635402748723	-0.01275	0.4279615041333524	0.859948905950501	0.0119	0.2823131560895207	0.7403170386109084	0.0002	0.006188588823228634	1.1749521504926086	0.01275	0.06344709912496024	0.8428836796670011	-0.0119	0.1434168397448374	0.8001291453418532	-0.0002
661	11.016666666666666	0.2076191169029342	0.6699756822401873	0.0301	0.29806071262568967	0.6453390873417242	0.0301	0.06274540179222504	0.37479781515146887	0.0179	0.19154898677865406	-0.008426501740317907	0.023	0.15439345552103428	-0.09091375831421945	0.2179	0.18732278342330508	-0.095176291009513	0.1804	0.23842589966352784	-0.05247533399756338	-0.0119	0.1378774840192248	0.6540362042833748	-0.0301	0.019163816419734806	0.3401415421471695	-0.0179	0.19610639828596763	-0.007639290126226544	0.023	0.22382153079355246	-0.11152797731361153	0.2179	0.1845302153054004	-0.10951347594503652	0.1804	0.26016366895575166	-0.029669945489823074	-0.0119	0.13316264249745796	1.309538459316467	-0.0008	0.09711913400347315	1.5902825119158859	0.0655	0.07744006519963564	1.4427653262046094	0.1076	0.30825095711575307	1.1943114365314107	-0.01275	0.44520635546519716	0.891117523397881	0.0119	0.3043978561577992	0.7966124713095768	0.0002	0.05156448425820615	1.20045005180731	0.01275	0.1676465448908984	0.8800816091052366	-0.0119	0.3296684530372966	0.906480485455696	-0.0002
662	11.033333333333333	0.3123496568801565	0.7250645002229577	0.0301	0.38862101597292265	0.7052093324317263	0.0301	0.18001759461674838	0.4766174948621952	0.0179	0.24286694441962403	0.049152041185040775	0.023	0.192806739316094	-0.018648371177182214	0.2179	0.2302587799063415	-0.02413134048730015	0.1804	0.27853280294606736	-0.031218957743603507	-0.0119	0.25985836324897454	0.7171162088172023	-0.0301	0.17675565628383524	0.43163346229531196	-0.0179	0.2860743821536097	0.06213955602314233	0.023	0.29690849143995174	-0.03817102591090353	0.2179	0.26087172806138625	-0.03770676679555509	0.1804	0.3384933148014536	-0.017430117727016914	-0.0119	0.23846418008350134	1.36098985608483	-0.0008	0.21770072251581898	1.6238762517586056	0.0655	0.21473780310413204	1.482090145222589	0.1076	0.3977786172793297	1.2413429504416584	-0.01275	0.5347229672664183	0.9566726744194683	0.0119	0.39976024796099213	0.8773264512456624	0.0002	0.19220852257601803	1.2542523737308535	0.01275	0.3682542369606486	0.9526520800388109	-0.0119	0.5840765255957379	1.027603010781749	-0.0002
663	11.05	0.5128943886852313	0.8121980826112374	0.0301	0.5715110699808693	0.8002025091803243	0.0301	0.3972848460888235	0.6075342871626057	0.0179	0.41831569731435614	0.16942953914912268	0.023	0.3582794735889391	0.10538760352136411	0.2179	0.3996296860475364	0.10251888697750666	0.1804	0.4482788348102167	0.042105908057285917	-0.0119	0.4826218841824124	0.8149310987990638	-0.0301	0.42343290239580217	0.5599457670597047	-0.0179	0.47501440998169736	0.18325557701311765	0.023	0.47975824862791905	0.09456516575943216	0.2179	0.4519304119006546	0.09823332382666236	0.1804	0.5175021190223427	0.04887728027277757	-0.0119	0.43855438110628026	1.4395814861832943	-0.0008	0.42914226132356664	1.6842540205591094	0.0655	0.4387615263411121	1.5421477698412678	0.1076	0.5729449966151656	1.3196282508718375	-0.01275	0.7054823011638703	1.0597114294679169	0.0119	0.5808818725432314	0.9868677592849028	0.0002	0.4352491294954371	1.3383368468678634	0.01275	0.6510813550142701	1.0634206648566227	-0.0119	0.8848849148303758	1.1583392818931033	-0.0002
664	11.066666666666666	0.7981390793512414	0.9279500108628145	0.0301	0.8362985675922175	0.9255576309928892	0.0301	0.6977823328147116	0.764681257298358	0.0179	0.7004641855764151	0.34494267410100365	0.023	0.6277210044178514	0.27381946488835673	0.2179	0.6743190973977872	0.27694444250380934	0.1804	0.7314036357230348	0.16046974721486837	-0.0119	0.7941875019203182	0.942811044567242	-0.0301	0.7479296158993555	0.7220644257944687	-0.0179	0.7601443196000657	0.354954156224325	0.023	0.7627437611022267	0.284202462809528	0.2179	0.7488659715392395	0.294258726165854	0.1804	0.7961020746781646	0.1642917736080757	-0.0119	0.7213612303869406	1.5413670802581436	-0.0008	0.7185989421334376	1.7677145838394617	0.0655	0.7363205525147236	1.6194842767985271	0.1076	0.8242910811785991	1.4253014014589338	-0.01275	0.9476343847508185	1.1950387218811076	0.0119	0.8387875539405261	1.1225423449730545	0.0002	0.7657810057150145	1.4483335578026275	0.01275	0.990005689466926	1.2070379922168908	-0.0119	1.2104906611435626	1.2939237444260179	-0.0002
665	11.083333333333334	1.1395686300783432	1.0626625359747286	0.0301	1.1556229313116713	1.0704881913189832	0.0301	1.0507747375858412	0.9390071193899978	0.0179	1.0522825353845693	0.5570870324482148	0.023	0.9623583495290047	0.4709741253440528	0.2179	1.0161348668824213	0.48236431906621147	0.1804	1.089660711480249	0.30847393355514025	-0.0119	1.1643430249736642	1.0901000747782295	-0.0301	1.1231131915571577	0.9070347466672954	-0.0179	1.1132453399245357	0.5626746844685457	0.023	1.1136387741533524	0.5140191891746614	0.2179	1.1183320326675075	0.5320220191531723	0.1804	1.1459531028696124	0.3131502181132523	-0.0119	1.0584817186543987	1.6579819659141606	-0.0008	1.0585461503376954	1.8661375897235222	0.0655	1.0809259562458595	1.7076582073722135	0.1076	1.1265174501245676	1.5489507293633515	-0.01275	1.236964803607627	1.3511711681124625	0.0119	1.148093278670427	1.275494642928393	0.0002	1.152615174781507	1.5749628843810142	0.01275	1.3562995435915688	1.3717795504612207	-0.0119	1.5427125568808127	1.4300095433973976	-0.0002
666	11.1	1.5022378233365552	1.2041002993621706	0.0301	1.495950827021902	1.2219240463574994	0.0301	1.4213116980568112	1.1181608904640756	0.0179	1.4313808417460032	0.78330449167934	0.023	1.320842265099666	0.6780736111855492	0.2179	1.3832189401640027	0.6987267414708135	0.1804	1.4784417413419084	0.4682556812289922	-0.0119	1.5561559644942575	1.243774785290017	-0.0301	1.515445037163037	1.0998721311167108	-0.0179	1.4957420350411645	0.7856696827001861	0.023	1.4924153902837454	0.76073246971747	0.2179	1.5181004943448777	0.7869881039009178	0.1804	1.5275353841746393	0.47634590467265847	-0.0119	1.4156613941423366	1.7793013153356192	-0.0008	1.4161307806795502	1.9698521122998816	0.0655	1.441033205018093	1.7990807177250594	0.1076	1.4483300802783445	1.6789689383057385	-0.01275	1.5439696511397283	1.5141640656685942	0.0119	1.4771633329554064	1.4338893726181405	0.0002	1.558758022294586	1.706999287660523	0.01275	1.722910959205744	1.5433252585836073	-0.0119	1.8653846119665116	1.561803368330102	-0.0002
667	11.116666666666667	1.8510643016450765	1.3395635604721905	0.0301	1.823760191067287	1.3665022481705835	0.0301	1.7751488089046652	1.2883301161191876	0.0179	1.7974313322547617	1.0011842054977569	0.023	1.6652309369466498	0.8761938913764107	0.2179	1.736611833357302	0.9059335318304172	0.1804	1.8551766028835284	0.6227288131923883	-0.0119	1.932423076533882	1.3904268926358174	-0.0301	1.8903213819975941	1.284266073908668	-0.0179	1.867786831809831	1.00190866759485	0.023	1.8593798949301372	0.9998562386881052	0.2179	1.9060018345874916	1.0337722534829212	0.1804	1.8999639809656261	0.6353863494624865	-0.0119	1.7586815462951675	1.8949023920419767	-0.0008	1.7583794384672016	2.0691888239080645	0.0655	1.7846954095372138	1.8860072511680932	0.1076	1.7582621127850617	1.8034975761027408	-0.01275	1.8390763694449053	1.6697225627137364	0.0119	1.7940316219712744	1.584820776733508	0.0002	1.9471023648826395	1.8329357164323044	0.01275	2.0640448882500935	1.7068871020675194	-0.0119	2.161604961521306	1.6831512499613768	-0.0002
668	11.133333333333333	2.1533877270771637	1.456856283306288	0.0301	2.1080189923679225	1.491436396783494	0.0301	2.080512139685052	1.435356501506261	0.0179	2.1145974799546368	1.1900686106505507	0.023	1.9624675160917033	1.0474826748053765	0.2179	2.0421050845302715	1.0851386935832428	0.1804	2.1821703314930754	0.7566789065086792	-0.0119	2.2583241871274162	1.517153521567189	-0.0301	2.2144836740511993	1.4440136160538977	-0.0179	2.192272382531719	1.1904012854597554	0.023	2.178361796611117	1.2081854007989845	0.2179	2.2435159917095215	1.248519128092978	0.1804	2.2253275816462725	0.7738683442914126	-0.0119	2.0557055152321784	1.9947233688668127	-0.0008	2.0543066383174957	2.1550987923793854	0.0655	2.081518084257176	1.9609700083364205	0.1076	2.0270565454835427	1.911270407048637	-0.01275	2.094753507523263	1.8041337665689643	0.0119	2.0688664026195602	1.7153564063359532	0.0002	2.282723174301656	1.9417192213292689	0.01275	2.3545775209146336	1.8481780236326768	-0.0119	2.4127339144716657	1.7865012932681372	-0.0002
669	11.15	2.383756721342429	1.5462634935321646	0.0301	2.3246522390542994	1.5865445955993103	0.0301	2.312590156644503	1.5474665914109627	0.0179	2.3558682363512937	1.3339753053762684	0.023	2.1879127842198356	1.1778663096890227	0.2179	2.274089384135375	1.2215513012539028	0.1804	2.4311346910530536	0.8586296322059325	-0.0119	2.506607600687429	1.6136414604283955	-0.0301	2.4613888784653386	1.5659324349047101	-0.0179	2.440445629473538	1.3346202442163368	0.023	2.42167541545677	1.367505551770958	0.2179	2.5011343639696837	1.41258992608529	0.1804	2.4743794065468068	0.8795016061189905	-0.0119	2.281912179986243	2.07069881878832	-0.0008	2.279552421412895	2.2204896596296613	0.0655	2.3073773307571526	2.017978941693898	0.1076	2.231949367575741	1.9933727252277225	-0.01275	2.2895388944368387	1.9064586959294532	0.0119	2.2783987592528647	1.8148995231716696	0.0002	2.5381198935947413	2.02452234240425	0.01275	2.573904739103523	1.9557447064205977	-0.0119	2.6022103812072936	1.864831972955052	-0.0002
670	11.166666666666666	2.532317366782531	1.6039649356440837	0.0301	2.4643547356070847	1.6478623162941313	0.0301	2.461954835908718	1.6199053479749697	0.0179	2.5111271947917357	1.4267499946758961	0.023	2.332616758665484	1.2619009668594352	0.2179	2.4231448579635133	1.3094639859817787	0.1804	2.5914346639157926	0.9242634770489754	-0.0119	2.666711179850549	1.6758615309714748	-0.0301	2.6206472149078657	1.6447290128442948	-0.0179	2.600925591213668	1.4279423506805176	0.023	2.5786399641230426	1.4705539055485193	0.2179	2.6674150844179967	1.5186205439586975	0.1804	2.6355127076882217	0.947606375966053	-0.0119	2.4277277231299403	2.119681196869539	-0.0008	2.4247135628581153	2.2626286782257465	0.0655	2.452930406055119	2.0547103458097054	0.1076	2.364112571953446	2.046327915301572	-0.01275	2.4151336612132317	1.9724331447953976	0.0119	2.4135804320532213	1.8792025630588465	0.0002	2.702686804459972	2.0779054480242554	0.01275	2.714453971420344	2.025108304442102	-0.0119	2.723736551039974	1.9152913482096199	-0.0002
671	11.183333333333334	2.608659629802114	1.6336487388807284	0.0301	2.5361420418749807	1.679367522218266	0.0301	2.5385275749867544	1.6572353313414465	0.0179	2.5906841051366674	1.4744036222670345	0.023	2.406529335862312	1.3050585380695114	0.2179	2.4993787262995624	1.354606271012309	0.1804	2.673627307248461	0.9579126711687237	-0.0119	2.7489819529414294	1.7078391827098869	-0.0301	2.702522787463664	1.6853415947646733	-0.0179	2.683658690317855	1.4760972785500661	0.023	2.6593224277597267	1.5236988401818257	0.2179	2.7529416069925814	1.5732460989450097	0.1804	2.7186316792052163	0.9825766911014883	-0.0119	2.502621858496639	2.144850123006279	-0.0008	2.4992551186466514	2.284265727095056	0.0655	2.5276763549458092	2.0735702544611536	0.1076	2.4320471914506414	2.0735497738541806	-0.01275	2.479662957049013	2.0063344032246615	0.0119	2.483084129818014	1.9123264634544286	0.0002	2.7871790814594055	2.105334125157247	0.01275	2.786155786047719	2.0607580543926383	-0.0119	2.7858269722014146	1.941215170892856	-0.0002
672	11.2	2.634591976133672	1.6437574574171847	0.0301	2.5605245596598847	1.6900652708261308	0.0301	2.5643911674637185	1.6700006136877872	0.0179	2.6175249584711593	1.490572189261255	0.023	2.4312758740457654	1.3196965241287877	0.2179	2.524982669650798	1.3699112018757764	0.1804	2.701400286841712	0.9692792743830915	-0.0119	2.776925570546656	1.7187044505895852	-0.0301	2.7303635853248585	1.6992343182533207	-0.0179	2.7119753754743217	1.4926126270010949	0.023	2.686745471541348	1.54190313000398	0.2179	2.782056321984368	1.5919118960265597	0.1804	2.7471195884453463	0.9944273604163535	-0.0119	2.5280319238865627	2.1533982925660964	-0.0008	2.524532568195227	2.2916020272562414	0.0655	2.5530254012200553	2.079964540821933	0.1076	2.455138585152306	2.0828046447103903	-0.01275	2.501573614862437	2.0178490680273238	0.0119	2.5067231922917603	1.9236420848209825	0.0002	2.815819601912666	2.1146485181703016	0.01275	2.8100918381114774	2.0728719542802354	-0.0119	2.8066296696055426	1.950015934458188	-0.0002
673	11.216666666666667	2.632718423992985	1.6430579751676635	0.0301	2.5587596948996003	1.6892871660302458	0.0301	2.562343695324563	1.6691816788495932	0.0179	2.6153623117130986	1.4893803110784358	0.023	2.429049408434283	1.3186114972360143	0.2179	2.52277833276234	1.3687687046639427	0.1804	2.6992153399595695	0.9683806293883754	-0.0119	2.7749035925878878	1.7179228010132481	-0.0301	2.728387204228308	1.69834897443019	-0.0179	2.7101889644239843	1.4916100216358315	0.023	2.6847834680463176	1.5407714028083623	0.2179	2.7800287467886373	1.5906966503400919	0.1804	2.7453695093301898	0.9935324647037796	-0.0119	2.5261590060469645	2.1527793187077457	-0.0008	2.522653785395018	2.291055908339535	0.0655	2.551143917414022	2.0794880783121665	0.1076	2.453488518510249	2.0821461192826236	-0.01275	2.4999797289593713	2.017015994396995	0.0119	2.505051573722933	1.9229020537875525	0.0002	2.8136772959383483	2.1139724937855746	0.01275	2.807852511612627	2.072001867441383	-0.0119	2.80477624929042	1.9493736764384886	-0.0002
674	11.233333333333333	2.6198717367695004	1.6380856074937753	0.0301	2.546677131728549	1.683981777896822	0.0301	2.5493267344123307	1.662975801388239	0.0179	2.601810498922124	1.4813441228142485	0.023	2.41628921936885	1.3113290556689028	0.2179	2.5096892450720634	1.3611455923406277	0.1804	2.685253028650228	0.9626613495612459	-0.0119	2.7610569810446095	1.7125442028580156	-0.0301	2.7146351679644	1.6916017766650833	-0.0179	2.696457595019796	1.4836471236643016	0.023	2.6712207617686574	1.5319635059890226	0.2179	2.7656924133773426	1.5816026539410362	0.1804	2.731609042548652	0.9876205146158754	-0.0119	2.5135287763660115	2.148542866034361	-0.0008	2.510071482697696	2.287402966092573	0.0655	2.5385290832626435	2.0763036497123895	0.1076	2.442070052274762	2.077572626072923	-0.01275	2.4891128784210514	2.0113102739320508	0.0119	2.493382267673077	1.9173850855431702	0.0002	2.7994053530740572	2.109354535980379	0.01275	2.79541157135293	2.0660065788105433	-0.0119	2.7940700731858947	1.945006596982749	-0.0002
675	11.25	2.6059595021262973	1.6326911669991302	0.0301	2.5335941966500113	1.678239132975169	0.0301	2.5352925114788474	1.6562186244933579	0.0179	2.5872137757975113	1.4726541490057459	0.023	2.4026238508764353	1.3034551964241592	0.2179	2.4956372344572175	1.3529081658510187	0.1804	2.670194886014376	0.9564953261230792	-0.0119	2.7460629963558785	1.7067193014171766	-0.0301	2.699730551792998	1.6842532531137446	-0.0179	2.681498061454547	1.4749634568608958	0.023	2.6565294354501794	1.5223659128732645	0.2179	2.7501416795767333	1.5717117143185417	0.1804	2.7166016187533364	0.9812507619309807	-0.0119	2.4998645381223032	2.143954434343807	-0.0008	2.496463726406274	2.283451256144465	0.0655	2.5248859561327808	2.0728588951654854	0.1076	2.4296981992374995	2.0726146169611885	-0.01275	2.4773482609865582	2.005130989725143	0.0119	2.480731788758853	1.9113846464273687	0.0002	2.783974170930599	2.104353604468041	0.01275	2.7821124998362894	2.059512242930442	-0.0119	2.7825959266627067	1.9402800872805601	-0.0002
676	11.266666666666666	2.595356155828845	1.6285783384341574	0.0301	2.523625168706299	1.673865727701362	0.0301	2.5246220218277937	1.6510522374253054	0.0179	2.5761241961091046	1.466046706091849	0.023	2.3922724859741233	1.2974663286107548	0.2179	2.484975946095597	1.3466493554915062	0.1804	2.658743948049382	0.9518087054381766	-0.0119	2.7346357007401	1.7022819979426227	-0.0301	2.6883665842326323	1.6786343264340642	-0.0179	2.670062506823551	1.4683345633853786	0.023	2.645337835675445	1.5150378567182785	0.2179	2.7382818212691085	1.5641645211390134	0.1804	2.7051242103579494	0.9764538115051199	-0.0119	2.4894573255363364	2.140454558585531	-0.0008	2.4860995722139436	2.2804379220005364	0.0655	2.514496463817235	2.0702320933313	0.1076	2.4202664065548385	2.0688298450155975	-0.01275	2.4683826739299937	2.000419580803246	0.0119	2.4710831252845042	1.9068033427429312	0.0002	2.7722210222785333	2.1005397405905133	0.01275	2.7720387058363904	2.054561794212718	-0.0119	2.773895271364183	1.9366801587742397	-0.0002
677	11.283333333333333	2.588970854945959	1.626104830379365	0.0301	2.517625835091603	1.6712380247263605	0.0301	2.5182138384490247	1.6479280056831178	0.0179	2.5694745414330855	1.462095208562261	0.023	2.386082972032266	1.2938795653808541	0.2179	2.4785852005015996	1.342912858003896	0.1804	2.6518657473381393	0.9489975031733097	-0.0119	2.7277546644035295	1.6996150364639582	-0.0301	2.6815214290213354	1.675236784608484	-0.0179	2.663157695336616	1.4643587385954548	0.023	2.638613459563512	1.5106342329299247	0.2179	2.7311390675906	1.5596281012896545	0.1804	2.698192860369946	0.9736759546079978	-0.0119	2.4831973938082337	2.1383410145479615	-0.0008	2.4798625319601655	2.2786170412936597	0.0655	2.508247974351694	2.0686446078898904	0.1076	2.4145851753648264	2.0665404138663543	-0.01275	2.462983380055713	1.9975784464729598	0.0119	2.465265602562245	1.904043407580948	0.0002	2.7651450022707884	2.0982376030611825	0.01275	2.7659989209446607	2.0515801650433674	-0.0119	2.7686775803537094	1.9345159906516467	-0.0002
678	11.3	2.5860373571573194	1.62497618747112	0.0301	2.5148762056781324	1.67004056777127	0.0301	2.5152867663362466	1.6464779343690925	0.0179	2.5664518713638276	1.4603249204471525	0.023	2.3832826660027915	1.2922633456869377	0.2179	2.475673678698511	1.341249022336965	0.1804	2.648722705871739	0.9477192349123883	-0.0119	2.7245939508318355	1.6983988340936589	-0.0301	2.6783761256316976	1.673660891555677	-0.0179	2.6599730561798807	1.4625733716004068	0.023	2.635551436381232	1.508640255771896	0.2179	2.7278617603134117	1.557568053734153	0.1804	2.694997289534178	0.9725858243459259	-0.0119	2.4803311742666208	2.1373598131523637	-0.0008	2.4770005294641124	2.2777686649506514	0.0655	2.505387380538513	2.067904641031406	0.1076	2.41197401966583	2.0654718722075325	-0.01275	2.4605016574417573	1.9962663857700031	0.0119	2.4625834300793734	1.9027792090214195	0.0002	2.7618917607934823	2.097170467929414	0.01275	2.763232540539967	2.050209896280339	-0.0119	2.7662922594013155	1.9335275642871974	-0.0002
679	11.316666666666666	2.585307728092362	1.6247079943632516	0.0301	2.5142020709310513	1.6697572319574963	0.0301	2.5145789040382347	1.6460981213834829	0.0179	2.5657419713332565	1.4599517212325372	0.023	2.3826381763804854	1.2919080668688852	0.2179	2.4749758011217393	1.340913485210632	0.1804	2.6479610628030894	0.9474189125899741	-0.0119	2.723808518075073	1.6981100190448324	-0.0301	2.677594047252709	1.6732498414436794	-0.0179	2.6591699229064245	1.4621969324193362	0.023	2.6348314419482093	1.5081934948395328	0.2179	2.7270551808951415	1.5570957361759061	0.1804	2.694194790454752	0.9725935307997562	-0.0119	2.4796317534878494	2.137100351246533	-0.0008	2.476292210796376	2.277539350932605	0.0655	2.504689520366736	2.0677041221896166	0.1076	2.4113234387950224	2.0651811891826695	-0.01275	2.459882247245951	1.9959297596600185	0.0119	2.461903060507736	1.9024727187966872	0.0002	2.7610767974609565	2.09689064532329	0.01275	2.762541897331979	2.0498685113944917	-0.0119	2.765706231650031	1.933290274009915	-0.0002
680	11.333333333333334	2.5856797507944296	1.6248676446931467	0.0301	2.514563482362911	1.6699279253203223	0.0301	2.514975151510307	1.6462577514470904	0.0179	2.566178333599946	1.4602634667010408	0.023	2.3830579999886847	1.2921737022000526	0.2179	2.4753768172961195	1.341226251679489	0.1804	2.648384571915104	0.9476034252635879	-0.0119	2.724210264091918	1.6982820772125449	-0.0301	2.677993486264947	1.6734256083249919	-0.0179	2.6595612361919274	1.462512763757883	0.023	2.635274158864636	1.5085115921703047	0.2179	2.7274825393648556	1.5574099460409718	0.1804	2.694592214646888	0.9730949387082862	-0.0119	2.4800125636146966	2.137204668252195	-0.0008	2.4766594006139253	2.277622954711144	0.0655	2.5050697207104444	2.0677763780144196	0.1076	2.411653269912712	2.0652842742708812	-0.01275	2.460194095670085	1.996082712627496	0.0119	2.4622261874917815	1.9026439161215265	0.0002	2.7614813050977873	2.0970071621164696	0.01275	2.762885764644906	2.0500415468273134	-0.0119	2.766015721724107	1.9334266927481933	-0.0002
681	11.35	2.586422801973008	1.6251597888821923	0.0301	2.5152653506105227	1.6702391309786797	0.0301	2.515730383545879	1.6466128899206536	0.0179	2.566970223302395	1.4607486062854167	0.023	2.3838024379182023	1.2926088982526067	0.2179	2.47613418749432	1.3416908352519332	0.1804	2.6491943156947286	0.9479379887782865	-0.0119	2.725011318302491	1.6985974270023094	-0.0301	2.6787897903276883	1.6738124122026452	-0.0179	2.660357865175977	1.4629986677484408	0.023	2.636072252438362	1.5090400448463264	0.2179	2.7283162887938257	1.5579508721118718	0.1804	2.695392718984057	0.973523582241712	-0.0119	2.480746550977915	2.137444771671969	-0.0008	2.477387099981202	2.2778280685191783	0.0655	2.5058025236337285	2.067955012532981	0.1076	2.4123138599947063	2.065541113274718	-0.01275	2.4608216980227082	1.996409385230013	0.0119	2.462897771234644	1.9029671708373261	0.0002	2.7623033770711816	2.0972695894495863	0.01275	2.7635929787092053	2.050388126540168	-0.0119	2.766629306855117	1.9336817038514906	-0.0002
682	11.366666666666667	2.587176668413561	1.625424222079141	0.0301	2.515954999836644	1.6705214495137244	0.0301	2.516465272613525	1.647008658655136	0.0179	2.567695448437581	1.4610863119316686	0.023	2.384474781875706	1.2929439276279624	0.2179	2.4768723365525482	1.3419828783035515	0.1804	2.6499844637112364	0.9482431263064203	-0.0119	2.7258226640557535	1.6988850794409054	-0.0301	2.679594107928244	1.6742388571140643	-0.0179	2.6611691810239697	1.4633172531133813	0.023	2.6367834837386543	1.5094450012448488	0.2179	2.729135729386929	1.5583940444848678	0.1804	2.6961959415985453	0.9733121867434162	-0.0119	2.4814631279422303	2.1377243441613216	-0.0008	2.47812177733934	2.278080155376245	0.0655	2.506518605065475	2.068175836955315	0.1076	2.412985183199051	2.0658587527570105	-0.01275	2.4614643763175383	1.9967647918194242	0.0119	2.4636068132509736	1.903269765084059	0.0002	2.7631573804360956	2.097569576681951	0.01275	2.7643609774086757	2.0507405039235422	-0.0119	2.767265486814337	1.9339209384306764	-0.0002
683	11.383333333333333	2.5878522637085632	1.6255984875841394	0.0301	2.5165294829939286	1.670709651428358	0.0301	2.517066542861519	1.6474302597593744	0.0179	2.56819792864453	1.4610892081359008	0.023	2.3849250045542183	1.2930377210815622	0.2179	2.47748219988809	1.3418968187035036	0.1804	2.650635249781954	0.9484514899645763	-0.0119	2.7265471656497238	1.6990800999297233	-0.0301	2.6803072385959523	1.6746848268305394	-0.0179	2.661897006564598	1.4632599909678627	0.023	2.6372289520191607	1.5095495006419979	0.2179	2.729817063123009	1.558583547013707	0.1804	2.6968921263246863	0.9718670948266087	-0.0119	2.482051403008127	2.1380448913467265	-0.0008	2.4787742035446856	2.2783919471833087	0.0655	2.507108102370216	2.0684510252426227	0.1076	2.413588556975488	2.06625419966472	-0.01275	2.4620521071028763	1.9971299923285817	0.0119	2.4642953375369276	1.9034901133645399	0.0002	2.7639629777922288	2.09790412319192	0.01275	2.765157753600562	2.0510577297915464	-0.0119	2.767869292743304	1.934097649459626	-0.0002
684	11.4	2.588506529032304	1.625676747862444	0.0301	2.517023030477703	1.6707986383386861	0.0301	2.5175673508978194	1.647934481072954	0.0179	2.56847355494753	1.4606603359236057	0.023	2.3851444119519165	1.2928312201173489	0.2179	2.4780006579751164	1.3413125107757378	0.1804	2.6511841793829456	0.9485599843553315	-0.0119	2.7272450416169716	1.69917860272182	-0.0301	2.680986527777836	1.6752080491328707	-0.0179	2.6626011866885073	1.4627094162817889	0.023	2.6373834348221172	1.5092776581697618	0.2179	2.730399790539708	1.5584676065817944	0.1804	2.697530141514211	0.9686578989273139	-0.0119	2.4825435809340997	2.138456302477935	-0.0008	2.479397749497546	2.2788178629001217	0.0655	2.5076040111371936	2.068829095059244	0.1076	2.414175183078088	2.0667969013874603	-0.01275	2.462638350833302	1.9975510814474131	0.0119	2.4650384533879635	1.9036298264906466	0.0002	2.76480159598444	2.0983229359697684	0.01275	2.766089230096389	2.0513671166118015	-0.0119	2.7685049350536266	1.9342146416109833	-0.0002
685	11.416666666666666	2.5892182611248336	1.62567956511412	0.0301	2.5175027133553765	1.6708107004801038	0.0301	2.518038319424472	1.6485703331537909	0.0179	2.5685819325745234	1.459801192108907	0.023	2.3851870068649523	1.2923360430825588	0.2179	2.47849972608774	1.3402209978295228	0.1804	2.6517079469726372	0.9485932916360148	-0.0119	2.728000778383931	1.6992036989427515	-0.0301	2.6817150392769507	1.675860352162158	-0.0179	2.6633659487309553	1.4616595851853236	0.023	2.6372990474907305	1.5086429265504318	0.2179	2.730963064613808	1.5580697371024448	0.1804	2.6981903886600906	0.9635190762370537	-0.0119	2.4830083721920393	2.1389959180412483	-0.0008	2.480068615158353	2.2793942208544524	0.0655	2.5080753093394543	2.069342096020987	0.1076	2.414815218953683	2.0675328790633176	-0.01275	2.4632916829447495	1.9980707156007274	0.0119	2.4659163010685603	1.9037147079903365	0.0002	2.765767167179334	2.098865044323308	0.01275	2.7672493963703384	2.0517058827482577	-0.0119	2.7692436514684298	1.9342928584349826	-0.0002
686	11.433333333333334	2.589965774849546	1.6256382857446827	0.0301	2.5179754847917293	1.6707778570022769	0.0301	2.5184929849707656	1.6492858008356213	0.0179	2.5685925142305055	1.458687235006969	0.023	2.3851260311973106	1.2916698800148185	0.2179	2.478988766396155	1.3388283529794838	0.1804	2.6522188613834836	0.9485825604678134	-0.0119	2.728792599743734	1.6991860862368615	-0.0301	2.6824744282186654	1.676590816422707	-0.0179	2.6641682829642974	1.460313700775864	0.023	2.6370734022928093	1.5077948530874428	0.2179	2.731515938630851	1.5575071137541447	0.1804	2.698865189385553	0.9572305721191207	-0.0119	2.4834581313673616	2.1396126788019942	-0.0008	2.480769138891994	2.2800609198310124	0.0655	2.508533414158372	2.0699361055119483	0.1076	2.415488131267579	2.0683849561830825	-0.01275	2.463986354322034	1.9986500863695247	0.0119	2.4668759258428317	1.9037678383046501	0.0002	2.766809943502976	2.0994814946110485	0.01275	2.768547741263034	2.0520633057086597	-0.0119	2.7700453205827786	1.9343489022860287	-0.0002
687	11.45	2.590503291372945	1.6255917793108925	0.0301	2.5183029680172626	1.670736905123365	0.0301	2.518803542226222	1.649820288491038	0.0179	2.5685593616786675	1.4578039343628708	0.023	2.3850399951181465	1.2911334459890762	0.2179	2.4793256446423872	1.3377300109931471	0.1804	2.652571386551324	0.9485567850495047	-0.0119	2.729361102217551	1.699156915709611	-0.0301	2.6830180753925	1.6771352220681723	-0.0179	2.664745094998288	1.4592513468636503	0.023	2.636855883670196	1.507117836204364	0.2179	2.731897226465953	1.5570504101596807	0.1804	2.699343018579788	0.9523553272412716	-0.0119	2.483765795167343	2.1400764594479327	-0.0008	2.481271038222306	2.280565090013302	0.0655	2.5088480550622143	2.070385508689806	0.1076	2.41597162716096	2.06902976406288	-0.01275	2.4644893375147374	1.9990806978371403	0.0119	2.467581126730424	1.9037925694481612	0.0002	2.767570591721558	2.09994405857102	0.01275	2.769512622648875	2.0523219214577852	-0.0119	2.770631716723907	1.9343797756446302	-0.0002
688	11.466666666666667	2.590250776798271	1.6255902911245823	0.0301	2.5181302787261766	1.6707319676877392	0.0301	2.5186319274559246	1.649601417015834	0.0179	2.5685145122352937	1.4581004237631139	0.023	2.3850165077950445	1.2913014507473037	0.2179	2.4791430146348765	1.3381038742975908	0.1804	2.6523848681798157	0.9485421409420147	-0.0119	2.7290924808574313	1.6991481512084647	-0.0301	2.6827589056288113	1.6769105206175283	-0.0179	2.6644749029607087	1.4596147448814203	0.023	2.6368742709397917	1.5073467981825157	0.2179	2.731692209131065	1.557199156434388	0.1804	2.699108146436313	0.9541223390834259	-0.0119	2.4835967657119586	2.1398895870043924	-0.0008	2.481031992952357	2.280365809743413	0.0655	2.5086779680452937	2.0702081316677394	0.1076	2.415742578860087	2.0687759812742232	-0.01275	2.46425836042542	1.9989005719348736	0.0119	2.467272859959374	1.9037628591359155	0.0002	2.767227971588454	2.099756639206354	0.01275	2.769103876270795	2.052204846028275	-0.0119	2.7703696587432893	1.9343532613160068	-0.0002
689	11.483333333333333	2.5882502921009545	1.6256992135855355	0.0301	2.5168595632026194	1.670817824766275	0.0301	2.5174048584886854	1.6477012329326493	0.0179	2.568471000575221	1.4610615866542414	0.023	2.385159725517909	1.29306652734436	0.2179	2.4778212983446832	1.3418001512755768	0.1804	2.651014927816446	0.9485642227135171	-0.0119	2.726972392371611	1.6991948953204004	-0.0301	2.680725277421211	1.6749702357283904	-0.0179	2.662330912081053	1.4631953915976494	0.023	2.637453014732919	1.5096217797118339	0.2179	2.730201960042246	1.5587182357356442	0.1804	2.6973018446267654	0.9708253766216811	-0.0119	2.4823841551976455	2.138248932379692	-0.0008	2.479154951024407	2.2785928875589	0.0655	2.507445497613352	2.068628501988392	0.1076	2.413937882815512	2.066511574793477	-0.01275	2.4624010167735526	1.9973590421912437	0.0119	2.4647118008495346	1.9036212055584634	0.0002	2.764437394601012	2.0981174379375274	0.01275	2.7656343690750864	2.051254581170627	-0.0119	2.7682234259736873	1.9342053184547912	-0.0002
690	11.5	2.583295000734422	1.6259935822051363	0.0301	2.513733174525519	1.6710559538215444	0.0301	2.5143946546444624	1.6429566383699354	0.0179	2.568429619143035	1.4685248260863837	0.023	2.3855853093015464	1.2975308878659046	0.2179	2.4745755309923676	1.3511122649023213	0.1804	2.6476431806610523	0.9486483696529645	-0.0119	2.721722777237386	1.6993338396963062	-0.0301	2.6756923725830886	1.6701275547600696	-0.0179	2.65701921181221	1.4722119907686788	0.023	2.6389813834012132	1.5153470280126407	0.2179	2.7265411355518303	1.5625442017420534	0.1804	2.6928395338059112	1.0127799807331486	-0.0119	2.4794085859989625	2.1341496895840257	-0.0008	2.4745093914819742	2.27415874340871	0.0655	2.5044175329187883	2.0646775143702523	0.1076	2.4094709659059297	2.0608466196076485	-0.01275	2.4577941964449623	1.993514716838498	0.0119	2.4583419972879144	1.9032889578476242	0.0002	2.7575096273822446	2.09402271295119	0.01275	2.756990862375029	2.048894005424048	-0.0119	2.7628923078987064	1.9338504059996138	-0.0002
691	11.516666666666666	2.5743884038943885	1.6265322487947138	0.0301	2.508124592191885	1.6714939663810948	0.0301	2.5089998161816145	1.6344070799204593	0.0179	2.5683865221727644	1.481995795529387	0.023	2.3863849671753674	1.305597831730059	0.2179	2.46875768432681	1.3679227229591495	0.1804	2.6415910108923386	0.9488135368644124	-0.0119	2.7122884693834792	1.6995917855162475	-0.0301	2.6666488624993563	1.6614021811967805	-0.0179	2.6474709988160194	1.4884833052886082	0.023	2.6417770668298295	1.525665942069402	0.2179	2.7199788729988565	1.5694347801776027	0.1804	2.684824991069527	1.0884680002857574	-0.0119	2.4740754879815605	2.1267633343720984	-0.0008	2.466162059179855	2.2661669937487385	0.0655	2.4989875186764876	2.0575564785711915	0.1076	2.4014458855119676	2.0506352254583273	-0.01275	2.44951069262752	1.9865903633756263	0.0119	2.446879755994557	1.9026982342950722	0.0002	2.7450520097053284	2.086644387681543	0.01275	2.7414322585370554	2.044644858600233	-0.0119	2.7533038221630513	1.933215117687896	-0.0002
692	11.533333333333333	2.561706149873695	1.6273007757031286	0.0301	2.5001450530483766	1.6721194121126357	0.0301	2.501328958000086	1.6222160288822947	0.0179	2.568340863018782	1.5011993789361047	0.023	2.387543309433238	1.3171047374758902	0.2179	2.460486248279736	1.3918947910739765	0.1804	2.6329740689257606	0.9490557832584767	-0.0119	2.698856087123512	1.6999587752914234	-0.0301	2.6537737134429675	1.6489608548078625	-0.0179	2.6338736200546786	1.5116775695583682	0.023	2.64578861235873	1.5403505164707623	0.2179	2.7106488780959146	1.5792272875321427	0.1804	2.6734163726502365	1.1963903547027361	-0.0119	2.466492312826504	2.1162336449272425	-0.0008	2.454278571574925	2.254773520810896	0.0655	2.4912629670536144	2.04740436234175	0.1076	2.390024139845067	2.03607567914043	-0.01275	2.4377134430367655	1.9767194479278682	0.0119	2.4305502466010394	1.9018565049056548	0.0002	2.727313072320324	2.0761252352373107	0.01275	2.7192675397707387	2.0385862368241994	-0.0119	2.73964850669323	1.9323072490254667	-0.0002
693	11.55	2.5474145705552824	1.6281627708751008	0.0301	2.491159071272912	1.672820409040402	0.0301	2.4926964708295443	1.6084572501066337	0.0179	2.568299639703601	1.5228444658296107	0.023	2.388864920589604	1.3300830824112864	0.2179	2.45118067789321	1.4189298400861696	0.1804	2.623259319384866	0.9493333028857986	-0.0119	2.683720988118928	1.7003653989503993	-0.0301	2.639267235830826	1.6349198267831957	-0.0179	2.6185482771342383	1.5378203342715808	0.023	2.6503387494382014	1.5568581113706432	0.2179	2.700152123214735	1.5902106334883805	0.1804	2.66056286906689	1.3181174987679765	-0.0119	2.4579585105177593	2.1043554880866946	-0.0008	2.440890411642061	2.2419208402467694	0.0655	2.4825646306568205	2.03595213172361	0.1076	2.37716165175446	2.019648919540927	-0.01275	2.424416777930357	1.9655827916358632	0.0119	2.412140822702964	1.9009017349757698	0.0002	2.707326814693354	2.064257122476499	0.01275	2.694284839040421	2.0317458142905997	-0.0119	2.724260728232039	1.9312750669189314	-0.0002
694	11.566666666666666	2.5347692281095306	1.6289166282279681	0.0301	2.4832161214621182	1.673432331514919	0.0301	2.4850746110949946	1.5962533902372755	0.0179	2.5682738109622205	1.5419925898136286	0.023	2.3900542849446094	1.3415762226394843	0.2179	2.442970350976894	1.4428706227881343	0.1804	2.6146548419098172	0.949582641414108	-0.0119	2.67033200007354	1.7007118723954049	-0.0301	2.6264352894200496	1.622465789115611	-0.0179	2.604984476881988	1.5609473693057772	0.023	2.6544040034431924	1.5713920385432103	0.2179	2.690889709570512	1.5998407927607783	0.1804	2.6491933863920596	1.4259486579265477	-0.0119	2.4504238786815082	2.0938287095080477	-0.0008	2.4290493165338125	2.230530827281488	0.0655	2.474876344233329	2.0258033766248085	0.1076	2.3657942310791946	2.005087690075221	-0.01275	2.4126482154437823	1.9557100990373706	0.0119	2.3958417598972583	1.9000451492034915	0.0002	2.6896501377715696	2.0537364480245954	0.01275	2.6721758050096875	2.0256729417315618	-0.0119	2.7106473215775515	1.930346010485162	-0.0002
695	11.583333333333334	2.5259276798499024	1.6294316611189374	0.0301	2.4776717728081383	1.6738493888135424	0.0301	2.479764741148143	1.5876842605069639	0.0179	2.5682676209516013	1.5553738636290872	0.023	2.390909236169081	1.34962159738695	0.2179	2.4372609790515023	1.459630716569048	0.1804	2.6086276132186508	0.9497582274356613	-0.0119	2.6609738086949464	1.7009366453501187	-0.0301	2.6174674657105736	1.6137212105050693	-0.0179	2.5954967334236323	1.5771095524763865	0.023	2.6572935420685835	1.5814643184808796	0.2179	2.684445228156214	1.6064655216053112	0.1804	2.6412479067207113	1.5014878088755228	-0.0119	2.445174987976131	2.086447594795422	-0.0008	2.420775922070462	2.2225457431310685	0.0655	2.4695101222051052	2.0186886781933184	0.1076	2.3578625002421694	1.994874685997394	-0.01275	2.4044147604700097	1.948784296806482	0.0119	2.3844333996040334	1.8994307115599534	0.0002	2.6773005627883104	2.0463568484366323	0.01275	2.6567137758942407	2.0214012224939997	-0.0119	2.701131472482295	1.9296761646133083	-0.0002
696	11.6	2.5210422888098556	1.6297069267910154	0.0301	2.474613707925318	1.674073160989138	0.0301	2.4768419264308412	1.5829271508135192	0.0179	2.5682714607618	1.562763527213349	0.023	2.3913960069858673	1.354070411039913	0.2179	2.434133999475672	1.4689022413840611	0.1804	2.605291108559201	0.9498476701917543	-0.0119	2.655804976278442	1.7010484051688863	-0.0301	2.612514618957994	1.6088669592824703	-0.0179	2.5902536864298416	1.5860353958595128	0.023	2.6589205127951825	1.5869780151638384	0.2179	2.680907235738754	1.61006327283359	0.1804	2.6368600793115915	1.543316042410582	-0.0119	2.4422861058539045	2.082354297547685	-0.0008	2.416207631405809	2.218120373377644	0.0655	2.4665503750385414	2.01474567554988	0.1076	2.353489124842192	1.9892118488034651	-0.01275	2.399860286583062	1.9449431898907472	0.0119	2.3781221357641344	1.8990799805578145	0.0002	2.6704841365964533	2.04226474858745	0.01275	2.648169628244528	2.0190236014902996	-0.0119	2.695874951640752	1.9292920081325093	-0.0002
697	11.616666666666667	2.51906934133805	1.6298255395615813	0.0301	2.473367991371956	1.6741756876154477	0.0301	2.4756385697205365	1.5810453316877928	0.0179	2.5682609775722245	1.5657581013885562	0.023	2.3915681699312215	1.3558502376200114	0.2179	2.4328651586863956	1.4726195451392186	0.1804	2.6039581427781058	0.9498556985106572	-0.0119	2.653713946487278	1.701107589287364	-0.0301	2.610509046039348	1.6069469197416348	-0.0179	2.588146790446339	1.589652822028933	0.023	2.6595319364824617	1.5893159454760561	0.2179	2.6794551620971245	1.6116496388930497	0.1804	2.635083856560816	1.5600612136435825	-0.0119	2.4410972481482633	2.0807168446065294	-0.0008	2.4143550559518023	2.2163553167607577	0.0655	2.4653438687253497	2.013172405563077	0.1076	2.351702758282356	1.9869588029246494	-0.01275	2.3980196383442225	1.9434159908046742	0.0119	2.3755858888919947	1.898950192792122	0.0002	2.6677244008636327	2.040637508470183	0.01275	2.644727175770744	2.0180863467051724	-0.0119	2.6937486494758	1.929154130626029	-0.0002
698	11.633333333333333	2.518722692042384	1.6298987946172947	0.0301	2.4730978318594232	1.6742536497854623	0.0301	2.4753187611346745	1.580909640910787	0.0179	2.5681985449294396	1.5663313311965261	0.023	2.391476064270364	1.3560986138983038	0.2179	2.4325398656504484	1.4731534637741919	0.1804	2.603789907725784	0.9497879693094852	-0.0119	2.6533286607187794	1.7012013452914967	-0.0301	2.6101321436119207	1.6068084205635929	-0.0179	2.5878127545486307	1.5903449565673073	0.023	2.659399985159801	1.590246320804007	0.2179	2.6790556448299987	1.6125532802750133	0.1804	2.6347507741370273	1.5622601166754466	-0.0119	2.440781873247953	2.0805244122911772	-0.0008	2.4139949446703897	2.2161567730655203	0.0655	2.465079321770437	2.0129934261491997	0.1076	2.3512950040065057	1.9867321381912453	-0.01275	2.397706986878945	1.9432687230371648	0.0119	2.3752037708191613	1.8989998902997693	0.0002	2.667194762820739	2.0404776652358345	0.01275	2.644150206228777	2.0180483874638195	-0.0119	2.6933592054853595	1.9292284591749758	-0.0002
699	11.65	2.5189351360940893	1.6300354347244272	0.0301	2.4730970720686214	1.6744017625431826	0.0301	2.4751642194630894	1.5816299409340226	0.0179	2.568038429586188	1.5661320012373483	0.023	2.391131993595238	1.3557488313230288	0.2179	2.4323576205130686	1.4724466566674224	0.1804	2.6041050275641684	0.9496491528473252	-0.0119	2.653506331909545	1.7014254081006703	-0.0301	2.6102843965884093	1.6075425060316912	-0.0179	2.588125341223253	1.590101994575307	0.023	2.6586901480759146	1.591354495234193	0.2179	2.678809747228485	1.6140189832613954	0.1804	2.634886250724377	1.558476079236693	-0.0119	2.440629440210219	2.0809652510312886	-0.0008	2.414104780906769	2.216644289520732	0.0655	2.465071730218559	2.01342330130622	0.1076	2.351242025554425	1.9874247584805396	-0.01275	2.397945023211375	1.9437559243066689	0.0119	2.3756463211674594	1.8992154663252103	0.0002	2.6673662866328747	2.0409878784634623	0.01275	2.6445868006885274	2.0184943253706633	-0.0119	2.6935468812778063	1.929513579635974	-0.0002
700	11.666666666666666	2.5190136541163692	1.6303191414940748	0.0301	2.4729001055516076	1.674690672976394	0.0301	2.4746940344988984	1.5826575440731883	0.0179	2.5677418352382744	1.566237445164399	0.023	2.3905253850091266	1.355403831736167	0.2179	2.4317599744022513	1.4717481347196237	0.1804	2.6044693145594167	0.9494544658983656	-0.0119	2.6535021685148865	1.7018591226588122	-0.0301	2.6102488077813963	1.6085885159522297	-0.0179	2.58835359233068	1.5902236333340716	0.023	2.657469909998825	1.593739080800139	0.2179	2.6781026889460944	1.616938522066893	0.1804	2.63485427246478	1.5541560226910722	-0.0119	2.440163686595266	2.0815322053200984	-0.0008	2.4140164607933525	2.2172634169731755	0.0655	2.4648694293536626	2.0139674280710147	0.1076	2.350866743867611	1.9883434833221887	-0.01275	2.3981062799477435	1.9444123557526463	0.0119	2.3760601339052303	1.8996036003315608	0.0002	2.667235927361768	2.0416694319370654	0.01275	2.644834396405883	2.0191777596634384	-0.0119	2.6935565127166137	1.930027752448223	-0.0002
701	11.683333333333334	2.5186630565631636	1.630777057738778	0.0301	2.472323068885849	1.6751346086200802	0.0301	2.4737343303287354	1.5837065618030264	0.0179	2.567308562278559	1.5670936988091744	0.023	2.3896844032162496	1.355344727819702	0.2179	2.430511916140881	1.471627775419574	0.1804	2.604678480809869	0.9492528121590873	-0.0119	2.6530037169538825	1.702518930472524	-0.0301	2.609727272246638	1.6096540594514157	-0.0179	2.5881711574302786	1.5912473120669441	0.023	2.6558279901167343	1.5977196272693488	0.2179	2.6767014261545	1.6215135227813768	0.1804	2.634389584775605	1.5518175098068354	-0.0119	2.4392115100191116	2.081989687580301	-0.0008	2.413455836871869	2.217748621928679	0.0655	2.464295261320022	2.0143898370591478	0.1076	2.349907887044838	1.9891480205845449	-0.01275	2.3979264815814925	1.9450081028131565	0.0119	2.3760650624452175	1.9001526490982465	0.0002	2.666384730914915	2.042276228141094	0.01275	2.6443688316982645	2.019964367867659	-0.0119	2.6930710025887623	1.930757017347613	-0.0002
702	11.7	2.5179981663850333	1.631327358244848	0.0301	2.471514792979131	1.675639169385086	0.0301	2.4725165218709937	1.584597882602301	0.0179	2.5668293340236317	1.568457571271153	0.023	2.388780450937003	1.3555668595651225	0.2179	2.4288279994040733	1.4720492641149172	0.1804	2.604711905597739	0.9491568056256139	-0.0119	2.6521591486960574	1.7032804280434237	-0.0301	2.608873141394541	1.6105563199138082	-0.0179	2.587644816723537	1.5928793666977556	0.023	2.654081724905976	1.6023878880480824	0.2179	2.674899901606039	1.6267227814320688	0.1804	2.6336267228759755	1.5515886441015727	-0.0119	2.4380003749490102	2.0822944623317676	-0.0008	2.4125824694980893	2.2180375099354035	0.0655	2.463497875904182	2.0146380362591576	0.1076	2.348609216101548	1.9897189439777225	-0.01275	2.3974994089471173	1.9454530785669257	0.0119	2.3757147600164914	1.9007652205011214	0.0002	2.6650377690058233	2.042716288023046	0.01275	2.643346900601913	2.0207232172921983	-0.0119	2.692237584261887	1.9315657427354394	-0.0002
703	11.716666666666667	2.5175955265572427	1.631705705259379	0.0301	2.4710454474574925	1.6759313576015693	0.0301	2.471826165680559	1.5850899572111645	0.0179	2.5665542103801564	1.5692670775130462	0.023	2.388261373337245	1.3557906290177018	0.2179	2.4275735357223587	1.472394523386137	0.1804	2.604697564328877	0.9493684045554499	-0.0119	2.6516521032008407	1.7037729705526636	-0.0301	2.608369680338117	1.6110502524085824	-0.0179	2.587260767220923	1.5938403854849752	0.023	2.6530386606205907	1.6049858853797023	0.2179	2.673740256735764	1.629605449553378	0.1804	2.6331701024611784	1.5516092033590334	-0.0119	2.4373061842691732	2.082518775294145	-0.0008	2.412074430463992	2.2181907548738207	0.0655	2.4630398849705353	2.014773142065093	0.1076	2.347867137628077	1.9900263327439873	-0.01275	2.3973003394242647	1.9456998993335166	0.0119	2.3754910791920265	1.9011699292080022	0.0002	2.6641944124380545	2.0429528447723846	0.01275	2.642674635391718	2.0211995814223016	-0.0119	2.6917404649420233	1.9320799697370303	-0.0002
704	11.733333333333333	2.518559822133819	1.6313915050398962	0.0301	2.4719988128439168	1.6754946650711497	0.0301	2.4731484657365312	1.5847429018724386	0.0179	2.566955055744973	1.5674945481558973	0.023	2.388971390921663	1.355446979723727	0.2179	2.428485272121922	1.4714438808948072	0.1804	2.6048948484567673	0.9501780344796926	-0.0119	2.6527903547595253	1.703278055189516	-0.0301	2.6095204542448838	1.6106910658214808	-0.0179	2.5879745765261593	1.5916901942265225	0.023	2.6542333208346855	1.6003258005373717	0.2179	2.6752386578769736	1.6246034012878552	0.1804	2.6341752625860146	1.5482350416476391	-0.0119	2.4385984594027716	2.0827902312523565	-0.0008	2.4132225399413794	2.218335799104323	0.0655	2.463988880406593	2.014920716451193	0.1076	2.349380695836038	1.990031719685509	-0.01275	2.3982194563038184	1.9456695852729435	0.0119	2.376323361924528	1.9008372923417556	0.0002	2.665777760348617	2.042929975186073	0.01275	2.6441076428128123	2.0209035683668994	-0.0119	2.6928874760018244	1.931577758474587	-0.0002
705	11.75	2.5224974780507607	1.6295870880352716	0.0301	2.475959486263318	1.6735630883034605	0.0301	2.478659059153661	1.5828705038603423	0.0179	2.5687324509729534	1.5601826657022748	0.023	2.3921682011024274	1.3536881124031175	0.2179	2.4342394836083203	1.4674227312765462	0.1804	2.6056742210858452	0.9519016593938235	-0.0119	2.6574799148850636	1.7007058133724688	-0.0301	2.614223169729358	1.6087863334600376	-0.0179	2.591194651461521	1.5828735466356816	0.023	2.6599758481294087	1.5807892528528145	0.2179	2.6824120263198212	1.6035429611392846	0.1804	2.638327499298478	1.5363558118444418	-0.0119	2.4440331852107455	2.0832409808225387	-0.0008	2.4179061391462215	2.2186285884112866	0.0655	2.4679040648330215	2.015235866825938	0.1076	2.355632623348064	1.9896372709087944	-0.01275	2.4015184592930656	1.9452149946467747	0.0119	2.379545937511081	1.898955044264998	0.0002	2.672613795193946	2.0425358109522005	0.01275	2.6502148545069986	2.019069306975624	-0.0119	2.69758241971483	1.928962159007927	-0.0002
706	11.766666666666666	2.5312049339837643	1.6253434627322005	0.0301	2.4847050088167317	1.6692656932413101	0.0301	2.490798957541202	1.578661941296871	0.0179	2.572683219913907	1.5440178577256163	0.023	2.3992868501169573	1.3495228531031325	0.2179	2.4480551759555915	1.4583256838711887	0.1804	2.607449754899587	0.9547101296551775	-0.0119	2.6678562093886855	1.6947784030015602	-0.0301	2.6245993757791517	1.6045204003484985	-0.0179	2.5985321513895263	1.5634128501858264	0.023	2.6729375955759114	1.537820976657396	0.2179	2.6987477355378657	1.5572378580833766	0.1804	2.6475159784338294	1.5104406881070602	-0.0119	2.4560347796490767	2.083948192020289	-0.0008	2.4282248806741245	2.219214239766641	0.0655	2.4765313890213387	2.0158635414964974	0.1076	2.3694034711388987	1.9886934629592365	-0.01275	2.4085572058727696	1.9441391454006696	0.0119	2.3866336737553584	1.8945584291045634	0.0002	2.687902935794763	2.041616436808946	0.01275	2.663899262018398	2.014774689070882	-0.0119	2.7079548962850444	1.9229465147713365	-0.0002
707	11.783333333333333	2.5458157689894287	1.6179622342812143	0.0301	2.4993505972751073	1.6620440770461808	0.0301	2.5110874220735404	1.5715835071052102	0.0179	2.579316694924709	1.5169120489447372	0.023	2.4112493847670255	1.3422142582268974	0.2179	2.472395390111756	1.4428025891180276	0.1804	2.6105051649314985	0.9583101303105659	-0.0119	2.685268701527571	1.6845963426284907	-0.0301	2.641977990455741	1.5973622359956028	-0.0179	2.6110910068569924	1.5308138595714091	0.023	2.6949027849793787	1.4661287901780062	0.2179	2.7266309618849522	1.4800135979163225	0.1804	2.6629348390979906	1.4671211565720594	-0.0119	2.4761238124328098	2.084847749335651	-0.0008	2.4454875574982924	2.2201626070586475	0.0655	2.4909590919191658	2.016870166578894	0.1076	2.392423797517171	1.987081834756286	-0.01275	2.420091970185813	1.9422927589677017	0.0119	2.398503573062198	1.886947236126646	0.0002	2.7137321858669083	2.040058979575364	0.01275	2.6870648313981267	2.0073461809262474	-0.0119	2.7253444912367972	1.9126292207589741	-0.0002
708	11.8	2.5651650566238633	1.6078056140028136	0.0301	2.518708404833774	1.6524595158753956	0.0301	2.5378469483821813	1.562167912190213	0.0179	2.5881130286688134	1.4810376855140497	0.023	2.4271280695569453	1.3320792023915937	0.2179	2.5063134125473523	1.4218819910674054	0.1804	2.6146556493770245	0.96147473261394	-0.0119	2.7083318866218593	1.6707632126077883	-0.0301	2.664948122830066	1.587864619658937	-0.0179	2.628076500376362	1.4877177946577533	0.023	2.724325182234371	1.371728336896002	0.2179	2.7642533204477835	1.3783744145265264	0.1804	2.6833573732015616	1.41005855804717	-0.0119	2.5026662664035286	2.0856151808363035	-0.0008	2.4682768342620993	2.221358833296574	0.0655	2.5100001863259025	2.0181270890624634	0.1076	2.422792879305601	1.9848918876742814	-0.01275	2.4349673702855728	1.9397771652574876	0.0119	2.4141838863073053	1.8765229513052313	0.0002	2.7481946406002127	2.0379637062307903	0.01275	2.7180351678963555	1.997175633735956	-0.0119	2.748353314417745	1.898634173230931	-0.0002
709	11.816666666666666	2.584607905716871	1.5969324842404702	0.0301	2.538104467810674	1.642780928772371	0.0301	2.56456662554215	1.5525962224997112	0.0179	2.5969826877303	1.4450243709056783	0.023	2.4431678205440455	1.3211246389200337	0.2179	2.543306387959972	1.4002631539489458	0.1804	2.618992715209399	0.961892868709034	-0.0119	2.7315170646522655	1.6562472371982802	-0.0301	2.687955500687851	1.5782510693690182	-0.0179	2.645743121527213	1.4445375675874783	0.023	2.754509996160551	1.277705117274249	0.2179	2.803283298883525	1.2772100044988144	0.1804	2.7038879251485337	1.3533925509725697	-0.0119	2.529252407563415	2.085636789713172	-0.0008	2.491059604748256	2.2224341549333944	0.0655	2.5290304988861125	2.0192374155470145	0.1076	2.453124094310267	1.982560314310726	-0.01275	2.4492220511987153	1.937102696524088	0.0119	2.4298574627577336	1.8654414613459687	0.0002	2.7832721627566817	2.035775785520705	0.01275	2.7496493625700555	1.9863587233736175	-0.0119	2.7714407376429677	1.8839820764413349	-0.0002
710	11.833333333333334	2.5980262688209557	1.5882209080573282	0.0301	2.5513955761228186	1.6360099904542478	0.0301	2.582707028206994	1.5457656566096933	0.0179	2.6031606482985117	1.420254728562517	0.023	2.454387895644138	1.3122057904479953	0.2179	2.5740577639648055	1.3843131202371708	0.1804	2.622270669878397	0.9571788383959428	-0.0119	2.747542670837614	1.645114247662112	-0.0301	2.703696938085013	1.5714660744769424	-0.0179	2.6589947763742803	1.4149802762266985	0.023	2.7764835129084764	1.2142478699651942	0.2179	2.832438302534743	1.2090567004561108	0.1804	2.7180729177093914	1.315598188829586	-0.0119	2.5474704511131554	2.0842891482202486	-0.0008	2.506584031929287	2.222928193095726	0.0655	2.5419901316136158	2.019709812586557	0.1076	2.4737364902077315	1.980687407997391	-0.01275	2.4578059138975674	1.934973164922844	0.0119	2.440506601224282	1.8566949525845795	0.0002	2.8082915789914336	2.0340967583088556	0.01275	2.772343634823762	1.9778044320414068	-0.0119	2.787315973792033	1.8727995391866337	-0.0002
711	11.85	2.601891084309223	1.5834688833003774	0.0301	2.5550516941563535	1.6339039467300243	0.0301	2.587381403285943	1.543392556363205	0.0179	2.6050225658998967	1.4133535721799235	0.023	2.4578418038092433	1.307191695565272	0.2179	2.592609071657921	1.3778969571961837	0.1804	2.623699923764519	0.9465614147554846	-0.0119	2.7522114300335443	1.6398376531688825	-0.0301	2.7079679238009042	1.5692420435312873	-0.0179	2.6647482809371956	1.4069767768828392	0.023	2.7849306482922915	1.1985900772057048	0.2179	2.844959072618187	1.1924728037103491	0.1804	2.722171836229016	1.307212935128897	-0.0119	2.552518678940407	2.0813775224585322	-0.0008	2.5107241348581018	2.2226125479351193	0.0655	2.54543027903346	2.0193060289484768	0.1076	2.479111951856248	1.9796583549640154	-0.01275	2.4579347507794194	1.9338408742837252	0.0119	2.443244546424563	1.85212940298142	0.0002	2.8170365930167405	2.0333004073903753	0.01275	2.780509920443687	1.9733088597695219	-0.0119	2.791781646012564	1.8675813965810895	-0.0002
712	11.866666666666667	2.5966082960027252	1.5827641858627524	0.0301	2.5495229591173185	1.6363448455681102	0.0301	2.579295455345362	1.5454395954218847	0.0179	2.6026702871631135	1.423692439099095	0.023	2.453663728871978	1.3063889882198285	0.2179	2.598607313103599	1.380989489539115	0.1804	2.623164863164534	0.9317377076858638	-0.0119	2.746006195065512	1.6403869678861978	-0.0301	2.7012917248228896	1.5714978966673767	-0.0179	2.6630809252599628	1.4196429038168963	0.023	2.780163075842002	1.2283618549775026	0.2179	2.841119562638939	1.2248293511939659	0.1804	2.7165552357088387	1.3267620629240653	-0.0119	2.5450906377549356	2.0773119421137345	-0.0008	2.504121639780768	2.2216546355919626	0.0655	2.539886221360954	2.0182227856702566	0.1076	2.470095563717204	1.9795796615616625	-0.01275	2.4502024959063835	1.9338186023069297	0.0119	2.4384591683909798	1.8517626608318267	0.0002	2.8101862896130383	2.0334521161032413	0.01275	2.7746787258240486	1.9728968519683303	-0.0119	2.785350470804931	1.868253708808539	-0.0002
713	11.883333333333333	2.5846814913571987	1.5853997108258966	0.0301	2.537421915961495	1.642278023212934	0.0301	2.562291330725012	1.5510796367437452	0.0179	2.5970838782506833	1.4467553779815905	0.023	2.4435395757037996	1.309476277534389	0.2179	2.5946188721105043	1.391580722889594	0.1804	2.620781345617395	0.9168581870378116	-0.0119	2.731887109837604	1.6454623652149682	-0.0301	2.6867751389625156	1.5772868782995266	-0.0179	2.655722520101305	1.44730022031947	0.023	2.7653810571077004	1.290598586332037	0.2179	2.8247978410294605	1.2919429276404928	0.1804	2.7037453704306276	1.3662222211796669	-0.0119	2.528879222682095	2.0730264648672034	-0.0008	2.4900605698846974	2.220581651317919	0.0655	2.528105241677927	2.0170642436006903	0.1076	2.4510900321551046	1.980571223713889	-0.01275	2.4371280809269	1.9349967566653636	0.0119	2.4283872981472485	1.854690962869725	0.0002	2.7921964961752948	2.0345719804593005	0.01275	2.7587335170960374	1.9757117051600381	-0.0119	2.771077499664206	1.8734126308667376	-0.0002
714	11.9	2.5688493919741684	1.590826801485897	0.0301	2.521677893896997	1.6506469718038104	0.0301	2.540847696855256	1.5596465863703253	0.0179	2.5892829385287675	1.477498343958463	0.023	2.429206246406669	1.3164227337672496	0.2179	2.58323647385313	1.407576066045037	0.1804	2.6164816223545073	0.9085200718080666	-0.0119	2.7130557407240663	1.6537734410167664	-0.0301	2.667938017682247	1.58573573162255	-0.0179	2.644512511667414	1.4835150768596315	0.023	2.7438823741848473	1.3708490759099063	0.2179	2.799944287268724	1.377823033405943	0.1804	2.6864463674368393	1.4165194245683357	-0.0119	2.5080173942855875	2.069910628326172	-0.0008	2.4722823129019114	2.2202271536739553	0.0655	2.5132263395398824	2.0167937196179295	0.1076	2.427182145318858	1.9830438576039613	-0.01275	2.421719759552759	1.9377440908143029	0.0119	2.4156711340045356	1.860040911861076	0.0002	2.768076260981336	2.0368862877900065	0.01275	2.737042351255435	1.9809486216725014	-0.0119	2.7523600598397917	1.8816153244919842	-0.0002
715	11.916666666666666	2.5513743761157177	1.5990055104319731	0.0301	2.504822568049423	1.6607124566529414	0.0301	2.519096538903403	1.5709383691267909	0.0179	2.5800548128971412	1.511511091403346	0.023	2.4119950947921764	1.327694995833034	0.2179	2.565945114915263	1.427381510761483	0.1804	2.6099414531705016	0.9155548033721004	-0.0119	2.6920936386904337	1.664518907009906	-0.0301	2.647889128544054	1.596354274455742	-0.0179	2.6308511258496625	1.5225603563310306	0.023	2.7180288524803906	1.4566891384996878	0.2179	2.7692448267298073	1.4684489091780402	0.1804	2.666826996473441	1.4696080974476684	-0.0119	2.4860291624046864	2.0697395187187935	-0.0008	2.454075782927349	2.221670927537428	0.0655	2.4980253719627497	2.0186670117257286	0.1076	2.4029706365432286	1.9877624216379546	-0.01275	2.4069384483824567	1.9427721624551682	0.0119	2.40281124968838	1.8673376486247588	0.0002	2.7420801545292224	2.040890065013103	0.01275	2.7133305250571835	1.988214484412567	-0.0119	2.7320905245665528	1.8918830312379145	-0.0002
716	11.933333333333334	2.5340617603573943	1.6102176693203352	0.0301	2.4889530781599274	1.671914072914471	0.0301	2.500653498087198	1.5849627843296243	0.0179	2.570093848760353	1.5447686951228679	0.023	2.393153490941201	1.3437395921064348	0.2179	2.5433897045245586	1.4494915775794481	0.1804	2.6008677893356227	0.9474648305621374	-0.0119	2.670986653853089	1.677252495056781	-0.0301	2.6293002556725193	1.6088420886191581	-0.0179	2.6158685287623924	1.5593056720823848	0.023	2.689479997211476	1.5378794595271317	0.2179	2.7344003774978063	1.5520629209164252	0.1804	2.6466423720452923	1.5185481637161815	-0.0119	2.4656544349706264	2.0743635583548135	-0.0008	2.438063061039492	2.226030419035786	0.0655	2.4847385796968218	2.023983317950361	0.1076	2.3823016854147614	1.99561651018897	-0.01275	2.3955768595447826	1.9508928156625738	0.0119	2.392098449997039	1.8764107883033858	0.0002	2.717548292765637	2.047175271898566	0.01275	2.690623284987178	1.9974241635215149	-0.0119	2.712637456365182	1.9036264096840267	-0.0002
717	11.95	2.518609137550327	1.6243662965364458	0.0301	2.475929459728673	1.6834168244025798	0.0301	2.488547978520838	1.6011842913058438	0.0179	2.560400558214517	1.5727724207893279	0.023	2.3746813364560557	1.3637042173305138	0.2179	2.516758915577617	1.471397489481926	0.1804	2.58967884043082	1.0100900040720056	-0.0119	2.651577565197549	1.6912882157507683	-0.0301	2.6146325468039793	1.6224958199670878	-0.0179	2.6010501369301777	1.5885557597273736	0.023	2.660256599631213	1.605344988490754	0.2179	2.6975241658711195	1.618427393723211	0.1804	2.6278013623000245	1.5569923361146538	-0.0119	2.448941667825272	2.0848723053824947	-0.0008	2.4261193706802957	2.2339316987163653	0.0655	2.474990498809701	2.033454235722644	0.1076	2.368124328648028	2.006984046188743	-0.01275	2.3900428838127707	1.9623645791052156	0.0119	2.3855894714177763	1.8869301637808193	0.0002	2.697157835370716	2.0559524845860824	0.01275	2.6716066412843475	2.008311830591116	-0.0119	2.696146675143504	1.9161723386460718	-0.0002
718	11.966666666666667	2.5069952863192473	1.639981984210824	0.0301	2.4675413330897196	1.6935377680685397	0.0301	2.4849346095435285	1.6175172693944693	0.0179	2.5527632415526815	1.5896856587557202	0.023	2.360330852804221	1.3837341033018957	0.2179	2.4897230031106767	1.4882628937416962	0.1804	2.57840584745546	1.099083967006954	-0.0119	2.636100639261921	1.7048962049288534	-0.0301	2.6062934662841006	1.6354366440043044	-0.0179	2.589018084577316	1.6044945805487765	0.023	2.6341137808981387	1.6502965150299584	0.2179	2.6630097625637754	1.658415882212546	0.1804	2.61304359001588	1.5788900315319165	-0.0119	2.4372913111870513	2.1003428079010504	-0.0008	2.419181373589848	2.2447313312923862	0.0655	2.4696213319754494	2.046277994793105	0.1076	2.362128711120023	2.020816996649102	-0.01275	2.3918775719054777	1.9759660135372554	0.0119	2.384934078434028	1.8977580761540889	0.0002	2.683151288313723	2.06637037043295	0.01275	2.6589843066663073	2.0197441221587087	-0.0119	2.6848341260500903	1.928123105846381	-0.0002
719	11.983333333333333	2.5017511040213285	1.653666687881183	0.0301	2.4656677550065895	1.6994192208419374	0.0301	2.4910165088427187	1.629790479548594	0.0179	2.550043786263209	1.5877948368411527	0.023	2.356155006763146	1.3960507154913306	0.2179	2.4695656523031384	1.4921829524490189	0.1804	2.5711761110634934	1.1963682630511567	-0.0119	2.62755726057462	1.7148413010950718	-0.0301	2.6067850337881353	1.644192986438246	-0.0179	2.5840013706784277	1.6002834931067753	0.023	2.617343809236495	1.663446808712065	0.2179	2.638660568658849	1.66347596305141	0.1804	2.6064000501647753	1.57816515697498	-0.0119	2.431608109400599	2.117180183388655	-0.0008	2.4172580797448884	2.2561127654551156	0.0655	2.4686918231286366	2.0596569857812486	0.1076	2.3646644980285005	2.034153173385059	-0.01275	2.4015368949466214	1.988502859812445	0.0119	2.3913343396025732	1.906580534827451	0.0002	2.6775790745699712	2.0761553941517934	0.01275	2.6557557176084763	2.029328805342086	-0.0119	2.681214735775217	1.936978964341958	-0.0002
720	12.0	2.505857113610259	1.6607002510921705	0.0301	2.472344943283851	1.6973866060987244	0.0301	2.5074333003028455	1.6324587815705223	0.0179	2.5558874731894305	1.5580124220781912	0.023	2.3697786131156446	1.39017831878547	0.2179	2.4661098005760422	1.4731161524265388	0.1804	2.573551659823594	1.2743916525227785	-0.0119	2.6295929863602043	1.716850293788404	-0.0301	2.6187447386193363	1.6442352653959402	-0.0179	2.5913997155328756	1.5682633866939881	0.023	2.6180074998596123	1.6347901508969567	0.2179	2.634758384866082	1.6250841557874358	0.1804	2.612960474342889	1.5485377533299998	-0.0119	2.4326506093178306	2.129997653042748	-0.0008	2.419896956217636	2.264649922403273	0.0655	2.471883244553857	2.0694638174912106	0.1076	2.3753055788345434	2.0427419987578714	-0.01275	2.418792303575837	1.995455021159458	0.0119	2.4057675629641713	1.9102820766048714	0.0002	2.6824926523088	2.082086716584471	0.01275	2.66520054988148	2.0338108080813204	-0.0119	2.688088569682372	1.939474353371418	-0.0002
721	12.016666666666666	2.5217127951870015	1.656938340160706	0.0301	2.4891600724501473	1.68435092804041	0.0301	2.534241296870787	1.6208740031845723	0.0179	2.573417219080784	1.4930978505008201	0.023	2.4075047046532827	1.3569776486176521	0.2179	2.487900520849685	1.4226297397164018	0.1804	2.590378750513287	1.3072591690426325	-0.0119	2.645270009281047	1.707297041909303	-0.0301	2.6440952025978777	1.6317991492651018	-0.0179	2.6158248039635086	1.5025603250556963	0.023	2.6428203710592326	1.5567530311228466	0.2179	2.660224856432746	1.53728572369444	0.1804	2.637210113262502	1.4855023626548671	-0.0119	2.4410387176730035	2.1338661315042047	-0.0008	2.426643802883402	2.2672532328804205	0.0655	2.478880291053513	2.0719692825833644	0.1076	2.393292580664763	2.0427914851688844	-0.01275	2.4430267857345664	1.9928225255617242	0.0119	2.428822382179889	1.9062077945499436	0.0002	2.699356362301245	2.081332333496613	0.01275	2.6897553342492992	2.030385126407018	-0.0119	2.7076096606239295	1.9328684943436352	-0.0002
722	12.033333333333333	2.5492137546911704	1.6413302280853879	0.0301	2.515821012352981	1.659954177905239	0.0301	2.569895069191831	1.5944453914063264	0.0179	2.6031116502462504	1.3935249014150806	0.023	2.4697490630944605	1.2943864414460824	0.2179	2.536814486759277	1.3398158027124896	0.1804	2.622737579138896	1.2836432829895503	-0.0119	2.674823658573384	1.6856317099870148	-0.0301	2.6820992220690996	1.6065197210504691	-0.0179	2.6579584229496285	1.4043376610669538	0.023	2.692396792982637	1.4313574165805865	0.2179	2.7168389399877855	1.4034041526570786	0.1804	2.680091465397826	1.391058190014181	-0.0119	2.456593703419785	2.12692690771542	-0.0008	2.437041814970661	2.262870998823414	0.0655	2.4893385483251587	2.065891783650486	0.1076	2.4171814447390076	2.033150691722761	-0.01275	2.472802444094309	1.979485880051948	0.0119	2.459762974479086	1.8939017858293985	0.0002	2.7274473559809995	2.073137045673765	0.01275	2.7286813686217966	2.0184865655236592	-0.0119	2.7393536458857524	1.916832622593843	-0.0002
723	12.05	2.584565167486627	1.6172238591349672	0.0301	2.5491925325507516	1.6277848099344077	0.0301	2.6103758621869564	1.5583328721473586	0.0179	2.6415264991655585	1.271145395608878	0.023	2.5483779249983205	1.2106140027856427	0.2179	2.6051485448990084	1.2347767950442456	0.1804	2.6662494049957406	1.2130027328121857	-0.0119	2.714280786947147	1.6557036992885659	-0.0301	2.7280692414969603	1.5728755480600032	-0.0179	2.7126842629158743	1.285188122838264	0.023	2.7585654944519664	1.2749628131891497	0.2179	2.7959692476957674	1.2406500562609077	0.1804	2.737166222217012	1.27685231808938	-0.0119	2.4777811433283277	2.1116371818386277	-0.0008	2.450443468640852	2.2533038325357055	0.0655	2.5026975533587876	2.053382343475988	0.1076	2.4443674238181208	2.016399948875552	-0.01275	2.505362247423176	1.958409775422364	0.0119	2.4957941739877043	1.87601576127384	0.0002	2.76277698652428	2.059666179091562	0.01275	2.776582577509479	2.0007280306108846	-0.0119	2.7790875103416077	1.8944732562549045	-0.0002
724	12.066666666666666	2.6212483910090945	1.5911064945329028	0.0301	2.583979840622588	1.594304417532927	0.0301	2.649735395798441	1.5218164239778857	0.0179	2.6822232346010932	1.146382855289832	0.023	2.628927720523023	1.121501005175034	0.2179	2.678284984388438	1.1258791112368491	0.1804	2.7124868854814554	1.119872593098711	-0.0119	2.756529594874983	1.6245214881780004	-0.0301	2.7743658428609166	1.538834139458653	-0.0179	2.770502894057751	1.1645716096296999	0.023	2.826780997622014	1.1146703483932958	0.2179	2.881327972930204	1.076638959977451	0.1804	2.799827067270578	1.1616535484534558	-0.0119	2.5020014648569293	2.093529097482817	-0.0008	2.4660009280422006	2.242368967916609	0.0655	2.518173774503583	2.039016227044278	0.1076	2.4713364565797784	1.9977730112113412	-0.01275	2.5369098087491464	1.9354849179996718	0.0119	2.532524378524295	1.8573844472787329	0.0002	2.798974345349786	2.045143728247012	0.01275	2.82465169925666	1.9819800211969392	-0.0119	2.8197773954617813	1.8713310501808147	-0.0002
725	12.083333333333334	2.6524309299972675	1.5697234611075304	0.0301	2.6145077636618077	1.566262208979815	0.0301	2.6817967411779082	1.4943868984550683	0.0179	2.718094908985795	1.0409730897202902	0.023	2.696128188310129	1.0442003203996453	0.2179	2.7408852026569477	1.0328893388129448	0.1804	2.7523484842163306	1.031746722546907	-0.0119	2.7939380521279964	1.5993169430733865	-0.0301	2.813033152389665	1.5125739138054803	-0.0179	2.8210424634548388	1.063070062436178	0.023	2.881963256358922	0.9789627423889249	0.2179	2.9554935186099502	0.9400876777025516	0.1804	2.8582814521511355	1.0647781657157787	-0.0119	2.5263090729135973	2.078495675021918	-0.0008	2.4826814736758682	2.23404744138869	0.0655	2.5347758752771155	2.0275688728378722	0.1076	2.4945258356332527	1.9827337935900613	-0.01275	2.5635824378660925	1.9168837694945775	0.0119	2.5652760755204893	1.8428852974046919	0.0002	2.8295394026485012	2.0338991530001986	0.01275	2.8638691825754368	1.967235964112279	-0.0119	2.8541395251658304	1.8530238398826702	-0.0002
726	12.1	2.673268894780968	1.5573747947406738	0.0301	2.6363873393664794	1.5482188367835639	0.0301	2.701978724969374	1.4818635321435105	0.0179	2.743506651802555	0.9708646933473869	0.023	2.7392821855000684	0.991306424633778	0.2179	2.7826628641912903	0.9704116913976941	0.1804	2.7792043234386163	0.9689701752963281	-0.0119	2.8207362572629853	1.584716231975814	-0.0301	2.838423193962255	1.4992321992639812	-0.0179	2.856317087558325	0.9957214806221554	0.023	2.914173186612503	0.8886274727882633	0.2179	3.005899378088846	0.8515534497307441	0.1804	2.9040621053921853	0.9995694974562839	-0.0119	2.5478660894196823	2.070329844132478	-0.0008	2.4990927926068096	2.2307542956319946	0.0655	2.5511334279728324	2.0219596765730534	0.1076	2.5112159846403244	1.9747205704258624	-0.01275	2.582528210781762	1.9065788714678722	0.0119	2.5903466457895474	1.835365226613247	0.0002	2.850027910621233	2.0285087829455453	0.01275	2.8882027519980324	1.9595643383063857	-0.0119	2.8771175390301704	1.8429578044933634	-0.0002
727	12.116666666666667	2.6818153268688394	1.554820337628876	0.0301	2.6471457193844903	1.5415477634855295	0.0301	2.7080509775346773	1.4847519479111142	0.0179	2.755118760739192	0.9433576028456649	0.023	2.7544591069126985	0.9685347380889414	0.2179	2.8006776524007404	0.9452598659615292	0.1804	2.7901453105127088	0.940969126084408	-0.0119	2.833911472778553	1.5815808851452988	-0.0301	2.8482552812717583	1.499538442624607	-0.0179	2.8719934694228004	0.9693290250805315	0.023	2.920939997519858	0.8531769656078448	0.2179	3.027163330314699	0.8197183837681669	0.1804	2.9308846019002837	0.9707857674003031	-0.0119	2.563999146073565	2.0697325382203684	-0.0008	2.513299875429202	2.232624730393995	0.0655	2.5653203953581305	2.0224131713768756	0.1076	2.519858111828111	1.9742288896700582	-0.01275	2.592339613656406	1.905331155520409	0.0119	2.6054736030917236	1.8347823313969078	0.0002	2.85890584323358	2.02902773206595	0.01275	2.8959161083494416	1.9592654592908476	-0.0119	2.886866043264126	1.8413847791484779	-0.0002
728	12.133333333333333	2.6782141339489804	1.5602453625179629	0.0301	2.6457006595250214	1.5453197127146727	0.0301	2.69945310929906	1.4997207985918697	0.0179	2.7512943184378402	0.9594897134172055	0.023	2.7426263525516195	0.9765499425124087	0.2179	2.797315438282148	0.9585618095110341	0.1804	2.784993037477105	0.9488574687225176	-0.0119	2.8324661226731513	1.5880526189441495	-0.0301	2.8426596401523816	1.5110417934567184	-0.0179	2.866429900994626	0.9847590350216752	0.023	2.905191264821396	0.8739924871087796	0.2179	3.019165022919593	0.8447556349559293	0.1804	2.9341307228324873	0.9770798885417126	-0.0119	2.5721686953718708	2.075121447928192	-0.0008	2.5229742051810438	2.238122598896025	0.0655	2.5750105925488764	2.0271809423377394	0.1076	2.519710297552297	1.9796041009787966	-0.01275	2.5926014701216618	1.911556107829401	0.0119	2.6094106219867848	1.8390185341231802	0.0002	2.8567105740737797	2.033682690481686	0.01275	2.888340961294119	1.9646366436566893	-0.0119	2.88383873204339	1.8462900374366056	-0.0002
729	12.15	2.663688537139028	1.5709536694508233	0.0301	2.631999294328045	1.5576281601459743	0.0301	2.6767392980915217	1.5222180025048668	0.0179	2.7317518560698058	1.0166032166236234	0.023	2.707145566164278	1.0131584387903756	0.2179	2.7770975952320054	1.0080677096502728	0.1804	2.7650724461266045	0.9892329472214588	-0.0119	2.8167239140172606	1.6013105362563105	-0.0301	2.823045317841161	1.5302014835516105	-0.0179	2.839869202386001	1.0393967775188222	0.023	2.8720007641982077	0.9476596837878702	0.2179	2.984593512020821	0.9221149236840568	0.1804	2.9112504833071466	1.0142067551193876	-0.0119	2.5705110595030227	2.08413243069807	-0.0008	2.5261243641744437	2.245224370079595	0.0655	2.5782111521763267	2.033936769954431	0.1076	2.510665442967565	1.988489796923615	-0.01275	2.583548280520979	1.9228379369254847	0.0119	2.6017563934822268	1.845416533908312	0.0002	2.844934567016134	2.0401977735883046	0.01275	2.868121176147801	1.9733547811824534	-0.0119	2.8695936287577863	1.854985922158891	-0.0002
730	12.166666666666666	2.640639727953971	1.5843403310341175	0.0301	2.607774585393483	1.5759641918529175	0.0301	2.6423725828824858	1.5479915404078943	0.0179	2.698625700850713	1.1069228827470006	0.023	2.6537310555963023	1.0727026952124399	0.2179	2.7454290912527126	1.0869524585463681	0.1804	2.7334469227933007	1.0547673196644793	-0.0119	2.78897118164642	1.6184562465385572	-0.0301	2.7923816687993894	1.5534599190613052	-0.0179	2.795567992343497	1.1257754314126642	0.023	2.8273854122253046	1.0641508468022545	0.2179	2.929156225263793	1.0410924606568257	0.1804	2.864315948470817	1.075014030686543	-0.0119	2.55911299776963	2.0945879478981753	-0.0008	2.5222474713571947	2.2522803048794438	0.0655	2.5744126498373636	2.0407877659721585	0.1076	2.493892797027348	1.9987495070555281	-0.01275	2.566603713111516	1.9367702130730124	0.0119	2.5838120007027614	1.8518813611653173	0.0002	2.825925440469548	2.046749213797999	0.01275	2.8388568344611245	1.9833463346688003	-0.0119	2.8467679058388624	1.865117631486439	-0.0002
731	12.183333333333334	2.613009138938317	1.5981336712928236	0.0301	2.5772051217492833	1.59711517173925	0.0301	2.601498983933514	1.573446616884544	0.0179	2.65734296994563	1.215746860412951	0.023	2.591147969185529	1.1450051722265262	0.2179	2.7085613032985636	1.1822656477468045	0.1804	2.695434836377254	1.133725037110062	-0.0119	2.754116169826211	1.6366638798804407	-0.0301	2.7557434097244564	1.577423072463189	-0.0179	2.7408546630748747	1.2298296994606006	0.023	2.778358311583017	1.204503478909825	0.2179	2.8624073412152473	1.1826395665272191	0.1804	2.801757728705546	1.148496014095821	-0.0119	2.5407700600237577	2.1047994630352127	-0.0008	2.5129465834256397	2.2583169856078937	0.0655	2.565204986850924	2.046631880191893	0.1076	2.472369730659556	2.0087413594608168	-0.01275	2.544893104952205	1.9511496062887694	0.0119	2.5592618407233854	1.8572542671884809	0.0002	2.8031335544597757	2.0522939826855686	0.01275	2.8053596987439846	1.9930348351723093	-0.0119	2.819404370153165	1.874948690392034	-0.0002
732	12.2	2.5856693058645033	1.6104490878474746	0.0301	2.546064085556913	1.61752674725394	0.0301	2.5610280973243333	1.5956528731780006	0.0179	2.6154922468498523	1.3239752561504443	0.023	2.529969138528661	1.2170962130127725	0.2179	2.6729795449405307	1.277184058009712	0.1804	2.657736768686184	1.211901261488935	-0.0119	2.718739662227778	1.6533203889985852	-0.0301	2.7195118752647707	1.5989877593284791	-0.0179	2.6856940767243915	1.3333007294695522	0.023	2.7323036386882986	1.3440855347982335	0.2179	2.7962154614179595	1.3224528915870695	0.1804	2.73625684134918	1.2213776839257096	-0.0119	2.520107859683252	2.1135557849171813	-0.0008	2.5012716041172762	2.2629240686282865	0.0655	2.5536205800556315	2.0510316928016845	0.1076	2.4502674909028315	2.0172940293827337	-0.01275	2.5226502111414906	1.964052934931379	0.0119	2.5333532757648447	1.8611470491408357	0.0002	2.7806378684447632	2.0564359414774667	0.01275	2.7730954603197606	2.0013046387128117	-0.0119	2.7923699261230044	1.8833050206057542	-0.0002
733	12.216666666666667	2.5629815010429167	1.619946081574849	0.0301	2.519745847367734	1.634174754072452	0.0301	2.527364361812611	1.612539730364172	0.0179	2.5801977633988926	1.4141519472719075	0.023	2.479566077136251	1.277225008136516	0.2179	2.64400684242332	1.356337426523699	0.1804	2.626397359721915	1.2767221141716831	-0.0119	2.6889202632885207	1.6664146991759166	-0.0301	2.6894435276032986	1.615775101183277	-0.0179	2.639347422854412	1.419505087661979	0.023	2.695360052745502	1.4603865715266855	0.2179	2.741221173487036	1.4384713388173331	0.1804	2.6799997278551615	1.2819079963168791	-0.0119	2.5016894114050126	2.1201015709636377	-0.0008	2.490335801933309	2.2660283297925803	0.0655	2.542756360534867	2.0539423811617943	0.1076	2.431503159447326	2.0236799203313076	-0.01275	2.503801802751349	1.9740564309823903	0.0119	2.5110328652887834	1.8636041887036259	0.0002	2.762016744240158	2.0591543466708715	0.01275	2.7467804995116407	2.0074672801534947	-0.0119	2.769970086183615	1.8895000091730325	-0.0002
734	12.233333333333333	2.547349597121545	1.6260954900035323	0.0301	2.5013628884939703	1.64548152722741	0.0301	2.5041173378346047	1.6233569087145787	0.0179	2.555569287945361	1.4764919946554393	0.023	2.4450223881004014	1.318828946395868	0.2179	2.624347528782512	1.4111042911853553	0.1804	2.604770506172454	1.3213012182095971	-0.0119	2.6681335863560394	1.6750433362475357	-0.0301	2.668725794690951	1.6267558956210761	-0.0179	2.6071075925644984	1.479093182379151	0.023	2.670583391512217	1.5407893558131565	0.2179	2.703305559984948	1.5184433249552747	0.1804	2.640236125787549	1.3236455830161922	-0.0119	2.488345124589002	2.1242252100871997	-0.0008	2.4821535457981247	2.2677830450953964	0.0655	2.5346173567091785	2.0555527229095256	0.1076	2.418353819839191	2.027699035038948	-0.01275	2.490610861768634	1.9805672894017856	0.0119	2.495221573132588	1.8648823424608059	0.0002	2.7492130787640128	2.0606441890606244	0.01275	2.7288944826095505	2.011339428581368	-0.0119	2.754557371121064	1.893374211714392	-0.0002
735	12.25	2.5386949720139937	1.6292533045052673	0.0301	2.491038590824048	1.6516352142955668	0.0301	2.4912212615693203	1.6288381865405595	0.0179	2.541742309668758	1.5111294129853365	0.023	2.426004814946468	1.3419825263989427	0.2179	2.6136327879413916	1.4415782546427731	0.1804	2.592773825409615	1.3458873839145096	-0.0119	2.6564819539531737	1.6795757219838507	-0.0301	2.657259549919741	1.6324744992801492	-0.0179	2.5890770386636226	1.5121966425713549	0.023	2.6572859151503114	1.585467307830046	0.2179	2.6823081053665043	1.5627509339838768	0.1804	2.6176205359109295	1.346793719358754	-0.0119	2.480569651505369	2.12627113040363	-0.0008	2.4772303871214616	2.268516989215932	0.0655	2.529709921154769	2.0562046559130227	0.1076	2.410943578341938	2.0296909719134564	-0.01275	2.483183395896134	1.9839315857488138	0.0119	2.486197890777649	1.865338995443941	0.0002	2.7421367891068216	2.0612368386022997	0.01275	2.719144093206318	2.013254395551897	-0.0119	2.7460358413730366	1.895282308468748	-0.0002
736	12.266666666666666	2.535259244243892	1.6303184173822636	0.0301	2.4868319343703558	1.6539955758660407	0.0301	2.4860865936897873	1.6306270377385927	0.0179	2.5361087217599567	1.524969370356792	0.023	2.4185349162651937	1.3512691480089603	0.2179	2.6094995906107017	1.4537943731837402	0.1804	2.587993335550714	1.355558923052543	-0.0119	2.6517500880065583	1.6811884480620087	-0.0301	2.652712889561978	1.634470484425741	-0.0179	2.5817859239035337	1.5254194467957252	0.023	2.6523272086343086	1.603323658180008	0.2179	2.6739721208559324	1.5803653396152788	0.1804	2.6081942116050034	1.3560224441716584	-0.0119	2.477194488049207	2.1269040234855754	-0.0008	2.4749792768802648	2.2686277905510863	0.0655	2.5274570423824945	2.0562834588317256	0.1076	2.407905539366321	2.0303055155064236	-0.01275	2.48014103888709	1.9850827040876695	0.0119	2.4824091792124303	1.8653321702023322	0.0002	2.7393352799626474	2.061297736342469	0.01275	2.715389430746526	2.013841748737822	-0.0119	2.742661195466818	1.8958628618068	-0.0002
737	12.283333333333333	2.5348934755603127	1.630251165158377	0.0301	2.486268193344295	1.6541720892429852	0.0301	2.4855119379072494	1.630444626964808	0.0179	2.5353652036256897	1.5265421894557203	0.023	2.417823915565054	1.3523366371401364	0.2179	2.6092046106305467	1.4552011680604198	0.1804	2.5874687529884985	1.356555395768475	-0.0119	2.6511351260657796	1.6811798977631132	-0.0301	2.652227233995223	1.6344155748991838	-0.0179	2.580866288900257	1.5269196938385545	0.023	2.6521084169294147	1.6053536755113638	0.2179	2.673072170175281	1.582260094494931	0.1804	2.606728195630799	1.3570144556431407	-0.0119	2.476534883128773	2.1267937751566435	-0.0008	2.4744441498976992	2.268463789247818	0.0655	2.5269196296911036	2.056109666791241	0.1076	2.4074800118314097	2.030195903777445	-0.01275	2.4797236445645745	1.98503113336914	0.0119	2.481809509207557	1.8651396490678798	0.0002	2.7390504238004607	2.0611275804354956	0.01275	2.7151015471240703	2.0137324465362054	-0.0119	2.7423121563877966	1.8957423474213	-0.0002
738	12.3	2.5358536082051013	1.6298007963072674	0.0301	2.4872990662733754	1.653465738076917	0.0301	2.4868719184116848	1.6296225444106993	0.0179	2.536798077860107	1.5228102527807805	0.023	2.4200124083447183	1.3497613810171707	0.2179	2.610595085272829	1.4518493132698485	0.1804	2.588797643685812	1.3540216798062403	-0.0119	2.6523283153524444	1.6805713246632992	-0.0301	2.653471271373087	1.633614209675532	-0.0179	2.582723119587068	1.5233581751435166	0.023	2.65376413789382	1.6005258596942233	0.2179	2.6753450287282527	1.5773369087271842	0.1804	2.6088468867059706	1.3543363823940175	-0.0119	2.4771336615575477	2.126444773870633	-0.0008	2.474781247934983	2.2682737784486346	0.0655	2.5272766513197396	2.0558969079091276	0.1076	2.4082054837329627	2.0298528407099115	-0.01275	2.4804810630676952	1.9845723443279581	0.0119	2.4827082687359496	1.8649356824539898	0.0002	2.7398676821609	2.060925069767592	0.01275	2.7162476426779394	2.0133996107572054	-0.0119	2.7432726969668284	1.8953775215598438	-0.0002
739	12.316666666666666	2.5370187680897756	1.6294512618332322	0.0301	2.4885827232615583	1.6527231582538335	0.0301	2.488450039731384	1.6290175541138887	0.0179	2.5386537379980787	1.5182766561515055	0.023	2.422636087556407	1.3464565058727307	0.2179	2.6123506742876295	1.4476099661614703	0.1804	2.590439792438018	1.3513785422718572	-0.0119	2.6538270606992835	1.680018304315379	-0.0301	2.654932189855104	1.6328981987701443	-0.0179	2.585013553796071	1.5190464223649844	0.023	2.655453686480908	1.5946330582854564	0.2179	2.678024342779713	1.5713065114561497	0.1804	2.611672441949125	1.3508611332664224	-0.0119	2.478006051516366	2.1261708765367966	-0.0008	2.4754279013069485	2.2682139891484727	0.0655	2.5279923151121615	2.055763715813056	0.1076	2.4091225491644095	2.029580556588163	-0.01275	2.4814746315274223	1.9842257384314446	0.0119	2.4840250050123314	1.8648095769240534	0.0002	2.7408910810573097	2.0607993916821696	0.01275	2.7175210950999733	2.013136082744651	-0.0119	2.744444920757616	1.8950363977229576	-0.0002
740	12.333333333333334	2.5378207728006936	1.629457968397483	0.0301	2.4894203222878977	1.6523865548231718	0.0301	2.489350199034607	1.6290810286380768	0.0179	2.540040577497815	1.515246296288565	0.023	2.4244570795981195	1.3438691743446112	0.2179	2.6138546603312562	1.4444245478412878	0.1804	2.591618653539479	1.3504678459951152	-0.0119	2.6548569906734554	1.679860254727779	-0.0301	2.6558296768748177	1.6326947046213056	-0.0179	2.586526001305556	1.5161946318479702	0.023	2.6562314003087946	1.590633094940485	0.2179	2.679683721456987	1.5670533404966194	0.1804	2.6137048898520465	1.3479868744351224	-0.0119	2.478620920721878	2.1261292832910876	-0.0008	2.476092694250828	2.268367824520068	0.0655	2.5288003499603313	2.0557606001466397	0.1076	2.409730563472904	2.0295304843755892	-0.01275	2.4822263658212003	1.9842697599295902	0.0119	2.485226192083564	1.8647937923598314	0.0002	2.741678084726493	2.0607963092425456	0.01275	2.7182545499084196	2.0130873003272716	-0.0119	2.7452764718801306	1.8948389548919882	-0.0002
741	12.35	2.5380887426265386	1.6298869013902906	0.0301	2.4895912434257177	1.6525856719243557	0.0301	2.4892973822550486	1.6299258447221947	0.0179	2.540680341462387	1.5144221843233001	0.023	2.425110379522164	1.3424358332962434	0.2179	2.6149387093445897	1.4428812136430442	0.1804	2.5921002119636607	1.351856285034076	-0.0119	2.6551759182515737	1.6801880387630233	-0.0301	2.6559270750211916	1.633114852699897	-0.0179	2.5868830338131694	1.515477203702393	0.023	2.6558320542701255	1.5894272215181375	0.2179	2.679889983813197	1.5654447327406302	0.1804	2.614456074127218	1.346126645710267	-0.0119	2.4787937544295002	2.1263549809422195	-0.0008	2.4766671160755585	2.2687490499391285	0.0655	2.5296012686776677	2.0558890828404572	0.1076	2.4098700536450024	2.029735927209213	-0.01275	2.4825858803100984	1.984778470928015	0.0119	2.4861400531276097	1.8648833200818151	0.0002	2.742098128433994	2.0609162908639047	0.01275	2.7182541777499303	2.013284949712648	-0.0119	2.7456025046109818	1.8948067195631664	-0.0002
742	12.366666666666667	2.537922724170868	1.6306076234028628	0.0301	2.4892248210888446	1.6531857164708816	0.0301	2.4885031595343494	1.6313052349388488	0.0179	2.540688074901971	1.5153778997927771	0.023	2.424814880133314	1.342000039670832	0.2179	2.6156324653085234	1.4427247821094749	0.1804	2.592005710404533	1.3549460266232662	-0.0119	2.6549135546040743	1.6808638259487805	-0.0301	2.6553939664058603	1.6339798213147765	-0.0179	2.5863079257611568	1.51647622553825	0.023	2.654557087761936	1.5904860941344774	0.2179	2.6789487026399255	1.5660045476626592	0.1804	2.614134249305942	1.345178854178924	-0.0119	2.478594485415541	2.126764993320901	-0.0008	2.4771178841866783	2.269273448072355	0.0655	2.530328632568515	2.056102113397036	0.1076	2.4096295490147748	2.0301179526048445	-0.01275	2.4826110701429243	1.9856072566196594	0.0119	2.4867598616975557	1.8650389083571468	0.0002	2.7422053326740516	2.061115012639467	0.01275	2.717687411508451	2.013652774802908	-0.0119	2.7455135639769916	1.894895689342892	-0.0002
743	12.383333333333333	2.5376376077485627	1.6312291280478408	0.0301	2.4887587946816634	1.6537641273594978	0.0301	2.487656343511782	1.632485552851453	0.0179	2.5404491463634593	1.5167405371391605	0.023	2.4242388508431403	1.3420790460159564	0.2179	2.615969748738477	1.4431514263302947	0.1804	2.5917160281749716	1.3577825583820293	-0.0119	2.654503823484636	1.6814754372892098	-0.0301	2.6547740410102314	1.634762511405265	-0.0179	2.585541997774595	1.5178448534987348	0.023	2.6533184534712295	1.5921091247195411	0.2179	2.677840881121303	1.5672388552110592	0.1804	2.6134932344026915	1.3448643106323632	-0.0119	2.478310845479541	2.127125893307016	-0.0008	2.4773885715698207	2.2696990108226935	0.0655	2.5308136567429966	2.0562855581550146	0.1076	2.409313173488604	2.0304561201282962	-0.01275	2.4824996004552036	1.9863158593138945	0.0119	2.4870833625018887	1.865174734214786	0.0002	2.7421596500383245	2.0612861064529997	0.01275	2.7170682473573406	2.0139784433418364	-0.0119	2.745290100802845	1.8950058983291862	-0.0002
744	12.4	2.537764639408703	1.631007210162478	0.0301	2.488965331601486	1.6535420114192536	0.0301	2.488002320833972	1.6320676924456188	0.0179	2.5405839014208333	1.5161432174106995	0.023	2.4244931237832534	1.3419832285618079	0.2179	2.6158632206047487	1.4429071460094571	0.1804	2.591854761160975	1.3566821215171434	-0.0119	2.6546928684771456	1.6812535074080055	-0.0301	2.6550311742356363	1.634481477745439	-0.0179	2.5858806739234015	1.5172498880930392	0.023	2.6537830579201813	1.5913876952227048	0.2179	2.678302454214228	1.5666689423863953	0.1804	2.613822697948538	1.3449180055519732	-0.0119	2.4784581365701945	2.127002075418111	-0.0008	2.477325083286033	2.2695547950543045	0.0655	2.530671812972335	2.0562306938713966	0.1076	2.4094562436671674	2.030340544692515	-0.01275	2.4825670332577126	1.986061033158744	0.0119	2.48700365823824	1.8651385312936144	0.0002	2.742193853270429	2.061235492335712	0.01275	2.7173118767721776	2.0138673996413448	-0.0119	2.7453934269121762	1.8949745412308305	-0.0002
745	12.416666666666666	2.539054858872073	1.6288004802132157	0.0301	2.4909651262703902	1.6513508168733473	0.0301	2.4913825793754527	1.6279022984112221	0.0179	2.5419350977402764	1.5101934841726559	0.023	2.4271347292401213	1.3408629658025664	0.2179	2.6150525993492697	1.4403231030779708	0.1804	2.5932843214015575	1.346056289754691	-0.0119	2.6565455183886617	1.679031462458177	-0.0301	2.6575737629927585	1.631649436333527	-0.0179	2.589194330784071	1.511336143651823	0.023	2.6584442208942796	1.5841754011697715	0.2179	2.6828665903142754	1.5608322036957043	0.1804	2.6169474843923766	1.3451679524260862	-0.0119	2.4797838143077735	2.12573051857828	-0.0008	2.4766415053233173	2.2681073973132473	0.0655	2.5292511972950606	2.055620260287451	0.1076	2.410833860819999	2.029148400440577	-0.01275	2.4832386597779883	1.9835459311836396	0.0119	2.486261582061438	1.8647010621911986	0.0002	2.7426010656580853	2.0606683180219205	0.01275	2.7197631814147236	2.0127202210592814	-0.0119	2.7464644465861467	1.8945708929601388	-0.0002
746	12.433333333333334	2.5423904674342857	1.6232101527919873	0.0301	2.4960921492289865	1.6457745519888727	0.0301	2.5000113039571192	1.617352996423486	0.0179	2.545469822971488	1.4948778032559322	0.023	2.4339847488109854	1.3378004586736374	0.2179	2.613146400809069	1.4335058656427455	0.1804	2.5970054202519957	1.3190988461719166	-0.0119	2.6613180476402	1.6733875315396398	-0.0301	2.6640851812088235	1.624453980495074	-0.0179	2.5977036333573227	1.49612724624323	0.023	2.670319869675717	1.5655809246530257	0.2179	2.6945589061776474	1.5456879931957281	0.1804	2.625008589910558	1.3455408840202079	-0.0119	2.483175598902507	2.1225010897519074	-0.0008	2.4749565141550027	2.2644510613828133	0.0655	2.5257150324404716	2.054066112900063	0.1076	2.414367328370241	2.026119226206958	-0.01275	2.4850001046545054	1.9771794061996582	0.0119	2.4844826084388636	1.863582717998565	0.0002	2.7437028805803765	2.0592238861593324	0.01275	2.726035171136889	2.009805060480204	-0.0119	2.7492489172514207	1.893522184725277	-0.0002
747	12.45	2.5484794850794263	1.6130925826130709	0.0301	2.5054233226258575	1.6356610984745437	0.0301	2.5156839682854675	1.5982635005538877	0.0179	2.5519559122699276	1.4669648045712707	0.023	2.4465018439712254	1.3320882382458707	0.2179	2.609799424681106	1.4209601074515086	0.1804	2.6038167003068367	1.2702599860166586	-0.0119	2.6700206542305853	1.6631620106228457	-0.0301	2.6759269147475333	1.611416873427528	-0.0179	2.6131993017236295	1.4684192514839713	0.023	2.6918643495989962	1.5316713514869165	0.2179	2.715825711469837	1.5180033288873458	0.1804	2.6397232644066237	1.346024631555121	-0.0119	2.4893493920285845	2.1166522402808354	-0.0008	2.4719475613296438	2.257842818913493	0.0655	2.519366002353026	2.0512511089898076	0.1076	2.4207999470769863	2.020632236147354	-0.01275	2.488236051662295	1.9656598954478104	0.0119	2.4813407552696782	1.8615553286892421	0.0002	2.745749185041261	2.056607490603146	0.01275	2.7374344230024334	2.004524503363785	-0.0119	2.754342797496208	1.8916088464594836	-0.0002
748	12.466666666666667	2.557205033855426	1.598646047179426	0.0301	2.518779331658489	1.6212072611864101	0.0301	2.5380972082027893	1.5710082782971693	0.0179	2.5612708399927273	1.426991368921945	0.023	2.4644455300206647	1.3238316684412061	0.2179	2.605079380190498	1.4029227855283957	0.1804	2.613588040796889	1.2004900381165233	-0.0119	2.6824866750520733	1.6485549150467929	-0.0301	2.6928701216619357	1.5927934230383756	-0.0179	2.6353834652451202	1.4287454801076813	0.023	2.722657555428384	1.4830983838153693	0.2179	2.746256182108674	1.4783088804269857	0.1804	2.660811890382754	1.3466034259931388	-0.0119	2.4981879577345043	2.1082988982657174	-0.0008	2.4676764885902243	2.248412852693569	0.0655	2.510331395872136	2.0472311698926102	0.1076	2.4300082920356867	2.0127952998284604	-0.01275	2.4928856656733367	1.949213022221992	0.0119	2.4769010769308077	1.858659519510215	0.0002	2.7487018034014774	2.0528711502926864	0.01275	2.753739710127907	1.9969823789769467	-0.0119	2.7616486132491334	1.8888688235595281	-0.0002
749	12.483333333333333	2.5670699336392775	1.5823384502682547	0.0301	2.533872022990406	1.6048848725997356	0.0301	2.5634149897708447	1.5402430867660273	0.0179	2.5718119977937435	1.3818110812499038	0.023	2.4847350961047554	1.3144633011216955	0.2179	2.5997793307366477	1.3825019221014596	0.1804	2.624640297011448	1.1217144308741793	-0.0119	2.69657832544051	1.63206297960757	-0.0301	2.7120130779641465	1.5717670988497436	-0.0179	2.6604542619408553	1.383906823718921	0.023	2.757432338402816	1.4281931193807569	0.2179	2.7806383502879335	1.433421993721616	0.1804	2.68465599633076	1.3472030396886505	-0.0119	2.50817696633782	2.098868573905461	-0.0008	2.4628677722251613	2.2377709498621994	0.0655	2.5001481440432016	2.042693335637237	0.1076	2.4404145607009817	2.0039478366640466	-0.01275	2.498148589097063	1.9306479892821966	0.0119	2.4719120864872814	1.8553904957477088	0.0002	2.752049741208089	2.048653454262873	0.01275	2.772159457243974	1.988467731580835	-0.0119	2.7699114143620136	1.885772242769221	-0.0002
750	12.5	2.575822547985845	1.5678807920242626	0.0301	2.54725974103928	1.5904111928770357	0.0301	2.5858680404770635	1.5129686791501729	0.0179	2.5811687461243342	1.3417315214833923	0.023	2.502737769130327	1.3061375744461086	0.2179	2.595092721250021	1.3643718892817112	0.1804	2.6344481803862436	1.0518683699400226	-0.0119	2.709080138113227	1.6174405481468561	-0.0301	2.7289917780810984	1.553124723034743	-0.0179	2.6826934570952967	1.3441316079071162	0.023	2.7882683003594906	1.3794851823699124	0.2179	2.81113372431471	1.3935951486440878	0.1804	2.705812054213507	1.3477115207224983	-0.0119	2.517037892098732	2.0905075582632078	-0.0008	2.458610006066137	2.2283375583802347	0.0655	2.4911267526390053	2.0386702335984994	0.1076	2.4496454756672814	1.9961036500574976	-0.01275	2.5028208419438402	1.9141891372984952	0.0119	2.4674989442416098	1.8524923247213412	0.0002	2.7550245986662354	2.0449141807583815	0.01275	2.7884957077294477	1.980918613888162	-0.0119	2.7772439113136405	1.8830254678254206	-0.0002
751	12.516666666666666	2.581964566685969	1.5577408665065706	0.0301	2.5566526359160586	1.5802586470603384	0.0301	2.6016185277160915	1.4938404651345434	0.0179	2.5877362314893073	1.313611162825178	0.023	2.515370574632405	1.3002903652860993	0.2179	2.5918116484171687	1.3516450504880557	0.1804	2.6413309077710765	1.0028805199855328	-0.0119	2.7178524737584233	1.6071844268985758	-0.0301	2.7409029730671697	1.5400497584328376	-0.0179	2.6982963802320272	1.3162253913812776	0.023	2.8098974217917982	1.3453120358117405	0.2179	2.8325275144539286	1.3656517326120519	0.1804	2.720657242100039	1.348057715771696	-0.0119	2.5232544861015667	2.084643104121623	-0.0008	2.4556261491800044	2.2217220511747726	0.0655	2.48480263974712	2.0358484506692047	0.1076	2.456121958852204	1.9906019096840741	-0.01275	2.5061008224881554	1.9026456011076063	0.0119	2.4644084085711073	1.850459710876498	0.0002	2.7571145069979903	2.0422914744084073	0.01275	2.799955927753721	1.9756238195116351	-0.0119	2.7823900734274427	1.8810983425083867	-0.0002
752	12.533333333333333	2.5853721778709464	1.552118703122698	0.0301	2.5618625569833537	1.574628672380541	0.0301	2.6103526274082993	1.4832356316057875	0.0179	2.59138026027162	1.2980149480380923	0.023	2.5223782971090296	1.2970455911726997	0.2179	2.589996076546547	1.3445830131941263	0.1804	2.6451487811421663	0.9757208206093114	-0.0119	2.7227188111185785	1.601497472478892	-0.0301	2.747508645803637	1.5328008379430702	-0.0179	2.7069500857713216	1.3007483086955807	0.023	2.8218903921068996	1.3263613548784454	0.2179	2.8443920549752395	1.3501573155736708	0.1804	2.7288917327021474	1.3482441341108544	-0.0119	2.5267018996571773	2.0813910008014918	-0.0008	2.453972795853998	2.218054423229663	0.0655	2.481297871040676	2.0342835997014923	0.1076	2.4597141662153574	1.9875512863471	-0.01275	2.507921324362372	1.896244986770546	0.0119	2.4626974991924717	1.8493327384889966	0.0002	2.7582756968332127	2.040837021839875	0.01275	2.806311597010535	1.9726879318927977	-0.0119	2.7852456552502667	1.8800294620589222	-0.0002
753	12.55	2.5867319277364103	1.5498780583089355	0.0301	2.563940344975635	1.5723843087193776	0.0301	2.6138338892859565	1.4790102675401173	0.0179	2.5928342503817388	1.2917968390045014	0.023	2.5251732918736	1.295751736468896	0.2179	2.5892753421957426	1.3417651732629712	0.1804	2.6466711708156105	0.9648999994801577	-0.0119	2.7246600581439915	1.599230738227943	-0.0301	2.7501420153417135	1.529912764937686	-0.0179	2.7104003658436815	1.2945779707276481	0.023	2.826669900686328	1.3188091188877593	0.2179	2.8491218837275696	1.3439852315623344	0.1804	2.7321754710174297	1.34831473677687	-0.0119	2.5280758509624888	2.0800943556621934	-0.0008	2.4533144566531577	2.216593042598958	0.0655	2.479902263177907	2.033659596923346	0.1076	2.461146665710447	1.9863353771866092	-0.01275	2.5086483288870847	1.8936938273686055	0.0119	2.4620175773157307	1.8488836255558747	0.0002	2.7587405451442226	2.0402570389910126	0.01275	2.8088455548280944	1.9715177399272856	-0.0119	2.7863855295998183	1.8796032132995302	-0.0002
754	12.566666666666666	2.5868791988365083	1.5496381602213785	0.0301	2.5641643230953983	1.5721433841206904	0.0301	2.6142073408694353	1.4785587315610371	0.0179	2.5929918807051444	1.2911278549181613	0.023	2.5254750292289807	1.2956115663773795	0.2179	2.589201041932717	1.341459477360836	0.1804	2.646835334574436	0.9637436265514508	-0.0119	2.724869805774361	1.5989877659057652	-0.0301	2.750424966659221	1.529604167440727	-0.0179	2.7107715988191203	1.2939144068145858	0.023	2.827181868433425	1.3179990431594186	0.2179	2.8496301065656606	1.3433249551330437	0.1804	2.7325295275460575	1.3483181824711168	-0.0119	2.528223274875079	2.0799550748746003	-0.0008	2.453244734919891	2.216436887337771	0.0655	2.4797541249897077	2.033592518558427	0.1076	2.4613010065836867	1.9862050821223105	-0.01275	2.5087276607130624	1.8934204828595913	0.0119	2.4619468325087235	1.8488355676742985	0.0002	2.7587922914400513	2.0401946909705524	0.01275	2.8091179641792037	1.9713923340369413	-0.0119	2.786509371668636	1.879557300102558	-0.0002
755	12.583333333333334	2.5864847330987435	1.5502906376268046	0.0301	2.5635611243716596	1.5727962230176955	0.0301	2.613196364469867	1.479788625820924	0.0179	2.592571852818903	1.2929303716777978	0.023	2.5246655309496435	1.295980618428918	0.2179	2.5894136852292893	1.3422721251426368	0.1804	2.646395273272202	0.9668890847807586	-0.0119	2.7243067081045385	1.5996474990852403	-0.0301	2.749660597325397	1.5304439359348923	-0.0179	2.709770911276567	1.295703380865423	0.023	2.8257927360746398	1.3201851240351803	0.2179	2.848257341094228	1.3451066561572522	0.1804	2.7315787421688396	1.3482910849502703	-0.0119	2.5278253225960707	2.0803329227936036	-0.0008	2.453438271151156	2.216862734735354	0.0655	2.4801623784807125	2.033774507781676	0.1076	2.4608853408825637	1.9865591039181434	-0.01275	2.5085174564959156	1.8941636637841879	0.0119	2.4621473927046607	1.8489663546782533	0.0002	2.75865807851124	2.0403638467189507	0.01275	2.8083818337906488	1.9717330574601715	-0.0119	2.786178927168543	1.8796810482350093	-0.0002
756	12.6	2.585969511042501	1.5511395678398956	0.0301	2.562775659281619	1.57364599022889	0.0301	2.611884862228079	1.481384942818988	0.0179	2.5920267140314466	1.2952674980865724	0.023	2.52361428503206	1.2964487535223181	0.2179	2.589687498997284	1.3433243913065935	0.1804	2.645826288844339	0.9709623997486095	-0.0119	2.723572954280242	1.6005059918812785	-0.0301	2.748668405137987	1.5315318471547759	-0.0179	2.7084721677904344	1.2980227492321874	0.023	2.8239904936646014	1.3230048377057821	0.2179	2.846475683778022	1.3473883530144741	0.1804	2.730345999457942	1.3482541766512433	-0.0119	2.5273112960263995	2.0808265434264754	-0.0008	2.453691730300407	2.217416476810211	0.0655	2.4806936258112406	2.0340127524028144	0.1076	2.4603447569165295	1.9870199512200564	-0.01275	2.5082425923596916	1.8951318626048448	0.0119	2.462407595321803	1.8491364412874618	0.0002	2.758479796307501	2.0405853066048443	0.01275	2.807424481945072	1.972176650529888	-0.0119	2.785746635106717	1.8798420804990774	-0.0002
757	12.616666666666667	2.5855371984670583	1.551847770991439	0.0301	2.5621206288508183	1.5743550019379118	0.0301	2.6107999753915534	1.4827091162069794	0.0179	2.591577028692699	1.2971959755589857	0.023	2.522744338933681	1.296811235281834	0.2179	2.58991283406869	1.3441867914607444	0.1804	2.645360682244869	0.9743210175839028	-0.0119	2.7229604764646465	1.6012221310628396	-0.0301	2.7478468304725516	1.532429842566222	-0.0179	2.707397760755234	1.2999364483959885	0.023	2.8224984597154776	1.3253019261169565	0.2179	2.845001004068315	1.3492129323339694	0.1804	2.7293297130696796	1.3482152594939472	-0.0119	2.5268909755589735	2.0812422140011964	-0.0008	2.4539075994264024	2.217878060269945	0.0655	2.4811383659285973	2.034214391066421	0.1076	2.4598953389840386	1.9874047897655343	-0.01275	2.5080119263466107	1.895942079993384	0.0119	2.462625280475898	1.8492781863579215	0.0002	2.7583252401398064	2.040772771606619	0.01275	2.806627936148511	1.9725471922598403	-0.0119	2.785382827553816	1.87997616529106	-0.0002
758	12.633333333333333	2.585247053499474	1.5523168223593848	0.0301	2.5616874779422756	1.5748246348472126	0.0301	2.6100969019358997	1.483573797740456	0.0179	2.591288071332653	1.2984371712144098	0.023	2.522180396505001	1.2970042218694864	0.2179	2.5900575433434136	1.344731372878353	0.1804	2.6450676171438783	0.9764802618779703	-0.0119	2.722554614553397	1.6016963087388072	-0.0301	2.74731310815481	1.533008788695822	-0.0179	2.7067015965831334	1.3011679854673353	0.023	2.821529348492453	1.3267310616870494	0.2179	2.8440440380986156	1.3502901396208433	0.1804	2.728677286263652	1.3481750261942422	-0.0119	2.526626777087834	2.0815238708392916	-0.0008	2.4540580854690526	2.218183230994645	0.0655	2.4814357757993992	2.0343526841392503	0.1076	2.459600452264034	1.9876602881270946	-0.01275	2.5078571752797987	1.8964828429056069	0.0119	2.4627709092268986	1.8493718204312657	0.0002	2.7582135749457306	2.0409013957457596	0.01275	2.8061040877350263	1.972793379489748	-0.0119	2.785136950247945	1.8800644803526336	-0.0002
759	12.65	2.5850849455500255	1.552570829985268	0.0301	2.5614538553743316	1.575078978704692	0.0301	2.6097365460804625	1.4840258412601721	0.0179	2.59114337901126	1.2990615339229898	0.023	2.5218912486898235	1.2970464668868715	0.2179	2.590130075548478	1.3449909011247847	0.1804	2.6449291372652772	0.9775637335204825	-0.0119	2.722334609883367	1.6019529046771568	-0.0301	2.7470378258061223	1.5333014901494373	-0.0179	2.7063450108505713	1.3017873118877008	0.023	2.821029653796937	1.327383174858392	0.2179	2.843551886237123	1.3507003840349228	0.1804	2.7283513501095946	1.3481338627721104	-0.0119	2.5265023775265227	2.081684743760355	-0.0008	2.4541494945141094	2.218347793302509	0.0655	2.4816006376773845	2.0344338098256483	0.1076	2.4594444163755296	1.9877994488473563	-0.01275	2.507770799134078	1.8967811411668714	0.0119	2.4628517765166777	1.8494221902911618	0.0002	2.7581409034598767	2.0409769149423416	0.01275	2.805825307216065	1.9729277006099435	-0.0119	2.78499736499365	1.8801116248000471	-0.0002
760	12.666666666666666	2.5850157725623735	1.5526715849072117	0.0301	2.5613619772082497	1.575179885586797	0.0301	2.60961296282391	1.4841896721551038	0.0179	2.591097164788694	1.2992634794975162	0.023	2.5217919848606587	1.2970036297180478	0.2179	2.590153208676054	1.345059926055095	0.1804	2.6448934360010186	0.9779115979209086	-0.0119	2.722247015286449	1.6020545084793392	-0.0301	2.746941646998396	1.5333976914621743	-0.0179	2.7062229562456	1.3019874559141567	0.023	2.820855283781079	1.3275253873084303	0.2179	2.843381452425027	1.350697666940796	0.1804	2.7282481234898364	1.3480989102253196	-0.0119	2.5264707493641296	2.0817565152658535	-0.0008	2.4541951353587628	2.2184123951011503	0.0655	2.4816695831192974	2.034471929413367	0.1076	2.4593858955670034	1.9878554010833887	-0.01275	2.5077339584793212	1.8969046762342086	0.0119	2.4628856841875653	1.8494418178653123	0.0002	2.758100303625552	2.0410124565161576	0.01275	2.805719268813146	1.9729819156950308	-0.0119	2.7849357398967904	1.8801296379492127	-0.0002
761	12.683333333333334	2.5850151464254236	1.552668314444693	0.0301	2.561364924914579	1.5751766585015816	0.0301	2.609626254269098	1.4841765909766331	0.0179	2.5911038738593684	1.2992341314691735	0.023	2.521802475739275	1.2969750350384706	0.2179	2.5901492492879665	1.3450406727176942	0.1804	2.6449038477195925	0.9778595028989063	-0.0119	2.722249209120704	1.6020511459603948	-0.0301	2.74695085725812	1.5333845411791085	-0.0179	2.706236154817913	1.3019582739736382	0.023	2.8208723955247232	1.327462447181479	0.2179	2.843398860656808	1.3506148311061896	0.1804	2.7282640482052534	1.348090694575255	-0.0119	2.526480247279074	2.081758154485586	-0.0008	2.4541980246308492	2.2184099205699654	0.0655	2.4816687870040655	2.034473630834686	0.1076	2.459389062934412	1.9878539362389689	-0.01275	2.5077334094408004	1.8969032820054594	0.0119	2.462885109083637	1.849440912575527	0.0002	2.7580952556447222	2.041014062709396	0.01275	2.805724495200096	1.9729805663969082	-0.0119	2.7849341655721576	1.8801286230707916	-0.0002
762	12.7	2.585083743206806	1.5525755716689282	0.0301	2.5614469867668683	1.5750839073843839	0.0301	2.609713174491596	1.4840460648174776	0.0179	2.5911303512047454	1.2991088514435047	0.023	2.5218719459505423	1.2970924690995365	0.2179	2.590133985620683	1.3450218534082932	0.1804	2.6449101410853246	0.9776476297280353	-0.0119	2.722328602287268	1.601957948494242	-0.0301	2.7470208268619243	1.5333219404460083	-0.0179	2.7063213785797413	1.3018344104834076	0.023	2.820999950213532	1.327484774572403	0.2179	2.843521318870462	1.3508346891258722	0.1804	2.7283231264349537	1.3481474812172067	-0.0119	2.526484740407574	2.081681586515835	-0.0008	2.454142571365221	2.218351196919604	0.0655	2.4815994998693034	2.034430624798121	0.1076	2.4594370806884136	1.9878013656530884	-0.01275	2.5077691689444803	1.8967827431981878	0.0119	2.4628501227171564	1.8494230094480568	0.0002	2.7581464954437958	2.0409738896078076	0.01275	2.805814480080874	1.9729292502102547	-0.0119	2.7849976028915844	1.8801126795879286	-0.0002
763	12.716666666666667	2.5852473539639584	1.5523725288749954	0.0301	2.561624523464832	1.5748808299053483	0.0301	2.6098503625630287	1.483802790430148	0.0179	2.591157582032619	1.2989604785713145	0.023	2.521981601286225	1.297513601617975	0.2179	2.5901159936397824	1.3450742404328198	0.1804	2.6448711123086213	0.9774087011435519	-0.0119	2.722503361449698	1.6017544117253104	-0.0301	2.7471383220192185	1.5332395800396614	-0.0179	2.7064546973269534	1.30168857127318	0.023	2.8212138414128325	1.3278539520579078	0.2179	2.843721349536522	1.3517708754788402	0.1804	2.7283808138340206	1.348323349544001	-0.0119	2.5264460051679163	2.081492115381655	-0.0008	2.453995442283632	2.2182244760445076	0.0655	2.481438078042506	2.0343201756857434	0.1076	2.4595330263357638	1.9876842223989417	-0.01275	2.507854610055187	1.8965045311331774	0.0119	2.4627684863902153	1.849384817048265	0.0002	2.7582910764191912	2.040870615558548	0.01275	2.805999103822862	1.972814364841578	-0.0119	2.785153723178353	1.8800797205687318	-0.0002
764	12.733333333333333	2.585542512418042	1.552021170718051	0.0301	2.5619300526405593	1.5745294038391422	0.0301	2.6100410729512897	1.483419300199089	0.0179	2.5911776988855824	1.2988150013508937	0.023	2.5221340339594995	1.298387370964885	0.2179	2.5900985727577712	1.3452477443093058	0.1804	2.6447571086582538	0.9771936444151786	-0.0119	2.722806804947125	1.6014026403822366	-0.0301	2.747310331722438	1.5331453627010396	-0.0179	2.7066385584341277	1.3015469573177407	0.023	2.8215265247430046	1.3287757200431631	0.2179	2.8440076154394247	1.3537925962875756	0.1804	2.7284175282626784	1.3486734089809005	-0.0119	2.526336303469154	2.0811449874495356	-0.0008	2.4537182811640443	2.2180068272451487	0.0655	2.481150288359835	2.034114691152947	0.1076	2.4596911526855427	1.9874797203951358	-0.01275	2.5080089760154096	1.8960104600045877	0.0119	2.462622900771353	1.8493196651969972	0.0002	2.758570065124853	2.0406784064552252	0.01275	2.8063078920738187	1.9726133580262268	-0.0119	2.7854392800197068	1.8800244686159104	-0.0002
765	12.75	2.5859844182533984	1.5515054559661834	0.0301	2.562378070267725	1.5740135555417594	0.0301	2.6102906934702594	1.4828812891854009	0.0179	2.591189872866775	1.29867543357057	0.023	2.522333654742596	1.299766577767694	0.2179	2.5900826280262748	1.3455577733579258	0.1804	2.644559526580447	0.977009238922174	-0.0119	2.7232536434532655	1.600886586561894	-0.0301	2.7475427295035963	1.533039231682182	-0.0179	2.706878058385732	1.3014126750956079	0.023	2.8219481967664666	1.330316724448931	0.2179	2.844388877526592	1.357026962189636	0.1804	2.7284302025885085	1.3492179224439913	-0.0119	2.526147660223764	2.0806227538217925	-0.0008	2.4532970394756073	2.2176885083310256	0.0655	2.480722795949738	2.033803634548686	0.1076	2.459918709629178	1.9871784236064995	-0.01275	2.508240614582633	1.8952768844747794	0.0119	2.4624069291124258	1.8492248289330233	0.0002	2.7589994210292272	2.0403874076887316	0.01275	2.8067548511096914	1.9723169779005862	-0.0119	2.7858693342288667	1.8799447340298008	-0.0002
766	12.766666666666666	2.5865135413928324	1.5508946990501955	0.0301	2.5629098879675336	1.5734025563352299	0.0301	2.6105726356860077	1.482256510514203	0.0179	2.591196838841065	1.2985472055201202	0.023	2.5225594203491686	1.3014491272080966	0.2179	2.590069662746605	1.3459532750905914	0.1804	2.6443116765409127	0.9768554466412847	-0.0119	2.7237851661886547	1.6002755047386972	-0.0301	2.7478094191401943	1.5329297923158998	-0.0179	2.7071480668403343	1.3012904382851929	0.023	2.822430749688009	1.3322360728610119	0.2179	2.844822735292736	1.3609912202816499	0.1804	2.728426080041791	1.34987878156115	-0.0119	2.5259119140599586	2.0799980299570513	-0.0008	2.452792096506736	2.217312210163862	0.0655	2.480215095927083	2.0334306941747275	0.1076	2.460187417002616	1.9868211449657822	-0.01275	2.508519017277467	1.89440392122918	0.0119	2.4621512409457726	1.8491132592599677	0.0002	2.759519385555934	2.040038511952109	0.01275	2.807282773538943	1.9719655392570232	-0.0119	2.7863855637470105	1.8798513523671434	-0.0002
767	12.783333333333333	2.5869229351157057	1.5504284113911766	0.0301	2.5633197940028087	1.572935891189263	0.0301	2.610786655417602	1.4817836866437986	0.0179	2.591202507214471	1.2984622998963382	0.023	2.5227314831157606	1.3027526074631202	0.2179	2.5900644579853096	1.3462665601014265	0.1804	2.644120692043123	0.9767579380269672	-0.0119	2.724195611844803	1.5998088581787961	-0.0301	2.7480136492261664	1.5328522708916952	-0.0179	2.7073532034595265	1.3012098346794199	0.023	2.8227976457521224	1.3337347989199813	0.2179	2.8451521247624627	1.3640648979292878	0.1804	2.7284198401949116	1.3503903617510173	-0.0119	2.5257311796396413	2.0795191956025842	-0.0008	2.452407226946055	2.217025432148404	0.0655	2.4798296613458986	2.033144790008627	0.1076	2.46039582549226	1.9865484853706248	-0.01275	2.508736656934831	1.893735996938173	0.0119	2.4619589972493032	1.8490291668214394	0.0002	2.759924028709937	2.0397710750016573	0.01275	2.8076894553976794	1.97169763934459	-0.0119	2.786785560438342	1.879781291265423	-0.0002
768	12.8	2.5867831666751635	1.5506028964353007	0.0301	2.563179399767796	1.5731098988199606	0.0301	2.6107179679661656	1.4819616469085068	0.0179	2.5912103905578605	1.2984990463392037	0.023	2.522678415165854	1.3022777247267194	0.2179	2.5900769375808563	1.346158336924043	0.1804	2.6442017942449287	0.9767929517893907	-0.0119	2.7240565714664733	1.5999829755232735	-0.0301	2.7479495104096396	1.5328847095138614	-0.0179	2.7072886289213693	1.3012442752692899	0.023	2.82267437965304	1.3331878125053744	0.2179	2.8450426517436167	1.362933546240158	0.1804	2.7284330315564924	1.3502063936668827	-0.0119	2.525810420156668	2.0796986710712244	-0.0008	2.4525606854651696	2.2171338409503725	0.0655	2.479983628808613	2.033252714958071	0.1076	2.4603308722875346	1.986651446362794	-0.01275	2.5086693694066216	1.893985435454446	0.0119	2.4620418477337873	1.8490638002097695	0.0002	2.759787705289177	2.039872159691166	0.01275	2.8075524203029154	1.971799917267769	-0.0119	2.7866496344585805	1.8798108597411942	-0.0002
769	12.816666666666666	2.5854079831831416	1.5522097210236572	0.0301	2.5618031232450473	1.5747163065246548	0.0301	2.610018442861926	1.4835887289040692	0.0179	2.59122229416294	1.2987901884721478	0.023	2.522121979567845	1.2978018086237195	0.2179	2.590122210972287	1.345092379205252	0.1804	2.6448929961330676	0.977097769033631	-0.0119	2.722682378533217	1.6015895832335094	-0.0301	2.7472840740362647	1.533154756188799	-0.0179	2.706621929326235	1.301518736298982	0.023	2.821456795868232	1.3280228819727893	0.2179	2.8439539868990553	1.3523389284280953	0.1804	2.7284932718642603	1.3484579099439218	-0.0119	2.5264712483334386	2.081352180179958	-0.0008	2.453916201355575	2.218124893543254	0.0655	2.4813399913460294	2.0342425044775476	0.1076	2.4596499136104053	1.9875938563924977	-0.01275	2.507957736982986	1.8962874415330242	0.0119	2.462735172032627	1.8493622303691635	0.0002	2.7584312246062015	2.0407983884704577	0.01275	2.806194450186557	1.9727290255020344	-0.0119	2.785307278290306	1.8800613353709072	-0.0002
770	12.833333333333334	2.581939476980368	1.5562351404506947	0.0301	2.558333405584389	1.578741725289622	0.0301	2.6082494167475403	1.4876609935822265	0.0179	2.5912367665082847	1.2995046975335824	0.023	2.520711025138496	1.286558564265005	0.2179	2.5902170398632585	1.342401897965063	0.1804	2.6466109923032204	0.977852432349334	-0.0119	2.719215094218143	1.605615281423021	-0.0301	2.7455980622881704	1.533822687544104	-0.0179	2.7049338177892994	1.3021926645111124	0.023	2.8183861040880642	1.3150439277633992	0.2179	2.841206820243681	1.325742232110837	0.1804	2.728629486210997	1.344062317950242	-0.0119	2.528109590745256	2.0854951649632727	-0.0008	2.4572973848969326	2.2206057327970887	0.0655	2.4847219799511957	2.036721366479723	0.1076	2.457922395183264	1.9899533108185883	-0.01275	2.506150649711827	1.9020560040676733	0.0119	2.464453893362069	1.8501044498453687	0.0002	2.75500578552033	2.0431178497384526	0.01275	2.8027674718916638	1.9750533231554952	-0.0119	2.781920265980593	1.880683054958961	-0.0002
771	12.85	2.5756662708717877	1.5634897420681537	0.0301	2.552059058351111	1.5859973355517163	0.0301	2.6050437468195202	1.4949974314897854	0.0179	2.591247127887764	1.30078152508889	0.023	2.518150587010791	1.2662714013028382	0.2179	2.59037037553436	1.3375363372295068	0.1804	2.64969251068747	0.9792101104276449	-0.0119	2.712942520672664	1.6128711953040642	-0.0301	2.7425401801360656	1.5350196487331766	-0.0179	2.7018726899792926	1.3033975116981962	0.023	2.8128305291288953	1.2916237682526577	0.2179	2.8362347656298588	1.277769186812135	0.1804	2.728858732135431	1.3361272350116222	-0.0119	2.531044227750738	2.092961622050973	-0.0008	2.4633760351974345	2.2250748621474865	0.0655	2.4908012555478303	2.0411875730297964	0.1076	2.454787916141621	1.994204030945911	-0.01275	2.5028705917048057	1.9124532161204228	0.0119	2.467533612135354	1.8514368682686855	0.0002	2.748807060135191	2.0472966490174924	0.01275	2.7965668393575775	1.979238895438738	-0.0119	2.7757933132375454	1.8817979825885274	-0.0002
772	12.866666666666667	2.566697969183165	1.5738270261132405	0.0301	2.5430899115950942	1.5963374158438162	0.0301	2.6004501791270958	1.505449540760167	0.0179	2.591239507037441	1.302591336170579	0.023	2.5144767391045018	1.2373370942452988	0.2179	2.590565845078895	1.330584427784131	0.1804	2.654061626157965	0.9811504957324261	-0.0119	2.7039725089528024	1.6232114594224163	-0.0301	2.7381554453857935	1.5367182896010574	-0.0179	2.697483351767519	1.3051062861975473	0.023	2.8048825822947623	1.258224813019015	0.2179	2.829118807716769	1.2093746834869734	0.1804	2.729160672118362	1.324804405655223	-0.0119	2.5351997378215665	2.10359988489705	-0.0008	2.4720165798073377	2.2314406552854837	0.0655	2.4994422188048175	2.0475493391544926	0.1076	2.4502926823445663	2.00025892290248	-0.01275	2.498165636782066	1.9272694311983845	0.0119	2.4718978911012206	1.853328500701162	0.0002	2.7399414277357432	2.053248736858594	0.01275	2.7876978670747077	1.9851985303959618	-0.0119	2.7670327367756506	1.8833793054948036	-0.0002
773	12.883333333333333	2.5565390147287625	1.585476342988291	0.0301	2.532930852167201	1.607992033553939	0.0301	2.595225755814902	1.5172260221428004	0.0179	2.5911897929282532	1.3046171763051087	0.023	2.5102904507602126	1.2046871635124756	0.2179	2.590745736632805	1.322719508172696	0.1804	2.6589447294402473	0.9833514305232649	-0.0119	2.693806859032393	1.6348658675660603	-0.0301	2.7331638885961707	1.5386213280622534	-0.0179	2.6924863102523986	1.3070206938487718	0.023	2.7958680031185206	1.2205470742302693	0.2179	2.821042461591183	1.1322446793692433	0.1804	2.7294545347611794	1.3120167036824018	-0.0119	2.5398352982805155	2.1155866955321536	-0.0008	2.4817158897226794	2.2386106528666634	0.0655	2.509141717230532	2.0547146490198736	0.1076	2.445175596284883	2.007078951661143	-0.01275	2.4928090201956934	1.9439676552307465	0.0119	2.4767735868043035	1.8554479901141627	0.0002	2.729892994605468	2.059951860834726	0.01275	2.7776432801503397	1.991906578895079	-0.0119	2.757106835717809	1.8851484036458923	-0.0002
774	12.9	2.5474463237593943	1.5957737885639423	0.0301	2.5238395685508856	1.6182973838452424	0.0301	2.590504559885526	1.527629300944441	0.0179	2.5910573288599252	1.306376302852865	0.023	2.506494399591678	1.1757297403241493	0.2179	2.590819952120533	1.3157022641442766	0.1804	2.663175162851923	0.9853122251794422	-0.0119	2.6846994893906437	1.645170203391445	-0.0301	2.728643844480907	1.5402771963666597	-0.0179	2.6879618350249186	1.3086850862967732	0.023	2.787779766346784	1.1871491473733902	0.2179	2.813784042481375	1.0639295731123666	0.1804	2.7296153801636103	1.3006491855379547	-0.0119	2.543835988659781	2.126181827400171	-0.0008	2.4902116106706362	2.244942845181596	0.0655	2.5176373046950253	2.061043209713073	0.1076	2.440545315632792	2.0131023741775147	-0.01275	2.48796204340242	1.958732617694019	0.0119	2.4809962972331654	1.857296335186214	0.0002	2.7208889718727494	2.065869392952009	0.01275	2.7686293029859015	1.9978197505264026	-0.0119	2.7482181920113353	1.8866854842707048	-0.0002
775	12.916666666666666	2.540884861006189	1.6029394141893483	0.0301	2.5172820763224317	1.625472056032879	0.0301	2.5870071527728338	1.5348493640648522	0.0179	2.59078260127463	1.3075250698619312	0.023	2.5036644913889208	1.1553652222421469	0.2179	2.590699731996066	1.3106827663759415	0.1804	2.6659453532275843	0.9866653303782856	-0.0119	2.678113457246206	1.652342580047887	-0.0301	2.7252774064673115	1.5413677495538982	-0.0179	2.684596209415032	1.3097725241643057	0.023	2.7819159565802076	1.1636883602189838	0.2179	2.8084966800117863	1.0160518335424276	0.1804	2.7295268818211964	1.2925954848193284	-0.0119	2.546431848719501	2.133560759276562	-0.0008	2.495970548652835	2.249342405120984	0.0655	2.5233956018270125	2.0654438595619644	0.1076	2.437109087570886	2.0172878607901956	-0.01275	2.484368340466462	1.969019846625447	0.0119	2.483763602267193	1.8585327776524871	0.0002	2.7143744631608895	2.0699757690194027	0.01275	2.7621016192476087	2.0019022719685973	-0.0119	2.741795104811041	1.8877020254534789	-0.0002
776	12.933333333333334	2.5369106937049097	1.6068159680851797	0.0301	2.513315431302833	1.629354509793373	0.0301	2.58473504510211	1.5387105441112408	0.0179	2.5903060735945114	1.307992052055963	0.023	2.501810435407696	1.1439349593949355	0.2179	2.590330730713326	1.3077167844106699	0.1804	2.667138901215064	0.9873000586652529	-0.0119	2.6741067695822545	1.6562211372917228	-0.0301	2.7230609272020416	1.5418332950002995	-0.0179	2.682392643012547	1.3102090787553349	0.023	2.7783409560510437	1.1505453361820492	0.2179	2.8052283924258075	0.9894309705394905	0.1804	2.7291256113597577	1.287959325610799	-0.0119	2.5475190558686003	2.1375770162618717	-0.0008	2.4988251941343327	2.2517191056228634	0.0655	2.526248860091133	2.0678323028444736	0.1076	2.434876416200153	2.019549480787013	-0.01275	2.4820444407007165	1.9746144382908564	0.0119	2.484968060624233	1.8591159934640877	0.0002	2.710405688871385	2.0721847024908047	0.01275	2.758120300605721	2.004055770126939	-0.0119	2.7378900046535533	1.8881600865851689	-0.0002
777	12.95	2.5348004077291773	1.6082184729383442	0.0301	2.5112163582570846	1.6307514354424597	0.0301	2.5833187212468083	1.540019134287037	0.0179	2.589619444364834	1.307885008768623	0.023	2.500659450769163	1.1391011656458276	0.2179	2.5897285959122107	1.3062411632292747	0.1804	2.6671040264060335	0.9872429868601712	-0.0119	2.6719659613897453	1.6576128348249015	-0.0301	2.7216424280725495	1.5417827743856551	-0.0179	2.6810079332500023	1.3100858188194178	0.023	2.776451228430119	1.14498638304585	0.2179	2.8034357622720596	0.978480569554154	0.1804	2.7284378382694245	1.2858066790296616	-0.0119	2.547450978493183	2.1390912200377823	-0.0008	2.4994727391338256	2.2525887625467003	0.0655	2.5268941129767457	2.068731837403651	0.1076	2.433501606612756	2.0203774787134345	-0.01275	2.4806374377880847	1.976695309841433	0.0119	2.48497037392073	1.8591989537130207	0.0002	2.708277121990589	2.0729779302278235	0.01275	2.755988926531236	2.004753290815221	-0.0119	2.7357968141723203	1.888187611067982	-0.0002
778	12.966666666666667	2.533815800604063	1.6081786701633092	0.0301	2.510244604998848	1.6306818924374828	0.0301	2.5824509424441517	1.539811313834059	0.0179	2.58885042171678	1.3073990225581809	0.023	2.5000073099505102	1.1380689586467094	0.2179	2.589042667192878	1.305646576479143	0.1804	2.6664123614651727	0.9865436691109046	-0.0119	2.670975646774695	1.6575382542483887	-0.0301	2.720743545012732	1.5414020514369	-0.0179	2.6801713599515105	1.309573787316917	0.023	2.7756590420360987	1.1437225146021996	0.2179	2.802608265021909	0.9763958805808278	0.1804	2.727647983149743	1.2850657803644558	-0.0119	2.546815270771093	2.1391868734897064	-0.0008	2.4989101401007057	2.2526085840650327	0.0655	2.5263284975099234	2.06880597325618	0.1076	2.4327080122951235	2.020396174777594	-0.01275	2.479865962524685	1.9767445542402025	0.0119	2.4843551559111363	1.8590125769300185	0.0002	2.707283652645932	2.072973155147142	0.01275	2.7550181581978435	2.0046177846026016	-0.0119	2.734801931347752	1.8879863584124503	-0.0002
779	12.983333333333333	2.5336411566484403	1.6076066871310912	0.0301	2.5100784207212286	1.6300410788998616	0.0301	2.5821636285781113	1.5390309871115115	0.0179	2.5883725586110424	1.3068181750215877	0.023	2.4999393404817787	1.1386853266002805	0.2179	2.58864900205868	1.3055915049007543	0.1804	2.665814695029165	0.9852803325277786	-0.0119	2.6708591651128475	1.6568961564112874	-0.0301	2.7204342476950134	1.5409464321021404	-0.0179	2.6799527712358837	1.3089306571315606	0.023	2.7757775775494644	1.14417988068488	0.2179	2.802629443977466	0.9776851340126674	0.1804	2.727203653664783	1.2850012893300935	-0.0119	2.5463940585042892	2.138807763809419	-0.0008	2.498232000445944	2.252365840319033	0.0655	2.525647525107537	2.0686412771928304	0.1076	2.4325548975915154	2.020162881791367	-0.01275	2.479793139490215	1.9760497549458353	0.0119	2.4838789720366727	1.8588307349856352	0.0002	2.7071581691702926	2.072729678904886	0.01275	2.754962423910786	2.004244156046046	-0.0119	2.7346163202965457	1.8878092583267028	-0.0002
780	13.0	2.534584736894679	1.60721780001099	0.0301	2.511014311144595	1.6295336560612652	0.0301	2.5829780885313207	1.5384832002153237	0.0179	2.5889079402173936	1.3065762064519026	0.023	2.500937914878845	1.1398110297232997	0.2179	2.589238187645642	1.3061372160296931	0.1804	2.66629675052202	0.9836763135681088	-0.0119	2.6719776336093437	1.6563973801354792	-0.0301	2.7212852002494383	1.5407852970342875	-0.0179	2.6809039657433713	1.3085683129607495	0.023	2.777177115452067	1.1449496358293536	0.2179	2.803933120558292	0.9790214809212539	0.1804	2.727915475725646	1.2854098019187845	-0.0119	2.5472070857070053	2.138657867514007	-0.0008	2.4986332684430423	2.2523225808979688	0.0655	2.5260482313992525	2.068682573176738	0.1076	2.4335721732766404	2.020115462839865	-0.01275	2.4809570812075963	1.9755817591503415	0.0119	2.4845121263280237	1.8589789726858044	0.0002	2.7082703249959392	2.0726999236553416	0.01275	2.756212782915113	2.0041707022019772	-0.0119	2.735576460776294	1.8879736006072425	-0.0002
781	13.016666666666666	2.537582396924987	1.60757023654579	0.0301	2.513970200976662	1.6297246263233274	0.0301	2.5859097219531835	1.5389007720209753	0.0179	2.5915477868723937	1.3073207084195086	0.023	2.503851901402968	1.1413123555620392	0.2179	2.5918238717350333	1.3077520741515674	0.1804	2.66909766995638	0.9823031711042038	-0.0119	2.675318646420329	1.6566154020269117	-0.0301	2.7243719878762875	1.5414498837688644	-0.0179	2.684048585096741	1.3091299555986253	0.023	2.780731478495657	1.1458315112211248	0.2179	2.80746140380804	0.9793089834313808	0.1804	2.730963974609458	1.2866491609022743	-0.0119	2.5504960782015766	2.1392061336937185	-0.0008	2.501423463737583	2.2528177016426842	0.0655	2.5288437182649015	2.0692227633216587	0.1076	2.4367406718629425	2.020574864125959	-0.01275	2.484336279626888	1.9760316041566117	0.0119	2.4874370797463436	1.859837870956255	0.0002	2.71161607263139	2.0732324770079855	0.01275	2.7597722705031744	2.0048975391628887	-0.0119	2.7386474118384183	1.888864289973324	-0.0002
782	13.033333333333333	2.543948647385605	1.6090845361229495	0.0301	2.5202394318183265	1.6310790013823562	0.0301	2.5922348376083737	1.5409762826738513	0.0179	2.5975618058298475	1.3098986923807119	0.023	2.5096456963002054	1.1438743763065191	0.2179	2.5975494659186587	1.3111739950490482	0.1804	2.675515726457292	0.982313176682339	-0.0119	2.6822119287247097	1.6580237323830471	-0.0301	2.7310301919178923	1.5436148595398576	-0.0179	2.6906240903749787	1.311497287679126	0.023	2.7874941477940474	1.1477157175701136	0.2179	2.814351691363323	0.9795435730709037	0.1804	2.737669933833026	1.2895348535088649	-0.0119	2.5574718567356176	2.1406715674366144	-0.0008	2.5078404318455974	2.254044689511861	0.0655	2.535276691508635	2.0703697160353176	0.1076	2.443226244717514	2.0217251762655697	-0.01275	2.491058043000461	1.9778321179619458	0.0119	2.493832512542462	1.8617833425938608	0.0002	2.7185336940052482	2.0745466006008297	0.01275	2.766946929690657	2.006855455398514	-0.0119	2.7451683764867854	1.890870920265677	-0.0002
783	13.049999999999999	2.554732057764432	1.611944308540772	0.0301	2.530855399439754	1.6338871162039377	0.0301	2.602861070606573	1.5452273557001601	0.0179	2.607820651365346	1.3151505949348847	0.023	2.518800258413066	1.1486757575556492	0.2179	2.607131295057649	1.3170605718777546	0.1804	2.6862998578963624	0.9855798779701682	-0.0119	2.6936228437138485	1.6609157088039945	-0.0301	2.742193216660762	1.5479216183984492	-0.0179	2.7014180419201126	1.3166137096316366	0.023	2.7979785022514903	1.1523489132128422	0.2179	2.825214108488861	0.9826745222869614	0.1804	2.748840279621831	1.2950495214914657	-0.0119	2.568627503735659	2.142907222973819	-0.0008	2.5184490977755196	2.255947238921634	0.0655	2.545916852646752	2.0719414837539363	0.1076	2.4537181451218855	2.023516378850265	-0.01275	2.5017031178480953	1.9810404150216574	0.0119	2.5042535286874763	1.8650020045804423	0.0002	2.729995717850215	2.0766189718027364	0.01275	2.778602875419886	2.0102397359047646	-0.0119	2.7561930021171896	1.8941963335259862	-0.0002
784	13.066666666666666	2.569500012662095	1.6158129746773233	0.0301	2.545394758889226	1.6380001634021784	0.0301	2.6171318212700263	1.5515849671014945	0.0179	2.621658491011651	1.3233815022812827	0.023	2.5302488792177473	1.1568329723705377	0.2179	2.6197856404141993	1.3253275828792932	0.1804	2.7004517085771234	0.994531120763157	-0.0119	2.7088515366191	1.6651302500103278	-0.0301	2.7571357109562142	1.5545398975187827	-0.0179	2.7155389668843766	1.3249836160214716	0.023	2.8109198549721257	1.1618478735669624	0.2179	2.8388625058979176	0.9933029981940119	0.1804	2.76351423332722	1.3037473768462642	-0.0119	2.582464604662766	2.14515471161629	-0.0008	2.5319599263077994	2.2580078201562643	0.0655	2.5594761152518655	2.0732800660627135	0.1076	2.4672244256021836	2.025465877471664	-0.01275	2.5150689990893236	1.9850153135995954	0.0119	2.51745478025012	1.8691316102564282	0.0002	2.74530313931762	2.078953975995853	0.01275	2.7938245656974985	2.0146476352321305	-0.0119	2.7712464029638912	1.8984848352134767	-0.0002
785	13.083333333333334	2.5844750531816194	1.6193590852695685	0.0301	2.560142479303224	1.6423480644634727	0.0301	2.631010068390243	1.5586497949425318	0.0179	2.6351224269781044	1.3334079994848673	0.023	2.539856710398458	1.1684550565724647	0.2179	2.631607957985041	1.3341182368196438	0.1804	2.7134117316229487	1.0113588272845928	-0.0119	2.72358217248167	1.669556019220674	-0.0301	2.7715687732795384	1.5623932513368095	-0.0179	2.728591304548923	1.3357255633133567	0.023	2.8215379112198935	1.177695699586723	0.2179	2.850503315380895	1.0167241346414924	0.1804	2.7770779858065064	1.3147327402280362	-0.0119	2.5936579245946025	2.1457167884617334	-0.0008	2.5434716470387833	2.258957774620662	0.0655	2.5710456476120496	2.0730322299979216	0.1076	2.479309014319167	2.026385155898929	-0.01275	2.526398559357241	1.9879080477758198	0.0119	2.52866239061696	1.8727253362456768	0.0002	2.760125569027084	2.0802619188242804	0.01275	2.807939844466265	2.0185170265011187	-0.0119	2.7864226872440843	1.902267076247155	-0.0002
786	13.1	2.590263442635456	1.619691436697186	0.0301	2.565855220631713	1.6443084372383145	0.0301	2.6349175127117346	1.5626943594491576	0.0179	2.638880571459941	1.3412108891010226	0.023	2.538766256605762	1.1811953530701271	0.2179	2.6336854158958527	1.3385089039577551	0.1804	2.714965379571835	1.0362470291067	-0.0119	2.727577719301247	1.6714861299746802	-0.0301	2.7753828350207117	1.5680867472782227	-0.0179	2.730572590464094	1.3451738455688769	0.023	2.819675913527476	1.1989357582626186	0.2179	2.8497511680262178	1.0565856135406229	0.1804	2.7790835926960766	1.3242050335343643	-0.0119	2.5910846293885386	2.1417106424778667	-0.0008	2.5425206322321348	2.2565257750585097	0.0655	2.570137375317798	2.0690327629734147	0.1076	2.4801008728468688	2.024140760171119	-0.01275	2.5254422795272733	1.9861242657000489	0.0119	2.52766669678646	1.87265105177775	0.0002	2.7641834147547293	2.0781609430042134	0.01275	2.810247380909279	2.018486757392403	-0.0119	2.7920745059000653	1.902333285124088	-0.0002
787	13.116666666666667	2.5700424649322398	1.6119886164316215	0.0301	2.54597546086212	1.6391710290138883	0.0301	2.6121315855240295	1.5567457372923288	0.0179	2.6166703958062967	1.338521297288418	0.023	2.512483970537306	1.1884087254273177	0.2179	2.6107978130523533	1.3293929354060623	0.1804	2.6878581605256966	1.064387833861639	-0.0119	2.702984714206158	1.6660762978193775	-0.0301	2.750993667984311	1.564821287578783	-0.0179	2.7044535296794274	1.3453072491535296	0.023	2.7888236409032627	1.219461051371375	0.2179	2.8194916758084045	1.1104353546206762	0.1804	2.751778135731044	1.3238564980393832	-0.0119	2.5568310196391755	2.1292229785999623	-0.0008	2.511973346068902	2.2474705780003577	0.0655	2.5395683903693267	2.0585391151827244	0.1076	2.4530331562487757	2.015680303243317	-0.01275	2.4953639440045645	1.9741308123371542	0.0119	2.497745937656488	1.8637337119476107	0.0002	2.739540211504852	2.06915639121055	0.01275	2.782470905426353	2.009010621521114	-0.0119	2.770987222862517	1.8933492603969388	-0.0002
788	13.133333333333333	2.500023022334114	1.589865550424175	0.0301	2.477084050026999	1.620207336913678	0.0301	2.5395709465961556	1.530487132226808	0.0179	2.5460699923029297	1.3121736900841283	0.023	2.4423506413861844	1.1774906077490785	0.2179	2.5423933392327474	1.293509350056075	0.1804	2.6090431676027825	1.0820160074832694	-0.0119	2.6252029478832704	1.646431617046202	-0.0301	2.674220334610942	1.5419890391463613	-0.0179	2.62733024782851	1.32279004145819	0.023	2.707901704523288	1.2248067574476356	0.2179	2.7375232661308693	1.1629076071797364	0.1804	2.671315495104387	1.2999342165733812	-0.0119	2.46822603546107	2.1043616410391075	-0.0008	2.429704940782019	2.2282957610765552	0.0655	2.457136362804667	2.0391786062025496	0.1076	2.3761644567589584	1.9976974619432835	-0.01275	2.4143939470983824	1.9452582499965527	0.0119	2.4173164187798633	1.8392248051637046	0.0002	2.661468637944346	2.049319509218323	0.01275	2.6999638826487864	1.9828517729500406	-0.0119	2.698900159334033	1.8683150748838047	-0.0002
789	13.15	2.355688952659442	1.547264446822945	0.0301	2.3350445700129994	1.5803862265959172	0.0301	2.3941547684523568	1.4726919622085637	0.0179	2.4046849406638025	1.2467540867876912	0.023	2.311359467512487	1.131488869504909	0.2179	2.408491357062947	1.2167260539990963	0.1804	2.4564646767667564	1.0662223957249184	-0.0119	2.469689017117597	1.6053746789626095	-0.0301	2.520996160900913	1.4874098813731638	-0.0179	2.4770718799739746	1.2613814749818741	0.023	2.5580251771828064	1.1928295117894727	0.2179	2.5834962345785617	1.1833908215814426	0.1804	2.514688810398878	1.2357749111336176	-0.0119	2.305214494827692	2.0651553072248223	-0.0008	2.2755230459524913	2.1967472764652936	0.0655	2.302555535286563	2.010379518071344	0.1076	2.2287334288036216	1.9680508931378946	-0.01275	2.2626416881479128	1.8940406994184193	0.0119	2.266694359771193	1.7928754982703967	0.0002	2.505280186337712	2.015860650631924	0.01275	2.5388205949311855	1.9332861963402845	-0.0119	2.550908172337697	1.8206912184666881	-0.0002
790	13.166666666666666	2.1244162631339165	1.4816370266567254	0.0301	2.107452048817002	1.5160274673510163	0.0301	2.1647869413615903	1.3769378881729912	0.0179	2.1818044924085913	1.1323734238180578	0.023	2.1128187525436166	1.0374451353654803	0.2179	2.2000899568819703	1.0913158126919322	0.1804	2.2207314001323146	0.9958287197494803	-0.0119	2.2246815723153586	1.5391585831077759	-0.0301	2.2798736788876006	1.3934844159557953	-0.0179	2.2439207560947696	1.1500618465865642	0.023	2.332549507851563	1.1043786814625924	0.2179	2.3498249019080717	1.1402335157996015	0.1804	2.2718046598845945	1.1201526520273433	-0.0119	2.0610416874232143	2.012810309881263	-0.0008	2.041866052359371	2.1531271495083986	0.0655	2.068183300617746	1.973872123116794	0.1076	2.0020348805050827	1.9270604739151065	-0.01275	2.0326063316999035	1.8191380993488477	0.0119	2.0385097077029957	1.722234850628082	0.0002	2.2591143243378182	1.9687069891431603	0.01275	2.2883251808273037	1.8575959254074281	-0.0119	2.314275913075276	1.7478452627947427	-0.0002
791	13.183333333333334	1.8145297916361744	1.3958426727501068	0.0301	1.8026053658036678	1.429567049328619	0.0301	1.8604654904550222	1.246178095715949	0.0179	1.8863353369925095	0.9717334117163609	0.023	1.8544903685394232	0.8954392658088582	0.2179	1.9257279100486568	0.9215999438216106	0.1804	1.9124075407411798	0.8659820668795621	-0.0119	1.8997237439315389	1.4502315460081707	-0.0301	1.9603886767976828	1.2625990244152911	-0.0179	1.937787579113564	0.9908491212286896	0.023	2.0421436970166735	0.9566004785734057	0.2179	2.0478041864980043	1.0223856234148319	0.1804	1.953074374406522	0.9552326074787018	-0.0119	1.7473838656703333	1.9510531570769956	-0.0008	1.7395098957885782	2.1002057062804584	0.0655	1.7647388510306894	1.9325995336036348	0.1076	1.7057869679545226	1.8774937976873385	-0.01275	1.7347531992702698	1.724317217210209	0.0119	1.743243809349992	1.6304888594929143	0.0002	1.9325038907451322	1.9106343861138622	0.01275	1.9587200332552883	1.7589674708814171	-0.0119	1.9975793034383975	1.653015653416128	-0.0002
792	13.2	1.451538472117495	1.2969044764351185	0.0301	1.445863022033413	1.3286227258775394	0.0301	1.5063990194467645	1.0913828533379168	0.0179	1.543151444819376	0.7789857690600593	0.023	1.5541582887242558	0.7183960107187176	0.2179	1.6077259113567468	0.722153961875176	0.1804	1.5579450132332744	0.6900931303990644	-0.0119	1.521428437710327	1.3462289618004148	-0.0301	1.58892271747718	1.106049506237686	-0.0179	1.5841559837455308	0.7979209829134485	0.023	1.710270149786745	0.7641180259218037	0.2179	1.7033168671077668	0.8439498911218045	0.1804	1.5851750404390266	0.7556010442726188	-0.0119	1.3892468275493104	1.884551464446759	-0.0008	1.392906742400106	2.0420465370557457	0.0655	1.416614392358973	1.889447546328086	0.1076	1.363788042326994	1.8234366362702177	-0.01275	1.3928844786471402	1.6166996000387759	0.0119	1.4047095554196511	1.5250956219041358	0.0002	1.5521034695566476	1.8459568878974886	0.01275	1.5766107196555827	1.644952290001277	-0.0119	1.6269050124993034	1.5439004796480371	-0.0002
793	13.216666666666667	1.068223150967382	1.193521682843726	0.0301	1.0699112593395408	1.223148176998049	0.0301	1.1347192411935825	0.9269908112384633	0.0179	1.184199047172416	0.5735645481160481	0.023	1.2328229347139703	0.5252228792290699	0.2179	1.2741470770938035	0.5121116437632345	0.1804	1.1908897196451316	0.49081419993853453	-0.0119	1.123569279209386	1.2370611435187333	-0.0301	1.1990028529953198	0.9391288576444348	-0.0179	1.2152658896189672	0.591117873610126	0.023	1.3656154122709416	0.5503294648267735	0.2179	1.3487073528833884	0.6323397816276399	0.1804	1.2019061809098408	0.541580684497791	-0.0119	1.016775118021487	1.8179773392324932	-0.0008	1.0319464598958399	1.9830383980951891	0.0655	1.0536106553485192	1.8469123331412804	0.1076	1.0054774178013826	1.769233754805221	-0.01275	1.0360293982142135	1.5045257829238758	0.0119	1.0521089037996543	1.4152631351405414	0.0002	1.15171096622558	1.7792042025992234	0.01275	1.1752993130232618	1.5247478889335138	-0.0119	1.2359238529932683	1.4299856951297727	-0.0002
794	13.233333333333333	0.6986809288582871	1.0946517940047253	0.0301	0.7088432159069694	1.1235434753230629	0.0301	0.7789815377250251	0.7680103792909692	0.0179	0.8431602757786836	0.37591813557960396	0.023	0.9121267812982933	0.3356579161510607	0.2179	0.9542594773839195	0.31148112073498363	0.1804	0.8465750109598745	0.29247299205613453	-0.0119	0.7413053285529306	1.1330446664641582	-0.0301	0.8255950843553748	0.7778153691703638	-0.0179	0.8650178957755552	0.3913302628617636	0.023	1.0381646843389707	0.34035956755936897	0.2179	1.0180137245846712	0.4176595690452804	0.1804	0.8388749066235484	0.3345185145465653	-0.0119	0.6610772340559992	1.7558349789084817	-0.0008	0.6875240133234864	1.9275942726875124	0.0655	0.7065407445262717	1.8073142530678854	0.1076	0.6613259269784196	1.7189585519224602	-0.01275	0.6941729803796135	1.3962433878856246	0.0119	0.7158313352270409	1.310577619648377	0.0002	0.7664740257541115	1.7145848341541143	0.01275	0.7893821414418668	1.4078639433029239	-0.0119	0.8600037202185128	1.3210679348182033	-0.0002
795	13.25	0.37583785881206955	1.0088537661481112	0.0301	0.39550187257713026	1.0395251578430558	0.0301	0.4716463349778079	0.6287633943182507	0.0179	0.5527447268800479	0.20538697266918843	0.023	0.6154275692768123	0.16788897276693945	0.2179	0.6766396093147419	0.1392526822422978	0.1804	0.5588784407709773	0.11748389573004434	-0.0119	0.40873398781155934	1.043908848889163	-0.0301	0.5025255398873735	0.6372293886688056	-0.0179	0.5664222858992795	0.21824037191666598	0.023	0.7574159587651144	0.15761672660315693	0.2179	0.7438356170868993	0.22769792538198222	0.1804	0.5307323048702266	0.15452094093338947	-0.0119	0.35249394919907184	1.7023158509571519	-0.0008	0.3895503128766565	1.8799980236684737	0.0655	0.405368885843677	1.7729183911002238	0.1076	0.3610123145648821	1.6759323293719757	-0.01275	0.3965435684392772	1.3003805119502925	0.0119	0.42562839967412863	1.2203814140853868	0.0002	0.4305033154916812	1.6558435295730092	0.01275	0.4526199692616342	1.3038524478320372	-0.0119	0.5337542832611633	1.2265964149624733	-0.0002
796	13.266666666666666	0.12663582811358493	0.9428704367785967	0.0301	0.15630828541219233	0.9780213423330092	0.0301	0.23884542179213156	0.5207349165264205	0.0179	0.33890746316233195	0.07680777831512597	0.023	0.3686075304346533	0.03567332520942773	0.2179	0.46492221079818224	0.009936431520458333	0.1804	0.35309626915307796	-0.0172374415974586	-0.0119	0.1537870912634017	0.9769455060676274	-0.0301	0.25709002743337883	0.5291768371953748	-0.0179	0.3458387443204834	0.08693316094160956	0.023	0.547602951930017	0.019827822297687488	0.2179	0.550111040972798	0.08366715795932969	0.1804	0.30492494666393993	0.01707116747041721	-0.0119	0.1159760352807191	1.6603998451628261	-0.0008	0.16213315551462298	1.8436338676537591	0.0655	0.17461387370696754	1.7455419660408056	0.1076	0.12917231474349597	1.641617181246303	-0.01275	0.1673218518632491	1.224725711229217	0.0119	0.20596570932572206	1.1522646349024097	0.0002	0.1719043520810519	1.6057833805278054	0.01275	0.19316686809303998	1.2214485247268372	-0.0119	0.285982312269223	1.1541641730133436	-0.0002
797	13.283333333333333	-0.036769432695400193	0.8991230354068238	0.0301	0.002234410202639512	0.9400895295777021	0.0301	0.09128076615146383	0.4488140580119814	0.0179	0.2110657527054657	-0.004735553943002087	0.023	0.19638011807106195	-0.05603251237165258	0.2179	0.32972354190184217	-0.07192798614582938	0.1804	0.23498917614348883	-0.10505337652436979	-0.0119	-0.011074972282341179	0.9341123236863963	-0.0301	0.10061284551277946	0.45818707253728186	-0.0179	0.21306497115677495	0.0027037867104735456	0.023	0.41886221457450296	-0.06658767245723869	0.2179	0.4412692041379875	-0.00502805345471318	0.1804	0.17105944991803812	-0.07222855559377085	-0.0119	-0.03765819947471266	1.6302195247210978	-0.0008	0.015006295239722398	1.819557213260345	0.0655	0.02484135941225372	1.7256268014070901	0.1076	-0.022742025481533656	1.6142558756291934	-0.01275	0.01755825677934947	1.1739682951843295	0.0119	0.06732381220794584	1.1092832318193666	0.0002	0.003555648874082026	1.5651933343766062	0.01275	0.024425373042140774	1.166045628323708	-0.0119	0.13019598974122346	1.1067827281822724	-0.0002
798	13.299999999999999	-0.1220327827845693	0.8745266197727533	0.0301	-0.07578810827647964	0.9202608029169858	0.0301	0.01978028535649032	0.4093068289897906	0.0179	0.15756241279590805	-0.04576278197478821	0.023	0.11328802541964735	-0.11288606896939642	0.2179	0.2634603130931546	-0.11387742477226867	0.1804	0.18791650727105463	-0.15116658423138038	-0.0119	-0.09398527150410198	0.9110573567889295	-0.0301	0.02384846124647726	0.41983598289924423	-0.0179	0.1566437239910196	-0.040844278293291	0.023	0.36224565328586766	-0.10866237117585231	0.2179	0.399892701807414	-0.0420725118105376	0.1804	0.11598979630980569	-0.11969347746827373	-0.0119	-0.11663669483711385	1.6085331605713928	-0.0008	-0.060656020601025075	1.8059362024822254	0.0655	-0.052000950978230334	1.7118189647665072	0.1076	-0.1013180131680929	1.589407000467625	-0.01275	-0.05927914785753497	1.1472471126166395	0.0119	0.0011217594558173615	1.088317066745465	0.0002	-0.08215850249907508	1.53238124800803	0.01275	-0.06049815740943402	1.1369888120314224	-0.0119	0.05870850009099155	1.0814810329196554	-0.0002
799	13.316666666666666	-0.1503917979635839	0.8627145470539336	0.0301	-0.10006352034072122	0.9103214504808813	0.0301	0.002303662766663823	0.3928284085822453	0.0179	0.15365723730413763	-0.05926392289241183	0.023	0.11659408798316245	-0.14653104803942113	0.2179	0.24534957947172717	-0.13041663751460902	0.1804	0.18524850258445205	-0.16784107160581785	-0.0119	-0.11715358338441671	0.9001413615021341	-0.0301	0.004376171043431167	0.40425150766693885	-0.0179	0.15180634756729366	-0.05682811081365397	0.023	0.3555409580532703	-0.1216392164737361	0.2179	0.3994534219367263	-0.03818284368523663	0.1804	0.11262794653594818	-0.13858476986548318	-0.0119	-0.14226020695647734	1.5908324988434113	-0.0008	-0.08585359816025002	1.7994435677019487	0.0655	-0.07679097237410187	1.7019751567194479	0.1076	-0.1260562742692104	1.5631531908796938	-0.01275	-0.08177578031998843	1.1386046418667712	0.0119	-0.014729626137285417	1.081789278905212	0.0002	-0.10707237663429722	1.504713662277796	0.01275	-0.08301216597417868	1.1279829650759778	-0.0119	0.04846761638067438	1.0714129339515308	-0.0002
800	13.333333333333334	-0.1449753500084126	0.8575640961104556	0.0301	-0.09436726584332503	0.9039084784804501	0.0301	0.015409400280506236	0.38941231388870257	0.0179	0.17437279681696957	-0.057810221700778014	0.023	0.1892680763831848	-0.16590524522411934	0.2179	0.2534905348931196	-0.1354266025839277	0.1804	0.20526880028806058	-0.16777776243426915	-0.0119	-0.10506034325595837	0.8946809210705535	-0.0301	0.018542884607021047	0.40140150638860217	-0.0179	0.1733108249143442	-0.05811482909856883	0.023	0.3746350634730391	-0.12106522960986121	0.2179	0.41867920492739796	-0.004075742895233046	0.1804	0.13403302430783084	-0.14190783657252423	-0.0119	-0.13781959083918824	1.574220529398171	-0.0008	-0.08323984493787775	1.7969728564522591	0.0655	-0.07263942214128387	1.6944239885248187	0.1076	-0.11929077365535166	1.5349182829458834	-0.01275	-0.07073657200484997	1.140143349748814	0.0119	-0.0043407122006265154	1.0809071386191114	0.0002	-0.09564409345312229	1.4806908223460882	0.01275	-0.0675388009237283	1.1304901100084457	-0.0119	0.07324204019909684	1.0693569644619334	-0.0002
801	13.35	-0.12364602533917836	0.8550786098414017	0.0301	-0.07651121095051477	0.8981582564802756	0.0301	0.04083489641137264	0.3916308006754949	0.0179	0.20177130464019083	-0.050495719190940744	0.023	0.31083985190176133	-0.1695907957166698	0.2179	0.2748021877044346	-0.1378098109230406	0.1804	0.23555654343565155	-0.16065072784529702	-0.0119	-0.07686644872018564	0.8910189959794322	-0.0301	0.04821948496427566	0.4039665030945221	-0.0179	0.20278071805471093	-0.05380184456775158	0.023	0.40172537001646125	-0.11797231482044744	0.2179	0.4445781825546231	0.04996988992181062	0.1804	0.1613235433199798	-0.13877348994546165	-0.0119	-0.12120002509560716	1.5581965191444327	-0.0008	-0.07028937958476911	1.79604538456461	0.0655	-0.05755026796592508	1.6880502099525296	0.1076	-0.09905862821561712	1.5069041213865852	-0.01275	-0.043108846154885125	1.1445023727330752	0.0119	0.014962300752712546	1.0776609985964019	0.0002	-0.06753605072432409	1.460111423444267	0.01275	-0.03389343821991708	1.136679826928163	-0.0119	0.11236125494151811	1.0696897999392794	-0.0002
802	13.366666666666667	-0.09764557622768359	0.8534927221241394	0.0301	-0.05689891906003466	0.892804843942977	0.0301	0.06648139406232204	0.3951661482198491	0.0179	0.22579731637985775	-0.042891968610124544	0.023	0.4611411253340713	-0.14350971069281168	0.2179	0.30678396725739154	-0.1410223980916212	0.1804	0.27093011997315003	-0.15248896308539925	-0.0119	-0.04444945167240718	0.8881625612393008	-0.0301	0.08204093665825937	0.4077265969446294	-0.0179	0.22984777405789708	-0.048885659569271656	0.023	0.4274605169809082	-0.11774520817343787	0.2179	0.46901483517724385	0.1075470922330633	0.1804	0.18470188729798787	-0.1342855239548622	-0.0119	-0.10278036175310305	1.5433754440608831	-0.0008	-0.05702948044835087	1.7947738609813744	0.0655	-0.04184197816838447	1.6818469217524568	0.1076	-0.07669625938244572	1.4812514643955996	-0.01275	-0.010597645870861228	1.1460860042923835	0.0119	0.0342216356342287	1.065906242900274	0.0002	-0.035359771957018414	1.442773018548345	0.01275	0.004729422142640875	1.140718559400962	-0.0119	0.15348623695390326	1.0688901716001653	-0.0002
803	13.383333333333333	-0.07248173610096256	0.8525808796752848	0.0301	-0.04042623554052473	0.8887031900898688	0.0301	0.08496090204251745	0.39805785787752707	0.0179	0.2421578449791059	-0.03776298248575562	0.023	0.6146781945862053	-0.06573807987786641	0.2179	0.35191098869510157	-0.14499705869040566	0.1804	0.31249133673233676	-0.14603518379637292	-0.0119	-0.013597810414443698	0.8864469467874345	-0.0301	0.11426275559821046	0.4108461706261026	-0.0179	0.250504709977822	-0.04532383889301085	0.023	0.4483741869012135	-0.1212891746241212	0.2179	0.48755466367374983	0.14582473901264445	0.1804	0.20137176265755233	-0.13071444804430912	-0.0119	-0.08672285819535344	1.5302857955626754	-0.0008	-0.04706394394592043	1.7923052490935396	0.0655	-0.029149923976216095	1.6750673989211096	0.1076	-0.058002046985041945	1.4585824244010928	-0.01275	0.01930437073577053	1.1423433874515405	0.0119	0.04788427450540746	1.0425352188839054	0.0002	-0.0051262779431119785	1.427880425942466	0.01275	0.04093177989931525	1.1396229745269426	-0.0119	0.1910691396874497	1.0655499390004013	-0.0002
804	13.4	-0.049623458153164206	0.8528057518055709	0.0301	-0.028669308094727407	0.8868485347852212	0.0301	0.0922447573246598	0.39962778531481996	0.0179	0.24957378590553556	-0.03596312612335287	0.023	0.7443342197467748	0.08339230516936899	0.2179	0.4102476368260954	-0.14836258988756854	0.1804	0.3659078823944573	-0.14177773425059279	-0.0119	0.013897050002896897	0.8865311537471298	-0.0301	0.14287883717717267	0.4128666442361682	-0.0179	0.26467611684530734	-0.043529257402689404	0.023	0.46351494656183556	-0.12713878323871505	0.2179	0.49953904298330953	0.15473276385472437	0.1804	0.21240080762667096	-0.12870481258994737	-0.0119	-0.07338860647119089	1.5193735028111497	-0.0008	-0.03993053055472625	1.789015634021133	0.0655	-0.018928235081143215	1.6678018357308864	0.1076	-0.04549416505832541	1.4391021660914756	-0.01275	0.04204494766099715	1.1340258827999277	0.0119	0.050235770484456384	1.008514421869496	0.0002	0.02195181029461368	1.4149079162941438	0.01275	0.07173576981991997	1.133761623138574	-0.0119	0.2232899491624133	1.0600286998020791	-0.0002
805	13.416666666666666	-0.028811243415782967	0.8545371828392512	0.0301	-0.021267626067242796	0.8876793003812813	0.0301	0.08703086229005623	0.3998335236294144	0.0179	0.24755750611367697	-0.0371639576996726	0.023	0.829776804784442	0.3054924022845419	0.2179	0.4742567892071894	-0.14948019269973065	0.1804	0.43486614469911516	-0.13946885144369678	-0.0119	0.038359828740830576	0.8887465776810467	-0.0301	0.16769258715621368	0.4139128755679179	-0.0179	0.27380664336860305	-0.043380031294540385	0.023	0.473180821607221	-0.1334409270141093	0.2179	0.5064445678181462	0.14816607838952423	0.1804	0.21964438126811064	-0.12812583884570267	-0.0119	-0.06140903217976827	1.5112628218064523	-0.0008	-0.0330632963982382	1.7858286648551494	0.0655	-0.00867502899868897	1.6609629428483732	0.1076	-0.03966322475254501	1.4235988378001918	-0.01275	0.055609536267019546	1.1235685434583795	0.0119	0.039196189712966435	0.9684531691291864	0.0002	0.04700974963395931	1.404296880561133	0.01275	0.09720293595689473	1.1256363098110325	-0.0119	0.250068330808195	1.0536793414063041	-0.0002
806	13.433333333333334	-0.009755575795101133	0.8576411329542853	0.0301	-0.01700703918981928	0.89058433152753	0.0301	0.07027609933376422	0.39906436776583304	0.0179	0.23544331056939163	-0.0401574971927713	0.023	0.8554501369929346	0.55804988214582	0.2179	0.5248393151372841	-0.14749842533308824	0.1804	0.5106998333899121	-0.13888647032035958	-0.0119	0.06071798323453169	0.8925890030317953	-0.0301	0.1888840512052913	0.4143362934385507	-0.0179	0.2792560345598732	-0.04445400225686399	0.023	0.47881738673633967	-0.13904243178025472	0.2179	0.5101758729922591	0.13846258612902532	0.1804	0.22412589530770285	-0.12852624961788836	-0.0119	-0.04922467548958099	1.5064559841913034	-0.0008	-0.02379094127681691	1.7835881318853664	0.0655	0.0041056080619936396	1.6555400900265724	0.1076	-0.039416675201509724	1.4128234202763947	-0.01275	0.06019987075255112	1.1132034838403142	0.0119	0.019693310671401867	0.9278014065696876	0.0002	0.07136761909946644	1.3967918734322775	0.01275	0.11879981928854251	1.1176198050758743	-0.0119	0.2723266719656387	1.047935849477548	-0.0002
807	13.45	0.0075962422981186144	0.8616994095273096	0.0301	-0.014426205991014525	0.8941054263563226	0.0301	0.045855924769605906	0.3979247830536199	0.0179	0.2127259487161351	-0.04323200788257055	0.023	0.8074321674681337	0.7433479260196446	0.2179	0.53292680835919	-0.1440352176468492	0.1804	0.567806293569719	-0.139401334792185	-0.0119	0.08159711348971052	0.896796367797076	-0.0301	0.2065503595157684	0.41452704305811866	-0.0179	0.282031053612083	-0.0461154634174979	0.023	0.48224230283571434	-0.14347758722990042	0.2179	0.5121487647696991	0.11443508468181708	0.1804	0.22644169429352054	-0.12934193334182853	-0.0119	-0.03601995798013774	1.5050091219314068	-0.0008	-0.01121877898647215	1.7833250498734472	0.0655	0.020484835186103372	1.6521135581485378	0.1076	-0.042487435162437845	1.406656114181413	-0.01275	0.05696854661462497	1.1044401587352906	0.0119	-0.0006855831680549607	0.8911195814398617	0.0002	0.095605429086891	1.3925232397129002	0.01275	0.13807858327238529	1.1111544856763835	-0.0119	0.2913942412657003	1.0437646448150644	-0.0002
808	13.466666666666667	0.02358436530363445	0.8661846788252291	0.0301	-0.011998770169685462	0.8967438582375793	0.0301	0.020898593440353306	0.3966134321634947	0.0179	0.1795196453789471	-0.04475552852707785	0.023	0.6820995525728073	0.7644341633663179	0.2179	0.47791347081407226	-0.14247547257245774	0.1804	0.5782012151616729	-0.13898459921073938	-0.0119	0.10131840378563935	0.9000506912588315	-0.0301	0.2209767813456931	0.41456494246005626	-0.0179	0.28306888692819787	-0.04779327627731051	0.023	0.48452023780699177	-0.14662568167247741	0.2179	0.5128219570984612	0.0634276331184918	0.1804	0.2273868547130814	-0.1301074909622795	-0.0119	-0.021794816496198112	1.5064666673635727	-0.0008	0.003933797414854609	1.7858510775779477	0.0655	0.040026538286950644	1.6507974303881934	0.1076	-0.046456987493839384	1.404358341450006	-0.01275	0.046877415063482045	1.0983403311669628	0.0119	-0.0169800148528539	0.8622686031391316	0.0002	0.11966497025873588	1.3910227817797967	0.01275	0.15625220881274143	1.1073801595043473	-0.0119	0.3085276806525835	1.0414976854156042	-0.0002
809	13.483333333333333	0.03893093689960556	0.8703704645961535	0.0301	-0.008619348982628634	0.8976450878843063	0.0301	0.0026674433199881083	0.3944182973332221	0.0179	0.13736806269800272	-0.04333615783810348	0.023	0.5026888120913757	0.6109175919381766	0.2179	0.3696227134354442	-0.14452736451524092	0.1804	0.5299343372531675	-0.13381807645670107	-0.0119	0.12032613104482652	0.9016212696117308	-0.0301	0.23277103835352742	0.4140836278794976	-0.0179	0.28318504402699657	-0.04920284314452685	0.023	0.4859071509007687	-0.14860897796635736	0.2179	0.5120178467778438	-0.003165335793971761	0.1804	0.22757174786040887	-0.1307474926663052	-0.0119	-0.006793247844815061	1.5099260424105148	-0.0008	0.020911234894148215	1.7904977789468677	0.0655	0.061643381839217574	1.6512102571548348	0.1076	-0.049988237282779104	1.40533608172961	-0.01275	0.031150251177329023	1.0952641993724854	0.0119	-0.027718381294615797	0.8428252238575255	0.0002	0.1432807469117896	1.3917759028418382	0.01275	0.17419113968775457	1.1071313854631544	-0.0119	0.3250288468054635	1.0408551636443548	-0.0002
810	13.5	0.05413299013889556	0.8735513582690636	0.0301	-0.003961652111709454	0.8966281706020288	0.0301	-0.00479620487043547	0.39050702700088497	0.0179	0.09090053171693135	-0.037618861883783335	0.023	0.315364601326206	0.3645696175089464	0.2179	0.24220943789556496	-0.14846672855616053	0.1804	0.42616956236759973	-0.11950447677100877	-0.0119	0.13901675557920706	0.9013497568934026	-0.0301	0.242591201755914	0.4126588407744373	-0.0179	0.28293191214866276	-0.05036251093253051	0.023	0.48671515745214433	-0.14979063964912506	0.2179	0.5093408738845155	-0.06283532174500618	0.1804	0.22726268381679685	-0.13162754042425867	-0.0119	0.008862409606261673	1.5143505613991068	-0.0008	0.03923496117308507	1.7956637017006893	0.0655	0.08436370166331032	1.6527815408917939	0.1076	-0.05278113123132702	1.4090065849701896	-0.01275	0.011897418555190597	1.0945036909677501	0.0119	-0.033887284783864886	0.8311836825049755	0.0002	0.16625836795742405	1.3942698288917637	0.01275	0.19234369831593648	1.1100702839792482	-0.0119	0.3422163997129575	1.0413046570669913	-0.0002
811	13.516666666666666	0.06925292548817485	0.8752472044138585	0.0301	0.0018576616264123773	0.893987608043411	0.0301	-0.0007384422863224848	0.3851686934902151	0.0179	0.046737171804600575	-0.02645850107603153	0.023	0.15914841757227763	0.12498781155331724	0.2179	0.12595252191936532	-0.15078441063552928	0.1804	0.2836418707734657	-0.09279518955882955	-0.0119	0.1572534211967665	0.8994427612010002	-0.0301	0.25099327799803023	0.410244736920917	-0.0179	0.2826733551382193	-0.051294687725031304	0.023	0.48735559053343663	-0.15067802681684392	0.2179	0.5046024049757883	-0.10377176222831344	0.1804	0.226675655020603	-0.13300957745297715	-0.0119	0.025164064499083053	1.5188231250484472	-0.0008	0.05821313749122848	1.8003138411824329	0.0655	0.10752225163466217	1.6551560034358528	0.1076	-0.05476147888208818	1.4143807895231957	-0.01275	-0.008434678608179995	1.0947724362933788	0.0119	-0.037518259264022046	0.8245698211624893	0.0002	0.18851239623696542	1.3976726679067	0.01275	0.21086904235231124	1.114653335406381	-0.0119	0.360784350787174	1.0424431859196925	-0.0002
812	13.533333333333333	0.0841640011635742	0.8752995335441923	0.0301	0.008546459405284722	0.8903239356301467	0.0301	0.013403480977546216	0.3798538491220123	0.0179	0.009405288447595337	-0.009704652288061418	0.023	0.04840896229956713	-0.05025627901507147	0.2179	0.03280334694273578	-0.14920304683076663	0.1804	0.1349976624717417	-0.05376621563345917	-0.0119	0.17450473684505655	0.8964287876169188	-0.0301	0.25851812537062063	0.4073775473809594	-0.0179	0.2826273276829159	-0.05175278664694726	0.023	0.4877902970651211	-0.15163564636374977	0.2179	0.49845051474317376	-0.12608091461099524	0.1804	0.22607481777460123	-0.13461583553407105	-0.0119	0.04227022496983756	1.522573630433824	-0.0008	0.0771829509559769	1.8042746005433519	0.0655	0.13065097430339187	1.6580005470236543	0.1076	-0.05571996222543895	1.4205055624820708	-0.01275	-0.027573385283981455	1.0951095103738846	0.0119	-0.04008342192806694	0.820778839975811	0.0002	0.21013746936758768	1.400954006284266	0.01275	0.2300109092547561	1.1192496705055308	-0.0119	0.3805130392629753	1.043954227635836	-0.0002
813	13.549999999999999	0.09864650189305911	0.8742582834236482	0.0301	0.01571691618173409	0.8861988159150026	0.0301	0.03480477598521174	0.3762480871992597	0.0179	-0.01989489651660147	0.010762144611623786	0.023	-0.018664915119409833	-0.15108809258976375	0.2179	-0.03586706111894003	-0.14476435497794446	0.1804	0.012460077314272138	-0.008399608478552714	-0.0119	0.19043275521344552	0.8928833807462884	-0.0301	0.2657504086047491	0.4050476411987694	-0.0179	0.2827919975978293	-0.05157098833181733	0.023	0.48797985844522673	-0.15261212398275442	0.2179	0.49224734376152035	-0.13481551707828876	0.1804	0.22586337522466085	-0.13607269527528862	-0.0119	0.0604290298726736	1.525164549261651	-0.0008	0.0959372315254482	1.8080034427059943	0.0655	0.15349273727057705	1.6606392428618444	0.1076	-0.0552510684704403	1.4268450933107228	-0.01275	-0.04363048947423576	1.0952050018214186	0.0119	-0.04167606285642521	0.8185204591548189	0.0002	0.2314005573426641	1.4033730191878235	0.01275	0.25007746196143155	1.123018780970456	-0.0119	0.4006959135526239	1.0455497361590178	-0.0002
814	13.566666666666666	0.11261421127048138	0.8733830167338662	0.0301	0.02327659905246246	0.882218490825047	0.0301	0.06041306665130429	0.3753246191978854	0.0179	-0.04110004101756449	0.030759260544006337	0.023	-0.048898097550084396	-0.19321615799906194	0.2179	-0.08005237843187123	-0.1412121236004773	0.1804	-0.06956310933196254	0.03232426365101144	-0.0119	0.20525552151228724	0.8893767589330489	-0.0301	0.2732653711442998	0.4040610659136068	-0.0179	0.28303089303939616	-0.0510318581918516	0.023	0.48833405173800387	-0.15328225493467398	0.2179	0.48734892603315727	-0.13582446233940945	0.1804	0.22641932486161512	-0.1373250983667058	-0.0119	0.07969376099322456	1.5267392126973691	-0.0008	0.1147957460874356	1.8119688202830695	0.0655	0.17600470029754178	1.662325392767219	0.1076	-0.052918234507816596	1.433041211662126	-0.01275	-0.05543378175125873	1.0951796482568323	0.0119	-0.04180874030183365	0.8170629947940437	0.0002	0.2525413439447155	1.4048243832063547	0.01275	0.27102353707766835	1.1260259792154224	-0.0119	0.4206544942260856	1.0471192965737979	-0.0002
815	13.583333333333334	0.1261620358610477	0.8738698493075072	0.0301	0.0314855071323977	0.8792992362392134	0.0301	0.08813989508149693	0.37711439633542826	0.0179	-0.05401423344326253	0.04539739415136175	0.023	-0.05107256132005155	-0.19984859160846724	0.2179	-0.10110156788677434	-0.14217320710591255	0.1804	-0.1127543359978301	0.05752106657281167	-0.0119	0.21952664658548326	0.8867417709135743	-0.0301	0.2814319862235267	0.40444800383225277	-0.0179	0.28331930363044383	-0.05048712281428018	0.023	0.48907953459340126	-0.1535449816124245	0.2179	0.48448280360833146	-0.13372780673864051	0.1804	0.2277325424776349	-0.13831575312546784	-0.0119	0.09978398557762795	1.5279584103118573	-0.0008	0.1342306125252665	1.816142281886901	0.0655	0.19815818787113343	1.6628825641652782	0.1076	-0.04848771181772756	1.4387539940518967	-0.01275	-0.06269431799632053	1.0954725754349735	0.0119	-0.04060962245038626	0.8161778822707562	0.0002	0.2735595973313241	1.4057462855599818	0.01275	0.2923229962392028	1.1288779098249593	-0.0119	0.440018209081456	1.0487386342460288	-0.0002
816	13.6	0.1393451876820695	0.8761197431946925	0.0301	0.04051141482755892	0.8781638702409708	0.0301	0.1170901631701442	0.3811744800413973	0.0179	-0.058394602092022525	0.05146642549550778	0.023	-0.03478190083214412	-0.19257652395107605	0.2179	-0.10337946279727615	-0.149166893096624	0.1804	-0.12652942294523384	0.06140759444179049	-0.0119	0.2337328404394541	0.8857385091693832	-0.0301	0.2902581451349265	0.4056058518476462	-0.0179	0.28376628039471663	-0.05000720082968591	0.023	0.48985327025918607	-0.15374832498159072	0.2179	0.4834403989193334	-0.1313639972021922	0.1804	0.2295362707157354	-0.13876633838898916	-0.0119	0.1201899867369025	1.5295699944493397	-0.0008	0.15431230295298365	1.820419888141231	0.0655	0.2197739631207162	1.662779225725309	0.1076	-0.04204044208725926	1.4437914276328294	-0.01275	-0.0660675290603329	1.0967928357408447	0.0119	-0.03879054604944779	0.8164731706745978	0.0002	0.2942182066298184	1.406661120592912	0.01275	0.31335163188629733	1.1321011790346216	-0.0119	0.45878555663853526	1.0505885611659405	-0.0002
817	13.616666666666667	0.1523193502440717	0.8797524776941387	0.0301	0.05033044151083475	0.8788823851613595	0.0301	0.14688412741151638	0.386952668836945	0.0179	-0.05344402423755142	0.04817481360228127	0.023	-0.007282692375967594	-0.18618991643895408	0.2179	-0.09081187863531819	-0.1617602110500063	0.1804	-0.12090503672994364	0.04536557473381474	-0.0119	0.24825540781389854	0.8864690088623004	-0.0301	0.29942272624609517	0.40690185850989247	-0.0179	0.28442303040648476	-0.04968072513144986	0.023	0.4903070755023802	-0.15430055425298297	0.2179	0.4835125248126599	-0.13001891188844994	0.1804	0.23173301731289683	-0.13845564291708584	-0.0119	0.14035939188767174	1.5318613015158797	-0.0008	0.17475518792780245	1.8247988607170325	0.0655	0.2406600740882314	1.662606430079124	0.1076	-0.03399320475423215	1.4481705527237834	-0.01275	-0.06663794445132602	1.0997632977338516	0.0119	-0.03695856937474089	0.8188100955256722	0.0002	0.3143576422925366	1.4078042252109877	0.01275	0.33387284871613165	1.135731485288415	-0.0119	0.4772132016134469	1.0529354318098363	-0.0002
818	13.633333333333333	0.1653874267947597	0.8842240034892129	0.0301	0.060843485816278166	0.881211638611175	0.0301	0.1769666572462266	0.3937965396583757	0.0179	-0.03773334073125594	0.03613433883859734	0.023	0.02858791982243176	-0.18662577485475088	0.2179	-0.06334398711470943	-0.17802337864237702	0.1804	-0.10184481227388761	0.015680281323451995	-0.0119	0.2633188155411248	0.8885308697745194	-0.0301	0.308405850012951	0.4080282809345617	-0.0179	0.285275321838605	-0.04975106899475482	0.023	0.49073868254532615	-0.155254601601983	0.2179	0.48426108513701815	-0.12987564683790342	0.1804	0.2345320130075744	-0.13737722738689764	-0.0119	0.15981177352069656	1.5344886076290187	-0.0008	0.19533322981354959	1.828937842562696	0.0655	0.2609059115297955	1.6626792315995302	0.1076	-0.024934968290376402	1.4519635418253232	-0.01275	-0.06507637335191548	1.1045691445329244	0.0119	-0.03542784928250727	0.8234566980312681	0.0002	0.3341080104740354	1.4091361216523566	0.01275	0.35411755041010534	1.1393655092986545	-0.0119	0.4956601029660618	1.0560234930788623	-0.0002
819	13.65	0.1786663550641036	0.8892495464889973	0.0301	0.07195944895815043	0.8849252765154962	0.0301	0.20632850164724242	0.4009859009652638	0.0179	-0.010769482831324357	0.016703156328498937	0.023	0.07249326715633161	-0.19307233201782256	0.2179	-0.02013701940969292	-0.19508234053274573	0.1804	-0.07197047780984947	-0.02111452968077499	-0.0119	0.2787464313587057	0.891549438713636	-0.0301	0.3167514792560498	0.40896039610666396	-0.0179	0.28641268965362804	-0.050242895340385625	0.023	0.4917234786708583	-0.15649407159392295	0.2179	0.4856415372753164	-0.13055485863101968	0.1804	0.23828103620749422	-0.135640358593009	-0.0119	0.17828165563629716	1.5368530176310422	-0.0008	0.21588565963248815	1.8322626359205991	0.0655	0.2808761977160185	1.663001033595744	0.1076	-0.015378612649234154	1.4550764821354176	-0.01275	-0.06174889434442156	1.1110961179273873	0.0119	-0.03446865096716727	0.8303303349648656	0.0002	0.35371904159371076	1.410470270044429	0.01275	0.374461119656215	1.142456058238553	-0.0119	0.5146108685111995	1.0598813529100395	-0.0002
820	13.666666666666666	0.1921433780869845	0.8945990343003093	0.0301	0.08391166604776988	0.8897010932276783	0.0301	0.23367054888305544	0.40791044029409235	0.0179	0.026052363188519598	-0.007493180204087234	0.023	0.12411300707930081	-0.20199993890221768	0.2179	0.036402092305944496	-0.210427742140485	0.1804	-0.03335639803624532	-0.06007899349390025	-0.0119	0.2941818397698397	0.8952435805956751	-0.0301	0.32433818028045924	0.4098176042689492	-0.0179	0.2880388026025718	-0.050884201533127706	0.023	0.4931879709776266	-0.1582112310360666	0.2179	0.4874373346483047	-0.1317335864861721	0.1804	0.2430577819764895	-0.1336124380450064	-0.0119	0.19587088325475444	1.5385690253284052	-0.0008	0.23601909334292187	1.834643336453421	0.0655	0.30083495549326883	1.6634984495560974	0.1076	-0.005515030482715248	1.4571883048972256	-0.01275	-0.057180749355706294	1.119090837151306	0.0119	-0.03418203115048553	0.8393160682863765	0.0002	0.37326658515263555	1.411499990858445	0.01275	0.3951697438128496	1.144647933729364	-0.0119	0.5348844173473246	1.0642106171639418	-0.0002
821	13.683333333333334	0.20592052592450166	0.8997455426947656	0.0301	0.09717519235234502	0.8948663196857122	0.0301	0.2579635391613742	0.4140981395924247	0.0179	0.07041573870375217	-0.03255423221696301	0.023	0.18269185026790039	-0.2098723205600791	0.2179	0.10204114006624238	-0.2224592064452538	0.1804	0.011821750324633225	-0.09699287603876362	-0.0119	0.30954955417120755	0.8990429296466853	-0.0301	0.3313847201821056	0.41072308076202324	-0.0179	0.2902105065673097	-0.0515505471231507	0.023	0.4941728806105468	-0.16084622221181258	0.2179	0.4887709624672788	-0.1335122209688342	0.1804	0.24813155112594582	-0.13223692939057008	-0.0119	0.21293489224856121	1.5395373040200626	-0.0008	0.2551175487087788	1.8364896172945928	0.0655	0.32068505180893836	1.6642213140614084	0.1076	0.0048550694874520935	1.4579469823255085	-0.01275	-0.05176249566299866	1.1277264468991905	0.0119	-0.03406853429280306	0.8496193420401605	0.0002	0.39261405091735313	1.411948756681628	0.01275	0.416438210391634	1.1459038133753217	-0.0119	0.5574914494047586	1.0684851428876563	-0.0002
822	13.7	0.22008241060144737	0.9038579025480639	0.0301	0.11185934004056011	0.8993227802294184	0.0301	0.27897951843428287	0.4191180141621541	0.0179	0.12018796574391624	-0.054804325499386033	0.023	0.24712538563072226	-0.21414523070623404	0.2179	0.1730901707153103	-0.23022458893195613	0.1804	0.062030567137343236	-0.12852498718123842	-0.0119	0.3249967882803736	0.9019545293025375	-0.0301	0.33821493625554006	0.411590582552963	-0.0179	0.29256203749403437	-0.052574978276313036	0.023	0.4934984938860721	-0.16452463256428568	0.2179	0.4883668353261092	-0.13629449131782506	0.1804	0.25182305220412676	-0.13283331182490007	-0.0119	0.22981350382653123	1.539756731637348	-0.0008	0.27277196179490537	1.838035444885241	0.0655	0.34013608525451033	1.6651841407923431	0.1076	0.016020258512775536	1.4571917270826629	-0.01275	-0.045555347061524636	1.1354072742113348	0.0119	-0.03328905438632718	0.859316514372542	0.0002	0.41168436657010676	1.4117869477554406	0.01275	0.43844639535492314	1.1463454351691997	-0.0119	0.5827800226375914	1.0722414209823794	-0.0002
823	13.716666666666667	0.23466744624950148	0.9060705837003954	0.0301	0.12766435017896763	0.9019229682241253	0.0301	0.29730898013875023	0.42274329867864824	0.0179	0.17364716782497014	-0.07214246057277553	0.023	0.31597686623324095	-0.2136746334787496	0.2179	0.24656287006113273	-0.23340016028669472	0.1804	0.11660678646686011	-0.1529915766695119	-0.0119	0.3406565110625097	0.9030384481017186	-0.0301	0.3449526821538319	0.4120349527879793	-0.0179	0.2943104940632945	-0.05444268690887622	0.023	0.49044037174412863	-0.16891138333492126	0.2179	0.48529950977984204	-0.14040104180518267	0.1804	0.25220400275025284	-0.13616267600676313	-0.0119	0.2466959117217649	1.539332214547614	-0.0008	0.28910232448042794	1.838932045382947	0.0655	0.35904410490149197	1.6661859028127992	0.1076	0.028019527921434317	1.455010014286921	-0.01275	-0.03878035213667833	1.1405820470286805	0.0119	-0.03145998628383663	0.86619187685938	0.0002	0.4305524733428049	1.4111792031271106	0.01275	0.46116772753155566	1.146213707760006	-0.0119	0.6096487191303226	1.075287246926116	-0.0002
824	13.733333333333333	0.24985275391113457	0.9059369791312327	0.0301	0.1442863511834563	0.9021094265764218	0.0301	0.3138635876287923	0.4252333862034208	0.0179	0.22943950004940694	-0.08406098485903217	0.023	0.3873566062604801	-0.2088500098712404	0.2179	0.3198428299959043	-0.23234452775022998	0.1804	0.17519701869915968	-0.1702588360701635	-0.0119	0.3566160905981451	0.9020288139494036	-0.0301	0.35139816537107443	0.41175890878202115	-0.0179	0.29459757239145895	-0.056995192663879535	0.023	0.4849724591812695	-0.17339216278810157	0.2179	0.4795050439486281	-0.14557502843068817	0.1804	0.24840417482215824	-0.1415290154166832	-0.0119	0.2635852819574864	1.5385009547216197	-0.0008	0.3046668167012337	1.838708177551835	0.0655	0.37744246639930384	1.6669042555668405	0.1076	0.04067749074031939	1.451737681884311	-0.01275	-0.03181176292498587	1.142504164986465	0.0119	-0.028604136796372408	0.8689523456233932	0.0002	0.44923537647700174	1.410320543013258	0.01275	0.4842433070116889	1.1459701779980882	-0.0119	0.6359397700806507	1.077697282288448	-0.0002
825	13.75	0.26586858281585174	0.903808511897041	0.0301	0.16141901043441545	0.9001826404665169	0.0301	0.32927773274855504	0.4271105930406325	0.0179	0.28658337417927815	-0.09126062173418063	0.023	0.45900661942919	-0.2011819373883433	0.2179	0.3909962295587151	-0.22816057500998496	0.1804	0.23709558455365337	-0.18160207693554514	-0.0119	0.3728719943964057	0.8994603305267032	-0.0301	0.35723757469585	0.4110498221880107	-0.0179	0.2931816691383507	-0.05908726762263563	0.023	0.4781218424259507	-0.176915256926169	0.2179	0.4722020133114165	-0.15064775566526029	0.1804	0.2416601826947127	-0.14705221564102433	-0.0119	0.28030180774187147	1.5373361872270002	-0.0008	0.3200875690255061	1.8373636898163193	0.0655	0.3952859534564207	1.6670048190454099	0.1076	0.05384904574891948	1.4479392105528308	-0.01275	-0.02455337536124321	1.1411636040709148	0.0119	-0.02445640537760736	0.8674440017401254	0.0002	0.4676269569013262	1.4094688546443712	0.01275	0.5072233267445568	1.1460001045070496	-0.0119	0.6598049319672914	1.0796906498325876	-0.0002
826	13.766666666666666	0.28279911342625175	0.9005081282066374	0.0301	0.1787857743286974	0.8968178491722906	0.0301	0.34377947977407897	0.4284397681111452	0.0179	0.34422107271860564	-0.09520384358439617	0.023	0.5287491135393728	-0.19220816607858476	0.2179	0.45933956063778736	-0.22221851651487132	0.1804	0.30112864617373397	-0.18935427077460687	-0.0119	0.38935624657328005	0.8961169706869386	-0.0301	0.36227556731940325	0.4104526744049522	-0.0179	0.2909570447988537	-0.059520191007789755	0.023	0.47209543889183775	-0.17815253608513607	0.2179	0.46587927817434266	-0.15394515067811804	0.1804	0.23496415108812768	-0.151171766143175	-0.0119	0.29656121079438247	1.5356179730677766	-0.0008	0.3356414316886203	1.8353429009698659	0.0655	0.4124188185136412	1.6662355278543912	0.1076	0.06746360246792375	1.4442315917921247	-0.01275	-0.016587832734880938	1.137149019710406	0.0119	-0.01856691917330044	0.8620806657698499	0.0002	0.48557693276925806	1.4089227834191855	0.01275	0.5297544592802755	1.1461475770040652	-0.0119	0.680761928110839	1.0813988467085736	-0.0002
827	13.783333333333333	0.30064595116847675	0.8965199223223844	0.0301	0.19658481526120009	0.8923601367579375	0.0301	0.3576247104410851	0.42854857621055975	0.0179	0.4012049446267492	-0.09709419402316169	0.023	0.5943565639829936	-0.18237195884086715	0.2179	0.5247269876034384	-0.21500443519967782	0.1804	0.3660051040952456	-0.19544022477025508	-0.0119	0.4061182470670416	0.8923286217730088	-0.0301	0.36661073512444825	0.40995671470876144	-0.0179	0.2893445782200025	-0.058190681835234626	0.023	0.46907990854870435	-0.17667006751466685	0.2179	0.4627890359682149	-0.15454449901178688	0.1804	0.23100047886393976	-0.15374302463423375	-0.0119	0.3121506043982123	1.5331971181830666	-0.0008	0.35119866038169734	1.8329821677881044	0.0655	0.4288495952019214	1.6646097490001575	0.1076	0.08152936226937957	1.440998138798414	-0.01275	-0.007789404347509854	1.1315927446583427	0.0119	-0.010868464461224157	0.8535217559396054	0.0002	0.5029008543462533	1.4087461501404985	0.01275	0.5514775634839936	1.14594241461792	-0.0119	0.6996034354320599	1.082721312516016	-0.0002
828	13.799999999999999	0.31942734798644723	0.8917570663325768	0.0301	0.2154965405250366	0.88673114529065	0.0301	0.37142589623233974	0.426637405967236	0.0179	0.456019342033292	-0.09727197856124359	0.023	0.6534241135491283	-0.17117613303413423	0.2179	0.5859780690365605	-0.20601714110954336	0.1804	0.43032454236091455	-0.20021926215160407	-0.0119	0.4233593224141768	0.8878536857476498	-0.0301	0.37092104649229196	0.40900807152473223	-0.0179	0.2891108527926607	-0.055888899649950814	0.023	0.4698464709592408	-0.17363697102064496	0.2179	0.4633397164736867	-0.15313926196067187	0.1804	0.23025239041509946	-0.1554656807485276	-0.0119	0.3271750809467324	1.5302271606657938	-0.0008	0.3665312154999784	1.8301974453235232	0.0655	0.4448978733400132	1.6623975623737077	0.1076	0.09633441439272791	1.4382066060196603	-0.01275	0.0018889985091268566	1.1255806224620488	0.0119	-0.0016002160488871658	0.8427097296147666	0.0002	0.5194911145124189	1.4086266928997768	0.01275	0.572095243284077	1.1452041566274118	-0.0119	0.7175264364961419	1.083497919000857	-0.0002
829	13.816666666666666	0.3390688168255553	0.886086171556609	0.0301	0.23597047221212547	0.8799073999005563	0.0301	0.3860302795498569	0.4225136369274872	0.0179	0.5070854762104428	-0.09595318883171455	0.023	0.7043497908609684	-0.1586207283120524	0.2179	0.6409467420062697	-0.19526398543780418	0.1804	0.49200461148513985	-0.20333231075780323	-0.0119	0.44125302965873725	0.8823579965808225	-0.0301	0.37633828760926785	0.4072336969333042	-0.0179	0.2900824183449712	-0.05325224618269174	0.023	0.47375462690682196	-0.17057088678845075	0.2179	0.46653289782773144	-0.15108028327779058	0.1804	0.23137954535014013	-0.15663415572681696	-0.0119	0.34209957718517314	1.5269640209518747	-0.0008	0.3815434137377229	1.8268245928793203	0.0655	0.4609637234148833	1.6598361879326353	0.1076	0.11233015004253798	1.4354307622373281	-0.01275	0.012812391314960267	1.1195452361265619	0.0119	0.009061536204419534	0.8307737815496098	0.0002	0.5355026995552531	1.4081626186645178	0.01275	0.5916464632979865	1.1440685062023237	-0.0119	0.7354532455913894	1.0837282982157896	-0.0002
830	13.833333333333334	0.35932072152888017	0.8798329460228759	0.0301	0.2577174366675374	0.8723773259199495	0.0301	0.4022629544339044	0.4168721535691259	0.0179	0.5530860853936461	-0.09399012360788615	0.023	0.7471147717210357	-0.14621985699181508	0.2179	0.6880449472501204	-0.18432618341119938	0.1804	0.5481543659660612	-0.2050669799948975	-0.0119	0.45979870397653366	0.8759962772052429	-0.0301	0.3838284007622591	0.40488825498010067	-0.0179	0.29170898748291363	-0.050269692012109415	0.023	0.47950135401139377	-0.1678481062620151	0.2179	0.47126644894016567	-0.14880767572090825	0.1804	0.23290554302229496	-0.15671474427197374	-0.0119	0.3574158699034739	1.5236033508583915	-0.0008	0.39627242188959766	1.8230100381411514	0.0655	0.47721496738462316	1.6569942606553496	0.1076	0.12961495196496656	1.4321623684143832	-0.01275	0.025350421318948078	1.1134379490097104	0.0119	0.021067604613530164	0.8187680958665691	0.0002	0.5512295628259234	1.4072677836308114	0.01275	0.6104009165628704	1.1426593731276224	-0.0119	0.7537685138518107	1.0834959753805165	-0.0002
831	13.85	0.3798513108306882	0.8737909756977983	0.0301	0.2799434008882305	0.8651876565923385	0.0301	0.4207048854703514	0.41121418331121523	0.0179	0.5931041431130445	-0.09252962536717103	0.023	0.7827469329870079	-0.13662618051445366	0.2179	0.7269504500785199	-0.17584136961793634	0.1804	0.5959286948434285	-0.20624730930321994	-0.0119	0.4788216202578838	0.8696279273116516	-0.0301	0.39392522375676886	0.40275061818290175	-0.0179	0.29361749031376483	-0.04658490643829746	0.023	0.48578856896080724	-0.1650516704036768	0.2179	0.47662389415807005	-0.1458890952148438	0.1804	0.23410297221755486	-0.15483644998004886	-0.0119	0.3732989264825243	1.5203024535224847	-0.0008	0.4108455654965192	1.8190797505411926	0.0655	0.4935606082518339	1.6539590187457893	0.1076	0.1478305282974539	1.4282607062353865	-0.01275	0.03959280920806843	1.1071845480594185	0.0119	0.034448273184653884	0.8074765018463008	0.0002	0.5667901849166471	1.4061747494304422	0.01275	0.628472172463036	1.1410424476867291	-0.0119	0.7721948019580627	1.082778034119011	-0.0002
832	13.866666666666667	0.40039406002803696	0.8688687569778347	0.0301	0.30188351707625966	0.8595238612480108	0.0301	0.4415305092860026	0.407228448336477	0.0179	0.6267067569543686	-0.0923784945718261	0.023	0.8125097051088678	-0.13246120694464525	0.2179	0.7582647650642036	-0.17231189346817039	0.1804	0.6336023396793753	-0.20742939989542078	-0.0119	0.4980598556207077	0.8644264215124732	-0.0301	0.4069094084257957	0.40151910400602686	-0.0179	0.29585063097000847	-0.042008531656751356	0.023	0.49171438217998287	-0.16205839552752357	0.2179	0.4816969243414029	-0.142129631243363	0.1804	0.23498414682332694	-0.15048210690968852	-0.0119	0.3896122416835682	1.5171554873231006	-0.0008	0.4254392403134683	1.8152776433346482	0.0655	0.5097737132667007	1.6509794906582844	0.1076	0.16647075960656257	1.423978680214189	-0.01275	0.05550179687198443	1.1007724787039317	0.0119	0.04931246440673198	0.7972860255923863	0.0002	0.5821523093838907	1.4050810064600787	0.01275	0.6458691520581702	1.1393333207249463	-0.0119	0.790092139612192	1.0814952959215571	-0.0002
833	13.883333333333333	0.4208235703649497	0.8656078908381782	0.0301	0.3230803558264107	0.856060754718296	0.0301	0.4644996302619931	0.4057649949964922	0.0179	0.6540836401581769	-0.09396837991873834	0.023	0.8377615707699813	-0.13504491670806001	0.2179	0.7833747897277296	-0.17498310315314686	0.1804	0.6611004797043658	-0.20876243960879215	-0.0119	0.5172267899111225	0.861126214062433	-0.0301	0.4229687734676467	0.4011421473600241	-0.0179	0.2987889526292474	-0.036729405237862715	0.023	0.4968206754653669	-0.1593144540767211	0.2179	0.48590997863095703	-0.13808784940533894	0.1804	0.2361578792971979	-0.14368571790619286	-0.0119	0.4061700340907308	1.5141914435337374	-0.0008	0.44021155970952175	1.8118779005493975	0.0655	0.5255822737238544	1.648356920245894	0.1076	0.18501610452206982	1.4195467350212156	-0.01275	0.07299203507666444	1.094197087032982	0.0119	0.06580015598381801	0.7881866279672098	0.0002	0.597421566396288	1.4039697492730097	0.01275	0.6627666763462148	1.1376562088373354	-0.0119	0.8072568819910559	1.0796869442612844	-0.0002
834	13.9	0.4411138715504412	0.8638441745227783	0.0301	0.3434096038426025	0.8545865619048418	0.0301	0.4891090054932577	0.40636051693619984	0.0179	0.6760045705558311	-0.09752755507096789	0.023	0.8600096417712242	-0.14379155807325827	0.2179	0.8043630712268692	-0.18329913460765956	0.1804	0.679776312477002	-0.2101854628395433	-0.0119	0.5360983096717561	0.8595505500467447	-0.0301	0.44222756772818644	0.4007929571467444	-0.0179	0.30295007328409546	-0.03104462139092419	0.023	0.5010193649283076	-0.15747278713841775	0.2179	0.4893774356745024	-0.13469285613632584	0.1804	0.23853551295988784	-0.13460229294373804	-0.0119	0.4229305266966901	1.5114977559456342	-0.0008	0.4552505233888262	1.8093551169851363	0.0655	0.5408680000864015	1.646331816402874	0.1076	0.20310264811542425	1.4150586112160948	-0.01275	0.091880537493405	1.0876240963782164	0.0119	0.0839097844672651	0.7800307100541107	0.0002	0.6128359124939489	1.4028012697349916	0.01275	0.6793350186476486	1.1360661840231456	-0.0119	0.8243420101533578	1.0774857592211626	-0.0002
835	13.916666666666666	0.4613440184124366	0.8628899055088666	0.0301	0.3631085050935963	0.8543228862548575	0.0301	0.5147627504932277	0.4076632045915267	0.0179	0.6934917458189038	-0.10286520160713312	0.023	0.8803698077907269	-0.15682412056847864	0.2179	0.8229827141450186	-0.19540439359198603	0.1804	0.6916515888465771	-0.21155835665206715	-0.0119	0.5547889307578482	0.8588967976628373	-0.0301	0.46472225405314643	0.3994439879349652	-0.0179	0.30888243935196263	-0.02483688313820266	0.023	0.5043962981080689	-0.1569479042142764	0.2179	0.49256486909808656	-0.13253941657342647	0.1804	0.2427944038404336	-0.12312782847981654	-0.0119	0.43989474421291413	1.509271984629862	-0.0008	0.47054022030259196	1.808110135483971	0.0655	0.5559048664489248	1.645153778888745	0.1076	0.22081816905964202	1.4108319347004308	-0.01275	0.11195657277813834	1.0815308334486737	0.0119	0.10335367921152136	0.7728666945193241	0.0002	0.6284616097185636	1.4017834141392962	0.01275	0.6955004366286882	1.134656861797053	-0.0119	0.8422795400014432	1.0748733464960005	-0.0002
836	13.933333333333334	0.48176345511810625	0.8621467063597873	0.0301	0.38274844464484814	0.8545785233613559	0.0301	0.5408360650766793	0.4081706153768079	0.0179	0.7074426829616292	-0.10919754386411272	0.023	0.8989026407664039	-0.1719321485913153	0.2179	0.8395982737463528	-0.2090514186577201	0.1804	0.6986424822526491	-0.21287227763408953	-0.0119	0.5738351085783926	0.8584690619521856	-0.0301	0.49055287931971403	0.3964619981894259	-0.0179	0.3170634553475472	-0.01753283016534284	0.023	0.5069203457205295	-0.15766629329920182	0.2179	0.49569254473252616	-0.13156844974924176	0.1804	0.24909887484382195	-0.10899637378948429	-0.0119	0.4569035946694191	1.5077178157773627	-0.0008	0.48599706712298374	1.8081228339714637	0.0655	0.5712215965764582	1.6450331612428948	0.1076	0.2385845522301364	1.4075138186941456	-0.01275	0.13307294890998284	1.0764736120827882	0.0119	0.12375035877975923	0.7669210295087796	0.0002	0.6441237148671064	1.4013655862761074	0.01275	0.7110564121382659	1.133643897650256	-0.0119	0.8614096551811079	1.071515132801664	-0.0002
837	13.95	0.5026731677469423	0.8616024263853919	0.0301	0.40299430201114705	0.8550733662308573	0.0301	0.5667262189694752	0.4068497431346701	0.0179	0.7184433644297239	-0.11547995207062375	0.023	0.9149035747571413	-0.18698908035633335	0.2179	0.8536736140323243	-0.22215258123668224	0.1804	0.7022071806342906	-0.21412514833723253	-0.0119	0.5937113489585856	0.8581800730431255	-0.0301	0.5201229978521716	0.3918942325970079	-0.0179	0.3277631159671917	-0.008743992641014069	0.023	0.5084220500253958	-0.15918801316796874	0.2179	0.4986894058977163	-0.13137479997777837	0.1804	0.2573927870375219	-0.09203865096164526	-0.0119	0.47369199908540305	1.506983999422028	-0.0008	0.5016329695316142	1.8091662877646266	0.0655	0.5871072960019584	1.6458772421575172	0.1076	0.2566426323805453	1.405619665096675	-0.01275	0.15504952683365963	1.0727516839777758	0.0119	0.14495291630459062	0.7621970189347246	0.0002	0.6596688959697367	1.401969530482157	0.01275	0.7258929074032404	1.133176023371191	-0.0119	0.8814061259269764	1.0670030688824803	-0.0002
838	13.966666666666667	0.5242017780703931	0.8617619826232673	0.0301	0.4242249588061499	0.8558689339199793	0.0301	0.5919789331015238	0.4034316081256799	0.0179	0.7268821759730323	-0.12086859209933211	0.023	0.9278695366416486	-0.20019317228618155	0.2179	0.8649277426794381	-0.23307547756662522	0.1804	0.7034312546497834	-0.21503780967373112	-0.0119	0.6144279468156166	0.8584323360736669	-0.0301	0.5540513725279373	0.38634268606704225	-0.0179	0.3410705245150738	0.0013407537138087964	0.023	0.5088951188004073	-0.16105506614004786	0.2179	0.5015974877386014	-0.1316065077551147	0.1804	0.26777648967093554	-0.07226286008708374	-0.0119	0.4901154523402869	1.507226898739899	-0.0008	0.517613580355029	1.8111316946382336	0.0655	0.6034395817341175	1.6473091395568278	0.1076	0.2748039917959781	1.4051487337960846	-0.01275	0.17753127016501968	1.0703327249008885	0.0119	0.16705150778615294	0.7583479171020118	0.0002	0.6751197684508512	1.4037992367991188	0.01275	0.7401387115674086	1.1331656699132173	-0.0119	0.9017839036346483	1.0611766384081422	-0.0002
839	13.983333333333333	0.546148364952081	0.863064448827143	0.0301	0.4462180833864315	0.8571580258190695	0.0301	0.6163131521799832	0.3982856876720952	0.0179	0.7331853389681261	-0.12496262284876823	0.023	0.9379363808198821	-0.21041897361461373	0.2179	0.8734020231256348	-0.24088939580769725	0.1804	0.703162680988619	-0.2153017874740711	-0.0119	0.6356426108959359	0.8595559519739673	-0.0301	0.5927577020360426	0.38062990238823335	-0.0179	0.35699032660362834	0.012261258692539398	0.023	0.5089692001050329	-0.16295967706002595	0.2179	0.5049435385905542	-0.13195319402712705	0.1804	0.2804977992233165	-0.049861357839962886	-0.0119	0.5062352601147718	1.5085652679156114	-0.0008	0.5340662915788026	1.8138355049979953	0.0655	0.620047413293828	1.6490632547704398	0.1076	0.29278327032701323	1.4057936142826106	-0.01275	0.20005874507229354	1.0689332889908951	0.0119	0.19016405321655838	0.755126498815729	0.0002	0.6905306393567316	1.406882206556248	0.01275	0.7539474579425456	1.1334135619833352	-0.0119	0.9219834717555752	1.0540370348133223	-0.0002
840	14.0	0.5679810531551703	0.8654145227537977	0.0301	0.46827374403843236	0.8590303389690171	0.0301	0.6394199259768758	0.3921212755022742	0.0179	0.7378922367539775	-0.12785130325107494	0.023	0.9455919766729922	-0.21737760918097052	0.2179	0.8789633140575946	-0.24553794395200274	0.1804	0.7020832170118236	-0.21499443402952725	-0.0119	0.6568387715456023	0.8614696716213841	-0.0301	0.6360273569136228	0.37571714360578623	-0.0179	0.3753804819474439	0.02365985801737713	0.023	0.5102097402550565	-0.16465349376011715	0.2179	0.5098386259499759	-0.13202460259624882	0.1804	0.2957806372729137	-0.025430545977916844	-0.0119	0.5222530889440313	1.5108724351721372	-0.0008	0.550961768055558	1.8168703587939534	0.0655	0.6369493303751045	1.6512101212968129	0.1076	0.31062542695727735	1.4073456821046104	-0.01275	0.22226703873895357	1.0681446446922591	0.0119	0.2143612748921915	0.7527452877941456	0.0002	0.7058418046715903	1.4111207942274802	0.01275	0.7671257004451228	1.1338123771015112	-0.0119	0.9411844972199709	1.0456210504242553	-0.0002
841	14.016666666666666	0.5890934089184237	0.8682961404735385	0.0301	0.4898326558175997	0.8612741239636501	0.0301	0.6607758450178618	0.385881782293133	0.0179	0.7415487225778533	-0.1298918623346465	0.023	0.9513127494725799	-0.22147591397649333	0.2179	0.8815024316301165	-0.24775103761200998	0.1804	0.7008992510073875	-0.2146234343554669	-0.0119	0.6774384308026209	0.8637924624667275	-0.0301	0.682813082351515	0.3728610516075737	-0.0179	0.39596500448435284	0.0353148320793107	0.023	0.5145689728891816	-0.16577112434866834	0.2179	0.5175378872863938	-0.1313947978673879	0.1804	0.3137786638403527	-0.00019511815808380523	-0.0119	0.5384216830643298	1.5138179618190488	-0.0008	0.5682264346161447	1.8199807568723034	0.0655	0.6541390181192472	1.6539781173610517	0.1076	0.32863334052522397	1.4096767381348376	-0.01275	0.24400066582991603	1.067661606294478	0.0119	0.23971232043152269	0.7517039148849027	0.0002	0.7209353983061213	1.416179659162185	0.01275	0.7793493797431078	1.1342956081275453	-0.0119	0.9585858961412926	1.0361052126682542	-0.0002
842	14.033333333333333	0.6090917672450425	0.8713037328230308	0.0301	0.510874771961375	0.8635171874431319	0.0301	0.6797592314472323	0.3807206510182324	0.0179	0.7445670774618255	-0.13137427321234843	0.023	0.9553281063045777	-0.22352834277311406	0.2179	0.8812921385605709	-0.24857997687225566	0.1804	0.7003707143574764	-0.2148594722054737	-0.0119	0.697000383919824	0.8661885485085263	-0.0301	0.7314696685725635	0.37339475591247645	-0.0179	0.41858655448089727	0.04690851826836968	0.023	0.5234779392216962	-0.16587974767753036	0.2179	0.528819707055129	-0.12963454358443022	0.1804	0.3345040503906411	0.024066992563546465	-0.0119	0.5549168820585885	1.5171900576590724	-0.0008	0.5858993886008488	1.8232704591358984	0.0655	0.6714363636353828	1.657474556689015	0.1076	0.34704118816902974	1.4124811058806432	-0.01275	0.2653717749331015	1.0674905523786873	0.0119	0.2663103634679859	0.7523097970483922	0.0002	0.7357217727157856	1.4214754003074028	0.01275	0.7907057530254222	1.134621580062611	-0.0119	0.973872517531797	1.0257387950485743	-0.0002
843	14.049999999999999	0.6279690055930673	0.8744840958824	0.0301	0.5317505957168543	0.8657034090580563	0.0301	0.6960031903713014	0.3775548611678095	0.0179	0.7471761009002063	-0.1325255347580344	0.023	0.957551946641562	-0.2244673993839779	0.2179	0.8787545703258666	-0.24891741444913118	0.1804	0.7009611000715155	-0.2161393308459355	-0.0119	0.7154885684965437	0.8686925733295856	-0.0301	0.7801173717040608	0.3778476650569696	-0.0179	0.44329051479221937	0.057762399600615424	0.023	0.537751315935297	-0.16495580797833106	0.2179	0.5440518738593566	-0.12634335019264456	0.1804	0.35761826707012834	0.04526910716565769	-0.0119	0.5717400347858465	1.5209557721159443	-0.0008	0.6041345202661681	1.8267638488029463	0.0655	0.6886813782965687	1.6615841340272397	0.1076	0.36598498291818693	1.4153873261510819	-0.01275	0.28691357077155516	1.0678814088844024	0.0119	0.29429172564358563	0.7542845351768678	0.0002	0.7501164273516364	1.426491588860878	0.01275	0.8016706413934759	1.1344285753339232	-0.0119	0.9873064021096352	1.0146462149458764	-0.0002
844	14.066666666666666	0.6461689121060497	0.8780296350035263	0.0301	0.5528719573693728	0.8680409696741137	0.0301	0.7096032423985524	0.37648473432848006	0.0179	0.7494699974878124	-0.13365815550006874	0.023	0.9578592717419779	-0.22504491518000738	0.2179	0.8742703258743283	-0.24931375608177495	0.1804	0.7026277775699953	-0.21835717697325088	-0.0119	0.733415643963216	0.8714877841666937	-0.0301	0.826828232710139	0.3853064143452055	-0.0179	0.47017247948947655	0.06685722637264944	0.023	0.557867458521954	-0.16359470209423807	0.2179	0.5635774348673682	-0.12133618826021504	0.1804	0.3824811455566166	0.061384313977624685	-0.0119	0.588805261036848	1.5250392308854497	-0.0008	0.6229402869070336	1.8301163834739893	0.0655	0.7059303743895545	1.666064867588003	0.1076	0.38563876524394775	1.4182952201464705	-0.01275	0.30965618369484255	1.0690068385375984	0.0119	0.32388139176247555	0.7569601635128598	0.0002	0.7640845701588774	1.431049522658913	0.01275	0.8126647747817818	1.1335714805238877	-0.0119	0.9994658717470362	1.0028648348733824	-0.0002
845	14.083333333333334	0.6642935724318286	0.8817225371607441	0.0301	0.5744562379424117	0.8702188569064139	0.0301	0.7208967651804463	0.3769329336696473	0.0179	0.7514851346158313	-0.13501850681570068	0.023	0.9563837650164888	-0.22552943882340457	0.2179	0.86846808299041	-0.2500234366741083	0.1804	0.7051164704783379	-0.22091086028234072	-0.0119	0.7514740974777732	0.8741950408445975	-0.0301	0.8701124538225075	0.3940698749905432	-0.0179	0.4995869812684652	0.073105427945012	0.023	0.583830842234464	-0.16248086161139008	0.2179	0.5875861536163008	-0.11501970423529294	0.1804	0.4088870727710777	0.07078645180264119	-0.0119	0.6061033671283141	1.5292381837452167	-0.0008	0.642017060615148	1.8330898184321038	0.0655	0.723475599575647	1.6706604651496801	0.1076	0.4061407879054034	1.4213358549869253	-0.01275	0.33463019337618294	1.0707731356274157	0.0119	0.35532266079286523	0.7599631793863183	0.0002	0.7778401191522426	1.4351979524851617	0.01275	0.8238883774863337	1.132274157911961	-0.0119	1.0107290368951787	0.9904325089223275	-0.0002
846	14.1	0.6827144090015104	0.8848918523055492	0.0301	0.5963990161453301	0.8711764062844887	0.0301	0.7301653769748903	0.37823850818536986	0.0179	0.7532556146787102	-0.13656656742162035	0.023	0.9534259698955084	-0.22577256477549762	0.2179	0.8624427340382472	-0.2511380556480698	0.1804	0.7081716190561441	-0.22302204218648808	-0.0119	0.7699659191513585	0.8757530072325227	-0.0301	0.9096039164263108	0.402821347298942	-0.0179	0.532475635371441	0.07569788563090772	0.023	0.6153554297171808	-0.16195486714205437	0.2179	0.6161357526368586	-0.10862041407753467	0.1804	0.43786253981438183	0.07238132896832637	-0.0119	0.6237343074946915	1.5333399506178886	-0.0008	0.661054919480692	1.8359691197632675	0.0655	0.7416698345278578	1.6750835965623867	0.1076	0.4274062921380727	1.424567729621467	-0.01275	0.36195035566300204	1.0729828529330325	0.0119	0.3885947427773054	0.7635212926129171	0.0002	0.7918635681201355	1.4390069950760245	0.01275	0.8355527881799089	1.1309129908342417	-0.0119	1.0208769176001538	0.97742306624897	-0.0002
847	14.116666666666667	0.7016043087545609	0.8868948665262503	0.0301	0.6183692768898993	0.8700431018949922	0.0301	0.7377443548188856	0.3796956021793875	0.0179	0.7548628111192351	-0.13802678547673136	0.023	0.9492055600259538	-0.2256522564469182	0.2179	0.8573323675797632	-0.25249933549192277	0.1804	0.7112682353206454	-0.22405785712505905	-0.0119	0.7888175350460087	0.8753182766722899	-0.0301	0.9460737576041924	0.4109276769970877	-0.0179	0.5698713792051638	0.07444794079815133	0.023	0.6526381498388066	-0.16214955614099577	0.2179	0.6498337418122092	-0.10380069942736293	0.1804	0.4713626201764355	0.06589915804953086	-0.0119	0.6418216427804554	1.5372849619380073	-0.0008	0.6801429457162897	1.8391760901014906	0.0655	0.7606345364392277	1.6790451009602427	0.1076	0.44916490943037407	1.4279220336128704	-0.01275	0.3905454042027414	1.0755180928975199	0.0119	0.4231921118077128	0.7680069549358276	0.0002	0.806601184354294	1.4425858698626497	0.01275	0.8480434306142717	1.1296947136288369	-0.0119	1.0293383088248091	0.9640743226109514	-0.0002
848	14.133333333333333	0.7211569758860694	0.8874536671343531	0.0301	0.6400133833049769	0.867048547674937	0.0301	0.7442181644055073	0.3802513498249574	0.0179	0.7563936125891275	-0.13915116798480448	0.023	0.9439064983498813	-0.22532419665365844	0.2179	0.8536388114125155	-0.25361521852347796	0.1804	0.7136195504764214	-0.2238469329400029	-0.0119	0.8080272317959991	0.8731195208442959	-0.0301	0.9808518863290108	0.4181843032622011	-0.0179	0.6121282408744969	0.06987448261829861	0.023	0.696442189623194	-0.1629798083729282	0.2179	0.6902666941876767	-0.10183467970056354	0.1804	0.5112729101447392	0.052250507476665896	-0.0119	0.6604214816579973	1.5411965208003346	-0.0008	0.6997704494928175	1.8428102407145246	0.0655	0.7801705601008527	1.6823603854817137	0.1076	0.4711711428598695	1.4313030338572992	-0.01275	0.4189489701632098	1.0782507902703196	0.0119	0.45832699495982393	0.7732474724523928	0.0002	0.8222231129301362	1.4460582385673735	0.01275	0.8616704616322587	1.1284978545671642	-0.0119	1.0357162641644169	0.95064679426769	-0.0002
849	14.15	0.7416107843356841	0.8865567857146558	0.0301	0.6612199366447101	0.8632561218208216	0.0301	0.7502204414656556	0.378911338139722	0.0179	0.7577429513739796	-0.13991865303748868	0.023	0.937977410942582	-0.2251488112807445	0.2179	0.8513195522913791	-0.25405455987445286	0.1804	0.7147927435105593	-0.22273677742790263	-0.0119	0.82792032583671	0.8703085460852393	-0.0301	1.0151747815191476	0.42473365013256037	-0.0179	0.6590897707823286	0.06292577650245679	0.023	0.7472260993475712	-0.16378756157927715	0.2179	0.7395957164919218	-0.10304604007260397	0.1804	0.559022157788649	0.03338540197416079	-0.0119	0.679472885624249	1.5451622671632688	-0.0008	0.7204075656662731	1.8468629399487424	0.0655	0.7999942536287886	1.684876910315093	0.1076	0.49316762422881166	1.4345266527981941	-0.01275	0.44622214623870227	1.0809256660541802	0.0119	0.49337376879539563	0.7784501686074615	0.0002	0.8387050169506781	1.4492872668264005	0.01275	0.8763711749137383	1.1269461795593683	-0.0119	1.040009974719513	0.9369625674870184	-0.0002
850	14.166666666666666	0.7630044628997116	0.8844138001939958	0.0301	0.6821494336527631	0.85964922772033	0.0301	0.756107627946211	0.3754342097240371	0.0179	0.7586115827549382	-0.14050130282922982	0.023	0.9321120768902147	-0.22548496277672472	0.2179	0.8502745779514552	-0.25378017517821316	0.1804	0.7150915448148742	-0.2212243931996912	-0.0119	0.8490056468103301	0.8682202044635408	-0.0301	1.0495995877747182	0.43090756822148996	-0.0179	0.7106332581609702	0.054449390368289156	0.023	0.8045392975378863	-0.16367511275159152	0.2179	0.7991123556178097	-0.10693526888081681	0.1804	0.6153081748587654	0.011988976311620823	-0.0119	0.6988212829657561	1.5489503462021776	-0.0008	0.7420915131228082	1.851384822215767	0.0655	0.8200852911657339	1.686345616170246	0.1076	0.5147736688166646	1.4372863053708926	-0.01275	0.47225505899922027	1.0832465843108408	0.0119	0.5280513952133151	0.7828858923203815	0.0002	0.8560157000541143	1.451879280853031	0.01275	0.8917656723082642	1.1246683728650253	-0.0119	1.0424845148392148	0.9224603872641607	-0.0002
851	14.183333333333334	0.7849488118277818	0.8817286067412089	0.0301	0.7028454327402398	0.8568412937297076	0.0301	0.7619609746644945	0.37032679113347705	0.0179	0.7588862493820007	-0.14108044668899256	0.023	0.9268877354697007	-0.22645292606092227	0.2179	0.8503390029483765	-0.25301933778257835	0.1804	0.7151976223326131	-0.21966025211685586	-0.0119	0.8715606559492338	0.8678944967241953	-0.0301	1.0838260601022591	0.4368917141138126	-0.0179	0.7663893033816584	0.04469490687023781	0.023	0.8673342467820571	-0.16257752503063172	0.2179	0.8675788979475701	-0.11255429794516678	0.1804	0.6789552404821603	-0.009077379256224795	-0.0119	0.718320972460821	1.552020319830213	-0.0008	0.7644266414368233	1.8560658083373311	0.0655	0.8407468188090657	1.6865608965954815	0.1076	0.5358178334989084	1.4393599336032898	-0.01275	0.497570812445696	1.0850816733664888	0.0119	0.5623087369402611	0.7865023988275794	0.0002	0.874138701800822	1.4536550904742267	0.01275	0.907310499169065	1.1216679248678547	-0.0119	1.043413258801183	0.9069609171834404	-0.0002
852	14.2	0.8068212655857525	0.8796505101351356	0.0301	0.7229902649927783	0.8553812085934714	0.0301	0.7677630317729199	0.3646095573184755	0.0179	0.7588516135249609	-0.1416721170520976	0.023	0.9226935926222779	-0.22791587417329456	0.2179	0.8513261529833765	-0.25214534214847867	0.1804	0.7154585203673884	-0.21825470430132074	-0.0119	0.8953008407352347	0.8698916283010883	-0.0301	1.1170274127678412	0.4426448373473387	-0.0179	0.8252060984359946	0.03349762668308979	0.023	0.934740015950591	-0.1613596049228954	0.2179	0.9416760528788737	-0.1186335075783841	0.1804	0.746446892098253	-0.028174857737759802	-0.0119	0.7379290713636719	1.553910683282794	-0.0008	0.7870229036819055	1.8602490606057627	0.0655	0.8622901735190178	1.6857215549413989	0.1076	0.5566157525718542	1.4407911231532122	-0.01275	0.5228538169125532	1.086574126945117	0.0119	0.5962115094887336	0.7898558919727726	0.0002	0.8929891361395227	1.4548285910441983	0.01275	0.9224103377726961	1.1185590531683414	-0.0119	1.0431333192970949	0.8912251750869348	-0.0002
853	14.216666666666667	0.8280437619916031	0.8789492393204639	0.0301	0.7420933325051526	0.8555995821373303	0.0301	0.7734208239852495	0.35964255306985055	0.0179	0.7588782069558656	-0.14214063070664532	0.023	0.9199336735195602	-0.22974096476766462	0.2179	0.8532679659216983	-0.2516673005122847	0.1804	0.7156114794797489	-0.21716174915443498	-0.0119	0.9193561742495433	0.8739921875310909	-0.0301	1.1482843318333191	0.448129899228609	-0.0179	0.8857361851669112	0.02100714841936611	0.023	1.0064137741996388	-0.1606487013769811	0.2179	1.0182839821671343	-0.12389115317314002	0.1804	0.8140054379628585	-0.045621068430605635	-0.0119	0.7577349262540759	1.5545775149775727	-0.0008	0.8098174907050938	1.863735611329108	0.0655	0.8848331309591511	1.6845859912039332	0.1076	0.5776038416527626	1.4417530305860948	-0.01275	0.5484970458416352	1.087926539490354	0.0119	0.6299892870134511	0.7935287678726719	0.0002	0.9123441628394727	1.4556186040070684	0.01275	0.9366918465197352	1.1162796435839584	-0.0119	1.042319706634566	0.8768613019551397	-0.0002
854	14.233333333333333	0.8481981619555181	0.8792827602179206	0.0301	0.7597902855827998	0.8571503909052203	0.0301	0.7787586626022805	0.35644251663496684	0.0179	0.759091554312109	-0.14239259773983332	0.023	0.9191302557704403	-0.23187497963210588	0.2179	0.8563787294154154	-0.2520157333444806	0.1804	0.715278706305669	-0.21651087640634728	-0.0119	0.9426513830269115	0.8790455493418148	-0.0301	1.1769123523545697	0.45335623870883085	-0.0179	0.9475570649550347	0.007995604301886594	0.023	1.0819608203885984	-0.16009684902280724	0.2179	1.095649224928505	-0.12750209054623862	0.1804	0.88028141051542	-0.06239092659564713	-0.0119	0.7779388164118938	1.5543215967420894	-0.0008	0.8328980454363878	1.8669956887414119	0.0655	0.9083504861418641	1.6840844203638712	0.1076	0.5989517346571523	1.442283129744979	-0.01275	0.5745440389815556	1.0890975983403388	0.0119	0.6641220358505239	0.7976105856895113	0.0002	0.9319049715873932	1.4559612851196502	0.01275	0.9502714522943702	1.1154444288232461	-0.0119	1.041981535076701	0.8657842290146166	-0.0002
855	14.25	0.8673337929532116	0.8795963912205612	0.0301	0.7761204102751749	0.8592277248420648	0.0301	0.7836585843112739	0.35495348007807315	0.0179	0.7594434227671704	-0.14248339934139753	0.023	0.9207574120651412	-0.23406021505258076	0.2179	0.8608169598796431	-0.2531910190088259	0.1804	0.7145239095304189	-0.2163030520319576	-0.0119	0.9646478750388133	0.8835296991023416	-0.0301	1.2026630499461222	0.45816779285875636	-0.0179	1.0111382268334175	-0.0044676276350772435	0.023	1.1602783101047918	-0.15880191319090617	0.2179	1.1729203694325763	-0.12903524744391442	0.1804	0.9464515332109257	-0.07856258642947121	-0.0119	0.7987709841069952	1.5534660326180516	-0.0008	0.8562884203910266	1.8702952784092823	0.0655	0.9326394276337275	1.6846309479793176	0.1076	0.6206644119680759	1.4422346706261815	-0.01275	0.6009461908809468	1.0898783622904877	0.0119	0.6991455932166372	0.8017121883396106	0.0002	0.9515525004101547	1.4556428133598358	0.01275	0.9637706804493096	1.1159715376032175	-0.0119	1.0434200461395304	0.8591261260320183	-0.0002
856	14.266666666666666	0.8860558484962575	0.8790772562529433	0.0301	0.7916046372681375	0.861126603759657	0.0301	0.7882326467731889	0.3543387377836787	0.0179	0.7599125810036178	-0.14253108302037062	0.023	0.924782773139524	-0.2357806994853198	0.2179	0.8663155403055094	-0.25470604051223195	0.1804	0.713836854094533	-0.21630824499635498	-0.0119	0.9857233562139329	0.8863720206103437	-0.0301	1.2257247556095219	0.46216405147147405	-0.0179	1.0769067518600908	-0.015479013182703066	0.023	1.240022919968631	-0.15605358961199595	0.2179	1.2497690918993358	-0.1282208120389618	0.1804	1.014353088205611	-0.09325861145745809	-0.0119	0.8203599997366245	1.5521520217982774	-0.0008	0.879978152137697	1.8731394945561515	0.0655	0.9573259737844722	1.6858003750182962	0.1076	0.6427688822458109	1.4413782303838258	-0.01275	0.6277613772257343	1.0901512373194313	0.0119	0.735235608801733	0.8053693280946438	0.0002	0.9715340215362032	1.454500400504788	0.01275	0.9780862003367463	1.1172046974810146	-0.0119	1.0481490543469865	0.8562390569461272	-0.0002
857	14.283333333333333	0.9050128221001105	0.8774702401086606	0.0301	0.806954806709707	0.8623653157662134	0.0301	0.7928559377362598	0.35406649827305	0.0179	0.7605549790290057	-0.14260676393375618	0.023	0.9304166754897183	-0.23669895423638693	0.2179	0.8719782281870804	-0.2560580076245449	0.1804	0.7137314359174808	-0.216251010571152	-0.0119	1.0066575750665716	0.8871388278812138	-0.0301	1.2465149618067692	0.4647070063086185	-0.0179	1.1446460080960192	-0.024467896998616758	0.023	1.3203295575466185	-0.15135439142845064	0.2179	1.32628982577	-0.12493967036917648	0.1804	1.0850735489861931	-0.1054344224917464	-0.0119	0.8426538146374378	1.5503450411802466	-0.0008	0.9039938764887064	1.874850849440619	0.0655	0.9821613594297728	1.6867555897307511	0.1076	0.6653120172056544	1.4395156705523104	-0.01275	0.655087136866202	1.089898627336001	0.0119	0.7720881392549082	0.8083270097417633	0.0002	0.9923278062122004	1.4524202575146594	0.01275	0.9939154925832433	1.118321468649302	-0.0119	1.0572921776997195	0.8552097606426362	-0.0002
858	14.299999999999999	0.924533294381555	0.8748578642855044	0.0301	0.8227940667258726	0.8626715969746858	0.0301	0.7981071048898823	0.3544228007319606	0.0179	0.7614418678799886	-0.14267813546154773	0.023	0.9363419819606019	-0.23693523473030864	0.2179	0.8764763997951411	-0.25714665201173736	0.1804	0.7143658539379067	-0.21603203486087735	-0.0119	1.0279445704381565	0.8858173685961319	-0.0301	1.2654296004179768	0.46502920968596306	-0.0179	1.2133457063327433	-0.031065156670295354	0.023	1.400448097187848	-0.14389637852824175	0.2179	1.4023738941762012	-0.11902253750025706	0.1804	1.158477521454197	-0.11443790606354153	-0.0119	0.8655490902594468	1.5479001779360533	-0.0008	0.9284146860240666	1.8751966285905801	0.0655	1.0072639575532627	1.6869011788518986	0.1076	0.6883157180856383	1.4367147197536272	-0.01275	0.682868892635909	1.0891104726965335	0.0119	0.809156867535488	0.8105094199313704	0.0002	1.014255797118349	1.4492432599463072	0.01275	1.0113274488617086	1.1187502254399382	-0.0119	1.0709485741416036	0.8544619598633134	-0.0002
859	14.316666666666666	0.9447219854193477	0.871520172243451	0.0301	0.839595412091601	0.8620603029881255	0.0301	0.8046928914092654	0.3557766092357847	0.0179	0.7625827042684792	-0.1426281151600131	0.023	0.9411486090313091	-0.23678568173469222	0.2179	0.87852827188638	-0.2579397412947368	0.1804	0.7155679654950775	-0.21558772402943222	-0.0119	1.049694546223031	0.8827703766710435	-0.0301	1.2827761249112932	0.4625631427674192	-0.0179	1.2813279694625748	-0.035111736465528405	0.023	1.478995141680433	-0.13276140460468294	0.2179	1.4770032848754513	-0.11007117796918378	0.1804	1.2332911977898986	-0.12013447917309182	-0.0119	0.8891246204690632	1.5447461286712414	-0.0008	0.9533036846373393	1.8741462788800936	0.0655	1.0329271488545626	1.6860251010304173	0.1076	0.7118141733903028	1.4334420159543864	-0.01275	0.7108726642720062	1.0878827829980238	0.0119	0.8458708070301487	0.811990443541853	0.0002	1.03721513201521	1.4448737238500127	0.01275	1.0298063538383782	1.118395481937373	-0.0119	1.0882187953467501	0.8536039402127017	-0.0002
860	14.333333333333334	0.9656003274346046	0.8677918652430127	0.0301	0.857706306460324	0.8606189185694895	0.0301	0.8132383144844877	0.35764879158754603	0.0179	0.7639455026761209	-0.14237926726152894	0.023	0.9439454076612889	-0.23647225267602487	0.2179	0.8776742339084261	-0.2581076599785544	0.1804	0.7171927252686628	-0.2147011639503988	-0.0119	1.071958396494528	0.8785842695308952	-0.0301	1.2988919505275065	0.4571510747215245	-0.0179	1.346625014808393	-0.036871264029995125	0.023	1.5539230188367659	-0.11782327482255865	0.2179	1.5483127527977407	-0.09778169590508924	0.1804	1.3074883485056707	-0.12289411584578921	-0.0119	0.9136061909607927	1.5411666704628864	-0.0008	0.9786942152342358	1.871596075019168	0.0655	1.0592470356479973	1.6842145639536104	0.1076	0.7359626771347919	1.4302936488742175	-0.01275	0.7388318237221264	1.086501301642225	0.0119	0.8818132182109472	0.8131044285143885	0.0002	1.060834881684842	1.4395507643365382	0.01275	1.0486601437618401	1.1175553467751034	-0.0119	1.1077462201539112	0.8530612709271367	-0.0002
861	14.35	0.9873001040674539	0.863863981349834	0.0301	0.8775015002619088	0.8582731642487301	0.0301	0.8240812790075241	0.3589952552087204	0.0179	0.7655316800087568	-0.14183459849394886	0.023	0.9447842002778588	-0.23630431559242607	0.2179	0.8746924910873807	-0.2574804867060324	0.1804	0.7191866723169337	-0.21307938451572214	-0.0119	1.0950152491459553	0.8736732865371845	-0.0301	1.3142463321424722	0.44912056700374525	-0.0179	1.407240645504442	-0.03704781044805349	0.023	1.623081750268627	-0.10008850623072058	0.2179	1.6142518865825526	-0.0825735583895169	0.1804	1.3784457014158826	-0.12364743668684211	-0.0119	0.9390862951361044	1.537699824431319	-0.0008	1.0046919998272594	1.8677492335416792	0.0655	1.0860562554365745	1.6819721919829296	0.1076	0.7610218181676671	1.4275977502472794	-0.01275	0.7666042830576929	1.0852327768492198	0.0119	0.916835613950796	0.814321215677596	0.0002	1.0848747576016755	1.4338239834410285	0.01275	1.067560424824383	1.1165547616002958	-0.0119	1.1284795914721781	0.8532408568954325	-0.0002
862	14.366666666666667	1.0101661315564932	0.8597825127549202	0.0301	0.8994056545865361	0.8550372337254916	0.0301	0.8373532839401441	0.35922833802838855	0.0179	0.7673183327960537	-0.1407066937103792	0.023	0.9443451511654006	-0.23665581783013304	0.2179	0.8709782859320206	-0.2564024576360191	0.1804	0.7213389704295989	-0.21051066943068786	-0.0119	1.1192407292386675	0.8682065599359332	-0.0301	1.3294873823744804	0.43947640093192214	-0.0179	1.4612524013031836	-0.036580424264130246	0.023	1.6845568098248347	-0.08155650626067379	0.2179	1.6729937874000924	-0.06610666437344367	0.1804	1.442969857119753	-0.12373848957830141	-0.0119	0.9654380529721598	1.5346331526347385	-0.0008	1.0314703758736086	1.8632865313375047	0.0655	1.1131181099849816	1.6800075705161346	0.1076	0.7871682218655369	1.42525717623227	-0.01275	0.7942029237347962	1.084061264937661	0.0119	0.9509579113235482	0.8158410821912664	0.0002	1.1094183262341177	1.428195318329257	0.01275	1.086896808334516	1.1154558884175758	-0.0119	1.1502062105365307	0.8539083941032699	-0.0002
863	14.383333333333333	1.034472804843535	0.8556436016837846	0.0301	0.9236392958597277	0.8513536100190017	0.0301	0.8531861009603666	0.35847596621498284	0.0179	0.7692052985371353	-0.13867630889508664	0.023	0.9432911377963574	-0.23757499502951152	0.2179	0.8676653144732419	-0.25526759776641117	0.1804	0.7233092097153223	-0.20695317233211658	-0.0119	1.1446629825566799	0.8625292852963697	-0.0301	1.345460210556159	0.4298159746932739	-0.0179	1.5071234840204535	-0.03648929283036747	0.023	1.736618900318875	-0.06522346875679122	0.2179	1.7228222930236103	-0.05124773072823245	0.1804	1.4978770488660622	-0.12439019308380228	-0.0119	0.9924745258045843	1.5318479729756447	-0.0008	1.0591553431851757	1.8588045107770577	0.0655	1.1402334486928178	1.6785690462749159	0.1076	0.8144157373221712	1.422971021254464	-0.01275	0.8216067538769775	1.0828089502931304	0.0119	0.9842293899735711	0.817423414328829	0.0002	1.1346586333837583	1.4229608098615913	0.01275	1.1072950534287722	1.114199497989938	-0.0119	1.1732932068075885	0.854354109365758	-0.0002
864	14.4	1.0602910227148363	0.8516783841233135	0.0301	0.9502085953143257	0.8480011711881426	0.0301	0.8717779096557857	0.3570713003956492	0.0179	0.7711619780709128	-0.1355399619821783	0.023	0.941857590124452	-0.23870778761770842	0.2179	0.8653117387310995	-0.25411546675594393	0.1804	0.7248372440082429	-0.20244931475414316	-0.0119	1.1708902512764172	0.8574655029894014	-0.0301	1.3630787860937412	0.42169210456115586	-0.0179	1.5440513088230265	-0.03775059152868998	0.023	1.7777965006769993	-0.05461100156110485	0.2179	1.7621378651334052	-0.041351435598558486	0.1804	1.5409565437363908	-0.12628085116239965	-0.0119	1.0200434567537084	1.5291214704532685	-0.0008	1.0878193690980082	1.854433201003664	0.0655	1.1672496011039013	1.677209744898967	0.1076	0.8427536944122286	1.420647703360607	-0.01275	0.8486427085083447	1.081499963432647	0.0119	1.0166655530535553	0.8186198376294892	0.0002	1.1606083837507895	1.4183493592000143	0.01275	1.1288623694553854	1.112854130464916	-0.0119	1.1981083648125335	0.8541932617515224	-0.0002
865	14.416666666666666	1.0878420764184153	0.8478478239753189	0.0301	0.9791607319069721	0.8455694436269271	0.0301	0.8933133998239403	0.35520751761468633	0.0179	0.7732942800646595	-0.13103120302353236	0.023	0.9397767986817601	-0.239678902692325	0.2179	0.8639263515888623	-0.25283965057412633	0.1804	0.7257265484372254	-0.19692682198396735	-0.0119	1.1975708700317647	0.8539380792865753	-0.0301	1.383012011995265	0.4159952657089278	-0.0179	1.5720314800088697	-0.041037300762116265	0.023	1.807053450466329	-0.052563730856291443	0.2179	1.7899891529137606	-0.039316457157561	0.1804	1.5717021677264753	-0.12959767141004583	-0.0119	1.0480402512916576	1.5262127158640093	-0.0008	1.1175271729367158	1.8502537319171304	0.0655	1.1940916095701455	1.6753749635949724	0.1076	0.8722668674965994	1.4184334314930314	-0.01275	0.8752301620974144	1.080370812960972	0.0119	1.0482153212665122	0.8190489536655353	0.0002	1.1871013298271285	1.414522654654263	0.01275	1.151356750619068	1.1114651594611535	-0.0119	1.22483779634881	0.8536644790084009	-0.0002
866	14.433333333333334	1.1175974134144535	0.8433626847268082	0.0301	1.0105210598787557	0.8438913343651517	0.0301	0.9177557158455554	0.3529758649971714	0.0179	0.7756669648165486	-0.12478809313601862	0.023	0.9366375090844467	-0.24035994739003586	0.2179	0.8631630970390748	-0.2515001315830861	0.1804	0.7257900810855767	-0.19024400450682313	-0.0119	1.2247322604427717	0.8521904703812384	-0.0301	1.4053321762253796	0.41279863092111035	-0.0179	1.5919428090620094	-0.04644910410768697	0.023	1.8242979752612367	-0.060022337966771935	0.2179	1.8069114722654378	-0.046578169635861894	0.1804	1.5915920531297336	-0.13426287871722734	-0.0119	1.0764652681033176	1.522795840636694	-0.0008	1.1482527245384408	1.8466933747297376	0.0655	1.2208269027964849	1.6729935991211353	0.1076	0.9030118378345461	1.4163674431357174	-0.01275	0.9016383790741224	1.079576619369182	0.0119	1.0788399101370414	0.8185413711237286	0.0002	1.2139268930473956	1.4114065893086536	0.01275	1.1746326765674988	1.1097906627237881	-0.0119	1.2533757424491032	0.8531006595077135	-0.0002
867	14.45	1.1497390611938654	0.8372033467837224	0.0301	1.0439880179607819	0.8421926504332976	0.0301	0.9445729951085243	0.35047399435182586	0.0179	0.7781954221699077	-0.11671949564481485	0.023	0.9324121494794032	-0.24079948452643626	0.2179	0.8626806834288749	-0.2502629538266159	0.1804	0.7249752033515371	-0.18248080884883597	-0.0119	1.2525808400789324	0.8515818996076092	-0.0301	1.4294820572033895	0.4115090115798027	-0.0179	1.6058311812775994	-0.05351465337618412	0.023	1.8315235792388571	-0.07542173669827015	0.2179	1.8154798947184723	-0.06213838653004392	0.1804	1.603828975443576	-0.1400290580296147	-0.0119	1.105392103005648	1.5186876196349737	-0.0008	1.179812599196451	1.8441567039860194	0.0655	1.2476968677067013	1.6703399399741423	0.1076	0.9348180261427286	1.4143149836950326	-0.01275	0.9283593641513227	1.0791030887151338	0.0119	1.1087231988776076	0.8172051084947252	0.0002	1.2409004718334782	1.4087101404906484	0.01275	1.1985162648385759	1.1075202492824179	-0.0119	1.2832252852067854	0.8526140839239547	-0.0002
868	14.466666666666667	1.1836102442802767	0.8294514062221551	0.0301	1.07881155083628	0.8400563766353109	0.0301	0.9727405982992692	0.3478379014354137	0.0179	0.7807688701652691	-0.10741951100433778	0.023	0.9275589919144412	-0.24110019350345296	0.2179	0.8623013519946306	-0.24916020054703006	0.1804	0.7235608007221033	-0.17406688315689442	-0.0119	1.281099427167592	0.851305799389105	-0.0301	1.454649216564284	0.41116822815685317	-0.0179	1.6168969505978417	-0.06145584275673102	0.023	1.8334198112343758	-0.0951459732668973	0.2179	1.820004696344728	-0.08248039735103861	0.1804	1.612643268615795	-0.14645319557088313	-0.0119	1.1348181503228099	1.514071748827584	-0.0008	1.2119675719721064	1.8424300736398997	0.0655	1.2749360277457122	1.667611608595342	0.1076	0.9673436911568254	1.4121872497435382	-0.01275	0.9556688569716714	1.0788255030167226	0.0119	1.1383971219711504	0.8153912519261306	0.0002	1.2680034325023206	1.4061348931514672	0.01275	1.2227769375133102	1.1047347921181578	-0.0119	1.3137946394478954	0.8522099746741273	-0.0002
