PathFileType	4	(X/Y/Z)	C:\Users\adpatrick\OneDrive - nih.no\Desktop\WebApp1080sync\WebAppv0.1\fp22_m505_left 2_Sports2D\fp22_m505_left 2_Sports2D_px_person00.trc
DataRate	CameraRate	NumFrames	NumMarkers	Units	OrigDataRate	OrigDataStartFrame	OrigNumFrames
60	60	869	22	m	60	0	869
Frame#	Time	Hip			RHip			RKnee			RAnkle			RBigToe			RSmallToe			RHeel			LHip			LKnee			LAnkle			LBigToe			LSmallToe			LHeel			Neck			Head			Nose			RShoulder			RElbow			RWrist			LShoulder			LElbow			LWrist		
		X1	Y1	Z1	X2	Y2	Z2	X3	Y3	Z3	X4	Y4	Z4	X5	Y5	Z5	X6	Y6	Z6	X7	Y7	Z7	X8	Y8	Z8	X9	Y9	Z9	X10	Y10	Z10	X11	Y11	Z11	X12	Y12	Z12	X13	Y13	Z13	X14	Y14	Z14	X15	Y15	Z15	X16	Y16	Z16	X17	Y17	Z17	X18	Y18	Z18	X19	Y19	Z19	X20	Y20	Z20	X21	Y21	Z21	X22	Y22	Z22
0	0.0	170.87208454620597	543.7582067118368	0.0	142.53970055724042	542.2625105215624	0.0	117.18763657771301	654.1004436958611	0.0	87.36429172312629	765.9376049454472	0.0	114.2075804425059	794.2686932572391	0.0	94.82190739268655	797.2558209656058	0.0	75.43817165851546	785.3261497345649	0.0	191.74723641107124	543.7573414721637	0.0	229.02780179751971	643.6636194322459	0.0	232.00965964185852	756.9925867013142	0.0	272.2679664143785	777.8635394420726	0.0	275.25043108249804	776.3720047927485	0.0	221.57153525174823	777.8669509804199	0.0	209.64506455893175	403.5893565118256	0.0	254.3736404038463	339.46941381006275	0.0	251.39971186713328	387.1820000045212	0.0	152.98284139752272	418.4979726933709	0.0	127.62927462369049	499.02187520966805	0.0	151.48282638468592	567.6129557571888	0.0	237.974200946951	431.91726484731873	0.0	242.44779254390485	504.98751884680473	0.0	260.3358197687296	564.6365948620872	0.0
1	0.016666666666666666	171.1445465814941	543.0933082961799	0.0	142.53053122669144	541.5544839652958	0.0	117.91844720460965	654.4232650923128	0.0	87.37649220078855	766.4667257445669	0.0	114.70118536856538	793.9672862234714	0.0	95.47286257072375	797.2189882710468	0.0	75.829529729599	785.0961614607905	0.0	191.9753057240275	543.1410563569295	0.0	228.8657754388069	643.5809050697485	0.0	231.9550014734253	757.5803165474005	0.0	271.39470346536274	780.4101503484669	0.0	274.41254173416104	777.4498411361011	0.0	222.17925988896275	777.3034036463621	0.0	209.22142885908252	403.7752991330005	0.0	254.6030020958331	340.8354209956616	0.0	251.27014713701902	388.0840563189274	0.0	152.83170361083523	418.80306530075745	0.0	127.48570733774	499.22650714589037	0.0	150.69854327623352	567.5821078486858	0.0	237.76094201923686	431.81025633547955	0.0	242.43439349266606	505.16671426532525	0.0	261.3624402709256	564.6461091323937	0.0
2	0.03333333333333333	171.3567829570358	542.5723092310336	0.0	142.53833753255913	541.0107964220739	0.0	118.47488256985675	654.6542202840157	0.0	87.40195246283301	766.8400932575472	0.0	115.10727076857269	793.7219371597258	0.0	95.91767596793781	797.1666691490201	0.0	76.10732705695438	784.9020923124775	0.0	192.15211817231966	542.62795474688	0.0	228.7384015031158	643.5189688319459	0.0	231.93093952306964	757.9617239892096	0.0	270.74085740740026	782.3268668772566	0.0	273.8114601173172	778.2417619296905	0.0	222.59976551288233	776.8953108389205	0.0	208.91507212404014	403.8822289450776	0.0	254.8608203536766	341.9159659103309	0.0	251.19465392474916	388.833454108767	0.0	152.69786153616732	419.0502448277125	0.0	127.3721981860735	499.3526809756097	0.0	150.09841018728284	567.5521787961618	0.0	237.6148657345871	431.7138564298483	0.0	242.41887109601038	505.30527709470556	0.0	262.1469342223564	564.6581814344036	0.0
3	0.05	171.47685861828043	542.279934396319	0.0	142.55462418064224	540.6816207245988	0.0	118.80549765442454	654.7513381397574	0.0	87.4488353750141	767.015908949002	0.0	115.37946890212976	793.5461683654813	0.0	96.10304035858633	797.1125505056253	0.0	76.25766283041922	784.7738116225737	0.0	192.26044698042875	542.259360381189	0.0	228.6530217395143	643.4716767566307	0.0	231.97821510915645	758.085719947426	0.0	270.37153999614213	783.3826219195313	0.0	273.4999775009583	778.644861667484	0.0	222.78835572177783	776.6859185534385	0.0	208.77025831625653	403.9063683717962	0.0	255.12615244432658	342.62763407654677	0.0	251.1769079265781	389.4323216581775	0.0	152.59319941268905	419.204397544034	0.0	127.27266589352618	499.38260186838613	0.0	149.7424203659077	567.4994988231133	0.0	237.59317302668094	431.62988545370297	0.0	242.40367257153048	505.38035409970007	0.0	262.61866613090336	564.6592279572857	0.0
4	0.06666666666666667	171.51613554320141	542.1876249191932	0.0	142.56205105164074	540.4880618202922	0.0	118.97358754661974	654.7260938352396	0.0	87.51098279959136	767.0531121387958	0.0	115.52431033522335	793.4251211328544	0.0	96.13268119775873	797.0883663721393	0.0	76.3413122117781	784.7242216017671	0.0	192.3320807734509	541.9773025629944	0.0	228.5984322595641	643.4005931723892	0.0	232.10940814322038	758.028632876635	0.0	270.22614356541277	783.7787092689026	0.0	273.3739839533612	778.7606603033457	0.0	222.82850462858045	776.5761902116169	0.0	208.7337352121306	403.90819807445854	0.0	255.35805019200262	343.07700395472284	0.0	251.17912764634443	389.9657339196503	0.0	152.51923656240956	419.26177478449586	0.0	127.14995306692228	499.358275547495	0.0	149.58011176413663	567.3954808060479	0.0	237.7066329017267	431.5573448202572	0.0	242.40292755749618	505.3814121408905	0.0	262.8766820182445	564.6456869820178	0.0
5	0.08333333333333333	171.5004271340446	542.1860550724448	0.0	142.55188637432798	540.3437021531147	0.0	119.04888493013078	654.6088925630006	0.0	87.57015372166883	767.0166756809268	0.0	115.56581529844863	793.3563821974467	0.0	96.11885900158424	797.1015753839338	0.0	76.41038955167936	784.7372620371715	0.0	192.41508342254687	541.7068743128647	0.0	228.56687324982883	643.2783717691391	0.0	232.2783949231653	757.8651116450525	0.0	270.25000016484177	783.827486451182	0.0	273.350727710682	778.7390984038568	0.0	222.81064651231094	776.437989013606	0.0	208.73075817691986	403.9410855940132	0.0	255.55820893095682	343.37742169207536	0.0	251.18137501658086	390.43953237073964	0.0	152.47137647533168	419.2449306110211	0.0	126.99723292541228	499.3246972062891	0.0	149.5296790142413	567.2457248381281	0.0	237.90897816660532	431.49708503804504	0.0	242.4361430132766	505.30686761111315	0.0	263.02043379458655	564.6476338663283	0.0
6	0.1	171.4350073662298	542.1971769474575	0.0	142.5158489587597	540.2671172335087	0.0	119.05645378980051	654.4312352241432	0.0	87.61778920317349	766.9318062613191	0.0	115.5131716982912	793.3502418437289	0.0	96.06978237436377	797.1222380145307	0.0	76.48667107079231	784.7738107267355	0.0	192.53220099923854	541.4701975308781	0.0	228.56550061362094	643.1294167899941	0.0	232.4128301912913	757.6399174878643	0.0	270.43025372112567	783.689051942966	0.0	273.4410247033648	778.6354884803409	0.0	222.7610862373225	776.2382949870339	0.0	208.7435849009321	404.01162753439525	0.0	255.75851105676378	343.5526897779972	0.0	251.220175332709	390.7662243708634	0.0	152.44513026008852	419.19619814055994	0.0	126.8453664880103	499.30274163026445	0.0	149.5174739239732	567.0947758884089	0.0	238.14155100901428	431.4576401956787	0.0	242.51756145730587	505.17840161790474	0.0	263.037201716722	564.7109118254245	0.0
7	0.11666666666666667	171.32293073257713	542.2194097137947	0.0	142.447144011707	540.3216224033765	0.0	119.02930529455955	654.2468050427049	0.0	87.6677397321824	766.8179103828487	0.0	115.39461561417717	793.3965039930981	0.0	95.96532712827752	797.11069445177	0.0	76.58820123030186	784.7880184952953	0.0	192.67868835279378	541.345803371215	0.0	228.60908423571607	643.0076063701678	0.0	232.46553312228045	757.4212508468017	0.0	270.71398845852144	783.4489297541919	0.0	273.6362620919123	778.4534533775392	0.0	222.67251432588694	776.0298915867988	0.0	208.783007401293	404.0975381539815	0.0	255.9574274576227	343.6177505192135	0.0	251.33606107467594	390.88904386351476	0.0	152.42745263776516	419.16079279308855	0.0	126.73234360475932	499.30828227473927	0.0	149.4804691025472	566.9863898222427	0.0	238.36844816695412	431.4611509768187	0.0	242.6467051138963	505.04055197159073	0.0	262.90043882775433	564.8503446074004	0.0
8	0.13333333333333333	171.19797906558787	542.2670877218573	0.0	142.35919135481615	540.4888122814223	0.0	119.03037155708017	654.1271132264121	0.0	87.73542995255599	766.7148487848256	0.0	115.28073771332873	793.4597080903612	0.0	95.866882253417	797.0508171696274	0.0	76.72428220485757	784.7493694898975	0.0	192.83306982679696	541.350090695656	0.0	228.69741445499605	642.9448149157083	0.0	232.42988254749682	757.2861824586254	0.0	270.97607407625577	783.2591551481795	0.0	273.8337334142614	778.2483558600916	0.0	222.551639109252	775.8782922723692	0.0	208.83537781098352	404.17742839185036	0.0	256.1197093172773	343.63764028594323	0.0	251.49912808489742	390.85691313880994	0.0	152.39570365064452	419.1567380548558	0.0	126.68809569756316	499.346455624555	0.0	149.3724625232457	566.9280156310659	0.0	238.562990362945	431.5226235324681	0.0	242.7951239271556	504.9408589111097	0.0	262.68875527083884	565.0300221220527	0.0
9	0.15	171.11063249352853	542.3295858593984	0.0	142.29137479371056	540.6862552198617	0.0	119.08386383156581	654.1092595995672	0.0	87.81424645165146	766.6574480897826	0.0	115.22775986278769	793.5138327695611	0.0	95.86309668722836	796.9662800429455	0.0	76.86359347145459	784.6713151953047	0.0	192.96232203755932	541.4364304057802	0.0	228.804146159552	642.9390958250713	0.0	232.33430927793378	757.2500913645123	0.0	271.1291615562677	783.2164399705712	0.0	273.9476414771842	778.0949714517102	0.0	222.42425146538335	775.831289647131	0.0	208.89240642071562	404.2349640444834	0.0	256.22275275491114	343.64890093455	0.0	251.63318277234308	390.7510552622822	0.0	152.34608428820087	419.17181711964554	0.0	126.73997891979435	499.3977476870291	0.0	149.17889940964608	566.9055736187715	0.0	238.6961241680023	431.62464606446486	0.0	242.9178372167605	504.91016824810623	0.0	262.50106694042626	565.1955907255989	0.0
10	0.16666666666666666	171.09155750726072	542.3989180960766	0.0	142.2828884390235	540.8561285711236	0.0	119.14066817937612	654.1670999131029	0.0	87.87574075268367	766.6559011382485	0.0	115.24028567443632	793.558754925944	0.0	95.96365601749369	796.9135465632022	0.0	76.95171910944588	784.6128988597438	0.0	193.03994870513287	541.5638764045689	0.0	228.90178263645493	642.9787640550422	0.0	232.23014191121928	757.2686315759564	0.0	271.19589935709996	783.2351418936574	0.0	273.997274917151	778.0075850311558	0.0	222.3218785308828	775.9078353879057	0.0	208.99786308079794	404.2575547047111	0.0	256.26727968491787	343.6110092357616	0.0	251.71556681451918	390.5798180211504	0.0	152.32384741993891	419.18703032401095	0.0	126.89979233684427	499.44044985712725	0.0	148.91076567214776	566.9090787183085	0.0	238.75936815189783	431.7182690110513	0.0	242.9928711826301	504.9512469087444	0.0	262.32949897505	565.3335004373897	0.0
11	0.18333333333333332	171.14240159408521	542.4875100354421	0.0	142.3369862056671	540.9632673540243	0.0	119.15527466916961	654.2443717037106	0.0	87.88937329654702	766.7149703226413	0.0	115.3053132089107	793.5970860410047	0.0	96.12229128502938	796.9438106995644	0.0	76.9695397123863	784.6250852568638	0.0	193.06449677957994	541.6982752956623	0.0	228.99638079559688	643.0558213051916	0.0	232.1573685140426	757.3181970069813	0.0	271.20641169010275	783.2241633752026	0.0	274.0076047231844	777.9919617396646	0.0	222.26921000073995	776.0697393137315	0.0	209.20228979815272	404.2489404327647	0.0	256.2560591859854	343.4849268627024	0.0	251.80458959061932	390.29294932580734	0.0	152.4001717932582	419.18979819648644	0.0	127.14704166587465	499.46970858011514	0.0	148.58328236554013	566.9307388643634	0.0	238.77887734787097	431.75298294597656	0.0	243.03221914691537	505.0488706953029	0.0	262.13210631380895	565.501613351945	0.0
12	0.2	171.23983821983964	542.60982662465	0.0	142.4097184714167	540.9789831525786	0.0	119.15485508179353	654.3160577026609	0.0	87.84843255746702	766.8325721763708	0.0	115.41162486665905	793.6233517350767	0.0	96.30870862304731	797.0542429441194	0.0	76.94259550719427	784.6926626957909	0.0	193.05508183843713	541.803244022492	0.0	229.11979480374708	643.1677421060319	0.0	232.11661442103713	757.4258166914702	0.0	271.11753864402294	783.2672267010576	0.0	273.92703949426357	778.1164067514402	0.0	222.2744540974082	776.2247005153312	0.0	209.48910750592995	404.2256989577107	0.0	256.1801963433627	343.28646088205517	0.0	251.95953130468368	389.8722702630258	0.0	152.60931276144487	419.175582350239	0.0	127.43363100368718	499.4805680763384	0.0	148.22070426329066	566.9624301661654	0.0	238.79463459522546	431.7239037874965	0.0	243.0527685461721	505.177868861189	0.0	261.96098660055975	565.7722592481729	0.0
13	0.21666666666666667	171.33200698664388	542.7725884191425	0.0	142.43253675223963	540.9330976540343	0.0	119.18406812948486	654.4048528092028	0.0	87.77163401237037	766.9641108874368	0.0	115.53428968253169	793.6437124814465	0.0	96.49730436539672	797.1820687781062	0.0	76.89314806542936	784.7479299585525	0.0	193.0314237845097	541.8878724111956	0.0	229.2808758091881	643.3187813619575	0.0	232.08897759691922	757.6036522053537	0.0	270.90604433820914	783.4692574453821	0.0	273.72523386324485	778.4169972020128	0.0	222.3315724736153	776.3037839192993	0.0	209.79500647340052	404.19776778375524	0.0	256.0473533475287	343.0348068205135	0.0	252.19034779174603	389.3756678759519	0.0	152.92776319794518	419.1464541483041	0.0	127.70058971106184	499.44266078620524	0.0	147.87019765587667	566.9987484842555	0.0	238.83756247103491	431.67986398522646	0.0	243.05768747520702	505.2915070115982	0.0	261.896142247153	566.1403011387774	0.0
14	0.23333333333333334	171.3714106763837	542.9731350619077	0.0	142.3658043270241	540.9133243123807	0.0	119.2292936442942	654.5246684287528	0.0	87.67934879945739	767.0412716909599	0.0	115.63461344141339	793.6754249271743	0.0	96.63509225392275	797.2459792676821	0.0	76.82517778239136	784.7310888599376	0.0	193.00381657494523	542.0076559687872	0.0	229.44536336554702	643.5018507169353	0.0	232.06950314732515	757.8019684658904	0.0	270.64736939645235	783.7669303276882	0.0	273.47579863310966	778.8011892326354	0.0	222.42772217155584	776.3248467604074	0.0	210.0751980481809	404.1633745356493	0.0	255.914201706735	342.7357926672743	0.0	252.48582066696144	388.9130873579195	0.0	153.30118260197753	419.1142712112662	0.0	127.89921524100383	499.325804167605	0.0	147.57882621345072	567.0457840559624	0.0	238.92805625182515	431.68364293174227	0.0	243.0437538349823	505.33728359983894	0.0	261.908717239167	566.5176467218587	0.0
15	0.25	171.38208328200355	543.1826038192029	0.0	142.25138115749252	540.9549552946786	0.0	119.25382871600642	654.6439143654683	0.0	87.58952334032385	767.03875912426	0.0	115.6825168269119	793.7139408466446	0.0	96.68009954609437	797.1908595602087	0.0	76.76250481378086	784.6300249199111	0.0	192.9821997898537	542.1799312966366	0.0	229.57868880449575	643.6653119222703	0.0	232.058843859628	757.9487324683333	0.0	270.43454636924577	784.0448387941145	0.0	273.2699524937681	779.1371537865742	0.0	222.5336711129208	776.3389561800324	0.0	210.29781763871094	404.1166567507054	0.0	255.84440186771064	342.44766604845404	0.0	252.8127981245078	388.59341013556474	0.0	153.66380970478116	419.1040991926799	0.0	128.00460707902707	499.16140475997287	0.0	147.35973626518705	567.1421853028494	0.0	239.07624428652483	431.7836941706225	0.0	243.0048272615528	505.3014808582248	0.0	261.904678127643	566.8125459047817	0.0
16	0.26666666666666666	171.4478170961906	543.3372262336197	0.0	142.1940813063145	540.9892430474656	0.0	119.26003642283465	654.7286647610855	0.0	87.53202623788707	766.9819880823588	0.0	115.68021977172862	793.7253005523502	0.0	96.65833567054347	797.0190951811438	0.0	76.7497689201956	784.4824854836461	0.0	192.98234145472932	542.3396717163802	0.0	229.67828808171294	643.7205513323572	0.0	232.04014685812245	758.0058751394507	0.0	270.2962876919807	784.3047251457979	0.0	273.12760198150977	779.3690745875317	0.0	222.59795650003505	776.3429722378387	0.0	210.4127941431532	404.06272031824125	0.0	255.85290595734267	342.28748734629767	0.0	253.09719448030188	388.4793329060559	0.0	153.95571823243355	419.1385329597529	0.0	128.0151197702111	499.0290329386137	0.0	147.18980542573348	567.3421402792736	0.0	239.27365538530506	431.99876853285235	0.0	242.93506079108917	505.2216189908352	0.0	261.8534711798729	566.9914858639885	0.0
17	0.2833333333333333	171.608191011351	543.364293684873	0.0	142.27048382937394	540.9446715173691	0.0	119.2705598599978	654.7786081443211	0.0	87.53870851262474	766.9042767736049	0.0	115.65196386036055	793.6846688199583	0.0	96.63228890723909	796.797259374425	0.0	76.80332213989085	784.337226182439	0.0	193.01571616238022	542.4024666740836	0.0	229.7478540897682	643.6194305043483	0.0	231.99464987665323	757.9812424577474	0.0	270.23726011937237	784.5974607084584	0.0	273.0377682840616	779.5040452063324	0.0	222.58977746936569	776.2994392780251	0.0	210.4019613711025	404.0165909285575	0.0	255.91891284463887	342.3244541093434	0.0	253.2840858118289	388.5471263193933	0.0	154.1502020467896	419.2176036916371	0.0	127.95213561533394	498.9709005014092	0.0	147.02584834472432	567.6489479140855	0.0	239.49786238416033	432.29773482728666	0.0	242.8518022296776	505.1607838376838	0.0	261.78188858554944	567.0793566379792	0.0
18	0.3	171.82131044953942	543.2328756202892	0.0	142.46975299013513	540.8326889211062	0.0	119.28902340376955	654.8105760774866	0.0	87.61801686693632	766.8422134919618	0.0	115.61803117823166	793.6034094808101	0.0	96.627297555862	796.6182524460907	0.0	76.90054974803317	784.2175447770156	0.0	193.0850322668848	542.3454486045129	0.0	229.77712782235906	643.4155734837285	0.0	231.9370398998657	757.9135157357861	0.0	270.2798172130165	784.8984971580082	0.0	273.00483837110545	779.5540543197939	0.0	222.54360757219118	776.212548494425	0.0	210.33402631629113	403.97767176784384	0.0	256.00614223611944	342.4986894938817	0.0	253.38676043355068	388.6759778751556	0.0	154.25956874099455	419.322945972074	0.0	127.85865789272643	498.96811456638693	0.0	146.82636070323892	567.9946340341371	0.0	239.73134096393514	432.60076177147994	0.0	242.80018292682723	505.1782247296635	0.0	261.6986994386137	567.1260055662029	0.0
19	0.31666666666666665	172.03148686410205	542.9873121024776	0.0	142.7247581923651	540.6979661751743	0.0	119.30596134165471	654.8486415095778	0.0	87.74467101484672	766.8421239504356	0.0	115.60805947378306	793.5178995567362	0.0	96.65275538184254	796.5523976852737	0.0	77.00000390673581	784.1329238923432	0.0	193.18343047628846	542.2031281891775	0.0	229.76496444159102	643.220702944254	0.0	231.90950703938083	757.8573336180328	0.0	270.42609830319117	785.1387743510401	0.0	273.016395774156	779.5314908839141	0.0	222.51813388774406	776.1260058696113	0.0	210.3107170322996	403.9298899682806	0.0	256.0609533054683	342.6714549551023	0.0	253.44432908098975	388.7226708999787	0.0	154.32223542050872	419.43637513818726	0.0	127.77958621694432	498.9935199328033	0.0	146.5793433911815	568.2935544315674	0.0	239.96858834039915	432.8197530665278	0.0	242.81516317929587	505.2959077785106	0.0	261.596234475136	567.164929521041	0.0
20	0.3333333333333333	172.2038211321853	542.7305299590867	0.0	142.96312656020382	540.5688934242338	0.0	119.31291671467521	654.9171008727678	0.0	87.86674929153932	766.9128717869917	0.0	115.66346359354652	793.4707946733245	0.0	96.7492893058392	796.6209806952329	0.0	77.04244637303266	784.0934129170658	0.0	193.2786438006498	542.0218673254936	0.0	229.74064160131033	643.1219698364312	0.0	231.93163974938975	757.8600722456365	0.0	270.6319993140502	785.2885559519958	0.0	273.02515495453025	779.4759585161221	0.0	222.5189641173406	776.0699872589897	0.0	210.39121024741772	403.8772472808373	0.0	256.0499404136875	342.7269472588483	0.0	253.49460530772194	388.60688101337166	0.0	154.39998512613434	419.55606441292116	0.0	127.73744553386683	499.044224931973	0.0	146.3157582739929	568.4874279337743	0.0	240.20561214737032	432.91928412407043	0.0	242.88883020901488	505.47463271068693	0.0	261.48795602029514	567.1946552628317	0.0
21	0.35	172.3008390169618	542.5769987056689	0.0	143.11848335567097	540.5060160467731	0.0	119.29731862594022	655.0181131720253	0.0	87.93093507897794	766.9916704987378	0.0	115.76957930730478	793.4828453679075	0.0	96.93049579111113	796.7692177465367	0.0	76.98487938084043	784.096948497038	0.0	193.3220846074741	541.8712520734802	0.0	229.7474569109022	643.1477261369039	0.0	231.97515657138965	757.9214025343165	0.0	270.83793814126034	785.3623072232683	0.0	272.99136668541684	779.4372328476359	0.0	222.5019874271211	776.0529379257077	0.0	210.57999071164878	403.8633565949823	0.0	256.0127254828438	342.6441471326684	0.0	253.5914828047765	388.3443167376779	0.0	154.55571905553316	419.7010390824866	0.0	127.72915754755957	499.1328937439193	0.0	146.08941781669014	568.559718362667	0.0	240.43528712807225	432.9458829181319	0.0	242.97725553365936	505.6480224579367	0.0	261.40403018919454	567.2088784784786	0.0
22	0.36666666666666664	172.295307945469	542.6100347960521	0.0	143.15084602138955	540.6188866603247	0.0	119.25071732490804	655.1280362249744	0.0	87.91016401559503	766.9895817594874	0.0	115.82804109607383	793.5305279622241	0.0	97.12769362907338	796.8830424672306	0.0	76.85727300384958	784.1196823552772	0.0	193.2985128791644	541.850010243168	0.0	229.80825082553417	643.268687020267	0.0	231.99597328151134	757.9847611007661	0.0	271.0004406777322	785.3856807469809	0.0	272.92424791767564	779.4185943287359	0.0	222.43803950681695	776.077409372249	0.0	210.83922382369695	403.94005014131227	0.0	256.0290872765677	342.50157903691445	0.0	253.7862165473119	388.0415010074307	0.0	154.79508907527594	419.87782028502477	0.0	127.74560016026012	499.25951506418176	0.0	145.94197983129112	568.5387068112633	0.0	240.65858081931356	432.98370948949355	0.0	243.03593488131702	505.77779447020214	0.0	261.36371883790315	567.2315043004343	0.0
23	0.3833333333333333	172.20959530571392	542.8644211250443	0.0	143.08309500294519	540.969204843802	0.0	119.1958531159136	655.2118749080303	0.0	87.80573886214283	766.8640665208158	0.0	115.75951821824076	793.5771906350627	0.0	97.2540589603418	796.8876157366527	0.0	76.73727719340708	784.1237231422675	0.0	193.24613643900827	542.0091415780367	0.0	229.91445687681784	643.4213341799581	0.0	231.975490760179	757.9971890773156	0.0	271.09635998799996	785.3900717381472	0.0	272.86960472683745	779.3757018168998	0.0	222.33860905247147	776.1277311237772	0.0	211.1165000360487	404.1082670539171	0.0	256.1247081731092	342.37954144261647	0.0	254.077558180275	387.8056963636169	0.0	155.0549897458438	420.0437723155096	0.0	127.79179197601877	499.38710161834604	0.0	145.8883296422172	568.4774208855565	0.0	240.8833825740392	433.0791747789672	0.0	243.0546625687894	505.8543615282416	0.0	261.3662463756234	567.3036413207824	0.0
24	0.4	172.09774985548796	543.3304859257232	0.0	142.97369178326164	541.4960716718529	0.0	119.17643963440949	655.2440020163244	0.0	87.64266787862645	766.6500413878232	0.0	115.58421188868479	793.6147100272633	0.0	97.27842964838081	796.8024626444969	0.0	76.66619420112889	784.0752466145623	0.0	193.2190644526011	542.3057764278409	0.0	230.04462500044417	643.5490808227686	0.0	231.92428315669895	757.9576562873511	0.0	271.11885359037666	785.4151505337651	0.0	272.8581612870363	779.2879917352012	0.0	222.23040336471033	776.1618071511261	0.0	211.3745022571311	404.3001969350569	0.0	256.2461766674327	342.2790390235939	0.0	254.4059779908669	387.65233534748893	0.0	155.27270449026784	420.1418874032863	0.0	127.8773530093644	499.46558790354106	0.0	145.91755982099605	568.4294695537085	0.0	241.10037961108142	433.2285641689077	0.0	243.05868821662924	505.8798336723261	0.0	261.39106975338507	567.4487834430231	0.0
25	0.4166666666666667	171.98723147950005	543.9400536771793	0.0	142.8504821233003	542.0650781416409	0.0	119.20316311673609	655.2219467379329	0.0	87.47092505726289	766.4291169971377	0.0	115.36475391978763	793.6464300995922	0.0	97.20793471105556	796.6862342214893	0.0	76.62467858115122	783.962336836817	0.0	193.24905273321957	542.6655932100045	0.0	230.17728831725523	643.6217950839799	0.0	231.86139688688783	757.8883157835933	0.0	271.0836043491171	785.4764836608354	0.0	272.8877260469948	779.1980109457703	0.0	222.13217825777284	776.1430547721936	0.0	211.5968191750785	404.42910958904747	0.0	256.33136745569027	342.1724289486344	0.0	254.7112618964707	387.54760696705483	0.0	155.43258018776635	420.16377060340983	0.0	127.99282173666138	499.4788391179572	0.0	145.99520744688803	568.4355120959988	0.0	241.2811955098671	433.4242043130636	0.0	243.0776744609501	505.8821473017881	0.0	261.3954440884472	567.6572030321737	0.0
26	0.43333333333333335	171.87001379920576	544.5538036910564	0.0	142.70850271122674	542.5581854337762	0.0	119.24279757587816	655.1625204871895	0.0	87.34231774913523	766.2734103555337	0.0	115.13887540806834	793.655615163958	0.0	97.05210006214958	796.5791869249563	0.0	76.58237580458183	783.8090670831542	0.0	193.33906397949409	543.0428928779679	0.0	230.2904988610059	643.6242507412466	0.0	231.8037298858975	757.7968494385025	0.0	271.02266571566634	785.5333333540129	0.0	272.9509376147025	779.167549078803	0.0	222.05658495598027	776.0670576482285	0.0	211.79562488466146	404.44937908047643	0.0	256.3724880431612	342.07171350720824	0.0	254.98232778668668	387.4718101466933	0.0	155.54484410575193	420.1502977694404	0.0	128.1105289977849	499.45667585917244	0.0	146.07564761198185	568.5016175870383	0.0	241.41409787436635	433.6622160523902	0.0	243.11784990709796	505.9082291665818	0.0	261.3343064460051	567.8844917968939	0.0
27	0.45	171.74736392200998	545.0221842041732	0.0	142.56221223061198	542.9097724179508	0.0	119.2661960371074	655.1052678491446	0.0	87.28115411570276	766.2276974795885	0.0	114.94779159318074	793.6299495050969	0.0	96.84999571758202	796.5138025978563	0.0	76.52760934318951	783.6817229587181	0.0	193.47076069193685	543.3990516823371	0.0	230.36931471448406	643.5595864265587	0.0	231.76607748257632	757.6890018995871	0.0	270.9442601013968	785.5154356623895	0.0	273.0363743268262	779.2161681658482	0.0	222.0186506705513	775.9476408747852	0.0	212.00764969313062	404.3787008899226	0.0	256.3914590950902	341.9997387603242	0.0	255.23258310782575	387.3881548477677	0.0	155.63642842328252	420.149371613195	0.0	128.19962419632884	499.45448501444866	0.0	146.11816095817522	568.5886307724871	0.0	241.5231440600572	433.91337639053324	0.0	243.16557275420948	505.96475588433276	0.0	261.19414953298946	568.0671254782496	0.0
28	0.4666666666666667	171.64925243951924	545.2718777328942	0.0	142.4579733335066	543.1014752766741	0.0	119.26675782372516	655.1075966032295	0.0	87.28399430057893	766.3172878369224	0.0	114.87213918211039	793.5930477359425	0.0	96.69151754784792	796.531284780938	0.0	76.44599579611122	783.6527051251692	0.0	193.6195110089617	543.6735907935016	0.0	230.40626375881268	643.47486384298	0.0	231.75328455615835	757.5848025263098	0.0	270.81313269071387	785.3793501319512	0.0	273.1084466309461	779.3082760638525	0.0	222.02769458368172	775.8056795843814	0.0	212.25721164227303	404.2866426475942	0.0	256.3960701349439	341.938297572722	0.0	255.4521031366095	387.24177711246705	0.0	155.7599279768462	420.1863755032893	0.0	128.2358100575206	499.5117802779507	0.0	146.1066027770588	568.6371780499031	0.0	241.64463380337395	434.1315838491492	0.0	243.21823632241203	505.99611140326795	0.0	261.00022754720817	568.1782289346296	0.0
29	0.48333333333333334	171.60342519369772	545.3092955314943	0.0	142.42649348541224	543.1559666874323	0.0	119.23797324198257	655.1964687406604	0.0	87.3307630951773	766.5233913892677	0.0	114.95663073265875	793.5712872772709	0.0	96.6272569968059	796.6344648960178	0.0	76.32319262607069	783.7306033501598	0.0	193.76657513304818	543.8235515184941	0.0	230.3920721716933	643.4419921301671	0.0	231.75405711025914	757.4958961629911	0.0	270.6084047186551	785.1369481144834	0.0	273.13349269273783	779.3860482285382	0.0	222.07434298602766	775.676642473468	0.0	212.53537436938043	404.2525338407984	0.0	256.4073867695111	341.8477503736775	0.0	255.62735835176574	387.04145099879435	0.0	155.9497242385666	420.2507634140069	0.0	128.21070938670758	499.6150416557012	0.0	146.0670013125148	568.611280888829	0.0	241.79872625804074	434.28622728369254	0.0	243.29769777145032	505.95969786702335	0.0	260.79006670944784	568.2699831692664	0.0
30	0.5	171.61261538616	545.1741791474533	0.0	142.45536889537115	543.118652642477	0.0	119.1652523302789	655.3372825730734	0.0	87.39435966248698	766.7681526144439	0.0	115.12470914543256	793.5637069385429	0.0	96.58995468623833	796.7582532166532	0.0	76.18273798368472	783.8590181616236	0.0	193.89444231266867	543.86915032757	0.0	230.32882666097763	643.4941520313243	0.0	231.7594438280048	757.4212796808581	0.0	270.38300650824345	784.8475918804551	0.0	273.11594523455665	779.4065258553055	0.0	222.14316103562123	775.5998970940719	0.0	212.8142489680992	404.3096287088127	0.0	256.4737875496237	341.7164836043707	0.0	255.78489186920913	386.8634387231795	0.0	156.17889296495204	420.3007999567145	0.0	128.13799238707455	499.71321046327716	0.0	146.0408313009042	568.5264279058647	0.0	241.98329451428327	434.37013322582266	0.0	243.42191563858506	505.88521900167603	0.0	260.5920388206323	568.4254930651665	0.0
31	0.5166666666666666	171.6738566346412	544.9323014983581	0.0	142.52048627013437	543.0130924362659	0.0	119.04421499707674	655.4820650393444	0.0	87.45348973507421	766.9646566990073	0.0	115.25442340809325	793.5747879197606	0.0	96.50790724055203	796.8385517816015	0.0	76.08289635167893	783.9869436756836	0.0	193.98689315760416	543.8530317266498	0.0	230.24755005763004	643.598959755721	0.0	231.7820061412157	757.3889117964103	0.0	270.2226799377578	784.6073445673636	0.0	273.07017601094464	779.3587704990305	0.0	222.22873178504636	775.5941175587673	0.0	213.05843282963724	404.4304651613408	0.0	256.59912794859235	341.5683281601534	0.0	255.96558064205337	386.74687728276484	0.0	156.40078268700688	420.2958686722456	0.0	128.04532884049584	499.7694027330883	0.0	146.0346018516365	568.4291256456165	0.0	242.1763711063198	434.39101137522624	0.0	243.57618537103826	505.8293354247336	0.0	260.4465455473371	568.6779801863055	0.0
32	0.5333333333333333	171.78913541102438	544.6720088631024	0.0	142.60629510595936	542.8186543803254	0.0	118.90101898819502	655.6222335484906	0.0	87.50542768434731	767.0687960273608	0.0	115.3023507034458	793.6337758521421	0.0	96.43188206560315	796.8731165277537	0.0	76.06386962745901	784.0986132041069	0.0	194.03511328031917	543.7764262267016	0.0	230.19170329057403	643.6874129976459	0.0	231.83490468872756	757.4498317103437	0.0	270.17810190085936	784.5312677306953	0.0	272.9911306502419	779.2646301075655	0.0	222.31946916126776	775.6549953086796	0.0	213.23478489693	404.57184759442515	0.0	256.71387475248923	341.44229047522873	0.0	256.17067941613755	386.65527958323827	0.0	156.59655776114025	420.22908614567814	0.0	127.95761733389354	499.78193513630123	0.0	146.02413641255228	568.3513098007062	0.0	242.35014394766117	434.3726920245183	0.0	243.72791213887493	505.8211008126298	0.0	260.41700699934745	568.9957940953618	0.0
33	0.55	171.93356010979946	544.4581773846432	0.0	142.6810081619164	542.5314830350774	0.0	118.774370896785	655.7599357210648	0.0	87.5647623314577	767.0812548270642	0.0	115.29360668514889	793.7633581054048	0.0	96.43517175232755	796.9056216056116	0.0	76.10873483120163	784.1993524992461	0.0	194.03679799760744	543.6293609895237	0.0	230.18119164883885	643.713001699164	0.0	231.89959488984056	757.6069138637473	0.0	270.25539725741817	784.6719622640625	0.0	272.89865589152043	779.1647646083928	0.0	222.39019716951236	775.7720414384459	0.0	213.34343671325598	404.71589601474216	0.0	256.7700898902273	341.3518444776091	0.0	256.3760984107159	386.5418979337412	0.0	156.7622503423613	420.1270208784109	0.0	127.88611107759664	499.7601292940638	0.0	146.00203659833312	568.300222736398	0.0	242.5043423851906	434.3595456095253	0.0	243.8711838660855	505.8772678987462	0.0	260.52717445040463	569.3229982930845	0.0
34	0.5666666666666667	172.04694703962173	544.3071354957403	0.0	142.6961079706541	542.2263180011416	0.0	118.67923357425896	655.8505736712174	0.0	87.64114974147061	767.0307491115689	0.0	115.24985931842261	793.9488117065627	0.0	96.4773548258708	796.9858533306855	0.0	76.15588977571517	784.298844282021	0.0	194.00487446339827	543.447881968847	0.0	230.19630258433074	643.689400645256	0.0	231.94161736670605	757.7949510992923	0.0	270.40824405265914	784.9530911438231	0.0	272.85377062825273	779.0989927714463	0.0	222.4337284457676	775.9289110319796	0.0	213.42322579948504	404.8577717889786	0.0	256.80572585334534	341.2535358512985	0.0	256.57759414600673	386.3944922089539	0.0	156.90053516303146	420.02457125893943	0.0	127.82509472314649	499.70377261666755	0.0	145.99590723288642	568.2762236940903	0.0	242.67004592095168	434.3953592472464	0.0	244.03637711784728	506.02216045560823	0.0	260.7076280589765	569.6104785535761	0.0
35	0.5833333333333334	172.0769139927924	544.2103027094693	0.0	142.63320778026565	541.994953841767	0.0	118.61135297212459	655.8183354285107	0.0	87.72041271535	766.960982460578	0.0	115.18999764925317	794.1332408305718	0.0	96.486850255471	797.1269815129907	0.0	76.14426609550587	784.3856291767806	0.0	193.96498807713547	543.2771491612652	0.0	230.1969755418542	643.6524848880345	0.0	231.9475695739048	757.9363485882415	0.0	270.5420703704633	785.2385368648957	0.0	272.8881207350037	779.0875886320825	0.0	222.47069485420508	776.0842545109263	0.0	213.49637028337466	404.9731223558002	0.0	256.8628152058873	341.09587361354227	0.0	256.7641596849239	386.2167899513153	0.0	157.03547873495316	419.94427417051094	0.0	127.75567192533188	499.61488840874927	0.0	146.04547457618958	568.264825619996	0.0	242.8545086800253	434.47462744160305	0.0	244.23581543808297	506.2471496531248	0.0	260.85154613841434	569.8208686983751	0.0
36	0.6	172.00178474071672	544.1580327313203	0.0	142.52091281419644	541.8655350626527	0.0	118.56753325595176	655.6366980704237	0.0	87.7673127775925	766.9033971536425	0.0	115.16156251523248	794.2438907351575	0.0	96.48615877443449	797.2912302790216	0.0	76.04763373539981	784.4211408585829	0.0	193.92350274575026	543.1179738879051	0.0	230.15660416829365	643.6187064329175	0.0	231.9182987801264	757.9787082560626	0.0	270.58927981218335	785.4309663095829	0.0	272.9734619274932	779.1162708773355	0.0	222.5106857871547	776.1744255659055	0.0	213.5394811984588	405.0142246376288	0.0	256.9103385995123	340.8769222623755	0.0	256.8792999966982	386.00000028615256	0.0	157.19164957612034	419.9017837886596	0.0	127.65737915808762	499.513185118006	0.0	146.16434505376068	568.2221675398517	0.0	243.00407347223364	434.52848237455163	0.0	244.42363364252645	506.47707806642296	0.0	260.90716276622703	569.9351463675355	0.0
37	0.6166666666666667	171.82352113648602	544.1513867329746	0.0	142.3931246308331	541.8364685325346	0.0	118.54054267270324	655.3666940551094	0.0	87.75698528086409	766.8475123252714	0.0	115.19356691486652	794.2533943285708	0.0	96.51394113839656	797.4343524576326	0.0	75.8836977006284	784.3744034536194	0.0	193.8572827811611	542.9656043514548	0.0	230.0807730702326	643.6129009689657	0.0	231.85075422844628	757.8985607597492	0.0	270.56579983646634	785.4776513582259	0.0	273.0709277339854	779.1507376772234	0.0	222.53104033115758	776.1546356208463	0.0	213.5365962302398	404.9386437826249	0.0	256.90422846648096	340.6178373413508	0.0	256.8763260133688	385.72928827157	0.0	157.35001352441805	419.9180767037264	0.0	127.529975278662	499.42721762951453	0.0	146.3178280300183	568.1163219191344	0.0	243.05829778302538	434.49227430452027	0.0	244.54385275162133	506.6348878788217	0.0	260.89133286425516	569.9655735826498	0.0
38	0.6333333333333333	171.57633965421815	544.2034840230342	0.0	142.26316017778265	541.9228428560723	0.0	118.51781403330097	655.1081476520478	0.0	87.71117624126056	766.7638085623497	0.0	115.24805315421875	794.2133419006935	0.0	96.52484511921224	797.5446376103998	0.0	75.7040967425828	784.2620027916232	0.0	193.74893870972852	542.8607026859199	0.0	229.99646629985983	643.6820584760292	0.0	231.75587907676004	757.713174619799	0.0	270.5299388066437	785.3544241122663	0.0	273.1625040780351	779.1666013083855	0.0	222.50637545304147	776.0363162093001	0.0	213.51304222187804	404.74049211757534	0.0	256.85147896614774	340.32981478158706	0.0	256.77077054199447	385.4103858067292	0.0	157.46057396529554	420.00294631144135	0.0	127.40804979512703	499.3744533271468	0.0	146.45128583536282	567.9719701936267	0.0	243.0241672966166	434.37477604000287	0.0	244.59648453608722	506.7181074702637	0.0	260.85516450747826	569.9527278340755	0.0
39	0.65	171.3344992169016	544.3208428690397	0.0	142.14641579896124	542.1087689453528	0.0	118.50352267388566	654.9348843664487	0.0	87.67583938843839	766.6564023990657	0.0	115.28909643356906	794.1876590362607	0.0	96.49580145301873	797.6231730086741	0.0	75.56559148131848	784.1575664426813	0.0	193.62260986896356	542.8475663255742	0.0	229.92629945165663	643.8343690167374	0.0	231.66537948690234	757.4920031030689	0.0	270.52004285068654	785.1086653882124	0.0	273.23875566270556	779.1565349684837	0.0	222.436861942152	775.8818306550246	0.0	213.49129142959316	404.4636745387722	0.0	256.7637028956714	340.050509322368	0.0	256.5926391149449	385.0765121022934	0.0	157.50052718583717	420.1390188588064	0.0	127.33325700543266	499.3589586762446	0.0	146.53559879938132	567.8393038047026	0.0	242.96169175164047	434.24125631632154	0.0	244.61384827804687	506.76662624257307	0.0	260.86887570772365	569.9414501939016	0.0
40	0.6666666666666666	171.1816824633736	544.4904594655	0.0	142.0718007118147	542.3131070177616	0.0	118.51891828917933	654.8680282139037	0.0	87.6739515794956	766.569519477738	0.0	115.3410505602726	794.1715012586023	0.0	96.51929277558948	797.6628785939506	0.0	75.50125616953034	784.1508769831055	0.0	193.5282107491485	542.9088891043468	0.0	229.88390127759794	644.0026206219538	0.0	231.59951283760847	757.3314926221674	0.0	270.54402469273765	784.883807431161	0.0	273.28975794489685	779.1267466693776	0.0	222.33731907261912	775.768035121549	0.0	213.46495252157985	404.1848158422894	0.0	256.61703686074304	339.8592334583119	0.0	256.35400633345137	384.7629744696577	0.0	157.48595839706203	420.2905337057469	0.0	127.30957476695282	499.3796876228367	0.0	146.57342415160073	567.7456312263363	0.0	242.91201378093012	434.1537841357073	0.0	244.59351275179083	506.79769395573464	0.0	260.9908716899864	569.9581050617458	0.0
41	0.6833333333333333	171.14683710830872	544.6894219350048	0.0	142.05136508836978	542.4690481274608	0.0	118.564652625601	654.8767240641752	0.0	87.70710306179906	766.5475071947895	0.0	115.4212418615086	794.1282681918492	0.0	96.6632788651508	797.6697298837784	0.0	75.51358895326726	784.2730692503217	0.0	193.47877412428318	542.9987619208385	0.0	229.8832300880616	644.1242290743833	0.0	231.54985329953294	757.2924864639261	0.0	270.59815838683716	784.8026771580259	0.0	273.31263347154805	779.0854191338731	0.0	222.2243403654748	775.7453612154354	0.0	213.43367108983966	403.9623527292645	0.0	256.4075475964456	339.7848562648741	0.0	256.1016635187499	384.46895737897876	0.0	157.42795590886598	420.4108307523311	0.0	127.30215058049282	499.4229655540871	0.0	146.58575242398348	567.6897894384942	0.0	242.8681930746724	434.13837185679796	0.0	244.50655269588037	506.8086456702026	0.0	261.2070389767141	570.0006961605695	0.0
42	0.7	171.17809289165103	544.8839849098383	0.0	142.05625576099737	542.5813871155977	0.0	118.61493862417299	654.9053222127565	0.0	87.76561450878525	766.5987341004138	0.0	115.49360205700965	794.0718729597666	0.0	96.85301966806085	797.6716279366417	0.0	75.58896811684916	784.4729871339537	0.0	193.42817652257642	543.1084599905882	0.0	229.92756093049923	644.2161118967988	0.0	231.50634179619126	757.3706490701563	0.0	270.6689519179389	784.8357133406636	0.0	273.31017270638466	779.0222964395957	0.0	222.12651549810585	775.8110400475316	0.0	213.41203553133766	403.79754020821173	0.0	256.1909456902629	339.74834152712947	0.0	255.9220039803144	384.16532567719344	0.0	157.30679831002323	420.4538236566366	0.0	127.27726873641356	499.4617966691331	0.0	146.60064680981378	567.6528670991963	0.0	242.805624185473	434.1781366474249	0.0	244.35654435572098	506.80840585497583	0.0	261.42617466351174	570.0313489235712	0.0
43	0.7166666666666667	171.20349173030053	545.0237525275676	0.0	142.04098342026955	542.662771873313	0.0	118.66022128811355	654.922009478902	0.0	87.82436352885877	766.7012176215196	0.0	115.53710548382674	794.0454231671445	0.0	96.99317122196709	797.6871080596371	0.0	75.71283382775054	784.6802535441095	0.0	193.33459946840262	543.2312460624845	0.0	229.9990002275157	644.3039231365866	0.0	231.48770785772484	757.5216301149165	0.0	270.7156791389731	784.8675903627577	0.0	273.27752602506814	778.9197343820185	0.0	222.07596040257653	775.9157698326475	0.0	213.39197447257993	403.6503195980489	0.0	256.01265596532517	339.665790397451	0.0	255.84489550042363	383.84089498460173	0.0	157.10249868623058	420.3954967113704	0.0	127.2243250142538	499.4762321116029	0.0	146.6358177963075	567.6063258806917	0.0	242.71304358900406	434.22552164365874	0.0	244.18471741794363	506.8095780647268	0.0	261.56399097351346	569.98384309354	0.0
44	0.7333333333333333	171.18742730983317	545.0751166472332	0.0	141.9775392067813	542.7002034190889	0.0	118.71679051656568	654.9440574480625	0.0	87.8597732868174	766.832033824795	0.0	115.58602054599596	794.050144791438	0.0	97.08540542244421	797.705507850834	0.0	75.86110220492367	784.8610574907227	0.0	193.2120685498712	543.3150899147782	0.0	230.07877913553375	644.3458401633599	0.0	231.52683893963518	757.6790373863004	0.0	270.68797782773777	784.8329212022038	0.0	273.21237839953017	778.7925130617155	0.0	222.0779466705732	776.001091685865	0.0	213.33979750689383	403.4870709016717	0.0	255.84050673342097	339.54137625384794	0.0	255.80227619252528	383.50956742112936	0.0	156.83743611426507	420.24643939201565	0.0	127.14109905979225	499.4534389217573	0.0	146.69083973986622	567.5212528095669	0.0	242.59065981152645	434.23810158859453	0.0	244.03130528472298	506.7958866023152	0.0	261.60777874833883	569.8085906906558	0.0
45	0.75	171.1091458078972	545.0530020297964	0.0	141.85207431922058	542.7121126046276	0.0	118.78430706870552	655.0000276092042	0.0	87.86802457875878	766.9670216775525	0.0	115.65898021047683	794.0540703529273	0.0	97.14587586018335	797.7022271883196	0.0	75.98749136024863	784.9990190471846	0.0	193.08937005171484	543.3300705521572	0.0	230.1679314722369	644.3035175289702	0.0	231.62511388776534	757.7726682063501	0.0	270.5912178553489	784.7156477730935	0.0	273.1422073673456	778.693250436343	0.0	222.11213492512414	776.038418448215	0.0	213.23435117492346	403.3109040556958	0.0	255.620301675678	339.4055928180614	0.0	255.71562160157015	383.19302562090513	0.0	156.57221187551036	420.04702674608984	0.0	127.03224187399798	499.3749598151363	0.0	146.7583910493475	567.3807391256071	0.0	242.43985898141412	434.1934238691019	0.0	243.9188929177967	506.7353792504541	0.0	261.5808064614325	569.5155165860957	0.0
46	0.7666666666666666	170.9478315328981	544.985921386184	0.0	141.66380114187336	542.7463297194274	0.0	118.82713190498993	655.0759659517067	0.0	87.8569079062018	767.0652290025916	0.0	115.71037760011546	794.0387736425973	0.0	97.12276007277318	797.6668704930265	0.0	76.0481202126997	785.0663765542336	0.0	192.95848881323838	543.3235203203564	0.0	230.27088773183957	644.2304527655664	0.0	231.7435654098436	757.7754446911614	0.0	270.49423301823464	784.5121494554097	0.0	273.1059030279337	778.6711547887516	0.0	222.16441482129628	776.0344858804203	0.0	213.07930938627442	403.1502619883575	0.0	255.34836603442758	339.2477624248303	0.0	255.56331679256763	382.91016027551836	0.0	156.36853420361044	419.84676590137633	0.0	126.9278765678615	499.2389531217271	0.0	146.8310082353963	567.1980892872074	0.0	242.2642963100551	434.07342184927234	0.0	243.8568222867283	506.63099577044886	0.0	261.4934662687218	569.1589219203915	0.0
47	0.7833333333333333	170.72491961510957	544.872880790977	0.0	141.45440165731833	542.7972439703624	0.0	118.81862765562859	655.1354869947465	0.0	87.83016664466662	767.0911960024544	0.0	115.70292177194689	794.0000106757667	0.0	96.98970823933189	797.6220057460176	0.0	76.03838273151987	785.0412157073682	0.0	192.80749698693893	543.3374531085667	0.0	230.36903237060008	644.220365309806	0.0	231.8407257082849	757.7260476839602	0.0	270.4501146703915	784.2760070103545	0.0	273.10455472527667	778.7434480122666	0.0	222.23718620705722	775.9964869060685	0.0	212.88458464265923	403.0246737954653	0.0	255.04126746157073	339.07308038644555	0.0	255.3438189150877	382.6705916025703	0.0	156.25539443473997	419.68341125617246	0.0	126.86697027127695	499.09123500986914	0.0	146.88504645685154	567.0263170666082	0.0	242.07876749431165	433.8776602254964	0.0	243.84371859909382	506.5224635607218	0.0	261.3728740839957	568.794974823991	0.0
48	0.8	170.51011905642966	544.7074543487115	0.0	141.30106399089644	542.7962722052852	0.0	118.78274108043895	655.1779376691703	0.0	87.78763557900206	767.0523559042612	0.0	115.67478458383202	793.940816965516	0.0	96.83451575508542	797.6049632343885	0.0	75.9833689552849	784.9227169076619	0.0	192.66343177877116	543.3418790585791	0.0	230.43437857834678	644.3015874551493	0.0	231.90143755189166	757.6896889976156	0.0	270.46114027683547	784.1260807290062	0.0	273.10859859282795	778.9008985298331	0.0	222.33000613745654	775.9184097692987	0.0	212.658435117663	402.92161074048136	0.0	254.6870774852885	338.9466825264363	0.0	255.053656800654	382.4828157553156	0.0	156.19664622368998	419.56742086537037	0.0	126.84592850566071	499.00648556392366	0.0	146.87118774492902	566.9289700041168	0.0	241.90436629479015	433.6430622700994	0.0	243.86167777626278	506.44090508118546	0.0	261.2919368830204	568.4700516589072	0.0
49	0.8166666666666667	170.35765027515674	544.511785577297	0.0	141.24956699286855	542.6992850038727	0.0	118.7692902609788	655.2303752438413	0.0	87.73425240626254	766.9900137028305	0.0	115.67565300419612	793.8878842399316	0.0	96.7498067693443	797.6251639470945	0.0	75.90748354826673	784.731009005614	0.0	192.55463294766813	543.3121038362779	0.0	230.4616514715038	644.4402389068803	0.0	231.93894573422057	757.6951492776188	0.0	270.5217206408546	784.128176674214	0.0	273.11573252099845	779.1109598863436	0.0	222.42897940114997	775.816402380733	0.0	212.41400454853724	402.8079638996657	0.0	254.26417116933186	338.90023841459316	0.0	254.72086168242447	382.34982106542	0.0	156.08885792959327	419.4774387961487	0.0	126.80425463483635	499.0312004964408	0.0	146.74694781292723	566.9296479211682	0.0	241.73961995904298	433.4195009338189	0.0	243.8710166870689	506.39342820901487	0.0	261.3080206925413	568.2236990173097	0.0
50	0.8333333333333334	170.2749198614493	544.3262472714041	0.0	141.2705615805117	542.5295904024002	0.0	118.81056599111392	655.301112681696	0.0	87.68404309928836	766.9342221827679	0.0	115.68650358506328	793.8825157807175	0.0	96.71789482954192	797.6527294311059	0.0	75.84121207253966	784.5147430400191	0.0	192.47878928473907	543.2857564554764	0.0	230.4618164144002	644.6050889528484	0.0	231.97377423828695	757.7253014782299	0.0	270.6367152197163	784.2229660030963	0.0	273.1580641302441	779.3196311219134	0.0	222.5174312988894	775.7348271525423	0.0	212.16180297270287	402.6691798143924	0.0	253.77643298617951	338.86340550146207	0.0	254.39367559070084	382.2648876056264	0.0	155.82463185043338	419.3881927760583	0.0	126.67513497884485	499.1505763104141	0.0	146.51656976413204	566.9989636377853	0.0	241.56180303234527	433.2360003163797	0.0	243.83025368188217	506.3733201702735	0.0	261.402227925635	568.0697470541614	0.0
51	0.85	170.25080965465094	544.1989019161656	0.0	141.28166451624926	542.3356950269826	0.0	118.91825495238146	655.3777930074655	0.0	87.65984918092384	766.8898928107081	0.0	115.65310796975184	793.9413304634724	0.0	96.6916119716235	797.6473988739401	0.0	75.83300689448528	784.3274613254314	0.0	192.4374078958553	543.2906544956184	0.0	230.43880911770987	644.7607570208928	0.0	232.00661065008003	757.7810272908217	0.0	270.79007348611805	784.3358457687107	0.0	273.2292006777801	779.4799839964475	0.0	222.58065573944992	775.6987322438615	0.0	211.8869713521391	402.5278097612117	0.0	253.24343228838677	338.7615273200403	0.0	254.0800913527716	382.2202248646256	0.0	155.36456387892966	419.30363074559455	0.0	126.43512261935538	499.3131598044211	0.0	146.22599689184116	567.0901994216973	0.0	241.36334373529388	433.09422806527635	0.0	243.73166899970965	506.3585399706858	0.0	261.5295420549877	567.978105539893	0.0
52	0.8666666666666667	170.25897549644137	544.1850264745817	0.0	141.19518827625686	542.1576669351173	0.0	119.08794962179458	655.4496546821113	0.0	87.67901851248976	766.8612747706115	0.0	115.55407970498449	794.0477673215834	0.0	96.6821487660573	797.5911343927357	0.0	75.92080343432588	784.187990067961	0.0	192.43676263397745	543.3013384805209	0.0	230.39908567794632	644.8419405886159	0.0	232.01999055902564	757.9049108307759	0.0	270.94096973771764	784.4842566424708	0.0	273.2574837961586	779.5799181266176	0.0	222.5984154023751	775.6962742701601	0.0	211.55267935681115	402.4190895286089	0.0	252.6675372730775	338.6061400751082	0.0	253.73416813477343	382.1755413260722	0.0	154.74687940672916	419.2492217150308	0.0	126.09875392246992	499.48146074397533	0.0	145.92527418862693	567.1795430319046	0.0	241.14848568773303	432.9882740675528	0.0	243.60049907992388	506.3258629772003	0.0	261.68292175015387	567.9046719298713	0.0
53	0.8833333333333333	170.24131823147013	544.3219264665524	0.0	140.9638394572987	542.0462839649713	0.0	119.2737811371874	655.5111272811691	0.0	87.73532541731839	766.8560270852075	0.0	115.40259045387378	794.1857258831258	0.0	96.69563948375449	797.5020642781479	0.0	76.09351225345422	784.0921246547574	0.0	192.43962048023428	543.3062254650373	0.0	230.36035226471787	644.8102893831114	0.0	231.994737196948	758.1028634447025	0.0	271.0672548538106	784.7062621359041	0.0	273.19732828634847	779.6271340680871	0.0	222.5571784856076	775.7133616135465	0.0	211.1424953249824	402.35842345979154	0.0	252.03928690903896	338.4292993719564	0.0	253.3203467955799	382.04753916742067	0.0	154.04852621807527	419.24566137715686	0.0	125.69064144058214	499.64283017992716	0.0	145.64559348772818	567.2707925055756	0.0	240.91139699641678	432.9216687900953	0.0	243.45296591857098	506.2753904420066	0.0	261.84525432866855	567.8452961595916	0.0
54	0.9	170.13930449654697	544.5881737010557	0.0	140.6113056078405	542.0649736001349	0.0	119.3913147034075	655.5581214193695	0.0	87.80731051908548	766.8691783827262	0.0	115.22787427604663	794.3485773768037	0.0	96.6883967853046	797.4248031957721	0.0	76.29600730125472	784.042765692241	0.0	192.37787858646158	543.3442761986803	0.0	230.3263175086713	644.7081960468263	0.0	231.92593839007296	758.2959231660589	0.0	271.16479718392804	784.958405398786	0.0	273.0846257304818	779.6177144740807	0.0	222.47500011909858	775.7511534431295	0.0	210.67979037012947	402.3305185369749	0.0	251.3606037502056	338.2116208405354	0.0	252.86091554285852	381.7932005251986	0.0	153.351573382823	419.2976904441721	0.0	125.24317392122286	499.77691875736116	0.0	145.40147759433214	567.3680276120241	0.0	240.65023883681005	432.88390697982027	0.0	243.27941270438998	506.2209532524847	0.0	261.9353660249746	567.8228948888091	0.0
55	0.9166666666666666	169.9414360739033	544.8963602451214	0.0	140.22313657703998	542.2259096719762	0.0	119.38840740768686	655.5862727162888	0.0	87.87483047566457	766.9022067079667	0.0	115.1034177644955	794.496365269072	0.0	96.65372426129491	797.3920057142597	0.0	76.47715183488646	784.0495064101884	0.0	192.22408328002905	543.437852486868	0.0	230.27429991084193	644.6088976144567	0.0	231.83967055631834	758.3893215063383	0.0	271.197671552295	785.1571500257696	0.0	272.9694246739377	779.5433009571194	0.0	222.38965876078225	775.8075847252246	0.0	210.18956949158382	402.2984945246976	0.0	250.62334220573453	337.9409993975533	0.0	252.3900537020453	381.4681459392467	0.0	152.73173919456724	419.38795703791504	0.0	124.80553760140204	499.8532991979803	0.0	145.19014568151024	567.4544127214467	0.0	240.37251037433694	432.8229139737613	0.0	243.06534570112515	506.1589751611484	0.0	261.8700833084015	567.8135634671174	0.0
56	0.9333333333333333	169.69079713097844	545.1488022020665	0.0	139.89846669834932	542.4588991565986	0.0	119.28602562000464	655.5921738651408	0.0	87.92104237728807	766.9919770364314	0.0	115.14380155437038	794.5448475216677	0.0	96.67280076833495	797.384319687712	0.0	76.62171488878612	784.1232090955298	0.0	192.0197617966407	543.555114187783	0.0	230.1778487516911	644.5462084640658	0.0	231.78425644441677	758.3537030898948	0.0	271.1239387590003	785.2674839051924	0.0	272.87555021245976	779.4195419572254	0.0	222.31942394161032	775.8706612186148	0.0	209.6684082043327	402.22920773001016	0.0	249.7998724633796	337.6825158605009	0.0	251.89983835419267	381.1787898790332	0.0	152.23672414882807	419.47465276839654	0.0	124.42507924906351	499.87167113310966	0.0	144.98581895916593	567.5044836331709	0.0	240.07600729460503	432.6850829929255	0.0	242.8015835333766	506.06587728930515	0.0	261.64399905931316	567.7323756299128	0.0
57	0.95	169.46233347546215	545.3135881959835	0.0	139.70763791068418	542.6995452129449	0.0	119.12679150238137	655.5857240308416	0.0	87.93219201223717	767.1758971397439	0.0	115.37718357127477	794.4434578972761	0.0	96.79902893160978	797.3527420025943	0.0	76.7347980773328	784.270082865731	0.0	191.83972094060982	543.6871643562863	0.0	230.02624881744273	644.503829639091	0.0	231.79870289793922	758.2250803843696	0.0	270.9758417258802	785.3102481245105	0.0	272.83491719571595	779.2789466460365	0.0	222.26173279165172	775.9297105566117	0.0	209.11457251041207	402.12100603747774	0.0	248.91603613107463	337.5318203606666	0.0	251.37602071969195	381.0150132882947	0.0	151.8533449352892	419.5089104856983	0.0	124.1193158567653	499.8646881901274	0.0	144.75429446765648	567.5098596194009	0.0	239.75863576421958	432.4787506793073	0.0	242.4911701102741	505.93472051325415	0.0	261.3163641469536	567.5082952235072	0.0
58	0.9666666666666667	169.32387358087334	545.4420291241524	0.0	139.68251209017177	542.9762986042301	0.0	118.93284460317226	655.5981386208279	0.0	87.8957892223882	767.4339848157957	0.0	115.65924359350782	794.2369038377508	0.0	96.95553755782615	797.2885507047863	0.0	76.8085139146055	784.4723222656844	0.0	191.74138206837551	543.9020280995453	0.0	229.82483714743188	644.4407736147446	0.0	231.88388429810067	758.0656551420918	0.0	270.8489995262464	785.3175259958535	0.0	272.87829079732916	779.1460328598591	0.0	222.23125540498486	775.9713972373607	0.0	208.555187595135	402.0074007643888	0.0	248.09457124552677	337.5313644284423	0.0	250.84629301100287	381.02657866045445	0.0	151.51723448726472	419.4661959056819	0.0	123.874262444922	499.85444236168985	0.0	144.48504037980942	567.4801808360556	0.0	239.4367363198595	432.2554664800707	0.0	242.1574665765965	505.7883361958262	0.0	260.9484685395048	567.1422949395338	0.0
59	0.9833333333333333	169.28966185328116	545.6049656019172	0.0	139.8091982659729	543.34732108809	0.0	118.73897574287366	655.6604346726556	0.0	87.8023874804273	767.6953540327238	0.0	115.82402514888938	794.0285120842359	0.0	97.02804551108201	797.2443806345078	0.0	76.8108237243812	784.6785192087474	0.0	191.72831564922174	544.2535397578495	0.0	229.5969288552723	644.3344846675604	0.0	231.99392485589777	757.9389256323656	0.0	270.8011629899141	785.2934103031819	0.0	272.98564560278817	779.0326093816082	0.0	222.2581941813119	775.9679305383145	0.0	208.01201575212207	401.9365943008949	0.0	247.46027380946336	337.6511144379639	0.0	250.34169628027945	381.22479246689113	0.0	151.17396228323886	419.3584421304084	0.0	123.65826466374425	499.84337617680177	0.0	144.2063365016118	567.4287959282711	0.0	239.12046100774415	432.0341046757927	0.0	241.8234485133905	505.64659182068095	0.0	260.576473270048	566.6903048108101	0.0
60	1.0	169.30525125796714	545.8260744261023	0.0	140.0168311167212	543.7913840250934	0.0	118.60842982663071	655.770412644802	0.0	87.65902163478816	767.8852079412012	0.0	115.86827883632338	793.9148674267941	0.0	96.99464686608634	797.2772610596081	0.0	76.70962750635312	784.8226142800811	0.0	191.74292555749932	544.6837013822613	0.0	229.386185596363	644.2112653130274	0.0	232.06967968270595	757.8890760292787	0.0	270.79891984417276	785.2196225439728	0.0	273.08893062670643	778.9428030158617	0.0	222.3314949348083	775.8975754739455	0.0	207.48125054477705	401.94045674139153	0.0	247.03012928903914	337.8055471967198	0.0	249.85178834313072	381.57699254652834	0.0	150.82908477364245	419.2156442583678	0.0	123.44637938847227	499.837741685887	0.0	143.96067212266775	567.3686087503745	0.0	238.79130722216922	431.78767457055005	0.0	241.493860653222	505.50780629168855	0.0	260.2224499559786	566.2254654720668	0.0
61	1.0166666666666666	169.2900907726603	546.0766480903887	0.0	140.19380109626871	544.2210852632925	0.0	118.57429517372339	655.8899907796318	0.0	87.49625696167709	767.9576375262756	0.0	115.89280437108285	793.929092233929	0.0	96.90184512143804	797.3814146064582	0.0	76.51684285891972	784.864823398009	0.0	191.7009037095855	545.0793196681426	0.0	229.23167236386146	644.1339169554752	0.0	232.08702849524826	757.9205864891661	0.0	270.7861142935077	785.1029340500695	0.0	273.12697007523036	778.879303514029	0.0	222.3861158355711	775.7894236374412	0.0	206.96986903597454	402.0085165217632	0.0	246.72859408360046	337.89426294497196	0.0	249.3556002318853	382.0095712792798	0.0	150.52802372161307	419.06429549599835	0.0	123.2442715492837	499.8407596359556	0.0	143.76167960086386	567.3102027837147	0.0	238.424292573689	431.5061496998148	0.0	241.16941955467024	505.3600375990917	0.0	259.891656040481	565.8256371491525	0.0
62	1.0333333333333332	169.20494127430078	546.2967405643362	0.0	140.24171908718	544.5513583563215	0.0	118.59489256788986	655.974258492426	0.0	87.35971026769292	767.9065969982885	0.0	115.93984313939619	794.0221853969322	0.0	96.77649148045927	797.4971238699376	0.0	76.30621476581635	784.8166765631264	0.0	191.54964249863977	545.3688557932122	0.0	229.13619266520632	644.1596793759373	0.0	232.06158053467766	758.0049272394646	0.0	270.7641284368747	784.9880684529822	0.0	273.0877567267764	778.8329323053008	0.0	222.3740779108637	775.7153035787662	0.0	206.49816570231943	402.0950928839566	0.0	246.4692244635834	337.8844831738274	0.0	248.8545946716858	382.45367577404414	0.0	150.29153930706545	418.9172012060405	0.0	123.07206287366833	499.84098484737507	0.0	143.58134172624858	567.2579836284775	0.0	238.01311860823918	431.22642304127817	0.0	240.86176731314927	505.2055553561157	0.0	259.5628797799209	565.5581344627064	0.0
63	1.05	169.08033001486137	546.4201145940663	0.0	140.13283229260227	544.7072199981225	0.0	118.59775235268626	655.995470551399	0.0	87.28779368188736	767.7635120444136	0.0	115.97801405277939	794.1231859310715	0.0	96.63198378070598	797.5816230047528	0.0	76.1669403140823	784.7281502250837	0.0	191.3018162515127	545.5111854483434	0.0	229.07746886139503	644.2822616551696	0.0	232.02331746924753	758.118455207731	0.0	270.75813216608225	784.9235375397542	0.0	273.0009763239159	778.7733316521255	0.0	222.31907012112177	775.7126578660499	0.0	206.05305083752705	402.1526778290104	0.0	246.18884650025475	337.8521989179314	0.0	248.3474074749929	382.8857574997047	0.0	150.08852312566	418.77975014352637	0.0	122.92607089759825	499.8438552900282	0.0	143.38499142104124	567.2214677644606	0.0	237.5695562223253	430.9887102492684	0.0	240.59049977097376	505.08844870728313	0.0	259.2249107258268	565.4532537564507	0.0
64	1.0666666666666667	168.97788350734828	546.4065666251838	0.0	139.90646466785748	544.6319412496827	0.0	118.55581796808815	655.9447179825097	0.0	87.28913486329832	767.5927344068111	0.0	115.98472007678845	794.1921608729347	0.0	96.51530345166616	797.6412747231423	0.0	76.14552539281954	784.6652181564874	0.0	191.016265887639	545.4723423760969	0.0	229.03907786843257	644.4077238441994	0.0	232.00061566300585	758.2621998422204	0.0	270.7451133202336	784.9356236593328	0.0	272.9052480026919	778.6829765304765	0.0	222.28571211244252	775.7446020069938	0.0	205.59085693245356	402.15061046991286	0.0	245.83893858118793	337.91180845782964	0.0	247.80761188736685	383.3012629959049	0.0	149.86509824334524	418.6584543859311	0.0	122.77112678769547	499.88740082692874	0.0	143.1695914456825	567.2333015923809	0.0	237.11194750073147	430.8021984155049	0.0	240.36375843169577	505.06890337839604	0.0	258.9151654803193	565.4962995113428	0.0
65	1.0833333333333333	168.93211491327122	546.2561018932181	0.0	139.62227977965048	544.3565995582338	0.0	118.49789125748539	655.8290291018039	0.0	87.34406769261025	767.4672971341404	0.0	115.95942805771413	794.2175386213439	0.0	96.45516474221354	797.7030433233575	0.0	76.2389807701669	784.6737646704992	0.0	190.7525814574958	545.2836014411419	0.0	229.01582464529258	644.4305357068257	0.0	232.00860522361776	758.4260643081353	0.0	270.6761665869353	785.0070824260721	0.0	272.8351996456599	778.5747570048619	0.0	222.3204439795043	775.7513077243801	0.0	205.0931111800615	402.0764279782506	0.0	245.40188182003598	338.1150339803608	0.0	247.21122929038904	383.67654580366536	0.0	149.585593184676	418.5449656281136	0.0	122.57242243752964	499.97875436942104	0.0	142.95763068496447	567.329406142991	0.0	236.65900103315965	430.65349587178184	0.0	240.16226847709092	505.1427439638129	0.0	258.6665883038438	565.6234254864323	0.0
66	1.1	168.9332367450059	546.0030628535513	0.0	139.34278199884787	544.0174452798084	0.0	118.45798615803943	655.6728438951557	0.0	87.42316637681986	767.4254755653242	0.0	115.88199468419077	794.2037828061412	0.0	96.40580816909221	797.7699248373568	0.0	76.41417685384877	784.7374971067301	0.0	190.54087664324157	545.0523677758687	0.0	229.0134025253507	644.3357561330213	0.0	232.0447015343907	758.5576981661775	0.0	270.54362000071205	785.0739555442572	0.0	272.81876357945737	778.4567680763784	0.0	222.42928247735335	775.7073981177427	0.0	204.576490208017	401.93806617728393	0.0	244.90281236648724	338.4269414953698	0.0	246.55192662086952	383.98852273968873	0.0	149.2398564975524	418.41060558898795	0.0	122.33289610440542	500.05520656909084	0.0	142.76586622478203	567.5077727475095	0.0	236.22522563532442	430.51482901242554	0.0	239.95979417174044	505.2310073171619	0.0	258.44814087296993	565.7298229035538	0.0
67	1.1166666666666667	168.94090996231589	545.7162387766995	0.0	139.1214886149937	543.7608795942306	0.0	118.44203086078292	655.5105600898153	0.0	87.5021278521709	767.4613454958172	0.0	115.74013442102834	794.1532462371654	0.0	96.32979847114422	797.8117480622858	0.0	76.61649495692852	784.7955147921549	0.0	190.383433244511	544.8697446558217	0.0	229.0400330239617	644.2017841421901	0.0	232.09090925288905	758.6029606629616	0.0	270.3809059284392	785.0672902491463	0.0	272.8584151781362	778.3222563609663	0.0	222.57485686835133	775.6255588678763	0.0	204.05932422313535	401.7562489957155	0.0	244.36402841272155	338.7520085230147	0.0	245.82605961988685	384.2240347154547	0.0	148.82136415976197	418.2394801482319	0.0	122.08738471630727	500.05958250797437	0.0	142.60002751970097	567.7342707116475	0.0	235.81017220504785	430.35192408065393	0.0	239.74879256911416	505.2599316852736	0.0	258.2140607469247	565.7255435416304	0.0
68	1.1333333333333333	168.9041575453901	545.4907697236645	0.0	138.96524608702177	543.6666534912367	0.0	118.43152533441348	655.3656982764496	0.0	87.57223123583125	767.5493817371325	0.0	115.59182150522389	794.0622964350111	0.0	96.27390640981449	797.8095864188299	0.0	76.77479277275295	784.7997315895177	0.0	190.2753621259838	544.7649844648244	0.0	229.0724766657663	644.1281944710872	0.0	232.11966669339196	758.5581193637387	0.0	270.23098646141176	784.9396753084436	0.0	272.92505212706055	778.1789440872404	0.0	222.6788160103563	775.5423650602487	0.0	203.56180182588707	401.551214936101	0.0	243.78356863628636	338.94953752211853	0.0	245.0560255916796	384.35092622315574	0.0	148.32987555473628	418.0509350075755	0.0	121.85822191467028	500.0006115385111	0.0	142.46551349006884	567.9729402465621	0.0	235.40597815120142	430.1379844275753	0.0	239.51982840447852	505.20099084558785	0.0	257.9513840421178	565.5999691143552	0.0
69	1.15	168.79700403360948	545.4036812646167	0.0	138.83387516403843	543.761343874118	0.0	118.39657740348412	655.2362406247669	0.0	87.6419944279451	767.6572733390743	0.0	115.51299743447147	793.9473211766875	0.0	96.28841772484745	797.7765113518774	0.0	76.82585725229997	784.7464164184938	0.0	190.21814713870296	544.7539833558823	0.0	229.05807903881916	644.174117529968	0.0	232.1179116223175	758.4534452204791	0.0	270.14640430928466	784.6615657508988	0.0	272.9972726552606	778.0499142053246	0.0	222.66893792993267	775.4977888476278	0.0	203.12032265131919	401.3454449785163	0.0	243.18726869417142	338.88444636474804	0.0	244.3240344828023	384.3363183402241	0.0	147.80139939207507	417.88044294082556	0.0	121.63443410761685	499.906152874813	0.0	142.35168758595262	568.182350843805	0.0	235.01786636681388	429.86959628433124	0.0	239.2371890191231	505.0420333740608	0.0	257.649623207083	565.4288223066035	0.0
70	1.1666666666666667	168.63804142292008	545.4650095121502	0.0	138.700885847963	544.0284889417699	0.0	118.31811642215122	655.1039303228216	0.0	87.71459704725466	767.7490275004322	0.0	115.50397585793074	793.845490496059	0.0	96.35167170958952	797.7229967079405	0.0	76.74618976243093	784.6771740779113	0.0	190.2148703438033	544.8501577253954	0.0	228.9641072971105	644.3380365748025	0.0	232.0982111918228	758.312177022295	0.0	270.1790648692818	784.247669721323	0.0	273.09062945807415	777.9490399725017	0.0	222.54362559045384	775.5028955335254	0.0	202.76497850400523	401.16626777149554	0.0	242.64733338865258	338.52062959766425	0.0	243.72462456757842	384.1850992024207	0.0	147.31349632095646	417.75200387617286	0.0	121.39376056050656	499.778288699343	0.0	142.22000757277124	568.3126826502132	0.0	234.65294997128296	429.5875250532625	0.0	238.8710204395377	504.78336472978424	0.0	257.29108497697354	565.3042211050234	0.0
71	1.1833333333333333	168.45644826606568	545.596106680275	0.0	138.5850798654753	544.3578200889725	0.0	118.22327031723528	654.9588538151537	0.0	87.7678148686846	767.791357445191	0.0	115.52387319270257	793.7785496106972	0.0	96.42857656306154	797.6421255489206	0.0	76.5562833969511	784.6362804633612	0.0	190.25327210664767	544.9849894534962	0.0	228.80264813465007	644.5668586861786	0.0	232.07394506338528	758.1629036032612	0.0	270.3339804172194	783.8179188530024	0.0	273.2074805283438	777.8906517538186	0.0	222.36997403723092	775.5318437022477	0.0	202.49071158706536	401.0307892996435	0.0	242.21669920389505	337.9690450538773	0.0	243.2763308093808	383.9193479215862	0.0	146.94941090357116	417.6752644083168	0.0	121.13026711412851	499.6276340280169	0.0	142.03632924138782	568.3399846869735	0.0	234.30515096528842	429.35912833150536	0.0	238.44871528427365	504.48960713693634	0.0	256.87981727408936	565.2372496357603	0.0
72	1.2	168.26100870013062	545.6580482857736	0.0	138.51034370451302	544.5556596938949	0.0	118.1839932397803	654.8168479887073	0.0	87.77194759020081	767.7638754685248	0.0	115.56337377322792	793.7441984879117	0.0	96.50711721732138	797.533192542366	0.0	76.30109632669927	784.6139162365594	0.0	190.29412746848953	545.0014058286712	0.0	228.61638357537782	644.7713947092385	0.0	232.0402172137408	758.0582360405691	0.0	270.55523960060174	783.5898163464793	0.0	273.29197251504604	777.9109804145686	0.0	222.22175052371435	775.5535558295144	0.0	202.26526595799726	400.93587304819613	0.0	241.8755569844723	337.4214721448826	0.0	242.91622299980241	383.5319126397081	0.0	146.74622649530576	417.6554547904189	0.0	120.8648882811301	499.5057208032173	0.0	141.80412523588942	568.2907186140128	0.0	233.97424158985862	429.2223754922689	0.0	238.05071038461523	504.29261954294964	0.0	256.4430362084423	565.1445072461396	0.0
73	1.2166666666666666	168.0580032203793	545.5730705370042	0.0	138.47002207401965	544.5129349676411	0.0	118.24077061671218	654.7094631074415	0.0	87.7125609944394	767.6695880799217	0.0	115.62519095695617	793.745389860958	0.0	96.54349684938676	797.4111420714722	0.0	76.02942548113796	784.5608614461497	0.0	190.2876813755127	544.8230554781229	0.0	228.44809095655847	644.8702268373745	0.0	231.98096037404608	758.0188840062452	0.0	270.7901190299112	783.6955551286723	0.0	273.2947497697825	778.0262241136552	0.0	222.1304334624135	775.5703973528307	0.0	202.05855689904638	400.86705881740085	0.0	241.56562696023323	336.9947454790985	0.0	242.5914430077172	383.00128333336977	0.0	146.66327690991375	417.6922419016648	0.0	120.63091815732162	499.4547367384716	0.0	141.5510355920781	568.2100576987659	0.0	233.67317096081274	429.1669355967514	0.0	237.74102023107804	504.28051074225107	0.0	256.00436674809725	564.9644412930443	0.0
74	1.2333333333333334	167.87571180043776	545.428178737253	0.0	138.4409761632161	544.3332152218329	0.0	118.3528681705013	654.6608526494398	0.0	87.59524811085599	767.5375756876166	0.0	115.69143433243698	793.79426432791	0.0	96.47035714691097	797.2974874867529	0.0	75.78744257071084	784.4565369061194	0.0	190.21592062216544	544.5652397284235	0.0	228.32611608608897	644.8539734133633	0.0	231.88609970353502	757.9981060090222	0.0	271.03387054140205	784.0292191897089	0.0	273.246703380432	778.1800412546486	0.0	222.08500804594254	775.6116984411133	0.0	201.85830688401364	400.8063728111669	0.0	241.25241199511493	336.66090461421766	0.0	242.32683262682127	382.35354274110074	0.0	146.60445239290252	417.7710560730034	0.0	120.44055746817557	499.45386173354717	0.0	141.2957779950304	568.1086663106345	0.0	233.4052321541307	429.1521764462458	0.0	237.51123665031412	504.39928606275146	0.0	255.57163915921439	564.7432308835736	0.0
75	1.25	167.75824141402637	545.393152342476	0.0	138.39753360508976	544.2104546446948	0.0	118.46560422280241	654.6839571088047	0.0	87.44765866869196	767.4302706817261	0.0	115.75809817193566	793.8777472939449	0.0	96.30535258906711	797.2197194835916	0.0	75.619997307759	784.3420070314107	0.0	190.1113775271475	544.389293241358	0.0	228.27195642552195	644.7719814097109	0.0	231.7693861116263	757.9603442368192	0.0	271.2710523538643	784.3772614943969	0.0	273.2196468811424	778.2903910104383	0.0	222.06582059129514	775.6813547580709	0.0	201.65026195788334	400.73863281461854	0.0	240.9172612219535	336.3530206858721	0.0	242.16657421715607	381.66910246238655	0.0	146.4856154318031	417.8656611482958	0.0	120.2700408622925	499.4686275231672	0.0	141.0468543871319	567.9770195492631	0.0	233.16024714130577	429.1165454528929	0.0	237.30767722353457	504.49397715952193	0.0	255.16625422249254	564.5542650980417	0.0
76	1.2666666666666666	167.73220657352235	545.5564485897308	0.0	138.30472236177096	544.2380500880346	0.0	118.57532650641396	654.7745249578816	0.0	87.30784689621836	767.4239709490531	0.0	115.86071509979747	793.948449900182	0.0	96.1787723523972	797.205336968614	0.0	75.55846105526493	784.2904178506179	0.0	190.01968716744923	544.3281042946348	0.0	228.28604497982562	644.6588082182049	0.0	231.6719866535965	757.9373719615203	0.0	271.42931517294625	784.6114011369007	0.0	273.2558286089061	778.3274783881654	0.0	222.06439976046155	775.740203451444	0.0	201.39742954041276	400.662631366862	0.0	240.51813181275423	336.06284322321517	0.0	242.08680271383673	381.03890095984053	0.0	146.2846801256317	417.9524455055605	0.0	120.08867145719059	499.5100629362844	0.0	140.82703457929023	567.8508833106584	0.0	232.93223298654422	429.0015591690291	0.0	237.08595665122405	504.4248647120371	0.0	254.850833165896	564.4076037811769	0.0
77	1.2833333333333332	167.78079512113993	545.8818968650614	0.0	138.14983646258838	544.3959408368881	0.0	118.68055808302167	654.893340581755	0.0	87.2050320192662	767.5352100282427	0.0	116.017176886152	793.9656435092369	0.0	96.19305229228613	797.2636266020764	0.0	75.60444364438072	784.3445041408322	0.0	189.95879171886892	544.333615594785	0.0	228.33446699390018	644.5413441754433	0.0	231.6369423081543	757.9589797764561	0.0	271.43905230037853	784.6909916353368	0.0	273.3683461436202	778.3070478401447	0.0	222.07265622467742	775.7544937623948	0.0	201.08692153591656	400.58045498545664	0.0	240.02790482254656	335.7970286707215	0.0	242.0306601551967	380.536535346233	0.0	146.0311528349361	418.01469437172847	0.0	119.90353660945352	499.58572425538506	0.0	140.67230306094933	567.7963332102894	0.0	232.7189327908929	428.79853291816255	0.0	236.81788620976468	504.13497308833036	0.0	254.67878325394562	564.2944219089242	0.0
78	1.3	167.856719532287	546.2874898164562	0.0	137.98582353165924	544.6357141932484	0.0	118.73124104094953	654.99608304442	0.0	87.15352879757381	767.7002404281752	0.0	116.17690465867825	793.9231322378095	0.0	96.31521039978628	797.3772748071403	0.0	75.72976244747876	784.4830731714825	0.0	189.92191578894202	544.3950741450517	0.0	228.37860068079672	644.4836077300944	0.0	231.67394553915454	757.9889730143004	0.0	271.29594966233213	784.6022922862377	0.0	273.55582898956993	778.2445048582192	0.0	222.08342171471105	775.7277136833537	0.0	200.77661102777975	400.48103385296304	0.0	239.48731965645572	335.5305967539348	0.0	241.96911854789698	380.20381880554254	0.0	145.77179096029028	418.0426961688238	0.0	119.75777260343789	499.64825952328965	0.0	140.6010397876363	567.8257094398945	0.0	232.5134327939204	428.55021065021754	0.0	236.4836955777141	503.65314548514687	0.0	254.61606895562687	564.2368464295906	0.0
79	1.3166666666666667	167.91421250439373	546.7075815699552	0.0	137.88398015266534	544.9070377867267	0.0	118.68878228830017	655.0880429808319	0.0	87.1520909567566	767.8554026654031	0.0	116.2705700283232	793.8308038718561	0.0	96.45575400440273	797.5098589490975	0.0	75.893852580942	784.654026602024	0.0	189.88966301134346	544.5122410757508	0.0	228.40463301511468	644.5300277248731	0.0	231.75422688545015	757.9832669273148	0.0	271.0532089539858	784.3865870871068	0.0	273.7770453349134	778.1488627332767	0.0	222.10574180466298	775.6731186366266	0.0	200.54319979953524	400.35182093560746	0.0	238.94307645242657	335.26712519797576	0.0	241.8622090599399	379.9987574565387	0.0	145.5596339408488	418.0437053046401	0.0	119.68025859951968	499.6451549449478	0.0	140.60100766260942	567.8893161951563	0.0	232.31707000016448	428.3002229172709	0.0	236.0977368391887	503.08055539682397	0.0	254.55914629208775	564.2265742830729	0.0
80	1.3333333333333333	167.92344466531262	547.0795009498252	0.0	137.84619984391242	545.1564195047475	0.0	118.59033203752514	655.2004614744916	0.0	87.19039213780596	767.9798103399153	0.0	116.27145768028879	793.7047793888192	0.0	96.56603699213841	797.6221943476024	0.0	76.0578753722095	784.821747556741	0.0	189.83561210005055	544.6446180182461	0.0	228.418276863028	644.6375629075736	0.0	231.84157151753107	757.9605616845747	0.0	270.78996094448746	784.1707560382481	0.0	273.94965943845034	778.0479700024239	0.0	222.15690784037494	775.6001977648158	0.0	200.41492649288398	400.1940268364075	0.0	238.36627457811412	335.0510043823027	0.0	241.6422732439413	379.75893050533233	0.0	145.43591285288917	418.03366196809947	0.0	119.65840767016626	499.58267430864527	0.0	140.64151196055772	567.9460393542615	0.0	232.14901788946509	428.0791476286194	0.0	235.7273059866077	502.5550700809317	0.0	254.42620974707447	564.1821985860608	0.0
81	1.35	167.87171961689512	547.3462542363472	0.0	137.81360361298852	545.368814676344	0.0	118.49142272660177	655.325602941852	0.0	87.26373645829233	768.0574421323433	0.0	116.17915538268723	793.5832985979453	0.0	96.6125616372048	797.6916905498446	0.0	76.18426479472733	784.9727498062813	0.0	189.74848686524427	544.7790350978781	0.0	228.4247107140609	644.7345938213241	0.0	231.91805514913634	757.9548444235842	0.0	270.57935994198573	784.0653274233374	0.0	274.01283160291547	777.9924644285663	0.0	222.22985424697399	775.5414938876343	0.0	200.3648266415589	400.02493954046395	0.0	237.70901901344055	334.860106904766	0.0	241.2948851213401	379.3386379101008	0.0	145.38683932315652	418.0139893184247	0.0	119.6585431388916	499.51474397017176	0.0	140.68478887284425	567.9981359213881	0.0	232.02297526996944	427.9262099377749	0.0	235.4415276610549	502.1618429837402	0.0	254.2034062095429	564.0440156847332	0.0
82	1.3666666666666667	167.76960941544337	547.4919493579686	0.0	137.7544219436123	545.5720769495703	0.0	118.38644749783032	655.4335683929553	0.0	87.37474421395507	768.0715511714308	0.0	116.00311400377771	793.5169192009162	0.0	96.56435559498401	797.7183630209993	0.0	76.25087894396377	785.0937978449406	0.0	189.64692188844649	544.9537547840808	0.0	228.4186565866297	644.8088169636976	0.0	231.98304828361285	757.9543838130525	0.0	270.453401070188	784.0554516987503	0.0	273.9722809407044	778.0192766312598	0.0	222.28393882356886	775.5413011969309	0.0	200.32256428893555	399.8667556852394	0.0	237.00266977382466	334.61326592961177	0.0	240.8950166603417	378.80330465755003	0.0	145.34231773991348	417.9751170208373	0.0	119.65263195417359	499.4873409099689	0.0	140.6985892577222	568.0638874749918	0.0	231.92649066231317	427.8619282758185	0.0	235.24774099181772	501.88157953499245	0.0	253.91966707166617	563.8596644786123	0.0
83	1.3833333333333333	167.63989693722584	547.5324382363267	0.0	137.6921303656735	545.7567616206053	0.0	118.24814989284505	655.5451327854997	0.0	87.51859401031629	768.0409954849765	0.0	115.80103769402858	793.5348063728802	0.0	96.4583174785473	797.7050199803099	0.0	76.26989506800624	785.1494629724136	0.0	189.55598359908797	545.1595763979277	0.0	228.3935920620972	644.8969199425302	0.0	232.0476401310361	757.9462770986185	0.0	270.397387928942	784.0743202397896	0.0	273.86091934613773	778.1204112723801	0.0	222.29806343891886	775.5943305783946	0.0	200.1904718560559	399.7279332757501	0.0	236.3165317135185	334.3297458905361	0.0	240.52010334650842	378.3745070020164	0.0	145.2366534445454	417.91803583858814	0.0	119.62449579415974	499.51457774286274	0.0	140.66990782545713	568.1418165001173	0.0	231.83670739696322	427.8442222987404	0.0	235.11555353866953	501.67510967641044	0.0	253.61009522478508	563.7179668565437	0.0
84	1.4	167.4975990652863	547.4874235697042	0.0	137.65341484881534	545.8588727085171	0.0	118.09304056430743	655.7288256744162	0.0	87.66915804628704	768.0138053089038	0.0	115.67306950054278	793.6339582994377	0.0	96.38348188151998	797.6423662513971	0.0	76.26374150872985	785.0868624961554	0.0	189.47430699208033	545.3123726008947	0.0	228.3545142254967	645.0207218176253	0.0	232.12927069720888	757.9614388222647	0.0	270.39256431006237	784.1154570264822	0.0	273.69466064180784	778.2556444226574	0.0	222.31397683222005	775.6342389308962	0.0	199.89170480782093	399.60098594546673	0.0	235.6546292901589	334.1188344258689	0.0	240.16646105879806	378.1880390304788	0.0	145.04688159698586	417.85547495559183	0.0	119.56717311386083	499.5980207053684	0.0	140.60308427308124	568.2050583999124	0.0	231.74646801497576	427.7968720675331	0.0	235.0323786678135	501.5649243866985	0.0	253.30882346209663	563.6412407523421	0.0
85	1.4166666666666667	167.36417170548475	547.3871540363625	0.0	137.64775725513636	545.8581747178282	0.0	117.9436992958498	656.0132875214944	0.0	87.78249855660829	768.0124194859288	0.0	115.66246111104498	793.7871472985803	0.0	96.36753853003054	797.5262759003002	0.0	76.2304759129989	784.8832685500943	0.0	189.38409909799606	545.3654867327247	0.0	228.31312213948453	645.1636272554442	0.0	232.23187319219716	758.0259507966335	0.0	270.45066516594704	784.1858885808757	0.0	273.50099738871364	778.3855491383993	0.0	222.38466773142784	775.6075416718039	0.0	199.43474538186175	399.4686044000743	0.0	234.97863787905072	333.9777377493878	0.0	239.78460346760045	378.1947971188123	0.0	144.77349637746755	417.78371000159086	0.0	119.49211019700843	499.7308461994754	0.0	140.51215847672154	568.2366943581878	0.0	231.65812357919154	427.66972922025184	0.0	234.99223026091295	501.5708989850865	0.0	253.04721906130206	563.5882828291334	0.0
86	1.4333333333333333	167.2701414047438	547.2752842387998	0.0	137.67694547927653	545.8048430641809	0.0	117.78440352498612	656.3480490314314	0.0	87.8213896328478	768.0063978395342	0.0	115.7006386895915	793.9471445939299	0.0	96.35147226151739	797.3786299547933	0.0	76.16155207910998	784.5840380874805	0.0	189.29099570145465	545.3610804534699	0.0	228.2738880233082	645.2956039056559	0.0	232.33096494313136	758.1128772108541	0.0	270.5863289237403	784.2417201750345	0.0	273.33884044775675	778.4821491017598	0.0	222.50729429101628	775.5308858635246	0.0	198.9100462498367	399.3036656714835	0.0	234.30295682595613	333.76500815073615	0.0	239.3577662678484	378.26978983908776	0.0	144.42421173049755	417.6775508695572	0.0	119.43352590192444	499.8798515478421	0.0	140.4224550941185	568.2597701664001	0.0	231.55189061991058	427.4490622213015	0.0	234.96817971109394	501.6331243577495	0.0	252.83866709902665	563.5366950389073	0.0
87	1.45	167.20783507763275	547.1802292025797	0.0	137.70030840088245	545.7252181617745	0.0	117.6135557967353	656.6567820165392	0.0	87.78018638925111	767.9635559307407	0.0	115.70363138442315	794.056499202021	0.0	96.2973473408235	797.2338189766003	0.0	76.08137208557645	784.2779524937984	0.0	189.2209129519638	545.3272397923837	0.0	228.23134327008856	645.3918932679155	0.0	232.39324787334755	758.1875252421513	0.0	270.77083792536286	784.2664670381962	0.0	273.24314807664274	778.5183115352432	0.0	222.63712145750353	775.4579787184638	0.0	198.39660519629086	399.07811368459375	0.0	233.68875788985633	333.4027188363476	0.0	238.90631071240978	378.3270719094117	0.0	144.0232476744691	417.5403705330202	0.0	119.41908557332009	499.99865717843727	0.0	140.36417313916343	568.3064118350766	0.0	231.39169042342823	427.14651499910974	0.0	234.94017798166797	501.6646026988842	0.0	252.6836229795407	563.5046035989808	0.0
88	1.4666666666666666	167.12460850236636	547.119696124489	0.0	137.6349094008152	545.616952540486	0.0	117.48763516054268	656.8880400577257	0.0	87.68895920627631	767.9076201148073	0.0	115.68598117185243	794.0727409053881	0.0	96.25645508695143	797.1105357921341	0.0	76.03746210622772	784.0451791732926	0.0	189.17899777900803	545.248881162881	0.0	228.17765599102017	645.4344047673552	0.0	232.40457280158577	758.2632568525473	0.0	270.9451414297007	784.326371248774	0.0	273.18559724241993	778.4755044014004	0.0	222.7266713449882	775.4196983181122	0.0	197.89876450075653	398.78860599077063	0.0	233.15910252346012	332.96303300879214	0.0	238.44983986346193	378.3229760477859	0.0	143.61661384525678	417.42278204368745	0.0	119.44343031947238	500.06214283034717	0.0	140.35322398807614	568.3692975781734	0.0	231.1586067406294	426.80590911891426	0.0	234.9237538165918	501.63353102532466	0.0	252.58719053134942	563.4915245662295	0.0
89	1.4833333333333334	166.99136757876627	547.1232554055464	0.0	137.44822151278404	545.5333040811984	0.0	117.4518037654969	657.0178046013773	0.0	87.5911636072059	767.8777382615216	0.0	115.71221050294108	793.9964326219394	0.0	96.28377962690162	797.0153868720233	0.0	76.05447129610792	783.9229755161832	0.0	189.14802956330254	545.176100514621	0.0	228.10642439079166	645.4186018089928	0.0	232.37116092134394	758.3588384496759	0.0	271.07486855067145	784.4650678338231	0.0	273.12848396632074	778.3694140820112	0.0	222.73561732419867	775.4178330352165	0.0	197.38934128859984	398.4677645564407	0.0	232.67335147479383	332.52099965018	0.0	237.99970409610282	378.2094105373254	0.0	143.25439517440367	417.3641064593799	0.0	119.48556849839696	500.0646593283898	0.0	140.3794826343602	568.398267439816	0.0	230.84486763658927	426.48785821410985	0.0	234.93684386861798	501.5462303060733	0.0	252.54608895027863	563.4579212478925	0.0
90	1.5	166.8296493804507	547.1878418261981	0.0	137.19409524435724	545.5438443822256	0.0	117.47285033412894	657.0468964667091	0.0	87.51334343665482	767.8567582379653	0.0	115.77639746609373	793.869908386135	0.0	96.34099675127176	796.9518538487001	0.0	76.12081003860796	783.8913644306587	0.0	189.12187836149835	545.2108856994543	0.0	228.01047357799163	645.3594611896048	0.0	232.30763817027767	758.4460789943146	0.0	271.1538752052793	784.6219922425495	0.0	273.0869535114402	778.2474366505752	0.0	222.6499107592407	775.4522547656783	0.0	196.86758305099968	398.160399632672	0.0	232.1682166356662	332.06374731943026	0.0	237.55468938862106	377.947276050192	0.0	142.9587393931557	417.35002317468627	0.0	119.53148894123136	500.00426950016265	0.0	140.41730603870985	568.3336591732949	0.0	230.4387686165254	426.2243060242982	0.0	234.9621218489697	501.40143490895906	0.0	252.53867361941104	563.383805103767	0.0
91	1.5166666666666666	166.6592585021431	547.2422584162698	0.0	136.9182175781533	545.6292217035782	0.0	117.49714890262918	657.011672833755	0.0	87.4645849404134	767.8022619370928	0.0	115.81513197237258	793.7341884222479	0.0	96.34253874912358	796.8997397409589	0.0	76.21727452691692	783.8901406405907	0.0	189.10135147441386	545.3660731975754	0.0	227.8870204463372	645.2794165505599	0.0	232.23384888957494	758.4907176576507	0.0	271.1598094282994	784.7009974136315	0.0	273.1003436425251	778.149514408402	0.0	222.5046602968979	775.5141024803117	0.0	196.34526556359845	397.90210115401726	0.0	231.57865284970435	331.60277385020606	0.0	237.0789053251305	377.5643695587234	0.0	142.71126758532435	417.34453545933064	0.0	119.56937223983832	499.9073302040508	0.0	140.45722079254762	568.1507968194447	0.0	229.94204225520136	425.9989931521806	0.0	234.97003311248227	501.2152326142145	0.0	252.5584612686464	563.2894412930762	0.0
92	1.5333333333333332	166.47648339014006	547.2059731298261	0.0	136.59657021081907	545.698873041843	0.0	117.52340160417997	656.9624842170796	0.0	87.45278833881608	767.7193195035755	0.0	115.80627540070687	793.5960050523147	0.0	96.24265602922148	796.8209637730888	0.0	76.33549147052257	783.8652352877853	0.0	189.06219277341435	545.5449226698961	0.0	227.74843452928968	645.182117752337	0.0	232.17432592583233	758.4973694598646	0.0	271.0610751793847	784.6484780224496	0.0	273.17503882024505	778.0723451694099	0.0	222.3629425762012	775.5598850286851	0.0	195.8162976048416	397.7103020822581	0.0	230.84389123331312	331.2196241043275	0.0	236.5214465034796	377.1249215312253	0.0	142.4633511642369	417.3288012925016	0.0	119.57395951881368	499.8315300726629	0.0	140.5207973193258	567.8883620917368	0.0	229.38567148940749	425.7738831997527	0.0	234.9517410328253	501.0387019386124	0.0	252.63558303862342	563.1710475355022	0.0
93	1.55	166.2859510267509	547.0654593097019	0.0	136.21469069648413	545.6943544346453	0.0	117.57036263662296	656.9077760570136	0.0	87.47824799418652	767.6456307862215	0.0	115.78467998196099	793.4613351999534	0.0	96.04713599323983	796.7108473212338	0.0	76.45810519069447	783.8104636821204	0.0	188.97089767939	545.6637031450816	0.0	227.6167992972762	645.0503626371693	0.0	232.13897640475105	758.484971682266	0.0	270.8737850565234	784.4639392094692	0.0	273.288174826007	777.9821347675961	0.0	222.26777273732347	775.5479641785223	0.0	195.27438352555606	397.5711878151842	0.0	229.953631672858	330.91587630194454	0.0	235.8836121782594	376.6446822304758	0.0	142.14697735385673	417.29086025706295	0.0	119.50271156273865	499.8014575204163	0.0	140.63198147694595	567.6269843434759	0.0	228.8230196457297	425.5253683874089	0.0	234.90137217929822	500.8926162753959	0.0	252.7962460208351	562.9857704945946	0.0
94	1.5666666666666667	166.10762920348515	546.874534392026	0.0	135.8475096417628	545.620498591954	0.0	117.61695274201335	656.8120520538846	0.0	87.53069030224839	767.6022373161729	0.0	115.78731960868225	793.3732457733457	0.0	95.80914879937906	796.6106944839062	0.0	76.55021414685228	783.7724806314544	0.0	188.83102751116752	545.712356623033	0.0	227.5043906179806	644.8859797153008	0.0	232.10618013916323	758.4537557897991	0.0	270.6635974486114	784.1930128190938	0.0	273.4096070292508	777.8625498346221	0.0	222.22117367236427	775.4960115725141	0.0	194.73356857382564	397.44212753630757	0.0	228.9719491930995	330.5594034903099	0.0	235.2262026150166	376.10422623817385	0.0	141.70137513887937	417.2122763160497	0.0	119.32309384654599	499.78503867155337	0.0	140.78020417217104	567.4270213203283	0.0	228.30180813744653	425.2516329237848	0.0	234.79318338728754	500.7300001675362	0.0	253.01941404934445	562.714494593928	0.0
95	1.5833333333333333	165.95624238711235	546.6768635408575	0.0	135.59671580217287	545.478497554613	0.0	117.62625498478887	656.6660044660479	0.0	87.60637937106708	767.600066363295	0.0	115.82073439112835	793.3725568813211	0.0	95.62529856639075	796.5665017235444	0.0	76.59867607842138	783.8039541697084	0.0	188.68206622659054	545.6826598675389	0.0	227.40432642021054	644.7338977953912	0.0	232.04972483978085	758.4063557399759	0.0	270.4854139385213	783.919981065175	0.0	273.49227747784033	777.7217909886533	0.0	222.21123017612572	775.4384456268125	0.0	194.20208061802708	397.27308222745256	0.0	227.97350875240102	330.0716543592858	0.0	234.58190288284572	375.5111332999685	0.0	141.12360375721477	417.08626158263746	0.0	119.04523055489787	499.7503038106821	0.0	140.9207554678729	567.2884495054972	0.0	227.83557881434712	424.9558445313825	0.0	234.61389407897207	500.5152507986557	0.0	253.26218791668376	562.3749068920637	0.0
96	1.6	165.8329950609167	546.4723797325573	0.0	135.485794638801	545.263141390823	0.0	117.60632538484506	656.5182795281175	0.0	87.70308758705883	767.6500739181955	0.0	115.86268740408606	793.4498150051103	0.0	95.57276099979231	796.6010350585029	0.0	76.62036451235666	783.9102093695276	0.0	188.5590853127402	545.5446871033307	0.0	227.30376017071964	644.6479431817324	0.0	231.9751779370909	758.3786677779674	0.0	270.36157765226505	783.7522498706895	0.0	273.48153858147987	777.5673301002478	0.0	222.2394128767156	775.3547503251857	0.0	193.6600147211688	397.03289683991994	0.0	226.98841138529576	329.54634662457744	0.0	233.91578066466752	374.89327978241823	0.0	140.4817240146189	416.93528513123243	0.0	118.71209189320157	499.710935649505	0.0	141.0124632232344	567.172755022815	0.0	227.4113605523692	424.6451901749233	0.0	234.39772461400355	500.2967687455512	0.0	253.5053033158153	561.9887081736676	0.0
97	1.6166666666666667	165.7345824359644	546.2995354133051	0.0	135.46738663343027	545.0678448910526	0.0	117.5850538409465	656.4217389212521	0.0	87.7990867686992	767.7308241584902	0.0	115.88211575312543	793.560068580193	0.0	95.64593411928755	796.7071698826599	0.0	76.60950141831015	784.0569229087005	0.0	188.47282174063386	545.3500349088021	0.0	227.20729169507308	644.651521013542	0.0	231.91014887310862	758.3969013667535	0.0	270.310452837991	783.7591876948401	0.0	273.3738364265087	777.4182323840027	0.0	222.30179008736474	775.2145589348827	0.0	193.09040875108312	396.72644440370357	0.0	226.02488444098697	329.098740011371	0.0	233.1973019094192	374.2702789547148	0.0	139.85438720090016	416.8007368245067	0.0	118.36375366936545	499.7100929418493	0.0	141.046689429371	567.0455355929179	0.0	227.01609004329703	424.3516473602107	0.0	234.19143198048886	500.14197761753644	0.0	253.74343019768344	561.5847495774441	0.0
98	1.6333333333333333	165.65740535630388	546.2502378494805	0.0	135.49401180459975	545.0489494916551	0.0	117.55087194676746	656.3947785620505	0.0	87.85943795713952	767.7778776822103	0.0	115.86701814608487	793.6647783628598	0.0	95.78350868820465	796.8516791323833	0.0	76.53902903556948	784.207633536474	0.0	188.41482117080437	545.2336395689778	0.0	227.13373827034806	644.7364255747777	0.0	231.87000594478118	758.4306566751891	0.0	270.3480948612859	783.9052130689469	0.0	273.2375666147508	777.3120103048905	0.0	222.3715564215734	775.0523028429053	0.0	192.5063279604292	396.3821758225611	0.0	225.0960187817316	328.7270970515282	0.0	232.4477207570237	373.6732160352419	0.0	139.27023489950287	416.70935804406537	0.0	118.01952575330665	499.764278894456	0.0	141.03942416459017	566.8955974520413	0.0	226.64532021088215	424.1244736674123	0.0	233.99917862729592	500.032935993698	0.0	253.96111097181134	561.2060825424365	0.0
99	1.65	165.58569850331983	546.3290622403179	0.0	135.52726136227673	545.2040043396091	0.0	117.48796520798459	656.4391290620347	0.0	87.86677692052456	767.7426859312374	0.0	115.83590346226526	793.7526170765103	0.0	95.93326132046379	796.9947798288738	0.0	76.43225106707962	784.3266121939789	0.0	188.36343054472252	545.2254823743731	0.0	227.08510865728763	644.8699353532131	0.0	231.85064717567684	758.4348304401954	0.0	270.4418966257098	784.0804229559345	0.0	273.1376080976613	777.2620028244323	0.0	222.4262071494768	774.9237770433738	0.0	191.92673430117503	396.0393156895525	0.0	224.21643928410586	328.41523535664567	0.0	231.70424151947026	373.18394398932753	0.0	138.72319683595953	416.6515045615294	0.0	117.68691693051869	499.8382088589008	0.0	141.0082183883128	566.7442867865263	0.0	226.29566570896796	423.98199999641804	0.0	233.78528315734465	499.8873467711526	0.0	254.14255166909504	560.8711496735887	0.0
100	1.6666666666666667	165.49549053232937	546.4113717224028	0.0	135.51147442277363	545.3410965576669	0.0	117.42413676176098	656.5387990403443	0.0	87.83657201988659	767.6505578878734	0.0	115.81670867959821	793.8240483875837	0.0	96.06005597001344	797.1124578005698	0.0	76.36988976031769	784.3724540591348	0.0	188.29510564649414	545.2026051353088	0.0	227.04186832818397	644.9946251841769	0.0	231.8424871966252	758.3949623296701	0.0	270.49645694295185	784.1843827808684	0.0	273.073612217018	777.2392880862612	0.0	222.47631790634128	774.8337351498112	0.0	191.35768484468298	395.75368383359523	0.0	223.40665592299152	328.2336236215309	0.0	230.99411242037357	372.90877560699283	0.0	138.21504926515018	416.5928582026605	0.0	117.37920929390822	499.88640414647375	0.0	140.95520179560037	566.636957103975	0.0	225.95028210920114	423.8989475317344	0.0	233.51523321796495	499.6644755943473	0.0	254.28484772868939	560.5505279032966	0.0
101	1.6833333333333333	165.37846827329045	546.4092777767565	0.0	135.407420842768	545.3469775373778	0.0	117.38225924161523	656.6500156185014	0.0	87.79782171561438	767.5665706985375	0.0	115.80888600893007	793.8766810276398	0.0	96.11535362203817	797.2031108177357	0.0	76.40122070707163	784.3214951869307	0.0	188.2007017540771	545.1165235808561	0.0	226.99113625261472	645.0474828299897	0.0	231.83334647481027	758.3137253864182	0.0	270.4348584400776	784.1776514380605	0.0	273.0214749979949	777.214755728523	0.0	222.5464588712216	774.7741403711652	0.0	190.8156347624333	395.56291065347966	0.0	222.6925552006781	328.2026088166198	0.0	230.34979681479413	372.84420589484984	0.0	137.74310344147383	416.50514108165856	0.0	117.11363521888902	499.8991841316819	0.0	140.87171591930428	566.5985146217	0.0	225.58185276126264	423.85919431515197	0.0	233.1777561103996	499.4021068492915	0.0	254.39277736275932	560.2122233227163	0.0
102	1.7	165.24660346347886	546.387736604776	0.0	135.2427857526698	545.3256236457823	0.0	117.33689787503845	656.7392016600567	0.0	87.76804205757443	767.5226889783228	0.0	115.78100860247268	793.9084661462228	0.0	96.05695471997058	797.2674080380168	0.0	76.48935408226522	784.1917151441527	0.0	188.09108319955072	545.0906398980633	0.0	226.93523024609897	645.0086109069707	0.0	231.81237970701028	758.1953385185221	0.0	270.2667403815482	784.096825261475	0.0	272.98716421619633	777.1940904561478	0.0	222.63198589390237	774.7838373439785	0.0	190.34005198794938	395.43867964773494	0.0	222.07186274609785	328.16826125110276	0.0	229.8055783322362	372.8116939063548	0.0	137.27837682267028	416.3983230149342	0.0	116.89477828815866	499.8992385210616	0.0	140.76276725048092	566.604888252295	0.0	225.18459487124775	423.8759742543487	0.0	232.78790601559882	499.1461108319187	0.0	254.45873075640338	559.8492257633512	0.0
103	1.7166666666666666	165.1081345432501	546.4586543015492	0.0	135.06732373318994	545.4083209389154	0.0	117.26221379278299	656.8238224362769	0.0	87.74827231210128	767.5255333162369	0.0	115.72806026595775	793.9042860056771	0.0	95.91634661858183	797.2896055437876	0.0	76.57026030190032	784.0247577961871	0.0	187.98252035434842	545.2129501080519	0.0	226.8767351873639	644.9287770738644	0.0	231.78338132666534	758.0659937484353	0.0	270.0531294006766	784.0271169930674	0.0	272.9872330444538	777.1920580000834	0.0	222.70773298325742	774.8933406685874	0.0	189.96250199339917	395.322394506524	0.0	221.48844955321255	327.96989011316595	0.0	229.3765421277088	372.61222502828963	0.0	136.8073785261684	416.3160761029708	0.0	116.72057534066394	499.9192336658561	0.0	140.65070352605935	566.6124356426701	0.0	224.78428651372445	423.93549539138786	0.0	232.3939616317291	498.8798115839136	0.0	254.45220235088607	559.4468163416142	0.0
104	1.7333333333333334	164.9536016369592	546.6252325724911	0.0	134.87684004151987	545.5976779236628	0.0	117.1805721285393	656.9530148327134	0.0	87.73386933255465	767.6003158682128	0.0	115.6993372209793	793.8395068699459	0.0	95.79571419550082	797.2513047002395	0.0	76.6259054987136	783.8490900114725	0.0	187.87943216752097	545.4165563536345	0.0	226.81190990589118	644.8818339118693	0.0	231.76747941813144	757.9972840425673	0.0	269.8709008108716	784.0373358813879	0.0	273.0089274007266	777.1940744161499	0.0	222.77679702705268	775.0485555069135	0.0	189.67510385546743	395.1952805279129	0.0	220.867431558473	327.6389068957214	0.0	229.05911315155186	372.18410535282567	0.0	136.3767068729713	416.2854972544077	0.0	116.59748117242229	499.98665942248084	0.0	140.55454811321158	566.5999331493585	0.0	224.41073285125063	423.9784833566072	0.0	232.0627371013431	498.5587983502644	0.0	254.3434022979763	558.9934428519518	0.0
105	1.75	164.78801832688322	546.8033297916975	0.0	134.65728953889624	545.8665764137808	0.0	117.12659193592398	657.1541655639892	0.0	87.72453778373969	767.7491674036888	0.0	115.72541338713924	793.7332745126614	0.0	95.76171910958159	797.1635268079212	0.0	76.66402171277961	783.6802683052035	0.0	187.7956681667188	545.6255855119475	0.0	226.73729796426227	644.8929009217164	0.0	231.78516161708322	758.0537619597585	0.0	269.81581017206565	784.1282947327595	0.0	273.0300416721029	777.1796632451037	0.0	222.8535902071934	775.1661165955428	0.0	189.43754051455494	395.08356072984833	0.0	220.18981545174464	327.3004312732157	0.0	228.82384011639832	371.5987835190856	0.0	136.0424019903732	416.29254151471457	0.0	116.52429244157753	500.09758541963777	0.0	140.47256045686962	566.5677900295416	0.0	224.08251330832672	423.9677011714025	0.0	231.82714305676754	498.18885129081417	0.0	254.1292428032611	558.5368544431458	0.0
106	1.7666666666666666	164.65432831481368	546.9458391245873	0.0	134.4682827896157	546.2410031870838	0.0	117.0910758158367	657.4209095389127	0.0	87.72792344052857	767.8959371296903	0.0	115.76904549703605	793.6562805619266	0.0	95.78626654167215	797.0722897942634	0.0	76.67314716794067	783.5454925925281	0.0	187.77636893190942	545.855748718135	0.0	226.66487643462406	644.9370838446433	0.0	231.8306105769049	758.2065297182263	0.0	269.9657469839821	784.2581263984749	0.0	273.0683796503722	777.1634540278251	0.0	222.90516607492592	775.2311610431195	0.0	189.20535428320474	395.0133223462571	0.0	219.52608858544843	326.9902540628949	0.0	228.59913946917882	371.0097926064358	0.0	135.7857089093057	416.3097544895534	0.0	116.47816846575688	500.2092649650508	0.0	140.3715934723903	566.5209076205994	0.0	223.81026203337174	423.9232211039708	0.0	231.65195481456053	497.8219749118634	0.0	253.83455540537625	558.1578402381223	0.0
107	1.7833333333333332	164.58870787706047	547.0550602268688	0.0	134.39198500614668	546.694508711961	0.0	117.04860841317759	657.7394328727048	0.0	87.76387406519532	767.9492595059784	0.0	115.80375725373662	793.649071351886	0.0	95.82521849721674	797.009165568285	0.0	76.64630679522334	783.4752809751134	0.0	187.84968316380537	546.1045191407297	0.0	226.62533244765115	644.9949426769999	0.0	231.87823591497283	758.356413442907	0.0	270.31634944089365	784.4048904278857	0.0	273.1583054613345	777.1732136933705	0.0	222.87698516335314	775.2695612207299	0.0	188.949001428211	394.97905628183037	0.0	218.96457334783008	326.69331886870407	0.0	228.31114526357138	370.5883233625181	0.0	135.53702499203382	416.3218376744126	0.0	116.43092656822147	500.28892178988536	0.0	140.20137602369047	566.4759242607839	0.0	223.59622254769496	423.8717987860818	0.0	231.47189245302613	497.5073572524649	0.0	253.5047653758508	557.8838708379237	0.0
108	1.8	164.58621692601673	547.1236326531921	0.0	134.43998843402215	547.0983334171183	0.0	117.01345923474149	658.0823595154335	0.0	87.8598889898905	767.8981518718888	0.0	115.87174304033452	793.6757246240894	0.0	95.89064609191415	796.9622355696368	0.0	76.61475794514487	783.4728415419555	0.0	187.97746596830885	546.2773539689849	0.0	226.64128644367673	645.0766339043846	0.0	231.91640345212744	758.4334604020015	0.0	270.7599482600635	784.5559392980076	0.0	273.2813129176207	777.2016503308776	0.0	222.76397904079198	775.2704106168675	0.0	188.66278204770754	394.94857882038303	0.0	218.51322693579917	326.45598349647577	0.0	227.95540111048007	370.42670089275543	0.0	135.2655111724678	416.32164085847575	0.0	116.35927964822329	500.34921212697986	0.0	139.93684135196386	566.4570487201374	0.0	223.43083921789474	423.79911899260077	0.0	231.25247694522773	497.2796748204878	0.0	253.1884943480907	557.683846634541	0.0
109	1.8166666666666667	164.63414952665624	547.1674574674921	0.0	134.5793420369491	547.3774759531767	0.0	117.00733225999616	658.3865403603044	0.0	88.02560067578317	767.7981922334208	0.0	116.00525129078375	793.6816324191751	0.0	96.00042049975012	796.9214795965368	0.0	76.61668541834837	783.514638409792	0.0	188.09876168249178	546.3294546764278	0.0	226.7030438520384	645.1961013431969	0.0	231.9509895379069	758.430293035362	0.0	271.14899462771217	784.669651422473	0.0	273.38432459992157	777.2176968601727	0.0	222.60801254035917	775.2101039931956	0.0	188.36840412389762	394.89272640244667	0.0	218.12866751485254	326.3433061802817	0.0	227.60096641771338	370.48571759666373	0.0	134.99271767486894	416.30129743284647	0.0	116.24675483732898	500.4083900426234	0.0	139.60192324067916	566.4667877173626	0.0	223.28997119367403	423.673523981869	0.0	230.9898983988989	497.1592032467583	0.0	252.9106097184532	557.5417759348335	0.0
110	1.8333333333333333	164.7296323702309	547.2685846123993	0.0	134.78856155395115	547.6122926353316	0.0	117.01042420832044	658.5814956533342	0.0	88.22624327739959	767.6945113869035	0.0	116.1590596449396	793.6563886773272	0.0	96.12176706998811	796.901922261656	0.0	76.64866257462855	783.5738213566425	0.0	188.1962759977871	546.3733873316015	0.0	226.7848822399404	645.3497535713458	0.0	231.98194042532006	758.359127089768	0.0	271.400242150838	784.7042089787739	0.0	273.45124308001664	777.2194579383864	0.0	222.45554628898333	775.1097755613123	0.0	188.10505996512035	394.8152871786093	0.0	217.80336425140095	326.34261107138104	0.0	227.32227096548277	370.6300488662653	0.0	134.74367583245026	416.26490894506236	0.0	116.09040797012246	500.44938343471307	0.0	139.24777210089542	566.490760370621	0.0	223.13805142100674	423.500807581113	0.0	230.68746166839736	497.1470149370982	0.0	252.66780793054565	557.4821631819041	0.0
111	1.8499999999999999	164.85171920894507	547.4859662575285	0.0	135.03108846279468	547.8931061147277	0.0	117.00296572694441	658.6475506740506	0.0	88.39651354778248	767.6050555912941	0.0	116.2756121142066	793.6162663030074	0.0	96.21856336833014	796.9036417688526	0.0	76.67789728937315	783.633723278935	0.0	188.2819630026731	546.5230485285643	0.0	226.86646307582012	645.5244400082149	0.0	232.00137805439186	758.2273073725203	0.0	271.5117222990192	784.6526719571771	0.0	273.48815125710286	777.2280383163986	0.0	222.34358122071893	775.0072401350849	0.0	187.90454717272178	394.74613805389606	0.0	217.54644212400584	326.38831351040005	0.0	227.14428528631026	370.7281759746893	0.0	134.5252953894223	416.23781408248067	0.0	115.8970059970141	500.44271423040226	0.0	138.91371897473937	566.5367193446558	0.0	222.95129906192432	423.328800550443	0.0	230.37310780835438	497.22751744670245	0.0	252.44126914732078	557.5135453844264	0.0
112	1.8666666666666667	164.95371319070642	547.7709533449556	0.0	135.2331615785459	548.1791842692091	0.0	117.00538483485494	658.6230214935538	0.0	88.48724915896403	767.5539884244419	0.0	116.34797240832687	793.5552671831102	0.0	96.29999586117165	796.8974669016753	0.0	76.68974570219572	783.69540992498	0.0	188.34482292105403	546.7370789158002	0.0	226.92121001745252	645.6998092170651	0.0	232.0111652334595	758.0583214723101	0.0	271.49948984888107	784.5236767769513	0.0	273.4789269451792	777.2334263024032	0.0	222.2889889969594	774.9025491977915	0.0	187.76952990992763	394.70389060253234	0.0	217.32621976525942	326.4424516814625	0.0	227.04483459448215	370.73887586290397	0.0	134.33240841284038	416.24182173272135	0.0	115.67164473546666	500.37528731160535	0.0	138.6070267959936	566.6309210754262	0.0	222.74548487517185	423.20528267217304	0.0	230.1080803007794	497.37115642595614	0.0	252.20386624993372	557.6017537309267	0.0
113	1.8833333333333333	164.9843426960435	548.0380952847705	0.0	135.33595989390074	548.3894189165361	0.0	117.02480305633053	658.5420984425589	0.0	88.48412679177063	767.5612406990999	0.0	116.37828318814438	793.4581987732379	0.0	96.38292968344427	796.8640385937388	0.0	76.682246231098	783.7732375429715	0.0	188.35728142991135	546.9175742695572	0.0	226.92122203847384	645.8365805130659	0.0	232.0205235863543	757.8899183888642	0.0	271.39000032131065	784.3242632403629	0.0	273.4256670099999	777.2006732000073	0.0	222.27707458756439	774.7832574302598	0.0	187.68213893110254	394.68076706021327	0.0	217.1057391522012	326.4852627019663	0.0	226.97415166411432	370.70462126142723	0.0	134.14861637551274	416.27040818689767	0.0	115.41500154028739	500.24971043664846	0.0	138.30736030223284	566.7680509010306	0.0	222.56242947975304	423.1605015961911	0.0	229.94353719473278	497.5517275983087	0.0	251.94591630308926	557.7237754026509	0.0
114	1.9	164.9042804108573	548.2583878829672	0.0	135.32907830276665	548.5263649081484	0.0	117.00937291556785	658.4046888480237	0.0	88.39804037294489	767.6085759452485	0.0	116.35189073582534	793.3478909064524	0.0	96.46485156696146	796.815703507715	0.0	76.63893496180522	783.8715420076683	0.0	188.31001880748394	547.0484349546656	0.0	226.87025177798253	645.8975724140582	0.0	232.02004749804937	757.7441482680061	0.0	271.2400033992437	784.0864920635858	0.0	273.3861607646951	777.1246020725017	0.0	222.28167491527165	774.6806968660829	0.0	187.62566830089662	394.65750708068975	0.0	216.9097862111394	326.4730837854018	0.0	226.8698354269408	370.67574174074053	0.0	133.9512333532993	416.29351641682	0.0	115.13409393382457	500.0937511077884	0.0	137.99177971773625	566.9030415280776	0.0	222.4327276042466	423.2147988781506	0.0	229.8763751623511	497.76887101422477	0.0	251.69239159663553	557.8941960783324	0.0
115	1.9166666666666667	164.69544006199973	548.4270404391932	0.0	135.20452311164564	548.6198941794584	0.0	116.90978627663141	658.2345248093571	0.0	88.26966574981147	767.6677039756294	0.0	116.27782842215566	793.2727249028635	0.0	96.54823105380804	796.7746163942746	0.0	76.56466363740357	783.9714826904911	0.0	188.19705400679845	547.1454977079932	0.0	226.80096150178068	645.882988541677	0.0	231.97970733547746	757.6328254646793	0.0	271.0980694387262	783.8853275402258	0.0	273.4102227514026	777.0353454495103	0.0	222.29728614408154	774.6395412490108	0.0	187.57186153573844	394.62450361436754	0.0	216.79332602558492	326.39337085736054	0.0	226.70382332580326	370.6571759173655	0.0	133.73221613876487	416.27670731592093	0.0	114.85230433990134	499.9626963333435	0.0	137.6615902262584	566.9956863072723	0.0	222.36985077902136	423.36089174657513	0.0	229.86087561907092	498.0296942398687	0.0	251.4562379144751	558.1099972962473	0.0
116	1.9333333333333333	164.37720731842114	548.5010489716733	0.0	134.92911599127575	548.6457944372323	0.0	116.75605876007934	658.0996876894383	0.0	88.15773568256049	767.7493495758645	0.0	116.19923793671818	793.263969231303	0.0	96.63828644252007	796.755224942483	0.0	76.51050299157708	784.0479716222727	0.0	187.9901465756092	547.1766906483093	0.0	226.73407935965668	645.8128426300952	0.0	231.8864766879751	757.584785906293	0.0	270.9879292640572	783.7948716943845	0.0	273.4730507729048	776.9591069330165	0.0	222.33657093656404	774.6498307593401	0.0	187.47433445101294	394.5935486477745	0.0	216.75746821621254	326.3169516592597	0.0	226.51918513990987	370.60773810496573	0.0	133.51735513739288	416.1982359046745	0.0	114.59982654623788	499.8963749660031	0.0	137.33649076552786	567.0219908921767	0.0	222.37387493748247	423.54520967619015	0.0	229.85772207414905	498.3064919059846	0.0	251.20141054307777	558.3173984858795	0.0
117	1.95	164.0219108287267	548.4438774397314	0.0	134.5102557427458	548.5997095242478	0.0	116.6239154371673	658.0361042186781	0.0	88.0894674313453	767.879112442392	0.0	116.15416153222117	793.3173271458212	0.0	96.71903973419596	796.7626220891249	0.0	76.51638226016253	784.0951898737853	0.0	187.67103246318004	547.134217895446	0.0	226.6493116416475	645.6937355357385	0.0	231.767824204818	757.6217486350433	0.0	270.94862082009075	783.812236816064	0.0	273.525723757197	776.900040694812	0.0	222.39721469995692	774.6694672088863	0.0	187.32333085355071	394.5765119637615	0.0	216.76900906295313	326.2919474558802	0.0	226.38424246490592	370.4710782124987	0.0	133.342639929651	416.05521595571304	0.0	114.39472648260937	499.8839803192656	0.0	137.02500897982426	566.9557347575261	0.0	222.41328906923897	423.6888806869888	0.0	229.85160651308425	498.5315551578017	0.0	250.89692462122125	558.4603251992801	0.0
118	1.9666666666666666	163.72755540253453	548.2879205091562	0.0	134.0466482473158	548.5502728711223	0.0	116.54094838271583	658.0195763462893	0.0	88.04374378268425	768.0408959405614	0.0	116.15074818909876	793.398432153944	0.0	96.76175140592635	796.7877426208352	0.0	76.5701047166402	784.1242384325245	0.0	187.28183335887275	547.0854558945945	0.0	226.50466284513163	645.5333288017997	0.0	231.67017768736665	757.7137095208817	0.0	271.0262312858502	783.850602122968	0.0	273.5784592708759	776.8400334909866	0.0	222.45611514630698	774.6903064186121	0.0	187.1756753156136	394.556242678423	0.0	216.84568287691945	326.25894284378955	0.0	226.32957559327883	370.24131902363956	0.0	133.20854729404684	415.86830809350624	0.0	114.2332024538816	499.89466840320586	0.0	136.72125755307707	566.7940142658032	0.0	222.42797809517478	423.7240020713422	0.0	229.83053289803374	498.633982391795	0.0	250.5668397455251	558.5153432133327	0.0
119	1.9833333333333334	163.53788256859826	548.0954658652065	0.0	133.64708622808578	548.5301597841715	0.0	116.47025624810824	658.0357556068219	0.0	87.99452616300472	768.1841922910177	0.0	116.18460464902202	793.4797610808474	0.0	96.75241601446808	796.8152220553491	0.0	76.64505205315088	784.1385050063234	0.0	186.90655219382887	547.0644988516442	0.0	226.28531311789735	645.360746197177	0.0	231.62270475342206	757.8109549792848	0.0	271.2116014534307	783.8261046656147	0.0	273.6709460086048	776.7404892148036	0.0	222.5097897581767	774.7262511956155	0.0	187.0892378868242	394.5042492958819	0.0	217.02421578603753	326.186466998521	0.0	226.3516474530945	370.0017878274888	0.0	133.09423790228317	415.68721072268045	0.0	114.08992789078115	499.93424744475124	0.0	136.4249947008338	566.5914837623885	0.0	222.3766383458067	423.6301780472329	0.0	229.78459519075952	498.5906333509124	0.0	250.24267082683266	558.4637666380834	0.0
120	2.0	163.39891494221766	547.9183498291046	0.0	133.33213263122934	548.4949839205042	0.0	116.37086934394071	658.1069852220986	0.0	87.94818035666577	768.2728091066767	0.0	116.25074906842165	793.5570104077357	0.0	96.70240003127417	796.8432837545707	0.0	76.73339575693998	784.1333618673696	0.0	186.59727982654397	547.0324827630421	0.0	226.01134604421665	645.2078170294608	0.0	231.62654374803688	757.9003246567527	0.0	271.43673227096093	783.7138791870807	0.0	273.8014225718039	776.5697935140531	0.0	222.5975701173426	774.7603894157273	0.0	187.05714937973468	394.42203751612743	0.0	217.25464042492416	326.17799237958957	0.0	226.43556099793457	369.86082719963014	0.0	132.9910595651784	415.56565728458156	0.0	113.92987172268991	500.0369020484369	0.0	136.13510752454863	566.4338507690165	0.0	222.2711043503869	423.46347746882054	0.0	229.71970864379873	498.46965795115085	0.0	249.92237675923735	558.3061915143506	0.0
121	2.0166666666666666	163.22483291621822	547.8288498475376	0.0	133.0787823065683	548.4621466294244	0.0	116.22578719953506	658.2314221625187	0.0	87.9292872889697	768.2953055590042	0.0	116.3184697208697	793.6205845528609	0.0	96.63254402434542	796.8815578038971	0.0	76.8195480732634	784.1207136258585	0.0	186.35022342043882	547.0151356010334	0.0	225.69871335758378	645.0883672428726	0.0	231.67034743278637	757.981757129899	0.0	271.64684198699774	783.5170219128249	0.0	273.94566279602964	776.3455083198987	0.0	222.75737620309116	774.7610048354096	0.0	187.03515743003015	394.3477692384336	0.0	217.41961724884465	326.31415449066145	0.0	226.54034663309614	369.8519374439928	0.0	132.88259662218934	415.51985875312795	0.0	113.73164640145485	500.1925926256414	0.0	135.831988987754	566.3825928848644	0.0	222.15306865684263	423.3373684097613	0.0	229.6387040071587	498.41741085061074	0.0	249.61506963670823	558.1277873724679	0.0
122	2.033333333333333	162.98454169713273	547.9071065397001	0.0	132.89744099953475	548.5596506010398	0.0	116.02772268309327	658.365418546406	0.0	87.9515924941411	768.2481579115021	0.0	116.336446715815	793.6545524471302	0.0	96.55542159783141	796.9288945394866	0.0	76.8650476750999	784.1297871000228	0.0	186.14655849137952	547.1485773725539	0.0	225.3427204587484	645.0202778828086	0.0	231.7373199611907	758.0375748326953	0.0	271.835958914575	783.2382762818967	0.0	274.09275378140006	776.1394545238537	0.0	222.97045297375723	774.7320284566115	0.0	187.00172297801274	394.3240556052904	0.0	217.4532508404527	326.5049929326356	0.0	226.6040173994105	369.91358229112507	0.0	132.7504433070989	415.5297491477114	0.0	113.49776689000268	500.3301641221116	0.0	135.48891289454792	566.4486220902205	0.0	222.05678390514842	423.337983698202	0.0	229.5246936212591	498.55509442719034	0.0	249.3620793250297	558.0616237827933	0.0
123	2.05	162.69611127908124	548.1519293290107	0.0	132.7740769713066	548.8570530396188	0.0	115.77857535716409	658.5021853412866	0.0	88.02469613099535	768.1660793543009	0.0	116.29331427618132	793.6627534724427	0.0	96.48609302751576	796.9693658118003	0.0	76.85574356018375	784.1841571316513	0.0	185.96230089490328	547.5076635474376	0.0	224.94844348399158	645.0533087918324	0.0	231.80201736530663	758.0769060805444	0.0	271.9896114859877	782.9247013063189	0.0	274.1993633516782	776.0293472582409	0.0	223.17573201436036	774.6949521142761	0.0	186.95876850335364	394.36448955118277	0.0	217.37571504213662	326.63118421884866	0.0	226.60051998754338	369.96392030541585	0.0	132.62255036162767	415.5736240428317	0.0	113.23148881855428	500.38573520133036	0.0	135.08899932331605	566.6049084177768	0.0	222.00460200175314	423.4472441354967	0.0	229.37778619634517	498.8762401894493	0.0	249.18455876072457	558.1730350562916	0.0
124	2.0666666666666664	162.37804180860078	548.4565351699847	0.0	132.61131586782588	549.2498645276963	0.0	115.49492153584289	658.694732358881	0.0	88.16249350420398	768.1493229225564	0.0	116.23359307805936	793.6634339856074	0.0	96.4428594620436	796.9951288427078	0.0	76.83422980672678	784.2906298677249	0.0	185.74474590081698	547.9849100767359	0.0	224.55759157636308	645.2233190836262	0.0	231.84401880394645	758.1588444191689	0.0	272.0391528078502	782.7042200981534	0.0	274.1689962804328	776.0486237643343	0.0	223.31809466050308	774.6462502673488	0.0	186.90546057733908	394.44395445121705	0.0	217.2261637668587	326.7162002968239	0.0	226.55900924462583	369.9716779630297	0.0	132.5497880852394	415.6439237067897	0.0	112.91868077194417	500.3490934502862	0.0	134.62298814246134	566.8128866592599	0.0	222.00681059352948	423.58427746411377	0.0	229.24494450669454	499.2734006388513	0.0	249.06848577126073	558.4436451283133	0.0
125	2.0833333333333335	162.05685488604982	548.7207351440962	0.0	132.3452101566181	549.5956444043258	0.0	115.19913962744474	658.9439089237785	0.0	88.35009216983413	768.2705137860393	0.0	116.19437631415163	793.6706292597045	0.0	96.4154276350969	797.0195497861724	0.0	76.84793932918315	784.4319329047826	0.0	185.45322991628692	548.4141706583487	0.0	224.23225688875738	645.4777947686847	0.0	231.86115128944812	758.3192041040811	0.0	271.93044362726846	782.6822205024757	0.0	273.96708753749687	776.1808920049132	0.0	223.36140193466537	774.5906584591403	0.0	186.8489511408827	394.5185802871809	0.0	217.03214697975153	326.82692538824733	0.0	226.51394844899627	369.9442548260097	0.0	132.52893348964014	415.7422910846822	0.0	112.55491615124026	500.2430633458537	0.0	134.08467562880946	567.0333445227299	0.0	222.04816427709528	423.7177211050422	0.0	229.18146478628162	499.6387355151775	0.0	249.0093233804133	558.8269791835445	0.0
126	2.1	161.79072168963722	548.947595665621	0.0	132.0504143209504	549.8801831348454	0.0	114.91320187154055	659.1466440344877	0.0	88.5208707981248	768.4785341737238	0.0	116.17456311850128	793.6891641876801	0.0	96.38547627957823	797.0565546992154	0.0	76.88342330241221	784.562268171651	0.0	185.12248593759836	548.7375538150567	0.0	224.02069623268298	645.7092988707743	0.0	231.85490559023307	758.5095144075106	0.0	271.7068298469073	782.8198272162674	0.0	273.70458364368193	776.3749020117779	0.0	223.2936448421904	774.581767546015	0.0	186.81925657006903	394.5679138222598	0.0	216.83712157008296	326.9209207495821	0.0	226.4775706832985	369.89252436163247	0.0	132.50213904151065	415.871517744894	0.0	112.17580301551827	500.09877195971933	0.0	133.48105574069186	567.2315653302874	0.0	222.09770067910083	423.8779359175941	0.0	229.19432934803746	499.90066741732466	0.0	249.00449328351093	559.2471899987903	0.0
127	2.1166666666666667	161.6134267706232	549.1697757670905	0.0	131.821645676364	550.1451580780501	0.0	114.66800541071757	659.2114702981052	0.0	88.5954533151882	768.6660580363406	0.0	116.18017689377196	793.7033350046031	0.0	96.39206271008835	797.1023153144129	0.0	76.89673093325773	784.6356402701638	0.0	184.82532293276924	548.9711087227532	0.0	223.9350787382379	645.8670198662138	0.0	231.82285523776267	758.6508315615442	0.0	271.45975265878894	782.995930939583	0.0	273.5166484201301	776.5509821349142	0.0	223.1573731918586	774.6573357865135	0.0	186.83860537777514	394.60893084995513	0.0	216.6929907863591	326.9307236424632	0.0	226.46478057591352	369.8398126118292	0.0	132.4338451494059	416.02108164961015	0.0	111.84677865084437	499.96768485842944	0.0	132.84928822102253	567.3945806945445	0.0	222.1427745485589	424.0609748258877	0.0	229.2357416346057	500.00882259387123	0.0	249.00863740934457	559.5984441071106	0.0
128	2.1333333333333333	161.47973293011208	549.3469386931127	0.0	131.6460430134472	550.3558462730175	0.0	114.49878254621909	659.1449267432587	0.0	88.53893469870795	768.7804515922545	0.0	116.23809792291453	793.6785073814591	0.0	96.50341671779655	797.1424152058846	0.0	76.88316818763458	784.6423148010527	0.0	184.59417641588803	549.1024411467167	0.0	223.9439304409245	645.9789946528866	0.0	231.7803129502345	758.7156758404029	0.0	271.23464821231204	783.1366856419872	0.0	273.41866060475564	776.6288283716231	0.0	223.04798775092834	774.7663073414109	0.0	186.88901366226634	394.66181926870587	0.0	216.62640183368168	326.89899022438976	0.0	226.4985085367037	369.8233164011719	0.0	132.34453512135266	416.1591256772338	0.0	111.6275586303059	499.9192010420563	0.0	132.2531335940706	567.5336816050127	0.0	222.1905476761938	424.1971576753382	0.0	229.24738284748884	499.94875342739476	0.0	248.97134013322187	559.8268606072536	0.0
129	2.15	161.34929492517847	549.4173412825669	0.0	131.5005772682518	550.4598352007931	0.0	114.4035422407386	659.0029550555546	0.0	88.37315288533917	768.8231970776853	0.0	116.34324687399776	793.5966588469906	0.0	96.7178621599732	797.1635405391582	0.0	76.8530763413004	784.6029502601341	0.0	184.43246715961465	549.1218999667577	0.0	223.98938321728005	646.0717568781897	0.0	231.76181459687513	758.7197468711239	0.0	271.03928763142693	783.2311228567984	0.0	273.35370307977973	776.5920457831254	0.0	223.03316862716775	774.8321636872176	0.0	186.93607995832818	394.7293213051386	0.0	216.64666063950784	326.90183368683057	0.0	226.57698794564038	369.863773623123	0.0	132.26734593252357	416.2551778068189	0.0	111.52734137964497	499.9842086972322	0.0	131.73715224584095	567.6584387794543	0.0	222.227785078535	424.2320132385461	0.0	229.2045140964131	499.7789951702705	0.0	248.91279909278697	559.9913276720174	0.0
130	2.1666666666666665	161.27239394941006	549.3877298240234	0.0	131.45697516707574	550.4705921517519	0.0	114.32245368298551	658.8277356944398	0.0	88.15025244747947	768.7957224220763	0.0	116.4468741950155	793.4758319949383	0.0	96.96169552975111	797.1633443946141	0.0	76.77534463252586	784.5415838452503	0.0	184.3643522492633	549.0681641520171	0.0	224.0240793809839	646.1332051858124	0.0	231.78453277164903	758.6689705369607	0.0	270.89790474466275	783.2823840819289	0.0	273.31079787496384	776.5107336426769	0.0	223.0875069983686	774.8533094754372	0.0	186.96533935552702	394.8068729716096	0.0	216.76973855184593	326.9299924351482	0.0	226.67098790529926	369.9708985782932	0.0	132.20582157235526	416.30758171233833	0.0	111.49023195163502	500.11864734414246	0.0	131.2931898226281	567.7670947035629	0.0	222.21393580776936	424.1769899965945	0.0	229.12120073916952	499.6108388972098	0.0	248.8986025788834	560.1819454984918	0.0
131	2.183333333333333	161.29558048233426	549.3111421456342	0.0	131.56049600194854	550.4224409289126	0.0	114.19764480374427	658.6446502444413	0.0	87.92360445124687	768.6990305794044	0.0	116.51169098381085	793.3544991977885	0.0	97.16210868984639	797.1498841959516	0.0	76.62876132836118	784.4796200345343	0.0	184.40852082585496	548.9803481805699	0.0	224.02876091481687	646.1546476313697	0.0	231.82302329881662	758.5670534328477	0.0	270.8502320673515	783.295938186199	0.0	273.31934119704283	776.4679869406061	0.0	223.15117962049607	774.8811373124763	0.0	186.9701144072393	394.88480923099206	0.0	216.98838528629204	326.96169388275405	0.0	226.765678654826	370.1693294220707	0.0	132.13446761301674	416.33719393677904	0.0	111.45600007051888	500.2582875411635	0.0	130.90835127146852	567.8769973274749	0.0	222.131913474295	424.0796395600413	0.0	229.02956921101202	499.53151759781787	0.0	248.9349324078272	560.393162215186	0.0
132	2.2	161.35993761737532	549.2257717647323	0.0	131.71827922699077	550.3352865859852	0.0	114.04194248436599	658.4818065450554	0.0	87.73067588442493	768.5671468876503	0.0	116.53021038464261	793.2808731989962	0.0	97.25235629600776	797.1431062374292	0.0	76.480853274845	784.4366508173517	0.0	184.53219864457785	548.8742140886476	0.0	224.00008845044232	646.1491330874925	0.0	231.82854736024495	758.4565502295579	0.0	270.9156610311745	783.2933932851153	0.0	273.3799172673735	776.4820175075164	0.0	223.21334178678134	774.9431960784987	0.0	186.937704440572	394.94813147034	0.0	217.23076907024603	327.06062453047866	0.0	226.8683277004053	370.46758690371627	0.0	132.02296153327185	416.3644673512268	0.0	111.42234303692844	500.3845109293635	0.0	130.60785697865518	568.029773834398	0.0	222.01661874798228	423.9986357044646	0.0	228.9499273766258	499.56656401501914	0.0	248.93793988794943	560.5359123549047	0.0
133	2.216666666666667	161.38593432141764	549.1772338580307	0.0	131.82979196323146	550.2665327617609	0.0	113.90685196994586	658.3536733410845	0.0	87.58809590656074	768.4450344490057	0.0	116.49559683340817	793.2985232619964	0.0	97.17342279307951	797.1792859344056	0.0	76.42326869876337	784.4345381454334	0.0	184.6847256361343	548.8002336946813	0.0	223.94043332689054	646.1228090809929	0.0	231.77048321139867	758.388437224596	0.0	271.08150273769087	783.2842225794365	0.0	273.4783396543791	776.516728914841	0.0	223.27373663856477	775.0392797532276	0.0	186.89067626244872	394.9920431951583	0.0	217.40924178257626	327.2689967710873	0.0	226.96655473854165	370.79626245979136	0.0	131.86217998481388	416.39943816244374	0.0	111.41175319355119	500.5025549608112	0.0	130.4016572237818	568.2282873372293	0.0	221.92231548102106	424.0044164709656	0.0	228.8673964941503	499.69255431772933	0.0	248.8266435226934	560.5556944858641	0.0
134	2.2333333333333334	161.37943469752756	549.254058660712	0.0	131.91181280429802	550.3154249992036	0.0	113.80622671194315	658.2331561917415	0.0	87.49355961205487	768.3394599248537	0.0	116.41389446455815	793.4129765866137	0.0	96.9544088872114	797.2705777215529	0.0	76.45094017038389	784.4999820606724	0.0	184.85045779189346	548.850367747869	0.0	223.86215142260255	646.0710161861109	0.0	231.66143372786905	758.3580176595117	0.0	271.309047816571	783.2279090818538	0.0	273.62741958014783	776.5344596471812	0.0	223.28153548194274	775.165280183021	0.0	186.9002696556778	395.03359310303114	0.0	217.50520926850095	327.487758842432	0.0	227.02888313875022	371.02033592389546	0.0	131.68436343671712	416.44847144202726	0.0	111.42105687645504	500.59075947590594	0.0	130.2385938893873	568.4031347935231	0.0	221.88756154622286	424.1448145788504	0.0	228.75173716438522	499.85196094675786	0.0	248.60357490032675	560.4795197633072	0.0
135	2.25	161.37610838619898	549.5091545295302	0.0	131.9829619552789	550.5141784838487	0.0	113.72362273309722	658.0980770992442	0.0	87.43768972016592	768.24815073837	0.0	116.34011376971264	793.5787349226526	0.0	96.73523870291996	797.3689552369514	0.0	76.48435707262564	784.626690733078	0.0	185.02037674115522	549.0517931751046	0.0	223.79881296121457	646.0132832951892	0.0	231.54758873087616	758.3328136062928	0.0	271.52354082218716	783.0999445830506	0.0	273.8150747287201	776.5251509287802	0.0	223.1965448406851	775.2824107383442	0.0	187.0043517819917	395.10031535345706	0.0	217.5612037204114	327.6082632163486	0.0	227.054629005245	371.0520605281497	0.0	131.56008745005542	416.52267925961183	0.0	111.44230393986112	500.6179141498037	0.0	130.05250572602884	568.4841264361183	0.0	221.93686630586419	424.3850260069478	0.0	228.60512939833274	499.98770465238044	0.0	248.325592668861	560.37094734292	0.0
136	2.2666666666666666	161.35507185948282	549.8829105286826	0.0	131.94421100622958	550.7883718446573	0.0	113.65756449973527	657.9978489058125	0.0	87.42435834342614	768.2113372127816	0.0	116.34669734453749	793.725929766249	0.0	96.65767716857121	797.4081680569645	0.0	76.46722552489229	784.7506252510235	0.0	185.13785930761475	549.3289024612084	0.0	223.79796169214774	645.9923083100906	0.0	231.4679918160214	758.3199649725129	0.0	271.63066399051587	782.9847633106941	0.0	273.94765669947736	776.5123660304317	0.0	223.05486994764175	775.3101513382983	0.0	187.15749904584067	395.21588234145577	0.0	217.60149038874178	327.67293313837257	0.0	227.07617056526018	370.93402652696375	0.0	131.55180107608643	416.6353949061539	0.0	111.47552305568314	500.5989032259827	0.0	129.82302929710386	568.4754726473517	0.0	222.0856712905172	424.6328838287878	0.0	228.47547343400257	500.0889700431925	0.0	248.04747449725141	560.2994958069016	0.0
137	2.283333333333333	161.28195227739178	550.2708462710555	0.0	131.7069880241358	551.0698333865388	0.0	113.61027991751979	658.0018622207077	0.0	87.46693495271096	768.2559151027383	0.0	116.44149553925745	793.8043232885251	0.0	96.74390227939583	797.3629632210178	0.0	76.38713952613995	784.8031779407395	0.0	185.14790808712885	549.6137789834606	0.0	223.87248873381304	646.0088426398937	0.0	231.42826927821554	758.3376989912147	0.0	271.5975828680618	782.9925871034663	0.0	273.9397286325746	776.5311430715471	0.0	222.90754756804412	775.2211152206249	0.0	187.30799636234818	395.3985875804977	0.0	217.60659773666754	327.7673969733169	0.0	227.11890776492504	370.775940336344	0.0	131.66453019254752	416.7969483401152	0.0	111.4973966418036	500.57909527121103	0.0	129.57442054111195	568.4283099534589	0.0	222.3205034548514	424.8372199205807	0.0	228.4121652433767	500.17509576421617	0.0	247.81293500512373	560.329750763329	0.0
138	2.3	161.1783196841741	550.622038259145	0.0	131.35042082731766	551.3643044066666	0.0	113.57947062844325	658.1007818746984	0.0	87.55749212682814	768.3310085015016	0.0	116.5489231617981	793.8031067809844	0.0	96.8894507949784	797.2598551180484	0.0	76.26178424835182	784.7688040379012	0.0	185.08479847121865	549.9108092724989	0.0	223.9738714950334	646.0056336826958	0.0	231.41858040836027	758.3634024849699	0.0	271.49588414343475	783.1143409953036	0.0	273.82507127603736	776.591119946741	0.0	222.76588478284037	775.0985560361606	0.0	187.4657248176336	395.64524893035735	0.0	217.56856037912812	327.85820084568047	0.0	227.19208878959495	370.6342702297121	0.0	131.8572245495532	417.0039174176261	0.0	111.46615864707513	500.5608930660006	0.0	129.32661144352164	568.3687476554065	0.0	222.5928274774826	425.00511403393125	0.0	228.41892029703308	500.2348617911541	0.0	247.6531945350735	560.4777865783373	0.0
139	2.3166666666666664	161.0874184231148	550.9264953273902	0.0	131.0274596239228	551.6717693002518	0.0	113.58923366484333	658.2319008809009	0.0	87.66077046350816	768.3774972190309	0.0	116.58418738475747	793.7329715950057	0.0	96.97718953953091	797.1434690893464	0.0	76.14732210984566	784.681445635818	0.0	185.0288969396035	550.2180912585445	0.0	224.0372101547543	645.9547183799217	0.0	231.4340161149937	758.3827463752643	0.0	271.42233313689155	783.2646834703576	0.0	273.6887883573613	776.6703156313137	0.0	222.65079428684035	775.0296988611956	0.0	187.6506802836659	395.9019907457701	0.0	217.51714657253606	327.8714783010102	0.0	227.29766529953716	370.50143282270085	0.0	132.09326767614678	417.2238188895002	0.0	111.37647300115141	500.51655259271377	0.0	129.07912169755153	568.2914667439085	0.0	222.85310450889617	425.1368972283019	0.0	228.46658700063415	500.22166659951165	0.0	247.55796997901078	560.6835106658624	0.0
140	2.3333333333333335	161.01885171858189	551.1536857324825	0.0	130.8098837467247	551.931331177621	0.0	113.67574514006961	658.3557071128629	0.0	87.73601371009306	768.3941487560901	0.0	116.51563908980513	793.6105470675005	0.0	96.97571299648344	797.0384443634541	0.0	76.11614334335277	784.5838227077178	0.0	185.0076475537142	550.4750608286066	0.0	224.03231728353657	645.9093388544123	0.0	231.47445037985233	758.4314727783999	0.0	271.40568264418096	783.393631756984	0.0	273.5555028710553	776.7442578868977	0.0	222.61843747794632	774.9971593123864	0.0	187.83648373716485	396.0831538771279	0.0	217.48596042312826	327.8354531420576	0.0	227.4240314553766	370.3926330790781	0.0	132.3505967199231	417.40778080753046	0.0	111.28226508429621	500.4642521837201	0.0	128.8508907857603	568.1991310468131	0.0	223.07341526073913	425.2093089494981	0.0	228.53291741354803	500.1178235324144	0.0	247.46929034158384	560.8656493712006	0.0
141	2.35	160.97669276752057	551.2737687917513	0.0	130.72514759898112	552.1077536704593	0.0	113.82620755936922	658.4370020393012	0.0	87.75191330649079	768.3748344603868	0.0	116.35274183651731	793.4551419215506	0.0	96.92297066646623	796.9536531533416	0.0	76.18989681954221	784.4955342672856	0.0	185.00997111015278	550.6493803772978	0.0	223.97135830286345	645.9311469340319	0.0	231.53947325014252	758.5197590654801	0.0	271.4214800392067	783.4704376253478	0.0	273.4306171476496	776.8126471502238	0.0	222.69576012089175	774.9465366197837	0.0	187.99094023336363	396.1392402641533	0.0	217.50355757868235	327.8210265300352	0.0	227.54299240024972	370.36656074540383	0.0	132.58598766227263	417.5248600761375	0.0	111.2353829113914	500.4446130597486	0.0	128.67716935148167	568.1034968995027	0.0	223.23640069726252	425.2214987066514	0.0	228.61124006057338	499.9729725808029	0.0	247.34577367814285	560.9940821501947	0.0
142	2.3666666666666667	161.00347434093322	551.3200230107152	0.0	130.81990330918055	552.2495547748423	0.0	113.97940374141744	658.4239116720669	0.0	87.70544046104168	768.267898929893	0.0	116.1267939851228	793.288158531045	0.0	96.86369880932769	796.8978579649736	0.0	76.31621627239777	784.4178027537345	0.0	185.05517064738353	550.7942424056437	0.0	223.88841917853478	646.0182838679145	0.0	231.62179177225758	758.5775498002719	0.0	271.4570388956801	783.4514686269167	0.0	273.36918159483395	776.8863051821129	0.0	222.8300973769425	774.8913437842924	0.0	188.1282047004903	396.08675427005926	0.0	217.60341285512075	327.82467743609874	0.0	227.63515243555105	370.4518641908396	0.0	132.73699112701416	417.57229205618864	0.0	111.23149609976377	500.4479711518148	0.0	128.56098032129657	568.0089064495726	0.0	223.34015078106825	425.2121906037317	0.0	228.69786223907013	499.85596225869256	0.0	247.2099018505383	561.0716668688683	0.0
143	2.3833333333333333	161.14160028846155	551.356662628292	0.0	131.09109975429874	552.3817706880911	0.0	114.10647116192119	658.320672979771	0.0	87.63518477498263	768.0597566340821	0.0	115.90761140763203	793.145959355962	0.0	96.82031613916585	796.8635922294678	0.0	76.42840853508079	784.3392674773048	0.0	185.18789636048672	550.9416091004183	0.0	223.81547242206346	646.1417411481328	0.0	231.70931886258325	758.5401451154149	0.0	271.50808936477534	783.341319533445	0.0	273.41136707351404	776.9510974837134	0.0	222.94426257711646	774.8658165489235	0.0	188.27633589281848	395.979949984241	0.0	217.80360982288363	327.82759113949135	0.0	227.71688815887	370.626728513275	0.0	132.78111519421122	417.56276323697807	0.0	111.25873133642567	500.44616349782495	0.0	128.49011098672824	567.9319396514775	0.0	223.41742253746096	425.21107069061134	0.0	228.79252993625045	499.7904741766432	0.0	247.09543057072136	561.0687739576957	0.0
144	2.4	161.37796036910322	551.3985493662835	0.0	131.44082370726724	552.4280772135605	0.0	114.24759301464357	658.2154462876653	0.0	87.59239664163181	767.8324743313556	0.0	115.78577559513	793.0808502811745	0.0	96.79382107773456	796.8257347511957	0.0	76.49804524850443	784.2313524809475	0.0	185.41998458223333	551.0240645350192	0.0	223.77124966365812	646.2834952191138	0.0	231.79232476332174	758.4345882442501	0.0	271.53658239112633	783.2241448971293	0.0	273.5047738412239	776.9730315454048	0.0	223.0248145473576	774.8378650846256	0.0	188.41902610115503	395.8798620844315	0.0	218.08497135674338	327.8832478985582	0.0	227.8141198054647	370.8661466420155	0.0	132.76088347569546	417.5147736465669	0.0	111.34661184020274	500.45442223610263	0.0	128.479591906608	567.9187850306379	0.0	223.50856700325122	425.20116899391564	0.0	228.9055395673707	499.7545726375647	0.0	246.9992567643753	560.9348980200834	0.0
145	2.4166666666666665	161.68046115412432	551.4235058570549	0.0	131.76581329692448	552.3281358700449	0.0	114.43727030030388	658.1788588944236	0.0	87.59353498706615	767.683376668484	0.0	115.79201158289095	793.1272567686636	0.0	96.77135507818339	796.7786286434438	0.0	76.51535335683343	784.0832194524171	0.0	185.70581019302134	550.9873817840245	0.0	223.7569953830733	646.4070474133732	0.0	231.85776913397063	758.3121568369263	0.0	271.49318769223186	783.1787394392819	0.0	273.56419242532036	776.9494704621728	0.0	223.1024313258168	774.7586234040405	0.0	188.52264330112567	395.82730316730164	0.0	218.40219463892655	328.0086299216091	0.0	227.9188311022617	371.128549762883	0.0	132.74070713305764	417.44821947874624	0.0	111.5072335122444	500.48535769229363	0.0	128.54730986861836	568.0066294284654	0.0	223.61359965542061	425.15580644227623	0.0	229.04640198919677	499.7140999436146	0.0	246.92473388291256	560.678965876614	0.0
146	2.433333333333333	162.04448835271833	551.4269239994087	0.0	132.04950012281603	552.1290441330068	0.0	114.6392018761755	658.1936333108823	0.0	87.60527048223643	767.6321865248528	0.0	115.8646629082749	793.2645517708166	0.0	96.73794005481528	796.7504151739895	0.0	76.45887758563684	783.9299054441612	0.0	185.97087387680153	550.8732839566619	0.0	223.7646977166422	646.4662162822559	0.0	231.88651862819765	758.1577589219052	0.0	271.3757317414323	783.2018405460003	0.0	273.5721011147319	776.9206614754801	0.0	223.17074790621413	774.6480944483051	0.0	188.60021759827356	395.82308846461035	0.0	218.7118628739673	328.08634514364877	0.0	228.0099471869231	371.3313853341507	0.0	132.7749437311102	417.3838975523177	0.0	111.67796077327185	500.49497172079134	0.0	128.67913168455584	568.1740201538312	0.0	223.7081189208837	425.0772183665773	0.0	229.21023007204616	499.6445367370288	0.0	246.91230598080747	560.4004915295686	0.0
147	2.45	162.4388209556218	551.4019276606706	0.0	132.3111390332773	551.885758536086	0.0	114.79963104787213	658.2152350036365	0.0	87.58572262861847	767.6495217057286	0.0	115.9365418001124	793.4261598823534	0.0	96.69845588947484	796.7740097164443	0.0	76.32620110878472	783.8174164068349	0.0	186.16123149441614	550.7102694356636	0.0	223.79999411097032	646.4631720551323	0.0	231.87196437776782	757.9562375571037	0.0	271.2209306495636	783.2570459449532	0.0	273.56682339606914	776.9178238574387	0.0	223.1938844651801	774.5560421883445	0.0	188.6874378093073	395.84189558594136	0.0	218.97435824097533	328.02039447261905	0.0	228.10033650711466	371.41571964010757	0.0	132.91333305134137	417.34179981408533	0.0	111.78438928235033	500.45362003394274	0.0	128.8438143468649	568.3654708875474	0.0	223.79379905303853	424.970151566105	0.0	229.3839684091697	499.5482157463012	0.0	246.98667445354337	560.2253523475686	0.0
148	2.466666666666667	162.76774012229933	551.3049380284791	0.0	132.5183059406396	551.589677478407	0.0	114.92460383706648	658.228841347224	0.0	87.54359087961934	767.7255951237518	0.0	116.01775348673378	793.5563842287496	0.0	96.67786109943088	796.8624057691104	0.0	76.17420140279283	783.7723666861132	0.0	186.28036810064478	550.4479566851962	0.0	223.8795223859614	646.4330421006312	0.0	231.83131711983484	757.7794990766197	0.0	271.053704382074	783.3525576594537	0.0	273.5651096456844	776.9406456068325	0.0	223.16203908769268	774.4920411014466	0.0	188.78778071417216	395.864384497263	0.0	219.15732145046502	327.87980468209315	0.0	228.22697009925918	371.4050975975731	0.0	133.18742854120057	417.3260947611421	0.0	111.82997466104864	500.40407097532193	0.0	129.02398213135524	568.549490451967	0.0	223.8965059081949	424.8317489859029	0.0	229.5553758241179	499.4592748312665	0.0	247.11414483606856	560.2149915302998	0.0
149	2.4833333333333334	162.96157428925747	551.103191854163	0.0	132.64763314237882	551.2342197813623	0.0	115.05412687649472	658.215250780565	0.0	87.52558843789427	767.8426930681568	0.0	116.13665692680564	793.6431480406765	0.0	96.6741273790897	796.9939069779434	0.0	76.08051826699169	783.8005095746906	0.0	186.38407508701022	550.0606464200267	0.0	224.0005757672731	646.3681281853881	0.0	231.77952535693768	757.7165182915859	0.0	270.8960538668036	783.5133563594336	0.0	273.5602874952997	776.990384707546	0.0	223.08218586045516	774.4584121759653	0.0	188.89950134383778	395.9014955776706	0.0	219.28294580192855	327.7762301847015	0.0	228.40675825892217	371.39618742806454	0.0	133.5764528674159	417.31472521688875	0.0	111.8814818767216	500.3731997883393	0.0	129.2153321336196	568.7028983356968	0.0	224.0262523427862	424.69613736272	0.0	229.7055585436731	499.41323258576693	0.0	247.23660069010958	560.3310243166452	0.0
150	2.5	163.06105226249207	550.8446780010897	0.0	132.7722589635485	550.8543465739031	0.0	115.19242424565445	658.1388210240725	0.0	87.54725371242166	767.9236481051059	0.0	116.24773829435678	793.7003502107985	0.0	96.64090584144594	797.1038242386533	0.0	76.06977072328236	783.8778512459103	0.0	186.54369153411463	549.6137022039943	0.0	224.1335106684273	646.2386053509948	0.0	231.71371561155092	757.7735328807851	0.0	270.79115024250837	783.7140386626825	0.0	273.5683202748263	777.0778866975714	0.0	222.9576894429659	774.48798268743	0.0	189.0512982780934	395.9828596989322	0.0	219.42951461386318	327.73022260627545	0.0	228.6209090307317	371.50252884559353	0.0	134.0037375724397	417.28320222056027	0.0	111.99382521671328	500.3095201608257	0.0	129.40483479286263	568.7748291950546	0.0	224.16439647997825	424.63105974705155	0.0	229.80519432017593	499.4060367663233	0.0	247.3186795950808	560.4781010362811	0.0
151	2.5166666666666666	163.1563331430157	550.6191050559873	0.0	132.97356136977143	550.4842149018833	0.0	115.31929439047651	658.0066216900115	0.0	87.57891911744343	767.9001533919778	0.0	116.28118687815041	793.741754353123	0.0	96.55637404776299	797.1207373644352	0.0	76.11072081031894	783.9528334489406	0.0	186.80154873312415	549.1921806918942	0.0	224.25042428878592	646.0901106967727	0.0	231.63980318534828	757.9026667213004	0.0	270.7538093489645	783.8895195083543	0.0	273.6011105879945	777.1862504764173	0.0	222.8183010557378	774.5873877230316	0.0	189.25968641872493	396.1058427806157	0.0	219.63845200980705	327.74933117343926	0.0	228.83279703290435	371.75422414751523	0.0	134.37440271516624	417.2330227820972	0.0	112.18317802193711	500.1752422620497	0.0	129.59011214616194	568.7383348990164	0.0	224.2898160103982	424.6703550129803	0.0	229.83872013188713	499.40493500804286	0.0	247.3476198266817	560.5802640621088	0.0
152	2.533333333333333	163.2815462552433	550.4515003225939	0.0	133.21466113368254	550.1245878391352	0.0	115.4382141133179	657.8752039845353	0.0	87.59710434409203	767.8024568026624	0.0	116.23162101265531	793.7595193932433	0.0	96.4636054853801	797.0206893056651	0.0	76.17914305565662	783.9793796780532	0.0	187.12688607182656	548.8285982137292	0.0	224.35255477525	646.0148536142974	0.0	231.58104138136432	758.0674975609222	0.0	270.7336041695635	783.9952049520826	0.0	273.62422819336985	777.2703896767467	0.0	222.72563532995878	774.69849176252	0.0	189.48688345160696	396.2169548074191	0.0	219.8560339249127	327.8977541414482	0.0	229.01523789429007	372.0525348817211	0.0	134.6166996750687	417.1825088739308	0.0	112.44638606576525	500.01665047018713	0.0	129.80991274081052	568.6494235805662	0.0	224.40479171312836	424.788242736094	0.0	229.8337063401768	499.4084263525943	0.0	247.3249019717166	560.6188032963904	0.0
153	2.55	163.41307211090313	550.3162441881619	0.0	133.39010034939594	549.7846944224208	0.0	115.55335470952356	657.7854315646416	0.0	87.61172857297592	767.7089023382345	0.0	116.1208317588649	793.7281732048889	0.0	96.39778101472129	796.8353961020107	0.0	76.28998857170947	783.9556191597002	0.0	187.42510511792986	548.5359738691411	0.0	224.4645647226629	646.0144974513705	0.0	231.55235354193422	758.2246643410157	0.0	270.6762433642098	784.0437566133801	0.0	273.60287835915585	777.3245736916314	0.0	222.71394998856667	774.7703268969976	0.0	189.67353780294889	396.2612961557625	0.0	219.99691029990237	328.17503384998594	0.0	229.17469159315954	372.2618776475259	0.0	134.70528303715454	417.14992692476017	0.0	112.76064531218962	499.8966867518387	0.0	130.09956192024325	568.6006645317466	0.0	224.52769887659096	424.9447763915608	0.0	229.84833182539313	499.4543853532012	0.0	247.27776233460978	560.6195339442127	0.0
154	2.5666666666666664	163.53059788478214	550.2334667432292	0.0	133.45395254466843	549.5302897827623	0.0	115.63856093876939	657.7462291582318	0.0	87.63763152076436	767.6497340863374	0.0	115.94806283271907	793.6366472754942	0.0	96.32821017487903	796.6210591809917	0.0	76.4602682391175	783.9212818333004	0.0	187.6158294333744	548.3563362719278	0.0	224.61270158050354	645.9943487919886	0.0	231.55144917950622	758.3033810653614	0.0	270.589752711445	784.0872478352121	0.0	273.55855699649953	777.4014951497693	0.0	222.75496258553667	774.8253536505474	0.0	189.79889146348955	396.2269904845082	0.0	220.0375816370734	328.42958492177985	0.0	229.3476877201284	372.32476359752485	0.0	134.67209761333118	417.15608581684955	0.0	113.07677731279	499.8285542030998	0.0	130.4385694483598	568.6350371861882	0.0	224.66945669683412	425.1260979546511	0.0	229.917358946685	499.5584207161147	0.0	247.24109331876014	560.6294203845231	0.0
155	2.5833333333333335	163.63422493069746	550.2302120470235	0.0	133.43731791229038	549.4135727613889	0.0	115.6878690925427	657.7567861177378	0.0	87.67079770560926	767.618671663003	0.0	115.7468756579642	793.5024486886423	0.0	96.21866361229785	796.4316290365095	0.0	76.66413778825253	783.9151838133498	0.0	187.6817512437769	548.2996185630377	0.0	224.81502652815612	645.9005234271023	0.0	231.57886952461138	758.2729283975457	0.0	270.5199461107407	784.1608073991471	0.0	273.53797722503407	777.5213062974996	0.0	222.80527943484677	774.8989180900904	0.0	189.89745864024957	396.13324722046747	0.0	220.02076126554968	328.497572991589	0.0	229.55219863496097	372.2639251785504	0.0	134.60077411263552	417.21450439991156	0.0	113.35139851028356	499.8103206053967	0.0	130.790562060964	568.7262818900458	0.0	224.8231869515879	425.32283278575125	0.0	230.02891329666096	499.7028744750763	0.0	247.21999818436976	560.6856529925841	0.0
156	2.6	163.7165844706307	550.2372903481578	0.0	133.39144156941978	549.3688480762382	0.0	115.7614209976585	657.7872617619274	0.0	87.70336941982168	767.629485512673	0.0	115.61147086459391	793.3646117891884	0.0	96.09947392323352	796.3108900743808	0.0	76.83843845367427	783.9527251853297	0.0	187.64317180016937	548.2787764302192	0.0	225.07253810413138	645.7680118072306	0.0	231.64815060024168	758.1889184432347	0.0	270.5007303396101	784.2606625140029	0.0	273.55234126723116	777.6212140555917	0.0	222.856253278966	774.963022654468	0.0	190.02171443589287	396.0102283065414	0.0	219.9905822654715	328.36738888969603	0.0	229.75039449847026	372.1148659211753	0.0	134.5973384189502	417.30741940036745	0.0	113.57286958410839	499.8603619350597	0.0	131.16458472198337	568.8108384932805	0.0	224.97260807778233	425.4950687603822	0.0	230.15702866852644	499.88909643861984	0.0	247.19966389401247	560.7783871103769	0.0
157	2.6166666666666667	163.75775937037048	550.156623215062	0.0	133.36185763694635	549.2740909003181	0.0	115.93684827554941	657.7777448013011	0.0	87.74076655787138	767.6933102048888	0.0	115.5996155747184	793.2685748924398	0.0	96.02951941871721	796.2752325592131	0.0	76.936041816002	784.0302521445097	0.0	187.52793539769087	548.199804804411	0.0	225.35726044046197	645.636651472316	0.0	231.75933851554979	758.1276039046282	0.0	270.55108250430334	784.3779815299928	0.0	273.57195878530536	777.6412390189831	0.0	222.91339494187073	774.980806449464	0.0	190.20836299562572	395.90452905376765	0.0	219.96994966635373	328.155436998555	0.0	229.89077039407127	371.90647123661597	0.0	134.7371547924626	417.38748562574955	0.0	113.74828511002764	499.96543624642237	0.0	131.59133666048794	568.8165608838077	0.0	225.11630881906896	425.60162067951694	0.0	230.2773142820327	500.1322118922185	0.0	247.18301946413044	560.8518459682109	0.0
158	2.6333333333333333	163.76403702607442	549.9900767870112	0.0	133.38830080324178	549.0947417904167	0.0	116.24460390085981	657.698499185069	0.0	87.79437185238338	767.7766899926881	0.0	115.66275559481315	793.2508462470868	0.0	96.01420389677523	796.3064622863889	0.0	76.97407538339885	784.1239621023097	0.0	187.3749393599169	548.0709945977916	0.0	225.62216005525505	645.5134315356787	0.0	231.8744775355546	758.1169407921049	0.0	270.65996770341525	784.5151381361723	0.0	273.54961086907355	777.5907858146458	0.0	222.968211098215	774.9686253259603	0.0	190.4767890710662	395.8643545711685	0.0	219.99588943714323	327.98429071030586	0.0	229.97563632167257	371.688768503925	0.0	135.02324698328354	417.41742313773705	0.0	113.90123716634865	500.053272216236	0.0	132.06117559668797	568.7015209016919	0.0	225.27503610150282	425.6437985859764	0.0	230.3537351585635	500.40377272212777	0.0	247.1983199886755	560.8458030262914	0.0
159	2.65	163.79366369152234	549.7917654771268	0.0	133.5121991418115	548.869468438022	0.0	116.67809473079329	657.5866886409908	0.0	87.86941543566512	767.848712562068	0.0	115.72403731455599	793.3299675269803	0.0	96.01638672062657	796.3918438759829	0.0	77.01171082790526	784.1919834614262	0.0	187.24628119076246	547.9311667354258	0.0	225.8287212147353	645.4176866986735	0.0	231.94675874762578	758.1580152760753	0.0	270.7557097950585	784.6505725509219	0.0	273.43764336425227	777.4831096636407	0.0	223.02355130038896	774.9226841695153	0.0	190.8129474009878	395.8958321405639	0.0	220.1189577229283	327.9324011886403	0.0	230.04966077604226	371.5139511983036	0.0	135.4146309740571	417.4090457076627	0.0	114.07854069912787	500.08387301611754	0.0	132.53894168803933	568.5040386444645	0.0	225.46299926424888	425.6318008522758	0.0	230.36217862261273	500.63546421127023	0.0	247.26804164643735	560.7282080343743	0.0
160	2.6666666666666665	163.92573850627758	549.5508142056409	0.0	133.78168484089517	548.6087108353211	0.0	117.22083840767374	657.5127572928494	0.0	87.96260711735205	767.9295546662391	0.0	115.7689019932736	793.4858139308138	0.0	96.01808711364336	796.5364035374453	0.0	77.08487671928987	784.1924715609679	0.0	187.21463031247717	547.7337640105163	0.0	225.9720892280735	645.3936431098336	0.0	231.96148222445336	758.261615796027	0.0	270.7550398630745	784.7194644707442	0.0	273.22003154208176	777.2857842838984	0.0	223.09940414157472	774.7707740957976	0.0	191.15574495147956	395.95708333484924	0.0	220.3587933171005	328.03278279146707	0.0	230.1433181444763	371.3861716533515	0.0	135.88565001473359	417.39821443140505	0.0	114.31929564255474	500.11160000833144	0.0	133.02485763674906	568.3251676970364	0.0	225.66941065005443	425.5394616328069	0.0	230.33256675309153	500.7825470655581	0.0	247.3808573952587	560.5176664533373	0.0
161	2.683333333333333	164.1977280112837	549.2254424094931	0.0	134.21848489640269	548.3197175475077	0.0	117.82561992479073	657.525582995537	0.0	88.0519340585766	768.028172275948	0.0	115.8046607321796	793.6564212233881	0.0	96.01579819667816	796.7173835601593	0.0	77.18205359749032	784.1106772984944	0.0	187.3204831232826	547.4230014735206	0.0	226.08607176806413	645.4752996006259	0.0	231.92087417245267	758.4185470890797	0.0	270.6596024680253	784.6585998549004	0.0	272.9432143805158	776.9946672755457	0.0	223.1810009632596	774.4879907874563	0.0	191.43867361805866	395.997189003616	0.0	220.69123198568593	328.2440695142773	0.0	230.26902060040695	371.28849246160416	0.0	136.4097245890588	417.3864833033341	0.0	114.62066119933719	500.1976090590085	0.0	133.54223315363242	568.2289769720298	0.0	225.86902974291036	425.3477322222937	0.0	230.32897253565056	500.8518986694717	0.0	247.51633217185406	560.2984618462144	0.0
162	2.7	164.573380513925	548.851075499366	0.0	134.7739923012214	548.0702598870491	0.0	118.40866830421574	657.6294472455885	0.0	88.09630234784711	768.0889733099634	0.0	115.80332281056168	793.7844668375651	0.0	95.99645754545436	796.8744950241348	0.0	77.26066841403814	783.975976852832	0.0	187.5448250113991	547.0708027425179	0.0	226.2113178146427	645.6618617995833	0.0	231.82286613931572	758.5700467676172	0.0	270.5556705791336	784.4591034066339	0.0	272.69916103447747	776.6839415559318	0.0	223.21455085394888	774.1758089389122	0.0	191.6327208755676	395.98731876184786	0.0	221.066841818692	328.45917564158424	0.0	230.4480354326271	371.23283554933937	0.0	136.9119638806968	417.34826101053966	0.0	114.95735095813808	500.3231008017456	0.0	134.09052323734898	568.1909810924803	0.0	226.03173414466528	425.1010100335796	0.0	230.38713903378473	500.8663546348176	0.0	247.681994087928	560.171767903475	0.0
163	2.716666666666667	164.9684462120678	548.5187145762156	0.0	135.33199896109983	547.9066740202971	0.0	118.9034632414673	657.7981098883836	0.0	88.07492052565809	768.0647259003734	0.0	115.74876920491174	793.8495642397442	0.0	95.96560279824621	796.9480535662074	0.0	77.27114589168409	783.8418631636778	0.0	187.8232532983717	546.7984266342512	0.0	226.36079559775914	645.9143007416097	0.0	231.68831617228673	758.6603355677287	0.0	270.49855286655105	784.1656373782475	0.0	272.56073120223266	776.4411345373446	0.0	223.17019297084053	773.958036619548	0.0	191.74510664455394	395.928978602362	0.0	221.44123700238927	328.5844199541607	0.0	230.70637618221127	371.22184551089555	0.0	137.30977549457813	417.27988509355214	0.0	115.31335816076749	500.43856570477607	0.0	134.67311338079477	568.1646898148678	0.0	226.12646946984657	424.8698617409502	0.0	230.49653856282674	500.84569412515015	0.0	247.89793697352758	560.1760762434922	0.0
164	2.7333333333333334	165.30325639629453	548.2795940929036	0.0	135.76363429350027	547.7644166295778	0.0	119.29745667689204	657.9951590634952	0.0	88.01222075854487	767.972805102717	0.0	115.68531206892037	793.8525393079581	0.0	95.96168890403574	796.917671341173	0.0	77.18985134625012	783.7483403849733	0.0	188.08469506291482	546.6208981883328	0.0	226.52199035947416	646.1783090394057	0.0	231.57339057539627	758.6936003977855	0.0	270.4526588165963	783.8409040876762	0.0	272.5335166141384	776.3105057674708	0.0	223.0663025370779	773.8854829941182	0.0	191.8140457551918	395.8454326220925	0.0	221.81480987721088	328.57993958989874	0.0	231.05390364254183	371.2152562573311	0.0	137.5805302226694	417.21063312424326	0.0	115.67008609297528	500.5343373052588	0.0	135.32562952292875	568.1477396482943	0.0	226.13650093670304	424.68867714860454	0.0	230.62983873276454	500.8289270687693	0.0	248.16378770831173	560.2820677000353	0.0
165	2.75	165.55678597321108	548.1425772703008	0.0	136.02561321734515	547.5798555059175	0.0	119.59619097801472	658.1663897765824	0.0	87.94878732306526	767.8353560644335	0.0	115.66887914828266	793.8110828583622	0.0	96.00703019259534	796.8271626761314	0.0	77.03035943206308	783.7140250000291	0.0	188.30734383916842	546.5110227003702	0.0	226.68448148907635	646.4172167723535	0.0	231.52866433808128	758.6955562515656	0.0	270.38289609649314	783.5384710802813	0.0	272.59358128147755	776.2996359124319	0.0	222.93759376689587	773.9704767968908	0.0	191.90659631088457	395.765397793307	0.0	222.224575440816	328.4268028716425	0.0	231.47300741812145	371.181193172271	0.0	137.757327210534	417.18487245412325	0.0	115.99811137958596	500.6159333187294	0.0	136.04811450474912	568.1556431626207	0.0	226.08122741372827	424.5622672171538	0.0	230.759211042364	500.8435958580038	0.0	248.45683669988284	560.4348954842246	0.0
166	2.7666666666666666	165.78006646792497	548.1167945987029	0.0	136.19917436623246	547.4125974806254	0.0	119.78363980474435	658.2429891855224	0.0	87.91348402645778	767.646349486026	0.0	115.6991125346433	793.763968470555	0.0	96.07734238947671	796.7570270976382	0.0	76.82098924263192	783.7413654838806	0.0	188.54359975724375	546.5108688666352	0.0	226.8587903160734	646.601488215621	0.0	231.56090882599133	758.6559198796969	0.0	270.32485656490957	783.2984221347447	0.0	272.75146127575624	776.388145472851	0.0	222.80797106176806	774.2182758770898	0.0	192.08705757259492	395.70563216322387	0.0	222.6818310372572	328.1202515783857	0.0	231.91512864750615	371.1369997047719	0.0	137.8972550394233	417.2412012586669	0.0	116.29404969106918	500.66535711869165	0.0	136.76205113230174	568.181798158854	0.0	226.0116899750558	424.4880398377072	0.0	230.84416719394636	500.85350596172407	0.0	248.74967450505906	560.5713051566225	0.0
167	2.783333333333333	166.03039071458508	548.1774749889966	0.0	136.37753104197654	547.3247803817927	0.0	119.85449235234763	658.2081277248894	0.0	87.92190103579948	767.4329867583189	0.0	115.73684936356175	793.743821606487	0.0	96.1430997344321	796.759081375001	0.0	76.60397278896018	783.8066368258602	0.0	188.84685108316117	546.613131071232	0.0	227.05847817229483	646.680733457638	0.0	231.64235817418734	758.567089147704	0.0	270.3014298061398	783.1655647570651	0.0	273.0130710608832	776.5349061057543	0.0	222.70092470348558	774.5815721782967	0.0	192.3696344550221	395.6624546627488	0.0	223.14951844921595	327.7301740624348	0.0	232.31174713099713	371.1433483879741	0.0	138.06277286844528	417.3934173109572	0.0	116.6025717282552	500.6845999966004	0.0	137.39016725047418	568.2146435002423	0.0	225.98019886127773	424.4390130450132	0.0	230.84562892617987	500.7998818626754	0.0	249.0206825199018	560.6374246408354	0.0
168	2.8	166.3108714887723	548.2276438709151	0.0	136.56540941914574	547.2403250583652	0.0	119.85345709128296	658.129167535534	0.0	87.96934878695241	767.2845761560859	0.0	115.76382433453753	793.7638275488251	0.0	96.19798211992389	796.8373384283422	0.0	76.4423941073631	783.8730668858765	0.0	189.1778947246079	546.6571400313416	0.0	227.27545539010217	646.6033403396325	0.0	231.74170116690854	758.4829713656053	0.0	270.2585330226982	783.1935829481134	0.0	273.2991465201235	776.707323150152	0.0	222.65527903429458	774.9438709212534	0.0	192.70854707166583	395.6299142748973	0.0	223.58472306068302	327.40808453478286	0.0	232.61627005875383	371.27755162424546	0.0	138.2895196163547	417.62219087883113	0.0	116.97846829445584	500.7396388054777	0.0	137.9310225746763	568.270210383018	0.0	226.02294222240042	424.37339590911074	0.0	230.7792265200164	500.67438810408623	0.0	249.25517375124178	560.6340903910923	0.0
169	2.8166666666666664	166.59239972251447	548.1978573093826	0.0	136.73064326367816	547.0709257191746	0.0	119.8261362695438	658.0733631773351	0.0	88.02493959690838	767.2778199229541	0.0	115.78315596065302	793.8401101913341	0.0	96.23138032632237	796.9751928085989	0.0	76.3690336596829	783.9396880815574	0.0	189.43840902035478	546.522317297289	0.0	227.4863004921772	646.3698524606702	0.0	231.83375345122317	758.4637993638847	0.0	270.1586243591445	783.386538657262	0.0	273.4978623356646	776.9104045692744	0.0	222.6880956747627	775.2112392015752	0.0	193.04367373257654	395.62191565870955	0.0	223.96970912529477	327.24803388541403	0.0	232.84100383726107	371.55294762627676	0.0	138.55795792457997	417.87437885306866	0.0	117.43686347629357	500.89730420223555	0.0	138.42798032379292	568.3919600094297	0.0	226.15305729880478	424.2946099618227	0.0	230.7162718043801	500.5095417672296	0.0	249.45290697560068	560.6237946672022	0.0
170	2.8333333333333335	166.85155607298702	548.1415957647386	0.0	136.87104411117377	546.8676502154053	0.0	119.76993569673894	658.0364219778522	0.0	88.05331209287975	767.4008331603135	0.0	115.79467949005212	793.9872238207558	0.0	96.22917949449162	797.1444290329106	0.0	76.3393585209952	784.0453985760543	0.0	189.57896772727574	546.3071610572623	0.0	227.66429506438243	646.0603821656107	0.0	231.89304298315705	758.4905030091622	0.0	270.05400366641254	783.6569318235232	0.0	273.5868607820913	777.1586440943013	0.0	222.76116176924546	775.3845908535505	0.0	193.3461373364808	395.6639338872721	0.0	224.29496610026527	327.1991726452246	0.0	233.02891111074382	371.8673700049202	0.0	138.82212342975419	418.08361428543367	0.0	117.94711842773899	501.1404757273061	0.0	138.90495787884515	568.6085226611738	0.0	226.35045169898592	424.2537528759302	0.0	230.71689910376605	500.3143207595307	0.0	249.62673845248676	560.6521212611898	0.0
171	2.85	167.05883813396198	548.1280147448405	0.0	136.98457410640788	546.7065669702224	0.0	119.68928724276354	657.986092032662	0.0	88.03858175234625	767.5815076371695	0.0	115.81263407525584	794.1703552325399	0.0	96.20876089127995	797.294631193552	0.0	76.29004352123074	784.197360143324	0.0	189.61751218876648	546.1573568231973	0.0	227.78707135787735	645.7837525980899	0.0	231.90229080849304	758.5044939978428	0.0	270.0044688682626	783.8908195392631	0.0	273.6281887039023	777.4054527859604	0.0	222.82724748724013	775.4941163414771	0.0	193.60322001493304	395.7680041773974	0.0	224.53698534867252	327.206924450822	0.0	233.199252708431	372.0920054163456	0.0	139.0607636345396	418.21424595060773	0.0	118.4530029221392	501.3958126296885	0.0	139.35498816215437	568.8820922405873	0.0	226.5688286624988	424.2742580124867	0.0	230.7968861784394	500.0754008587562	0.0	249.77188914523322	560.6774180638458	0.0
172	2.8666666666666667	167.16314592168058	548.1180217806227	0.0	137.03842390845958	546.5589692351095	0.0	119.6390682746771	657.9173558704395	0.0	87.98390696005853	767.7577510799042	0.0	115.85564888048796	794.2926779312526	0.0	96.18907383812859	797.3631428276691	0.0	76.22576927808221	784.333946921913	0.0	189.5900578053467	546.053166550151	0.0	227.84977097477463	645.5829959091811	0.0	231.8765925526746	758.4968635819303	0.0	270.0073016908522	784.0265942731221	0.0	273.6728969307171	777.5488344611061	0.0	222.87616378440003	775.5328349061799	0.0	193.78415108647323	395.91720385196544	0.0	224.6678887360231	327.3227777928199	0.0	233.34301654482195	372.170865056875	0.0	139.2727605760684	418.27019892015966	0.0	118.88814510755151	501.6208621178218	0.0	139.7760972010659	569.1149864421217	0.0	226.76645146813308	424.3345543059833	0.0	230.94669699714902	499.8349829680926	0.0	249.8624926562064	560.6112127068416	0.0
173	2.8833333333333333	167.1387382131983	548.0291645466882	0.0	137.02076444938282	546.3970423339372	0.0	119.65899845076723	657.8273197430021	0.0	87.90853058850321	767.8942124334918	0.0	115.88561065127475	794.2726435142531	0.0	96.13450040733342	797.3214962535925	0.0	76.20020851002175	784.3954892133657	0.0	189.53869546961872	545.9121891346533	0.0	227.8625268517409	645.4209627537841	0.0	231.8598211039405	758.4931566539645	0.0	270.0546815993259	784.0505136717402	0.0	273.73220553755084	777.5260685464941	0.0	222.91514677959145	775.5039368201257	0.0	193.87239220159756	396.06480288261747	0.0	224.6836721306633	327.56218301529776	0.0	233.4554914343557	372.10594789476096	0.0	139.4563446957226	418.2559805921877	0.0	119.20866273351787	501.81308075794357	0.0	140.19272332852717	569.2197809654111	0.0	226.9384121582743	424.42330150270914	0.0	231.13470688745787	499.68375722871144	0.0	249.908921541522	560.4211007894737	0.0
174	2.9	167.03926720520298	547.8405010704912	0.0	136.9889199325034	546.2852690075204	0.0	119.71746932292261	657.6997496981819	0.0	87.8429679415409	767.9749768011244	0.0	115.83609047413839	794.1249103709479	0.0	96.00067477641099	797.2152788787192	0.0	76.24197739233104	784.3962459061789	0.0	189.51361426572166	545.7566519487495	0.0	227.84122795751534	645.2640315631648	0.0	231.88188458026846	758.4896786886442	0.0	270.17027634359977	783.9699417722304	0.0	273.8070057799983	777.3657042525532	0.0	222.94388753989722	775.4525512179389	0.0	193.91705200956056	396.15670658680233	0.0	224.61388424659802	327.80311017952147	0.0	233.5476069722799	371.9302146643946	0.0	139.6298205590069	418.1740964535921	0.0	119.43233404887447	501.96749512481165	0.0	140.63737347028612	569.1758717813243	0.0	227.11580739651453	424.5386436896022	0.0	231.30331585005044	499.64851834858223	0.0	249.96827138478642	560.167648915434	0.0
175	2.9166666666666665	166.957882629509	547.5661877306175	0.0	137.02017164073396	546.2482168234269	0.0	119.76937127133584	657.5542137407875	0.0	87.81127226094542	768.0087437971873	0.0	115.7187251265458	793.9340504292919	0.0	95.81711217875508	797.1239454222732	0.0	76.34112122289056	784.3811638017016	0.0	189.54368543974272	545.6285928290779	0.0	227.8113556978961	645.1264457494789	0.0	231.93560966451264	758.4795806649967	0.0	270.3376600410801	783.8402727110832	0.0	273.88046295676565	777.1559460364823	0.0	222.96937314592145	775.4014722713704	0.0	193.99588266482283	396.1697936536629	0.0	224.50677224521075	327.9548963051777	0.0	233.6178927633089	371.73839174448966	0.0	139.82993669046763	418.0614629683628	0.0	119.62339328117892	502.08241369783303	0.0	141.12221958010633	569.0216746977841	0.0	227.32396814511844	424.6441373158406	0.0	231.41202854742613	499.6754828694723	0.0	250.06480796813665	559.9442327535903	0.0
176	2.933333333333333	166.942995002635	547.1955729431438	0.0	137.13176006080388	546.1659232743384	0.0	119.82650972662952	657.4386857652677	0.0	87.8226028640701	768.0222565101953	0.0	115.61280609009563	793.7719847318549	0.0	95.65817642058204	797.0881454073293	0.0	76.4713450787631	784.3531896119696	0.0	189.60889786942167	545.4600825021556	0.0	227.7965038909436	645.0221712316338	0.0	231.99279066562278	758.5081418711413	0.0	270.4720774320954	783.7661704428062	0.0	273.89662965622136	776.9952418783943	0.0	223.0181833366544	775.3211367028038	0.0	194.13986168273038	396.12400812439057	0.0	224.4247053183121	328.08645573371655	0.0	233.6408419536778	371.66998794311354	0.0	140.0624953681547	417.9637476885351	0.0	119.83064897740684	502.1622111230912	0.0	141.62346109866553	568.8129966155814	0.0	227.5522893281825	424.69640605603047	0.0	231.47707839681198	499.73510172489205	0.0	250.16684781218976	559.8212111715646	0.0
177	2.95	166.98692508983206	546.7519188920651	0.0	137.27967773628606	545.9280693313938	0.0	119.91295406377931	657.3476666559698	0.0	87.86915533896007	768.0361871318634	0.0	115.56127731303216	793.6611702780156	0.0	95.55955533648944	797.1115439783906	0.0	76.58505530195157	784.2982540403264	0.0	189.65873336156443	545.1914969655859	0.0	227.79320342171465	644.9361429353673	0.0	232.02238694934894	758.6080538365137	0.0	270.52085086400564	783.8044818439652	0.0	273.81495054951984	776.9527755794917	0.0	223.09408336418707	775.2008913682009	0.0	194.32820253783788	396.0575661711667	0.0	224.4418856419077	328.26781744161144	0.0	233.61778563502114	371.7970918893907	0.0	140.29179725100886	417.8760726378405	0.0	120.04909737431328	502.17620382237067	0.0	142.08881255485062	568.596004625428	0.0	227.76962621901487	424.7106579377504	0.0	231.54200389865284	499.86182417275825	0.0	250.26934388702847	559.8535294120518	0.0
178	2.966666666666667	167.07183681003357	546.3512963692906	0.0	137.422798744946	545.5959819385282	0.0	119.9959677753718	657.2145526873117	0.0	87.9193320907404	768.0459925785218	0.0	115.55507006922285	793.5905605457074	0.0	95.51661691291939	797.1935126056551	0.0	76.62025608203898	784.2325868726825	0.0	189.66390144909386	544.9121107342389	0.0	227.77464321169495	644.8631107415947	0.0	232.0062353287321	758.7137329295699	0.0	270.5232706836588	783.9145187211248	0.0	273.67870353971347	777.0410395464697	0.0	223.14647395503624	775.0930493319217	0.0	194.52982180336963	396.00188467363546	0.0	224.6013685172809	328.42748496726347	0.0	233.61532849421457	372.06355493845865	0.0	140.48686723952784	417.76077517444185	0.0	120.23875716706887	502.07059363057704	0.0	142.47162557535847	568.3993804290843	0.0	227.95080936908985	424.7461834759616	0.0	231.63649941285115	500.082409805799	0.0	250.42613924488884	560.0772724345399	0.0
179	2.9833333333333334	167.1833056106061	546.1072675384634	0.0	137.5462633055502	545.2916093695019	0.0	120.02114398893424	657.0125242144541	0.0	87.93743110252787	768.0346079726332	0.0	115.59265665899068	793.5448905546007	0.0	95.53695651970588	797.3137255915547	0.0	76.5534014704633	784.1782011223322	0.0	189.64218876939918	544.7200997639527	0.0	227.72492347132714	644.831931920481	0.0	231.96282662702123	758.7384130578978	0.0	270.5274013244395	784.0378030535992	0.0	273.5680065998198	777.2134071498467	0.0	223.12986439929827	775.041690423722	0.0	194.71669363888188	395.97730557000483	0.0	224.8630987487569	328.48705483400136	0.0	233.7092964151595	372.3572311339999	0.0	140.642669187932	417.61416598635327	0.0	120.36684993121568	501.8565740232224	0.0	142.75770881206324	568.2343212549272	0.0	228.08758127012567	424.8274144688718	0.0	231.7757608143283	500.3674074858063	0.0	250.67427242547038	560.4549201954843	0.0
180	3.0	167.2850562272242	546.0323485353363	0.0	137.62351818643018	545.0392210216207	0.0	119.97413662966491	656.8150279586331	0.0	87.91688009328547	768.0030287378486	0.0	115.68078311292825	793.5135551361847	0.0	95.63926084740513	797.4216906608201	0.0	76.42643305839435	784.1362507696534	0.0	189.63007609771418	544.5732064974468	0.0	227.65196849596032	644.8628067544365	0.0	231.9477129116449	758.6957412797367	0.0	270.5194820771013	784.1490870688668	0.0	273.5129216467906	777.3970969747746	0.0	223.06569666898883	775.0169633039839	0.0	194.85872606220894	395.9953063248761	0.0	225.12574959236673	328.4935115247041	0.0	233.90930539214145	372.5991161240401	0.0	140.75729160761836	417.48521055084126	0.0	120.43061100072273	501.6448231200596	0.0	142.95448682525188	568.1040079277992	0.0	228.18146210694965	424.91711578180286	0.0	231.95999746385067	500.6629233452545	0.0	250.9793488322935	560.8626143411697	0.0
181	3.0166666666666666	167.32349703969885	546.0786234070325	0.0	137.62230025317686	544.8314193585869	0.0	119.8679028501463	656.7185758246517	0.0	87.87363415644707	767.9643610646078	0.0	115.78866016989103	793.4903420936668	0.0	95.80709132884381	797.4869821418017	0.0	76.29523291937858	784.1084741199253	0.0	189.64123254578564	544.4200815157344	0.0	227.55956278728362	644.9202584546074	0.0	232.0012710628818	758.6621309701275	0.0	270.46889017721116	784.2190708884028	0.0	273.5049360296855	777.5503659117652	0.0	223.01106202835788	774.9765219285478	0.0	194.9431525710323	396.0540049502362	0.0	225.3139799119523	328.502508019241	0.0	234.16366502671497	372.755620621822	0.0	140.82775591163696	417.42660157801237	0.0	120.45633417883319	501.5458991348535	0.0	143.07811907960982	568.0177687796994	0.0	228.23102349941107	424.9726541991496	0.0	232.15880545634968	500.9091361413997	0.0	251.2694010000155	561.1681903671274	0.0
182	3.033333333333333	167.27628023248076	546.2030618126558	0.0	137.55617163678184	544.7211745786893	0.0	119.70867414954581	656.7520866062388	0.0	87.82284617550519	767.9191083815191	0.0	115.87091241389486	793.4787575871665	0.0	95.99791652825813	797.5316745254662	0.0	76.16777847976238	784.1149963598644	0.0	189.6613630172744	544.3249538402544	0.0	227.44187573097798	644.9455975326423	0.0	232.09995930352574	758.6646078632891	0.0	270.3830402514083	784.2237555720858	0.0	273.5437336556009	777.6881742913472	0.0	222.99704513680842	774.9423128560712	0.0	194.9947907198687	396.13849976882204	0.0	225.41380470909897	328.47856191350104	0.0	234.40816060255236	372.80576257853176	0.0	140.8785017174643	417.4480506427831	0.0	120.47634011254823	501.56513526990756	0.0	143.16682390044525	567.9932561107935	0.0	228.2448974375933	424.9994434458452	0.0	232.32842033009211	501.03428322476964	0.0	251.491576360517	561.3051944895715	0.0
183	3.05	167.168540318277	546.3429544229075	0.0	137.46813375869385	544.7224653458063	0.0	119.51238511298062	656.8892775135452	0.0	87.77827221699698	767.8613782750482	0.0	115.92901538066535	793.4828228552353	0.0	96.19056257358037	797.5730710494856	0.0	76.03326763648589	784.1676611110529	0.0	189.67203487357588	544.3261364951093	0.0	227.31539538568182	644.910560339638	0.0	232.1801296251491	758.6823032694327	0.0	270.28972567786377	784.215188343184	0.0	273.61315558800163	777.8384232977198	0.0	223.01822685283892	774.958199523212	0.0	195.0529017011518	396.23131300018287	0.0	225.43864445021464	328.4322172517251	0.0	234.58976970438408	372.7623848306093	0.0	140.9639955726875	417.53328713432745	0.0	120.50378190727106	501.6402732131666	0.0	143.2729115543008	568.0377285830514	0.0	228.26290655356874	425.03296223256064	0.0	232.4592518308655	501.0167213830433	0.0	251.63126753730052	561.2852990853354	0.0
184	3.0666666666666664	167.03043733233415	546.4024149673444	0.0	137.3647955947301	544.7377724539891	0.0	119.32422541518187	657.0861728237253	0.0	87.75981663625933	767.788686583027	0.0	115.99059482118325	793.5048083381593	0.0	96.36776074696067	797.5779926239229	0.0	75.93464428243546	784.2347283750242	0.0	189.65860609946986	544.3272291110967	0.0	227.22365860284825	644.811927249537	0.0	232.1904508398755	758.7139591457768	0.0	270.2108137814451	784.2974629042478	0.0	273.6525490641159	777.9837890396298	0.0	223.05376873655038	775.0137428697376	0.0	195.13583551773226	396.3177345689464	0.0	225.4280508662913	328.5014125801961	0.0	234.67606092277848	372.7161553378843	0.0	141.1277125567025	417.6676019299698	0.0	120.536586176797	501.7337024807133	0.0	143.41522839164935	568.1334148906637	0.0	228.3357907854766	425.09624447012015	0.0	232.5791944887427	500.95425130265795	0.0	251.70224033840745	561.2028197524724	0.0
185	3.0833333333333335	166.87457133949223	546.3518767048905	0.0	137.21509376539203	544.6986468103166	0.0	119.18459920256657	657.2760068280858	0.0	87.7877324846508	767.6945770599373	0.0	116.04556382420279	793.5651195480191	0.0	96.47989737632956	797.5144668213867	0.0	75.93379600738527	784.2636403189487	0.0	189.60546317203813	544.2690854038617	0.0	227.2028552702079	644.6689646709408	0.0	232.11452190644383	758.7641594338838	0.0	270.1776233752237	784.5028878526934	0.0	273.6182736413519	778.0774014198455	0.0	223.07263277567142	775.0645940717496	0.0	195.24550662186005	396.38961555206004	0.0	225.44936195784285	328.744526658051	0.0	234.6762427474287	372.75214621355485	0.0	141.36893913564467	417.8287176287685	0.0	120.56861674660178	501.83335764246596	0.0	143.56345803317242	568.2523422517012	0.0	228.4823915564955	425.20415208850136	0.0	232.71256489090948	500.9883834430605	0.0	251.7371059712943	561.2126848921112	0.0
186	3.1	166.72368429367867	546.2695816276984	0.0	137.01581969031344	544.6483753695885	0.0	119.0994032207247	657.3760613102045	0.0	87.86211436719688	767.5746281052569	0.0	116.05147796588692	793.6919317391929	0.0	96.4871031223753	797.4020094495379	0.0	76.02206496901786	784.2360755100311	0.0	189.5183922179209	544.2457026534564	0.0	227.25144818230245	644.5439425607897	0.0	231.98233600203338	758.8015960893867	0.0	270.22460671434	784.7563977273487	0.0	273.54770136556635	778.1074087569299	0.0	223.04482449006167	775.1088116148945	0.0	195.3781524570282	396.45483085593185	0.0	225.53214366395326	329.0066918463556	0.0	234.64003222326085	372.84687262649294	0.0	141.6465190491742	417.9853682246487	0.0	120.5901569574722	501.9102048193588	0.0	143.6836729282491	568.3714186933912	0.0	228.68093756549348	425.3655322082175	0.0	232.86840525026423	501.1470466130046	0.0	251.7773453875444	561.4245843782991	0.0
187	3.1166666666666667	166.61476123630186	546.2199130258166	0.0	136.80970264260506	544.604301906954	0.0	119.06388014544133	657.3466890556087	0.0	87.95485946827462	767.4499766829393	0.0	115.99132858319372	793.8710631811638	0.0	96.41503518252091	797.282223423128	0.0	76.14011903870929	784.1783211305387	0.0	189.43449577852004	544.3184223670363	0.0	227.33481525857195	644.5089828030432	0.0	231.86353772735717	758.7960370533713	0.0	270.3417768816779	784.9571364720742	0.0	273.5096311335355	778.097861468439	0.0	222.97548567175969	775.1799962822298	0.0	195.50323688302055	396.52938132512946	0.0	225.631286168434	329.1352244923623	0.0	234.61819251860476	372.9293602351317	0.0	141.9085637282492	418.1158893008633	0.0	120.59796492566265	501.9287494750671	0.0	143.76676253497922	568.4645919355637	0.0	228.8922834185753	425.5397541468765	0.0	233.06141721795024	501.33027881855475	0.0	251.85345449196703	561.8111236498605	0.0
188	3.1333333333333333	166.56404107671665	546.1851547626319	0.0	136.63388164320762	544.5049819337953	0.0	119.07735906172458	657.2318140564665	0.0	88.02401675956938	767.3641490919002	0.0	115.89433230054227	794.0326751587171	0.0	96.3282861231045	797.1720647999036	0.0	76.24758800601822	784.1252245231234	0.0	189.3819344556631	544.3915636139234	0.0	227.41686004767385	644.5796552948765	0.0	231.81706025624533	758.757088309726	0.0	270.4713243494501	785.0327257533727	0.0	273.52827250914555	778.0577595134862	0.0	222.90696970743628	775.2668324508097	0.0	195.5743110857403	396.6202249815108	0.0	225.68821478435785	329.1682623721245	0.0	234.6391008211874	372.9764059818107	0.0	142.11659395239315	418.21846629928626	0.0	120.60392149223992	501.87734299155414	0.0	143.80838239023532	568.5112157746892	0.0	229.07844229253868	425.64845214738625	0.0	233.30965557268013	501.44484475771486	0.0	251.96656914449966	562.2452957545229	0.0
189	3.15	166.5662102261255	546.1524531858354	0.0	136.50716140365387	544.3642268600975	0.0	119.11191431190589	657.1037197249033	0.0	88.0326842294717	767.335919188981	0.0	115.79393139095016	794.1167425581871	0.0	96.26365641935807	797.0751133499391	0.0	76.32117904769585	784.0881940466531	0.0	189.36170787633415	544.395521731866	0.0	227.4830506005685	644.7090179185775	0.0	231.8410076852811	758.6959890466346	0.0	270.56825583668495	784.9497509865624	0.0	273.59612955250174	777.9812660517862	0.0	222.87251027053082	775.3196613707119	0.0	195.59952711058233	396.73552160382104	0.0	225.70292086277516	329.1980885080917	0.0	234.71947513513084	372.9917249754819	0.0	142.24779312361036	418.3027338798379	0.0	120.62393417567587	501.7572284052842	0.0	143.80438739613513	568.5321486119549	0.0	229.21735481577588	425.66643688669484	0.0	233.59562027423067	501.4679180259052	0.0	252.09534631428366	562.6136504809623	0.0
190	3.1666666666666665	166.62056654439604	546.1665023633491	0.0	136.45815541177998	544.3164185844106	0.0	119.1116253993128	656.9889387293753	0.0	87.96830799518989	767.339059052366	0.0	115.69323365097702	794.127121128451	0.0	96.22389006392925	797.0150942237344	0.0	76.33416682199977	784.0617453981092	0.0	189.37507186675842	544.4185712541386	0.0	227.5322821980784	644.8477157724179	0.0	231.88693786470216	758.5972020332532	0.0	270.636467726788	784.7329788676527	0.0	273.7105051495292	777.884432771756	0.0	222.86302950155806	775.3310012979239	0.0	195.66271428855183	396.8887368179604	0.0	225.72916496199488	329.2021863799414	0.0	234.86472774224185	372.95446665980194	0.0	142.3081075028532	418.3782762115011	0.0	120.6581540915878	501.5727159467931	0.0	143.75912202942644	568.5797650727546	0.0	229.3248531017478	425.6431715652432	0.0	233.8617624579599	501.39441688505894	0.0	252.23223255498934	562.875607318402	0.0
191	3.183333333333333	166.72256665121046	546.2557723021883	0.0	136.5058751812831	544.4274214394416	0.0	119.05300882662375	656.885424031598	0.0	87.85654849728928	767.3477753458121	0.0	115.59512043272352	794.0900928994428	0.0	96.22300278499574	797.0103873277433	0.0	76.28527859384435	784.0460299201895	0.0	189.43064302114553	544.5279846081265	0.0	227.55702366356445	644.9792792276296	0.0	231.91675594297678	758.4642866933724	0.0	270.69400796859503	784.4625680208151	0.0	273.84594454631537	777.7983546909675	0.0	222.8546392038683	775.3224786292959	0.0	195.83993239864552	397.06568651884504	0.0	225.81095786191736	329.13456797016454	0.0	235.04971660868407	372.85735669329654	0.0	142.35084857975139	418.45435293746846	0.0	120.68685035120238	501.36341143838456	0.0	143.66582965520348	568.6654094711496	0.0	229.45302870279085	425.6203289771257	0.0	234.0855207701147	501.22864621864073	0.0	252.39746177029494	563.0448316588197	0.0
192	3.2	166.84627738130078	546.3806916615165	0.0	136.6188192821618	544.5891381232499	0.0	118.97027442849041	656.8123261856978	0.0	87.75383727574572	767.3678758473998	0.0	115.52692447305117	794.0103458066482	0.0	96.27777305728475	797.0439569052351	0.0	76.22329606382952	784.039864715406	0.0	189.5234111495219	544.620999822957	0.0	227.54433058648374	645.0923441772151	0.0	231.92312106371494	758.3477329046202	0.0	270.7343844517593	784.2301654101344	0.0	273.9282838609664	777.7387626442209	0.0	222.85065113756485	775.280580801538	0.0	196.1192716524672	397.21703330177945	0.0	225.9512168491369	329.0658792001049	0.0	235.2226787526752	372.7701810230495	0.0	142.44452493588844	418.5332629434738	0.0	120.69101640766867	501.201725666103	0.0	143.50016885950424	568.7395984718556	0.0	229.6443263059345	425.5965009264896	0.0	234.32210778447615	501.0278668329327	0.0	252.59747519178768	563.1606919885872	0.0
193	3.216666666666667	166.964403646083	546.5034558751843	0.0	136.7397378498588	544.7041324502032	0.0	118.89753765020887	656.7962067110446	0.0	87.7063266973635	767.4059560741362	0.0	115.5044764004817	793.9010005846163	0.0	96.35725694418502	797.091752380975	0.0	76.20251162200667	784.0286623147774	0.0	189.6297553363265	544.5936983755381	0.0	227.48934464823688	645.1682478752793	0.0	231.91264225065257	758.2800859952935	0.0	270.7505356949462	784.0829695202981	0.0	273.90163253975356	777.7161232298612	0.0	222.86317858228463	775.1865678987444	0.0	196.42828753151616	397.2961499636166	0.0	226.14417245640777	329.08890458492823	0.0	235.34791168246525	372.76756896311775	0.0	142.61174619327767	418.5968583726991	0.0	120.66573177696228	501.12600892902094	0.0	143.2572744158365	568.7616512584842	0.0	229.89116696943628	425.5862253583154	0.0	234.61615715099018	500.8594565920507	0.0	252.79845367808943	563.250925544372	0.0
194	3.2333333333333334	167.0673168767187	546.6500856836121	0.0	136.84372546262313	544.8409263395222	0.0	118.82467239641754	656.8297195379448	0.0	87.7100531815051	767.4399718424431	0.0	115.5157159567797	793.7973574222415	0.0	96.40923147212781	797.1382260988172	0.0	76.2238752007945	784.0096656465852	0.0	189.72142031877974	544.5089902848495	0.0	227.3995827798691	645.2106236124166	0.0	231.89406124331504	758.2275791124804	0.0	270.77163778265634	784.0038125997469	0.0	273.7972804805581	777.7463677905217	0.0	222.87780913811054	775.0719932090886	0.0	196.7206844536521	397.2841120164441	0.0	226.39854418742706	329.17686356498984	0.0	235.4351022823742	372.81824725475906	0.0	142.824841964211	418.61432409840063	0.0	120.61383890057317	501.10673163743434	0.0	142.98191224858465	568.7442321220093	0.0	230.15332018089606	425.6349360101486	0.0	234.91549850374247	500.7236259906146	0.0	252.9666975012915	563.2933528331363	0.0
195	3.25	167.13949775546223	546.8367289261068	0.0	136.92483193586574	545.0616769256696	0.0	118.74068444727966	656.8696894695186	0.0	87.7279179234146	767.451215470521	0.0	115.55619925144842	793.7214576969599	0.0	96.43471380248674	797.1637616096849	0.0	76.25083397544908	784.0090227335701	0.0	189.77008431283548	544.4498819718904	0.0	227.2962299465451	645.2448089942965	0.0	231.87008563875378	758.1614954702844	0.0	270.8349194176962	783.9546923339457	0.0	273.6794578698434	777.8072092393858	0.0	222.87884272009313	774.9861988609213	0.0	196.9911647965734	397.1947986725021	0.0	226.71122360935198	329.2717394783759	0.0	235.52082238434934	372.8634341058983	0.0	143.04792084534674	418.57597000583263	0.0	120.54688717814713	501.09304439351934	0.0	142.73328072768956	568.7242073511424	0.0	230.40424318455962	425.7452857920119	0.0	235.14129788359025	500.5991906304511	0.0	253.1144666326798	563.2435760499549	0.0
196	3.2666666666666666	167.1547901120892	546.997961005373	0.0	136.95572126262311	545.2533169516081	0.0	118.67523468537088	656.8599222610189	0.0	87.73442332774192	767.4647538764406	0.0	115.64226395835097	793.6697396935772	0.0	96.4802141187563	797.1541936368849	0.0	76.26214366177646	784.0478686670577	0.0	189.7558071797543	544.3717674864283	0.0	227.21338989937846	645.2802351143921	0.0	231.83757832730035	758.1246539155322	0.0	270.9378952644745	783.9231705903708	0.0	273.56588039868046	777.8218598044105	0.0	222.88622072011555	774.937696793474	0.0	197.22399840354248	397.0809573694577	0.0	227.04153000005616	329.41014249962853	0.0	235.64311936006104	372.9390501745404	0.0	143.2552287642868	418.5076562841321	0.0	120.48701662149179	501.06879811426506	0.0	142.5210945298631	568.7289626098747	0.0	230.65000984048143	425.86183582013194	0.0	235.29627499862863	500.5344368805203	0.0	253.29350737405375	563.0996232049961	0.0
197	3.283333333333333	167.12757694426213	547.0703401713131	0.0	136.93142405768353	545.3047293949868	0.0	118.65047871527341	656.751654947372	0.0	87.72780478966541	767.5118679698948	0.0	115.77286714727526	793.6309985695988	0.0	96.56407863589926	797.1192648848717	0.0	76.25952883492185	784.1109162253516	0.0	189.69477205628883	544.2588010907838	0.0	227.17634646069945	645.3083118750582	0.0	231.80426511059704	758.172934849096	0.0	271.0480393432904	783.901884820979	0.0	273.45199662398545	777.7355304334693	0.0	222.9318995348025	774.9093481619514	0.0	197.39962788487955	397.0115360945066	0.0	227.33473055047259	329.62268943035974	0.0	235.83648884782198	373.09420265814583	0.0	143.43485005448824	418.4300591133017	0.0	120.44878651993277	501.04516195945445	0.0	142.30961009975505	568.7809432749428	0.0	230.91262026312432	425.956204533816	0.0	235.437581171869	500.6056757851906	0.0	253.5492852674667	562.9302193948382	0.0
198	3.3	167.12256156084146	547.0763165759201	0.0	136.91856518354237	545.2837526188367	0.0	118.63524510755894	656.5415446435004	0.0	87.71374102214898	767.5823568516114	0.0	115.90398656853087	793.6058886814941	0.0	96.65780270798204	797.0900996415107	0.0	76.24144207214691	784.1744569403168	0.0	189.63956384888826	544.2445714803991	0.0	227.17813785785768	645.3360029473519	0.0	231.79343032436572	758.2957792323275	0.0	271.13249102624417	783.8646799379388	0.0	273.3629503158017	777.5785579856899	0.0	223.01662668977426	774.9114405571677	0.0	197.53926373551428	397.0143834685969	0.0	227.55936301830593	329.81498745835245	0.0	236.1098281491789	373.26763357755885	0.0	143.5957268328072	418.3296249341988	0.0	120.42629040027713	501.0244575050099	0.0	142.06880593386532	568.9070570783682	0.0	231.19892871226924	426.05483533060954	0.0	235.5989446306027	500.8026403076876	0.0	253.8850529095342	562.8393049254396	0.0
199	3.3166666666666664	167.18523243147305	547.0608120701296	0.0	136.99530866890944	545.2780353568423	0.0	118.59634152094355	656.3001349868587	0.0	87.6972805004468	767.6657667960473	0.0	115.99039331762343	793.6208820626113	0.0	96.7415373446933	797.0966019575212	0.0	76.1990565009352	784.2556078133676	0.0	189.64054899767652	544.4138226929156	0.0	227.19197363927657	645.3766747278927	0.0	231.81930678254884	758.4286942064027	0.0	271.1618272994988	783.8159513449136	0.0	273.32802682286047	777.4283685085718	0.0	223.10863931421778	774.9676720350005	0.0	197.68670432715138	397.06057961846557	0.0	227.7099455151387	329.88087502557306	0.0	236.412602798576	373.3600182085893	0.0	143.75414418973008	418.20418259811373	0.0	120.41194240731748	501.005236529099	0.0	141.7859469085075	569.1039546149931	0.0	231.48849660519585	426.1677752357417	0.0	235.79709486113663	501.03398511502974	0.0	254.27510688545615	562.8859938123925	0.0
200	3.3333333333333335	167.3008629056216	547.0333328133894	0.0	137.1685311918961	545.2443963512977	0.0	118.55127866325711	656.1296950364562	0.0	87.69211283750668	767.7886141125948	0.0	116.03206571306572	793.7111684214292	0.0	96.83721540119237	797.1474025805434	0.0	76.13622576232106	784.4033225106449	0.0	189.72776212019042	544.6525107267022	0.0	227.20098020207854	645.4115732205947	0.0	231.86392031818738	758.5087429812623	0.0	271.1227883602403	783.8168070543006	0.0	273.33822520806456	777.3436155255328	0.0	223.16250456765925	775.0601285552159	0.0	197.8660410294642	397.1135255206535	0.0	227.81007975709122	329.8400214478557	0.0	236.6748071572241	373.37260663544976	0.0	143.90045018911718	418.0954071247223	0.0	120.41515374470966	501.00090816800116	0.0	141.45857296472465	569.2957430569156	0.0	231.75682091726023	426.26357060708204	0.0	236.05493691291073	501.2425194162637	0.0	254.69422245968929	563.0467453275157	0.0
201	3.35	167.42776705886996	547.0180345162473	0.0	137.38629082029684	545.1581554178073	0.0	118.5249767781273	656.083737406952	0.0	87.72045485170275	767.9638352343875	0.0	116.0574080033932	793.8805117548499	0.0	96.96192466093906	797.2263535954518	0.0	76.06806267135664	784.6389648263399	0.0	189.91608977696865	544.8362556515782	0.0	227.21192188611835	645.4084548097854	0.0	231.89105944562579	758.4971134506129	0.0	271.03820256053194	783.898977322749	0.0	273.3787969107595	777.3412627169001	0.0	223.13486200484385	775.1396003030965	0.0	198.08291537620062	397.1650997428218	0.0	227.91377687956782	329.76122503100197	0.0	236.89120226791383	373.38598038664344	0.0	143.98619278958256	418.0318795411416	0.0	120.4489435781581	501.01466073526757	0.0	141.11026699375316	569.3828797215463	0.0	231.99131425664862	426.32692342517146	0.0	236.36746156607884	501.4372913913404	0.0	255.11261222223234	563.2656154746669	0.0
202	3.3666666666666667	167.54098716148695	547.0654744964638	0.0	137.60696443224032	545.1250069562379	0.0	118.5057993340277	656.1299316762695	0.0	87.79673575957162	768.1493572887997	0.0	116.09340422882102	794.091371942587	0.0	97.08598184770062	797.3102424514532	0.0	76.00430962824002	784.9252277643153	0.0	190.1912390447388	544.99724431606	0.0	227.24478484848075	645.3730976706221	0.0	231.88499748932773	758.3886752056352	0.0	270.94261331998666	783.9944475785692	0.0	273.46496019817204	777.4006772233796	0.0	223.01381124569997	775.1814430437985	0.0	198.3349594995385	397.23427433497255	0.0	228.05912772547387	329.65731477625394	0.0	237.1083580121391	373.4557781893284	0.0	143.97213883604388	417.9929217615878	0.0	120.51239933837589	501.0192917228102	0.0	140.78816706586437	569.3417137147267	0.0	232.17261375365374	426.37889180819053	0.0	236.68746576769414	501.6198884222109	0.0	255.48933901775968	563.5175741444614	0.0
203	3.3833333333333333	167.64075921836286	547.1622163094593	0.0	137.82448956651908	545.2023661572043	0.0	118.4913671868205	656.1891074643514	0.0	87.91405278978286	768.2830277268935	0.0	116.16801474628812	794.286086467637	0.0	97.1813606862471	797.3876448750207	0.0	75.95962083028228	785.1814935248947	0.0	190.4945041433986	545.1671610563867	0.0	227.30935923512433	645.3347127079983	0.0	231.85661103508204	758.234288215873	0.0	270.8348057985727	784.0285277754793	0.0	273.5881040689705	777.4907126461928	0.0	222.8391494890187	775.199321289135	0.0	198.58565824060892	397.3499004070685	0.0	228.24265966614854	329.56183038952815	0.0	237.34108927135654	373.61263287307287	0.0	143.8893880582589	417.9681953253486	0.0	120.59164591142013	501.00533582987026	0.0	140.5206778143143	569.2366436049424	0.0	232.27558922316837	426.42436144823847	0.0	236.97699969137233	501.7667573465452	0.0	255.7941506040404	563.7861765188343	0.0
204	3.4	167.728823246254	547.2056831136935	0.0	138.03139768688192	545.271079520383	0.0	118.52349089270446	656.211835109695	0.0	88.0374699266819	768.3319864031614	0.0	116.3025557415849	794.4128265875765	0.0	97.26562894122618	797.453811038988	0.0	75.961356850825	785.3220701221368	0.0	190.73962017759715	545.2326117749561	0.0	227.39889679872275	645.292417991504	0.0	231.80907366314665	758.1266447128148	0.0	270.679869572996	784.0368112281092	0.0	273.6686882641181	777.5993498512504	0.0	222.67543342248305	775.2122087030077	0.0	198.7614382617364	397.5150616673009	0.0	228.45714345568848	329.5873854271771	0.0	237.55759459959708	373.8900518177855	0.0	143.820462153438	417.9935380525108	0.0	120.66452473658669	501.01150208436286	0.0	140.29100890593287	569.1538586956899	0.0	232.31531129697314	426.43175011806824	0.0	237.24402293408073	501.8774783857737	0.0	256.0200551039149	564.007320282739	0.0
205	3.4166666666666665	167.79016566590983	547.1402039173119	0.0	138.18985462735586	545.2230515049906	0.0	118.62161911631077	656.2126584538659	0.0	88.11136285348984	768.297449582127	0.0	116.47677315855663	794.4556479767472	0.0	97.35512568892054	797.5136103603674	0.0	76.01510150783758	785.3145528584068	0.0	190.8606320380954	545.1059188781928	0.0	227.50746865446223	645.2350199302194	0.0	231.7289986365801	758.1180741297898	0.0	270.4693704332307	784.0858145055423	0.0	273.6307746622549	777.724114145271	0.0	222.56241785299224	775.2269032241923	0.0	198.83456882988378	397.68343190640707	0.0	228.7039996492028	329.77272297383877	0.0	237.73019030212964	374.24067526777503	0.0	143.82820356505135	418.0950951123154	0.0	120.70809058703436	501.0607911665056	0.0	140.06618792497207	569.1411654988831	0.0	232.36146986374317	426.3964813115835	0.0	237.51501920210362	501.96701781959337	0.0	256.1793751863888	564.1116472381987	0.0
206	3.433333333333333	167.8083309549496	547.0484218866966	0.0	138.2611066018839	545.1300746253288	0.0	118.7274654138486	656.2392286370643	0.0	88.09154780604297	768.1952633103053	0.0	116.63530505131367	794.4438751763984	0.0	97.43179607193788	797.5885025644843	0.0	76.085894792832	785.2059848505379	0.0	190.85629655339653	544.8927262883365	0.0	227.6417392270346	645.1874194309839	0.0	231.61406429981847	758.1593389202351	0.0	270.2499144932926	784.1501320557243	0.0	273.49450611181413	777.8569003148035	0.0	222.49608559600193	775.2516315557637	0.0	198.87367722789153	397.7836450338527	0.0	228.96739836414343	329.98374501943925	0.0	237.8583890922274	374.5019692550696	0.0	143.92334937602635	418.2364764158714	0.0	120.70824954574402	501.1130140317807	0.0	139.84413718652047	569.184225460596	0.0	232.4806181305098	426.3734341992559	0.0	237.79547783892838	502.0178229370866	0.0	256.30236707838066	564.0938822298571	0.0
207	3.4499999999999997	167.78782365178498	547.0245407972358	0.0	138.2410780989064	545.0984777552044	0.0	118.77243243489951	656.3281347456307	0.0	87.97931922577399	768.0565177116074	0.0	116.74306200721617	794.4125669939417	0.0	97.4816175877221	797.6875824615965	0.0	76.13246245178708	785.0678775640805	0.0	190.77811540894646	544.7418431748688	0.0	227.80819659990394	645.1709076793255	0.0	231.49008788188598	758.1600376444485	0.0	270.07333185956986	784.1705476223265	0.0	273.3429748661674	777.982077811321	0.0	222.446319181836	775.2818491479806	0.0	198.96251558172145	397.7708946503407	0.0	229.2107687115671	330.08544289130134	0.0	237.95131719988711	374.54431741506363	0.0	144.08481085313636	418.3453371091119	0.0	120.66532176612725	501.1029282393689	0.0	139.6563263179169	569.2350784792026	0.0	232.6777922238919	426.3976120671223	0.0	238.06751996315322	501.99123730242184	0.0	256.43407382744977	563.9757691772792	0.0
208	3.466666666666667	167.74995905620293	547.0436744286507	0.0	138.14794900350986	545.1074325801269	0.0	118.75572196064373	656.4794266152245	0.0	87.81976825364966	767.923034640495	0.0	116.79160549276907	794.3565690696122	0.0	97.50746060197349	797.7894203516599	0.0	76.13686971907464	784.9359845793972	0.0	190.67563728653226	544.6539266917092	0.0	227.98730555356454	645.1495055192642	0.0	231.40221512209808	758.0882594569741	0.0	269.96667831872537	784.1418576459095	0.0	273.23658875126085	778.0624662078728	0.0	222.38171618963233	775.2767214738677	0.0	199.11651795082426	397.6550430909905	0.0	229.39422748660684	330.0946546591853	0.0	238.02774707277172	374.3801678792441	0.0	144.29516914331478	418.37358691854325	0.0	120.59805909511141	500.9818513745846	0.0	139.51968774240436	569.2500043965372	0.0	232.91115227661595	426.43076630464407	0.0	238.3150949478096	501.89578242626783	0.0	256.62505207174627	563.7615082889989	0.0
209	3.4833333333333334	167.7206122165445	547.0274756119433	0.0	138.01638212684577	545.1080530681966	0.0	118.71308309078852	656.6521739005372	0.0	87.66851852016002	767.8115705983179	0.0	116.75848440279857	794.2544404396472	0.0	97.4960989024774	797.8735854039287	0.0	76.10553004565337	784.824232223829	0.0	190.57405762607857	544.5683383300069	0.0	228.1260349599508	645.0704114307375	0.0	231.38645155731376	757.9724285810266	0.0	269.96383415763165	784.0740472699179	0.0	273.20309201865825	778.0512572422188	0.0	222.28927498384633	775.205217690112	0.0	199.3063921908976	397.4862276350628	0.0	229.5021851167293	330.0712475102922	0.0	238.12592332104634	374.0954545745207	0.0	144.54941035307908	418.3148646537302	0.0	120.5392606237665	500.7252867997349	0.0	139.4114672006286	569.1986466937952	0.0	233.15639700794947	426.4323195859972	0.0	238.5377095451679	501.80764803151436	0.0	256.90219524719475	563.4900194908322	0.0
210	3.5	167.7332848832142	546.9452186451109	0.0	137.91200725077073	545.1385937374662	0.0	118.66249139743164	656.7930859802191	0.0	87.56266481637279	767.7108834231385	0.0	116.62418965577807	794.1295359489186	0.0	97.42988947718032	797.939364688854	0.0	76.05745591165226	784.7600485093533	0.0	190.49874406613026	544.5121512728873	0.0	228.16752813690815	644.934955358337	0.0	231.4455855013395	757.8506969423506	0.0	270.1016626584331	783.9467059334715	0.0	273.26714221940165	777.9397641987662	0.0	222.17797651524452	775.0902005831649	0.0	199.50881341365448	397.32471194633297	0.0	229.55347263603582	329.98800228452836	0.0	238.2686535962435	373.76732178995377	0.0	144.8382519176686	418.1946515724103	0.0	120.52278255253304	500.3396036294812	0.0	139.31316940078096	569.0779407516364	0.0	233.42635171722165	426.4178170425413	0.0	238.73638040861576	501.78529608051593	0.0	257.23885042138295	563.2641303967602	0.0
211	3.5166666666666666	167.81771986874085	546.8025653166547	0.0	137.89794989458596	545.2249290940507	0.0	118.61869587052158	656.8781251875987	0.0	87.51523486322868	767.6281084444898	0.0	116.43509819807636	794.0335546906222	0.0	97.34221981291797	797.9748069061171	0.0	76.0126067580365	784.7673479558789	0.0	190.48168881498748	544.5168048167064	0.0	228.09230412136614	644.7833304226742	0.0	231.55021475582657	757.7647384599624	0.0	270.35986437013923	783.7672061110169	0.0	273.42894751811895	777.7719085990809	0.0	222.059680665313	774.9669345211322	0.0	199.69870699693803	397.22028398444246	0.0	229.5782867325563	329.82119822276786	0.0	238.42772142379638	373.4739564596545	0.0	145.1489591554962	418.06892192767816	0.0	120.56827877961331	499.88139464474176	0.0	139.24394429768435	568.909277114174	0.0	233.72511726989956	426.4174634443623	0.0	238.90544068186838	501.8069534130252	0.0	257.57453766481416	563.1657319502405	0.0
212	3.533333333333333	167.96514254056734	546.603795179794	0.0	137.98406953020896	545.2756990659473	0.0	118.61355070455379	656.9077649017316	0.0	87.52806414431234	767.600434861407	0.0	116.28785117619236	793.9829335056315	0.0	97.30513095841455	797.9445599196644	0.0	75.99286016775751	784.825890412504	0.0	190.52778840213514	544.4958661865256	0.0	227.93396590204227	644.622623621518	0.0	231.653286208704	757.7554336966484	0.0	270.649013203356	783.6183046181719	0.0	273.6320287528912	777.6082281650324	0.0	221.94137710755462	774.8491464511952	0.0	199.8358869508994	397.2042960680679	0.0	229.6123860394586	329.6546902419386	0.0	238.55601970450064	373.2951174185174	0.0	145.47771348170625	417.9942322116352	0.0	120.66441213778785	499.4481327738473	0.0	139.2283108150438	568.7069508878315	0.0	234.0223140762315	426.44641987922444	0.0	239.05157768135894	501.8312260879167	0.0	257.86357144507036	563.1751458369545	0.0
213	3.55	168.11926048025543	546.3685781253664	0.0	138.1276027815337	545.1960774586856	0.0	118.65741506860955	656.8612609871018	0.0	87.5979618628288	767.6414813104001	0.0	116.22798443690165	793.9614004580251	0.0	97.33476894531101	797.8428892309894	0.0	76.01080299748544	784.8795527005884	0.0	190.60338573194525	544.3547107401704	0.0	227.7592962060655	644.4249493327519	0.0	231.71472605784382	757.8121208033364	0.0	270.8948421907924	783.5553138499918	0.0	273.81775929223727	777.4826920101863	0.0	221.83904450408912	774.7596374429377	0.0	199.91322649218117	397.28042412519375	0.0	229.69311236497697	329.5721859735608	0.0	238.6437867107009	373.23662096447947	0.0	145.812957938703	417.98340297663356	0.0	120.76979775999484	499.1167469118505	0.0	139.27526636249786	568.4771924841682	0.0	234.2753614203337	426.53208290793003	0.0	239.1937063900855	501.8412298100505	0.0	258.0905528329039	563.2031719500324	0.0
214	3.5666666666666664	168.2141677947996	546.14272410955	0.0	138.26996746693976	545.0227714162193	0.0	118.71163287147743	656.6981047629206	0.0	87.70738677068921	767.7007098640365	0.0	116.22492906097328	793.9564905405833	0.0	97.36959775157243	797.7320699029929	0.0	76.04811748987142	784.8918309847735	0.0	190.67464561635796	544.1365553445751	0.0	227.6288337509567	644.1944429861306	0.0	231.7258793481101	757.8640409357781	0.0	271.10492961394436	783.5251495057109	0.0	273.9941356048529	777.3988699981545	0.0	221.7744188980148	774.748310157659	0.0	199.99075283129423	397.4132553014409	0.0	229.82230013507484	329.5522630362705	0.0	238.71450922411927	373.2125342437623	0.0	146.12045079348923	418.0175012322654	0.0	120.85492798633153	498.90674538943136	0.0	139.39895689857676	568.2451702806013	0.0	234.454062729596	426.7029316508779	0.0	239.33643156644888	501.8022044605232	0.0	258.2487015025065	563.1767386690226	0.0
215	3.5833333333333335	168.2198100576403	545.9611193176066	0.0	138.372030647134	544.8424124907027	0.0	118.73877704911018	656.428757449092	0.0	87.82487603050032	767.7078426820033	0.0	116.25798678627552	793.9601973521147	0.0	97.372360444756	797.6846579417225	0.0	76.07345217474837	784.8728187708743	0.0	190.7334318569598	543.9369525866371	0.0	227.57036210642514	643.9883288786925	0.0	231.70707534132515	757.862759219546	0.0	271.30460253303556	783.500229660071	0.0	274.1801904819958	777.3760864731867	0.0	221.7589501030851	774.849807520609	0.0	200.12681456266287	397.545792532355	0.0	229.9617168894713	329.5612647384835	0.0	238.77808340838357	373.1715798493982	0.0	146.37090022814135	418.0789566153692	0.0	120.93855823045867	498.8123980090768	0.0	139.61638071656358	568.0683160359406	0.0	234.55289400255256	426.9311932696335	0.0	239.4802127897822	501.6672803816635	0.0	258.33840410193574	563.0807163651236	0.0
216	3.6	168.14987562232378	545.8371560292944	0.0	138.42049215405407	544.6718332233842	0.0	118.7499960394158	656.1478437186241	0.0	87.91715373103328	767.6409933325784	0.0	116.34421668384867	793.9600805298059	0.0	97.37685853919444	797.7021095290768	0.0	76.08207759283249	784.8454223832414	0.0	190.7792111600247	543.7621484961121	0.0	227.57745236479468	643.8617192138837	0.0	231.6919524575363	757.8308478745496	0.0	271.4522175068503	783.5713995231772	0.0	274.3240643989418	777.4582711532981	0.0	221.7895931223712	775.0341711227209	0.0	200.2933306858656	397.64496184069475	0.0	230.08484148654023	329.63201555275515	0.0	238.82807469070215	373.18442582652	0.0	146.55613728200976	418.15324070657886	0.0	121.05810519939128	498.83893265558544	0.0	139.91882242586382	568.0138998623253	0.0	234.59380515809363	427.1328684378511	0.0	239.64019099730362	501.44667254673743	0.0	258.38970865722445	562.9438283577283	0.0
217	3.6166666666666667	168.04337841413997	545.7849697038254	0.0	138.41617514865257	544.5135008068303	0.0	118.76954374239986	655.9526441383794	0.0	87.95486344170234	767.5219812602077	0.0	116.46693794152132	793.9416489083712	0.0	97.4031449324932	797.72898330867	0.0	76.08891164155916	784.8093333476475	0.0	190.81188884853668	543.5895216337844	0.0	227.62264544910178	643.8174609087177	0.0	231.71820261625825	757.7978223178351	0.0	271.4992509407036	783.7741267077379	0.0	274.3690410002513	777.6369294277188	0.0	221.84882283978556	775.226103527952	0.0	200.41443406985414	397.7181897990168	0.0	230.2078660901725	329.7710817938804	0.0	238.8757666605205	373.33042746787856	0.0	146.6734281001258	418.2271500075	0.0	121.2246061097432	498.98437335887587	0.0	140.27215330349108	568.0990315624281	0.0	234.61637627397445	427.24803473693845	0.0	239.81741565268388	501.1992598427103	0.0	258.4406319199861	562.8139714751692	0.0
218	3.6333333333333333	167.94914094782595	545.7949890677419	0.0	138.3794889320557	544.4202405995586	0.0	118.78499923263831	655.8495468876849	0.0	87.92282855340166	767.3810353951623	0.0	116.55972032771656	793.8964081194367	0.0	97.41083866754263	797.7303729904553	0.0	76.08591480758392	784.7562428988616	0.0	190.84555489946467	543.4661768690733	0.0	227.68238920937262	643.8208397223746	0.0	231.80909918855156	757.7437165786116	0.0	271.4857999485273	783.9663588695261	0.0	274.35445431019264	777.8202584165301	0.0	221.9164930450173	775.3713442192587	0.0	200.47411821405174	397.7859180044614	0.0	230.36262375133154	329.90490062079914	0.0	238.94849191299	373.5643293738185	0.0	146.7332296764322	418.2954938478454	0.0	121.42185901522228	499.2041135340751	0.0	140.64544706932878	568.2666866383842	0.0	234.653320743603	427.2902853266123	0.0	239.97893721772317	500.96052566544165	0.0	258.4948135318458	562.7414286850217	0.0
219	3.65	167.9056600634887	545.794916953051	0.0	138.34214869504754	544.3888147892798	0.0	118.77257399319524	655.7833633000607	0.0	87.83800975028025	767.263160445415	0.0	116.59982443805059	793.8363408254884	0.0	97.37799190596934	797.7123146809014	0.0	76.04407177932762	784.6956115917479	0.0	190.8938077369988	543.4208734572634	0.0	227.75413245868032	643.8307704975939	0.0	231.9539500534735	757.6513780703405	0.0	271.4775359642673	784.0192739406107	0.0	274.3503340585799	777.9311721949313	0.0	221.98963122317687	775.4655345937012	0.0	200.52610484646652	397.85806109119227	0.0	230.56058827041508	329.9960715267803	0.0	239.05909976656753	373.78915956783374	0.0	146.77097233078865	418.36760722771385	0.0	121.61910362638955	499.4467239864329	0.0	141.02129286198124	568.4494363967642	0.0	234.7080164149091	427.3029659414063	0.0	240.08856439674958	500.7589667373599	0.0	258.5395912690326	562.7474709941359	0.0
220	3.6666666666666665	167.9187477827026	545.6935535767343	0.0	138.3092701305374	544.2888556551916	0.0	118.7459058842698	655.725850752171	0.0	87.74940676383336	767.2236593493396	0.0	116.64693319469748	793.7872268171411	0.0	97.34952720594426	797.6856689139618	0.0	75.9600683681317	784.6459668439761	0.0	190.94453136819993	543.379151044642	0.0	227.84180783355768	643.8041522344495	0.0	232.11451289166905	757.5542235279468	0.0	271.4646186879398	783.9884153796066	0.0	274.352111346661	777.9862115549764	0.0	222.0746091335388	775.5241310977998	0.0	200.61496692969754	397.9406832838645	0.0	230.78808416997234	330.10446628433647	0.0	239.20343976099025	373.9888462606214	0.0	146.8128350026654	418.4605945181768	0.0	121.7852354060971	499.72242909367947	0.0	141.38301585960036	568.6189888991477	0.0	234.76517113102352	427.308850566364	0.0	240.13978409800598	500.67524843705365	0.0	258.5870309461591	562.8023084792403	0.0
221	3.683333333333333	167.96362662437983	545.4730240525753	0.0	138.2636319020406	544.0289503206748	0.0	118.7337433004152	655.6946143145723	0.0	87.71048341863873	767.2691438894722	0.0	116.74134024625565	793.7680517005507	0.0	97.36105184793793	797.6595225185935	0.0	75.86110329991892	784.6213392195289	0.0	190.97258523743562	543.2774460504021	0.0	227.93638667137014	643.7235794266543	0.0	232.2485926146809	757.4823383660059	0.0	271.42088600449966	783.959896113868	0.0	274.3416791092369	778.0269490268959	0.0	222.16110419928808	775.5488071883635	0.0	200.74657193109928	398.0501319080869	0.0	231.01681732489183	330.2556087243907	0.0	239.37875602675766	374.1899271371374	0.0	146.840888256461	418.5686880250743	0.0	121.91769460675118	500.0606496497676	0.0	141.7152381070672	568.7518115326351	0.0	234.81546121639857	427.3159976376258	0.0	240.1428514916055	500.77813112178546	0.0	258.6575268133604	562.8639206973833	0.0
222	3.6999999999999997	168.01943595692103	545.1985301300003	0.0	138.2131031875462	543.6997390931778	0.0	118.72933140602545	655.7196834285637	0.0	87.74063421588852	767.3388185292696	0.0	116.83539329983726	793.7975923193654	0.0	97.38762812997389	797.6504948208135	0.0	75.76658037326273	784.6248929754867	0.0	190.9699301917377	543.159862206397	0.0	228.0274338950921	643.640470460428	0.0	232.33397075035103	757.4229561955484	0.0	271.3844644451615	783.8864333832295	0.0	274.3689886499144	778.0336477392411	0.0	222.2256682680598	775.5375116305793	0.0	200.90746994484496	398.19395446175054	0.0	231.21262994572297	330.36181757422094	0.0	239.57001544432765	374.3681921313859	0.0	146.8227038448291	418.6573618319351	0.0	122.0451698281999	500.4106167229055	0.0	142.0173363370261	568.8071952002878	0.0	234.85138319043622	427.32435446133934	0.0	240.09534936485105	501.02378020388034	0.0	258.74481681952255	562.9340525043674	0.0
223	3.716666666666667	168.08522168642406	544.938763608079	0.0	138.1881789609186	543.4345524682013	0.0	118.7060709321841	655.8199859220232	0.0	87.81301442815122	767.37582813503	0.0	116.87592425873962	793.8917037102996	0.0	97.41329822506027	797.6604082356063	0.0	75.68397801304813	784.6422976379878	0.0	190.95224971134712	543.0635248971157	0.0	228.12188040306913	643.6385649273648	0.0	232.37632292425303	757.3708855615415	0.0	271.38238648407525	783.7344665944164	0.0	274.46646623077214	777.982071409135	0.0	222.25964314445892	775.510899635405	0.0	201.05755793729352	398.3380588474234	0.0	231.34510870159008	330.3644020567003	0.0	239.7255922570398	374.48006567682364	0.0	146.76965816381136	418.7076211464227	0.0	122.19384605403424	500.6692742295911	0.0	142.29436646969683	568.7605898394856	0.0	234.85356319356862	427.3099635598723	0.0	240.00299602754188	501.3068627851809	0.0	258.83707384694355	563.0425630188012	0.0
224	3.7333333333333334	168.14584286752074	544.7259823654575	0.0	138.19294114302107	543.2467348585785	0.0	118.66275240984234	655.9850372862377	0.0	87.88175125036331	767.3753371949053	0.0	116.88594197271124	794.0340805804254	0.0	97.47535822639225	797.6629487071717	0.0	75.62782005139572	784.6499417422345	0.0	190.94053138154928	542.9243604069471	0.0	228.22836161447617	643.7364498708946	0.0	232.3872186452497	757.3623931832493	0.0	271.3596590622207	783.6245431035932	0.0	274.56139989179314	777.9285264379122	0.0	222.2694768638691	775.5036221763353	0.0	201.1343609181514	398.424402559408	0.0	231.3988397100901	330.33004760674527	0.0	239.78810106765576	374.51830965566387	0.0	146.7335166664944	418.7400604551558	0.0	122.36646934107429	500.78568499236184	0.0	142.53792343230987	568.6192908138107	0.0	234.806524782633	427.2472393542569	0.0	239.91477540892961	501.5650213499238	0.0	258.94731310415807	563.1846109029275	0.0
225	3.75	168.16498819517335	544.5966524272193	0.0	138.20313225428083	543.1214389221833	0.0	118.60490229333945	656.1664737754492	0.0	87.905287971881	767.350849830827	0.0	116.89848757370059	794.1882978193462	0.0	97.58363822178983	797.6333086275367	0.0	75.60801397615697	784.6320705792535	0.0	190.93614064523064	542.7102369082312	0.0	228.32893191929244	643.8681054921552	0.0	232.3684131540568	757.4285024871003	0.0	271.2747845790185	783.6551047985	0.0	274.57380358189414	777.9455701513018	0.0	222.25443131848292	775.5295079726933	0.0	201.11157774284789	398.4172998057878	0.0	231.37434615087977	330.30795507845863	0.0	239.74996350491534	374.4737525322453	0.0	146.74841924971778	418.77596913391056	0.0	122.54424779566956	500.7762547141145	0.0	142.7400093013242	568.4150870448016	0.0	234.72668121349594	427.1575317372777	0.0	239.88441095002565	501.75885743281924	0.0	259.0778838405318	563.3127148591528	0.0
226	3.7666666666666666	168.14084323074857	544.5992011126561	0.0	138.2177912980309	543.1178327811064	0.0	118.50910862774506	656.311103981445	0.0	87.86080511039725	767.3032189406401	0.0	116.87395740213545	794.3339091583845	0.0	97.66496060115587	797.5817496491404	0.0	75.6123380598153	784.5930184338927	0.0	190.9247724699101	542.5163860932258	0.0	228.38759977283937	643.9745331774947	0.0	232.3264165823935	757.548599559232	0.0	271.18414167789115	783.7462825643196	0.0	274.5355223755919	778.0148257501589	0.0	222.20628911031844	775.5643891796901	0.0	201.03838934311028	398.3148121142508	0.0	231.27728309653494	330.234536465366	0.0	239.65512839565753	374.3150107581986	0.0	146.81780255243228	418.80360666095044	0.0	122.70030740399088	500.6726347419278	0.0	142.9235660846268	568.2030140643926	0.0	234.65837479550797	427.09080794907686	0.0	239.91312638245296	501.8318586281971	0.0	259.17674737816594	563.3940263260154	0.0
227	3.783333333333333	168.1281973812046	544.7254127541992	0.0	138.27681466753745	543.2493290361139	0.0	118.37241381825564	656.4057407078919	0.0	87.77326411844773	767.2344218857946	0.0	116.77277957747519	794.4570907214345	0.0	97.6543698028273	797.5405189958572	0.0	75.62081892742924	784.5541170169188	0.0	190.91572792796214	542.4112262538116	0.0	228.38833492157818	644.0682482172712	0.0	232.27706678082535	757.6747968521711	0.0	271.15437649248327	783.7989079751591	0.0	274.5168778085494	778.0590311933082	0.0	222.12354145235244	775.5607565150076	0.0	200.98752100238607	398.14289253433407	0.0	231.12519707055088	330.07864039365836	0.0	239.55027233301334	374.0631897544047	0.0	146.9404080587644	418.81192094551704	0.0	122.81978577739677	500.5054697996839	0.0	143.13593065053792	568.0344625682751	0.0	234.63580678217113	427.0566940233068	0.0	239.96749739169005	501.7760421975055	0.0	259.177551498322	563.4320420353029	0.0
228	3.8	168.17931382272266	544.8911097090789	0.0	138.4107617458175	543.3999186147059	0.0	118.26336968316151	656.4686252345892	0.0	87.7067640506093	767.1597842457736	0.0	116.64887749345063	794.534637478369	0.0	97.586042402338	797.5265249895821	0.0	75.62680569242221	784.5355156762721	0.0	190.94447641057258	542.3337598066323	0.0	228.34880058022233	644.1846446427587	0.0	232.23614774969815	757.7819108415308	0.0	271.17828636245434	783.8440527271948	0.0	274.5130264641788	778.0369143860082	0.0	222.020477389162	775.483704166801	0.0	200.98289037129084	397.95568335565287	0.0	230.96554326542	329.9359308174833	0.0	239.45500209628352	373.8112094436526	0.0	147.08995621426197	418.8201892190255	0.0	122.90152771559168	500.32199116354155	0.0	143.40848139957933	567.9187050583336	0.0	234.6568779015504	427.0227879576048	0.0	240.0156715187543	501.6688915603922	0.0	259.0752750437654	563.4218753195482	0.0
229	3.8166666666666664	168.29685053544958	545.028594952649	0.0	138.59601279928313	543.4832634511312	0.0	118.24624191222705	656.5007049138381	0.0	87.69330662949233	767.0959293989623	0.0	116.58445771010321	794.5569714430994	0.0	97.53292216635577	797.5439591607076	0.0	75.62652441356404	784.549675273655	0.0	191.02523308372685	542.2557896963741	0.0	228.2958847847315	644.3243020886699	0.0	232.2220984468339	757.8653161137064	0.0	271.2326212278826	783.9226335184309	0.0	274.50287772328744	777.9552753596954	0.0	221.92935668041224	775.3451562462427	0.0	201.01514241781845	397.8082539587195	0.0	230.86152247814866	329.8866795943684	0.0	239.3786999172686	373.6282374799435	0.0	147.20211139488995	418.83628567907147	0.0	122.94235262104087	500.1763884827208	0.0	143.73477087616175	567.8282547074454	0.0	234.70095631760663	426.98631206430906	0.0	240.02179549230001	501.59620531943534	0.0	258.92414827175105	563.3518599981993	0.0
230	3.8333333333333335	168.45330473975125	545.1582101388426	0.0	138.77013853790518	543.5661038678265	0.0	118.29364924163954	656.476310403202	0.0	87.69594004392762	767.0459414770054	0.0	116.58610681587051	794.5410564848694	0.0	97.51583600573332	797.6000639768279	0.0	75.60440872015505	784.599989043433	0.0	191.1402212104109	542.2912128039808	0.0	228.2515230075433	644.4815548070129	0.0	232.24778031785044	757.9144849250266	0.0	271.32969089391264	783.9728070159405	0.0	274.5260832612973	777.8285546153123	0.0	221.88851745143123	775.2015969445094	0.0	201.0842445718567	397.7164640316281	0.0	230.85203576547534	329.885583806032	0.0	239.33224760951626	373.5130534804943	0.0	147.23419057815522	418.8294877864956	0.0	122.93939587395789	500.096899435062	0.0	144.08197215059508	567.7341061805107	0.0	234.76428002741727	426.99898974082475	0.0	239.95288382102032	501.5893478537838	0.0	258.7620414735421	563.2615051220291	0.0
231	3.85	168.6082031520693	545.3206971624811	0.0	138.8754471063844	543.7098636828806	0.0	118.34673796605394	656.3839971842629	0.0	87.65738195933352	767.0113742016521	0.0	116.60431142362923	794.5070055779473	0.0	97.53269877599475	797.6814639129651	0.0	75.55413555835254	784.6670197295682	0.0	191.26363412742114	542.5158349914473	0.0	228.2364379829551	644.6726178910319	0.0	232.29901049165093	757.9389207398924	0.0	271.45691900495007	783.9406971834395	0.0	274.5968010338725	777.6707420746094	0.0	221.92356548447148	775.1058708242854	0.0	201.1745372190878	397.6620423403023	0.0	230.92915735947736	329.8820369140318	0.0	239.31271955748045	373.4556681882059	0.0	147.1986556089381	418.7756754017481	0.0	122.90256870491315	500.0840373591227	0.0	144.40433208796173	567.6320935309748	0.0	234.85910589947161	427.0966637207774	0.0	239.8159974063035	501.64079267062493	0.0	258.57732836657397	563.228531650509	0.0
232	3.8666666666666667	168.7062173499074	545.489797686244	0.0	138.8895294192949	543.8423493978501	0.0	118.4085762723777	656.2489087420923	0.0	87.55773870922928	767.0151635098546	0.0	116.60444622822662	794.4614344447323	0.0	97.6034140823987	797.7409655414396	0.0	75.50176592653854	784.7119722940911	0.0	191.37147275488508	542.832150848562	0.0	228.26063582844398	644.890783475323	0.0	232.34253020161526	757.9850464157721	0.0	271.54328364912226	783.8833630722623	0.0	274.62831518880773	777.5185330558575	0.0	222.02827893999415	775.0701748238647	0.0	201.2426670372484	397.6263621873176	0.0	231.0534334421891	329.92049364626433	0.0	239.31468214202445	373.47126198610965	0.0	147.12277324295385	418.699708002233	0.0	122.85003689143144	500.1325685335857	0.0	144.6532195546604	567.5362770909903	0.0	234.9779977244816	427.24370596118706	0.0	239.65561503535122	501.72801296097475	0.0	258.36564370923963	563.2946384978655	0.0
233	3.8833333333333333	168.71185116332396	545.6220834932743	0.0	138.83517456014928	543.9271396789318	0.0	118.50603419597583	656.1120045934709	0.0	87.42900939135795	767.0720962650881	0.0	116.56791165326247	794.3987452345945	0.0	97.71491557495004	797.7359896405876	0.0	75.48752493758512	784.702961661001	0.0	191.45463760552528	543.1410668714932	0.0	228.31529947292069	645.0916191406741	0.0	232.3623499794171	758.069904418437	0.0	271.5612125534671	783.8541747220245	0.0	274.548920148414	777.4168593663999	0.0	222.15920413005733	775.091284208901	0.0	201.28038572031792	397.60258159186867	0.0	231.1846564237278	330.0160451633561	0.0	239.36840515956334	373.55173568113116	0.0	147.0222849125129	418.6576862022767	0.0	122.80621890087683	500.22905021603736	0.0	144.80498594697045	567.4491133640545	0.0	235.09194440214745	427.3841366522124	0.0	239.49538002864597	501.80275403425935	0.0	258.1676623455119	563.4313618989324	0.0
234	3.9	168.64532524390938	545.7301725921789	0.0	138.76513123161288	544.05839666849	0.0	118.61702789401757	655.9989135113457	0.0	87.32902315797887	767.1438034483086	0.0	116.46339753149164	794.3090525107934	0.0	97.78182687467506	797.658802195434	0.0	75.52670103493041	784.6267682856509	0.0	191.52127127364446	543.4709643098735	0.0	228.38170194018966	645.2483961395105	0.0	232.37284244663928	758.1464485775354	0.0	271.578803385766	783.7931407907816	0.0	274.41991390639174	777.3671126501016	0.0	222.2717466237878	775.1755878122499	0.0	201.339707929699	397.5872711376418	0.0	231.29625556494665	330.0725604037894	0.0	239.51962903570163	373.6422908975172	0.0	146.91405178334895	418.6827816758397	0.0	122.80469276464852	500.34133039483027	0.0	144.87997945886406	567.3667525009708	0.0	235.18713733780336	427.49876901919214	0.0	239.31446236095968	501.79465054143714	0.0	258.0188271966829	563.5754790593775	0.0
235	3.9166666666666665	168.54695326843893	545.8355057880077	0.0	138.7143420282704	544.2550855974306	0.0	118.70188188241507	655.9157295750788	0.0	87.28970478447965	767.1792207825692	0.0	116.27282009924551	794.195361198954	0.0	97.7160062234434	797.5231618456378	0.0	75.60126384444594	784.4890758357586	0.0	191.57468549119454	543.8183101678705	0.0	228.44693924307865	645.3653844121865	0.0	232.3866562635463	758.1794517133344	0.0	271.62121261410834	783.6520471301066	0.0	274.32812313928304	777.3353863694937	0.0	222.36158780030462	775.3088163154544	0.0	201.45843047662612	397.5738699986196	0.0	231.3754647969936	330.0404644996984	0.0	239.75001979542094	373.6919702516952	0.0	146.82010156048807	418.75930569173903	0.0	122.87107807698214	500.4416882657515	0.0	144.91835514599154	567.3178936570785	0.0	235.26305889186168	427.57305552302347	0.0	239.10780223092658	501.68710745748484	0.0	257.9145119120332	563.7003250230243	0.0
236	3.933333333333333	168.42889685542957	545.9158075840884	0.0	138.66469761110687	544.3730694314725	0.0	118.75361595736852	655.8675536629852	0.0	87.29835393728374	767.1835563993526	0.0	116.03192091969278	794.078492701265	0.0	97.50322985332637	797.3592544110342	0.0	75.68777830311672	784.3291911342047	0.0	191.6067861169412	544.044944554266	0.0	228.50923536466883	645.4335702932915	0.0	232.38993631189678	758.1936349128508	0.0	271.58459410100164	783.5124347925499	0.0	274.237050369708	777.3106979121699	0.0	222.43822904794365	775.4428334753167	0.0	201.60555882958252	397.5520936225698	0.0	231.41636698543473	330.0242488089078	0.0	239.96808997438745	373.6899428907981	0.0	146.76043265839863	418.8485502162619	0.0	123.0000544510216	500.526752455935	0.0	144.9415110030258	567.3618966153537	0.0	235.3053294726579	427.5768780101367	0.0	238.93358529884952	501.5699508711317	0.0	257.840142080774	563.8331906240288	0.0
237	3.9499999999999997	168.30430905267846	545.9464219557262	0.0	138.58200537393026	544.3170450997226	0.0	118.77144110961773	655.8449343217142	0.0	87.33761222171377	767.2001396495618	0.0	115.81227117526174	793.9889079991503	0.0	97.19542013629166	797.2268154513156	0.0	75.78116107827412	784.2173939482298	0.0	191.61254266545447	544.0480718894577	0.0	228.56723729028377	645.4209535536925	0.0	232.3622304457454	758.2125993696128	0.0	271.38604072396146	783.4643170938693	0.0	274.07880839900974	777.3120304930412	0.0	222.47073777268028	775.5402754471997	0.0	201.7294774573063	397.511940694636	0.0	231.41049674255646	330.11801305941344	0.0	240.10397724563268	373.6290462959528	0.0	146.75513611466934	418.9193236376067	0.0	123.15179988095771	500.5903951693744	0.0	144.9453849929935	567.529826287346	0.0	235.2981137110274	427.52244218252855	0.0	238.85954715838162	501.54532462554016	0.0	257.7757510553571	563.998046647799	0.0
238	3.966666666666667	168.23172384154515	545.9331335858126	0.0	138.48230222798543	544.1525111575581	0.0	118.74081843750385	655.8032804079143	0.0	87.41882082950255	767.2542065570459	0.0	115.67873301246003	793.9630233324151	0.0	96.86648054505451	797.1906369007412	0.0	75.89371003314591	784.2068521385086	0.0	191.59984848250284	543.8851290095814	0.0	228.62102389242125	645.3123446465544	0.0	232.29609607354212	758.2193817441953	0.0	271.09518215418166	783.4846627971402	0.0	273.9143636987021	777.3564582493397	0.0	222.41047996521883	775.597028450422	0.0	201.81561887324906	397.45409439793974	0.0	231.35712789240222	330.2578867072882	0.0	240.1569458111764	373.4870321981761	0.0	146.82128877955677	418.9598317235052	0.0	123.27610002097299	500.6098682874861	0.0	144.92974720722083	567.7815354699574	0.0	235.2413216634799	427.48761549414394	0.0	238.88913738001182	501.61443319143456	0.0	257.67552372643405	564.1843843730161	0.0
239	3.9833333333333334	168.27502648957866	545.8777254719049	0.0	138.42209817422014	543.9376803380684	0.0	118.67918480433032	655.7120879933085	0.0	87.5608970137466	767.3433272058086	0.0	115.6794362199066	794.0189783962909	0.0	96.6056322872827	797.2665643662568	0.0	76.0378390534329	784.2921778841692	0.0	191.58421044365534	543.6430790866144	0.0	228.68105255935308	645.1329213093063	0.0	232.20058830802228	758.2074017671242	0.0	270.8352766196867	783.52318695853	0.0	273.85636508707904	777.4411807509877	0.0	222.26270539524904	775.6084811991848	0.0	201.86613003088198	397.393946976385	0.0	231.2801837702762	330.3522945176933	0.0	240.14333954015962	373.296547683666	0.0	146.95647952560716	418.9712579962749	0.0	123.34818081717779	500.5917738340553	0.0	144.9147754564969	568.039292778727	0.0	235.1464627853936	427.53279212744417	0.0	238.96787086584933	501.72113574127195	0.0	257.50177086620124	564.3666999538823	0.0
240	4.0	168.4260684809769	545.761458027947	0.0	138.42148925494774	543.6180010872083	0.0	118.6524467643118	655.6049356581543	0.0	87.7518989259062	767.4423913500887	0.0	115.83650694765682	794.1197867951771	0.0	96.5100467269094	797.412151492604	0.0	76.205718801717	784.4233415002755	0.0	191.57078888813828	543.3294246040764	0.0	228.747608004293	644.9291930813404	0.0	232.10876976475666	758.2107327539843	0.0	270.6613277859754	783.5836714200658	0.0	273.90529385776506	777.5300902699236	0.0	222.09739118749937	775.5545106973095	0.0	201.8619018500243	397.35558226638545	0.0	231.2196395240288	330.4195125914775	0.0	240.08142364375635	373.16873251919696	0.0	147.13292719996977	418.9524366323595	0.0	123.36935926690073	500.59094322434134	0.0	144.91924133576606	568.2501020482459	0.0	235.03653421084869	427.62766069082386	0.0	239.03382769307692	501.8465072178715	0.0	257.27429190154845	564.5169855457314	0.0
241	4.016666666666667	168.60426508081156	545.5944195816928	0.0	138.449833482041	543.1871214958678	0.0	118.69806150799978	655.5377029007315	0.0	87.94004559583409	767.5049896152486	0.0	116.1077607618059	794.1952903617293	0.0	96.61124615178272	797.5782492591842	0.0	76.35405358217602	784.5500636995907	0.0	191.541758019492	542.9833189665706	0.0	228.78731139782894	644.753447745467	0.0	232.06351568205173	758.2489155761368	0.0	270.5903253433403	783.6424214158841	0.0	273.98402640992356	777.561727060232	0.0	221.98845516208223	775.4334722146028	0.0	201.79441275467133	397.3623876936091	0.0	231.21420869304475	330.48849531858383	0.0	240.03132145684756	373.1751013009589	0.0	147.30355294718794	418.9070698214314	0.0	123.33934698669958	500.64485836388303	0.0	144.94111532825468	568.3932081516347	0.0	234.93397863197524	427.70813375824383	0.0	239.0491284394171	501.99282425438565	0.0	257.0518352429321	564.6219266824869	0.0
242	4.033333333333333	168.73246822714924	545.4500560560696	0.0	138.48543544160535	542.805738787357	0.0	118.76145800797974	655.5368007251913	0.0	88.05798670584836	767.4980005913931	0.0	116.38841778335384	794.2141476093343	0.0	96.84183580339192	797.7437362885984	0.0	76.41652811337248	784.642142603101	0.0	191.47497325694573	542.7565535179707	0.0	228.75551316717832	644.6638441679186	0.0	232.0867071528584	758.2808845519211	0.0	270.63766686882474	783.6120212445098	0.0	274.0586970407503	777.5002431271528	0.0	221.96400642826825	775.2838913622543	0.0	201.71236716497222	397.4207078602416	0.0	231.28037218613676	330.50674335895917	0.0	240.068374205795	373.26251282778196	0.0	147.41071024868734	418.85408175608717	0.0	123.25796354596429	500.7251993258848	0.0	144.95884739570425	568.4559343393694	0.0	234.83866144534784	427.7639854934509	0.0	239.00479170123495	502.13376253326527	0.0	256.8775459770964	564.7118989917794	0.0
243	4.05	168.78857099075023	545.4108821131257	0.0	138.53109527548477	542.6424767660864	0.0	118.75897049894715	655.6143792710512	0.0	88.06664582875932	767.4452655255983	0.0	116.58812439967635	794.2046182606315	0.0	97.1230891049699	797.8860718974065	0.0	76.36299662357798	784.6772196729415	0.0	191.38065119912557	542.773056400432	0.0	228.64396698759975	644.6987994822567	0.0	232.1713404573852	758.2610291187558	0.0	270.7698912205975	783.4762133224677	0.0	274.11313950391326	777.3774140812181	0.0	222.01650050223654	775.153583383028	0.0	201.67186128130874	397.51490324959957	0.0	231.3819009598994	330.4425278532284	0.0	240.20209540970916	373.3360033818958	0.0	147.42193569031306	418.8149898500602	0.0	123.14548875484068	500.7815994740761	0.0	144.94385304705037	568.443626341053	0.0	234.72992347323628	427.8144452409814	0.0	238.91525829849627	502.2406275783507	0.0	256.76688976633193	564.8290357695236	0.0
244	4.066666666666666	168.78505328604084	545.4939111778058	0.0	138.57702813146247	542.7070027591157	0.0	118.67740912140754	655.7789315963186	0.0	87.97903888494545	767.4090363994034	0.0	116.68084735026683	794.2014272008843	0.0	97.41394313279991	797.9516897264231	0.0	76.24489215423124	784.6382744040895	0.0	191.30417414988932	542.9878626465392	0.0	228.50118242907803	644.8317751079657	0.0	232.2898949440453	758.2102418390534	0.0	270.9003271481261	783.3577987116082	0.0	274.08641070570405	777.2719769528888	0.0	222.13057844539836	775.0646742038014	0.0	201.66298569653657	397.6203656394223	0.0	231.44932349371138	330.3640438550007	0.0	240.3716435760364	373.364982467416	0.0	147.3691763115823	418.80303657000735	0.0	123.04171284225028	500.7998892222799	0.0	144.88575851225548	568.3936458221575	0.0	234.59390468318765	427.85197625375207	0.0	238.81228496150268	502.3264257140941	0.0	256.7210984259532	564.9589712970758	0.0
245	4.083333333333333	168.73030021397497	545.6641518559214	0.0	138.59101412057478	542.9331261476947	0.0	118.56305044811754	656.007330173541	0.0	87.8386229494831	767.4113442202843	0.0	116.67371387599822	794.1981754473807	0.0	97.65846990594734	797.8903200784401	0.0	76.15015414064139	784.5307480532663	0.0	191.2919462054418	543.2755954032061	0.0	228.39826671961467	644.9717425556587	0.0	232.40179798887982	758.171886253804	0.0	270.9761337217683	783.3557296681918	0.0	273.96095104046316	777.239266595852	0.0	222.28189224431648	775.0290940093392	0.0	201.6490338526093	397.71621092904144	0.0	231.4510780261483	330.33510317758396	0.0	240.5218804111834	373.36816902935726	0.0	147.31933607197828	418.81867686515875	0.0	122.98261933529659	500.79065777654733	0.0	144.8009888591646	568.3457784082034	0.0	234.4518142082003	427.8686133592381	0.0	238.72161647278773	502.4250199410569	0.0	256.7175583738521	565.0601995099343	0.0
246	4.1	168.6328834360058	545.8922404807183	0.0	138.54695159759424	543.3037190319769	0.0	118.45364703869159	656.2442367689893	0.0	87.69772738877448	767.4087568890294	0.0	116.58761026160373	794.1642972414307	0.0	97.78397993307361	797.7179870164149	0.0	76.11616460075588	784.3897026151807	0.0	191.36297067083746	543.5817285496371	0.0	228.37494954269482	645.035692962282	0.0	232.46460272163756	758.1409803934749	0.0	271.02191613831826	783.4092173330761	0.0	273.8373221025973	777.2645244214751	0.0	222.43073261890208	775.0644482800718	0.0	201.63053323138251	397.8007011781742	0.0	231.4123469203219	330.3265163189822	0.0	240.63646340352102	373.3506954025515	0.0	147.31445697626063	418.83919209698246	0.0	122.97550573072003	500.74801112877986	0.0	144.70675071898748	568.310608275642	0.0	234.35206452976425	427.8853256986023	0.0	238.63859536960035	502.5383450632194	0.0	256.70931471496164	565.1457863730406	0.0
247	4.116666666666666	168.52235055719595	546.145605246441	0.0	138.44846810515136	543.782609898918	0.0	118.37598617293173	656.4434393483891	0.0	87.61459243936228	767.3664706284327	0.0	116.48572901702175	794.091935021602	0.0	97.77441586231716	797.5186394688227	0.0	76.11524636613927	784.2688028846628	0.0	191.50023663303827	543.8786637609176	0.0	228.42801227331208	645.017757062779	0.0	232.45028386466115	758.1030323474059	0.0	271.0710892091519	783.4252414511477	0.0	273.811226953271	777.2990544828948	0.0	222.54096438694853	775.1641543194994	0.0	201.61112599141208	397.8893757787855	0.0	231.36589197825276	330.3050408446352	0.0	240.70482083048918	373.3104764637277	0.0	147.36267098212687	418.82895077153523	0.0	123.0009002521891	500.6667716803019	0.0	144.58990315774807	568.2769146921038	0.0	234.3259856359946	427.9008690648732	0.0	238.55560575384197	502.63249585078586	0.0	256.6558555758183	565.2493691821222	0.0
248	4.133333333333333	168.439747673484	546.3705714995954	0.0	138.32501385513552	544.2571493752024	0.0	118.36641558420068	656.5936737393056	0.0	87.62653359973072	767.3052967882358	0.0	116.45752188177563	794.0047860047348	0.0	97.684711919703	797.3676349798582	0.0	76.11295091342367	784.2124052434867	0.0	191.66222741103977	544.0871574203583	0.0	228.53215742543273	644.9778730772105	0.0	232.36223449741428	758.081977773437	0.0	271.10596769891805	783.4260880547425	0.0	273.8523525455167	777.3199524228322	0.0	222.59788800481627	775.289504631671	0.0	201.55786138422357	397.9837418611987	0.0	231.3182308688224	330.308778626976	0.0	240.69995666837255	373.27850687084805	0.0	147.44801636902153	418.7866366474258	0.0	123.02914535658542	500.58890835720285	0.0	144.4055130612897	568.2375671046877	0.0	234.36051113457404	427.8596914339817	0.0	238.49334563591304	502.6735794599733	0.0	256.5498014612098	565.3340652869545	0.0
249	4.15	168.41580186142752	546.5596322296811	0.0	138.2130105415873	544.6820399819799	0.0	118.42833254365314	656.6987197214919	0.0	87.71234900265416	767.2479581752013	0.0	116.54296816435578	793.9361072429829	0.0	97.58358746660309	797.2819491868172	0.0	76.09027231807924	784.2298343452834	0.0	191.81107537098362	544.2016682046832	0.0	228.65129838051163	644.9785786641899	0.0	232.2442192936733	758.0933318196908	0.0	271.11095615303196	783.4500567757057	0.0	273.88949061626846	777.3240254939781	0.0	222.6029752827715	775.4169924226642	0.0	201.4492961178767	398.07112712229525	0.0	231.26182093424214	330.34805336701686	0.0	240.6000093437893	373.2969816235802	0.0	147.53048728529643	418.76387309882404	0.0	123.03528529460843	500.57895890322436	0.0	144.12309662056757	568.209432824283	0.0	234.41126386381166	427.73056775733335	0.0	238.46059262425126	502.64587964178185	0.0	256.4241056372367	565.3369740408023	0.0
250	4.166666666666667	168.4593434662495	546.7810963372684	0.0	138.14272603348394	545.1465753782546	0.0	118.48993600849276	656.7567598564544	0.0	87.80304904889934	767.1745275539988	0.0	116.7041757172089	793.9093906710505	0.0	97.52532415783357	797.2491463489711	0.0	76.02536458187828	784.3064664103845	0.0	191.92699563271213	544.3694709457187	0.0	228.74797863854448	645.0453980814643	0.0	232.15937243283383	758.1129887422659	0.0	271.1356589831824	783.4346173952088	0.0	273.92848698256086	777.3007247574877	0.0	222.564749999358	775.5570121751201	0.0	201.32458545590535	398.1530077858179	0.0	231.1970145710242	330.3377088193235	0.0	240.41750158431992	373.36693760884305	0.0	147.57785159447317	418.81215201589396	0.0	123.02360205906588	500.65757809594027	0.0	143.77120251901104	568.2238705843802	0.0	234.4328745357772	427.57023797298655	0.0	238.42255841552014	502.5541768406472	0.0	256.33554105851	565.2844354083406	0.0
251	4.183333333333334	168.554784695331	547.073493601757	0.0	138.136164788848	545.6782799056583	0.0	118.4667891747161	656.7758478441557	0.0	87.84256869979247	767.0701647194303	0.0	116.86700840434673	793.9205407163652	0.0	97.54239405844028	797.2440220829376	0.0	75.92001364007064	784.4176261074037	0.0	191.9977024597151	544.6812958961251	0.0	228.80188258743465	645.1648594417843	0.0	232.14226860074083	758.1235203012011	0.0	271.22784811719237	783.3327502040663	0.0	273.9957069799199	777.2563655754507	0.0	222.49314062539918	775.7071443721113	0.0	201.23861458733973	398.2231155487401	0.0	231.12781377419486	330.2356776710757	0.0	240.18966122018125	373.45338634372996	0.0	147.60327028659734	418.93806489963083	0.0	123.02411015881349	500.7914769713516	0.0	143.40992802476146	568.2881141822091	0.0	234.40347506925895	427.4519306606715	0.0	238.3515686703072	502.43067001591174	0.0	256.3230588675412	565.2504914354133	0.0
252	4.2	168.67620525316403	547.3674525724856	0.0	138.20721950084143	546.124704896395	0.0	118.35924678225763	656.7761333001732	0.0	87.83125019473431	766.9667090388872	0.0	116.9564528644589	793.9416685680842	0.0	97.61271829822799	797.2155208133252	0.0	75.82166523562019	784.5173214476265	0.0	192.01314280381303	545.0050799131792	0.0	228.8138893166732	645.2911296254435	0.0	232.17655504917127	758.1380716410505	0.0	271.34282978488204	783.2184705520467	0.0	274.042065834511	777.2285522194936	0.0	222.40273621946662	775.8237861688876	0.0	201.19855910028204	398.23502786158656	0.0	231.056226920987	330.14105418303774	0.0	239.95806883464317	373.5149850945781	0.0	147.63101440300503	419.1227450407398	0.0	123.04266833354467	500.9244374622324	0.0	143.07131589090383	568.3770077510744	0.0	234.3327224431	427.38748765689166	0.0	238.272243680646	502.3367800304902	0.0	256.3788932185278	565.2318649958399	0.0
253	4.216666666666667	168.80039589263384	547.563564691059	0.0	138.35982114316462	546.3407258646696	0.0	118.2338234108935	656.7602240795169	0.0	87.79811791456243	766.8997943174295	0.0	116.91607733778902	793.954301264331	0.0	97.66429708151549	797.130037833076	0.0	75.77392512953551	784.5631324899492	0.0	191.97398518872052	545.1605779619732	0.0	228.78896359671162	645.3736485837113	0.0	232.22800790446695	758.1612617171921	0.0	271.3999076571066	783.1582054147018	0.0	274.00725919236294	777.2426197029713	0.0	222.32604550004197	775.8619691875145	0.0	201.1930339454001	398.1472258511313	0.0	231.00514200847965	330.14093038421316	0.0	239.7770335435267	373.50325425437705	0.0	147.6340666925747	419.34227807953175	0.0	123.04377368418459	501.0034030406284	0.0	142.76062902946157	568.4710412661797	0.0	234.24862456757768	427.3664273534014	0.0	238.22565852323947	502.32723462926754	0.0	256.472199668018	565.1840886905322	0.0
254	4.233333333333333	168.89677346507614	547.6440531038753	0.0	138.5812705143511	546.3562220071265	0.0	118.12965704432091	656.7170468070151	0.0	87.75321030829141	766.8752506051928	0.0	116.74734676645555	793.9605532560088	0.0	97.64980134926458	797.0149308785383	0.0	75.77884369159145	784.5634635544681	0.0	191.89065420672466	545.1412631925122	0.0	228.73334204697522	645.4038442189128	0.0	232.2793404559485	758.1696793921788	0.0	271.38937316960795	783.1065714184253	0.0	273.9263879652341	777.2828969891607	0.0	222.3000099488732	775.8208672924679	0.0	201.23411337020528	397.98697753113555	0.0	231.0171926723978	330.18427203408953	0.0	239.70573593336061	373.39096503096613	0.0	147.55322474123594	419.5539580220798	0.0	122.99457234737012	501.0039431326355	0.0	142.4995437463578	568.5729736235271	0.0	234.16936492671178	427.40077689584984	0.0	238.21578427685333	502.3960481515355	0.0	256.5886098462441	565.1343108035873	0.0
255	4.25	168.92625193735915	547.6595341893234	0.0	138.82953843943054	546.2739465497446	0.0	118.04644767272023	656.6625184160675	0.0	87.70364862435977	766.8992386563219	0.0	116.53282795694338	793.9579221844602	0.0	97.59099225252257	796.9125624878214	0.0	75.82703721270072	784.5540189647646	0.0	191.7703142510876	545.0592918333631	0.0	228.67088610691076	645.4157680875011	0.0	232.31500236965542	758.1524007432741	0.0	271.35066571433623	783.0232553278955	0.0	273.870862477398	777.3167599056724	0.0	222.3310927528165	775.7304622204068	0.0	201.31272622766835	397.82797520094243	0.0	231.10679861898092	330.21209393054147	0.0	239.75803238312233	373.2289459768771	0.0	147.3698861071434	419.70276002467097	0.0	122.89409533492565	500.9342588760584	0.0	142.32361740063723	568.678250040338	0.0	234.09181248263448	427.4804841454021	0.0	238.22177463189115	502.49439108116496	0.0	256.717793071223	565.1441498834886	0.0
256	4.266666666666667	168.8619322846565	547.6426110292106	0.0	139.03338160875512	546.1413853018224	0.0	117.99936049260795	656.6402770756771	0.0	87.6828595353073	766.9900181862901	0.0	116.38455713674038	793.9330856283752	0.0	97.53718431881438	796.8370565360461	0.0	75.923010318902	784.5409298634519	0.0	191.61051742341732	544.9931779715417	0.0	228.63478520782326	645.4277844344722	0.0	232.30664453368325	758.1327167332433	0.0	271.2839026197691	782.9644773808909	0.0	273.83354076745564	777.3287652740839	0.0	222.39345871142274	775.6167483756932	0.0	201.37143245625103	397.71782424573	0.0	231.2366608082808	330.2704922505445	0.0	239.87943351775095	373.1087956128712	0.0	147.1258810608361	419.75188399626154	0.0	122.76203750839629	500.81148058390494	0.0	142.2401629200115	568.7531018194227	0.0	234.01213498202264	427.5531476674329	0.0	238.23388832696799	502.5946910606985	0.0	256.8196801445359	565.2011277770937	0.0
257	4.283333333333333	168.7034321656232	547.5948215047988	0.0	139.12177859767976	546.000804006001	0.0	118.01320310464129	656.6618274412458	0.0	87.7085501699108	767.1360901780879	0.0	116.35564454768944	793.8871250427673	0.0	97.51705718741695	796.801026783406	0.0	76.04801440359749	784.516602266661	0.0	191.41125194228272	544.9857875697719	0.0	228.63757680384074	645.413340069909	0.0	232.23878830725468	758.1243735020729	0.0	271.1628980638039	782.9743815884864	0.0	273.77948779291444	777.3215637223376	0.0	222.46090753578093	775.5055009945643	0.0	201.37545449260622	397.6593691750741	0.0	231.34912059615135	330.3893113794112	0.0	239.99529561448497	373.0509039436233	0.0	146.8830492469422	419.6861926647678	0.0	122.62540865994313	500.6496286332144	0.0	142.2162982697086	568.7644689149569	0.0	233.9395073257999	427.59896068270353	0.0	238.2399560391951	502.68752070925564	0.0	256.8420284599588	565.2439312853704	0.0
258	4.3	168.47993820333505	547.5287465705389	0.0	139.06486620549805	545.9317979100712	0.0	118.07024658853148	656.6793460137134	0.0	87.7423697976594	767.2827489382815	0.0	116.41653655242234	793.8381722777252	0.0	97.53471635967993	796.8307831858533	0.0	76.13060242524902	784.5097205828174	0.0	191.1986945303864	545.0724555199287	0.0	228.66584325504147	645.350329216428	0.0	232.12321793705337	758.1058632432827	0.0	271.00796140137254	783.0056158661478	0.0	273.7502308424727	777.2999908561474	0.0	222.52551307385798	775.4255507367259	0.0	201.36437423722944	397.63863019112983	0.0	231.4051859325914	330.483632372181	0.0	240.06675821566375	372.9916073904853	0.0	146.68616039499227	419.5161793836879	0.0	122.50540076649206	500.4762800807216	0.0	142.2090603152216	568.7264829273165	0.0	233.87639553692517	427.6613881656125	0.0	238.2127003871316	502.74800746275037	0.0	256.7724389097021	565.272483640973	0.0
259	4.316666666666666	168.2485182111053	547.4626714214334	0.0	138.89890684584105	545.9463283218608	0.0	118.12544821990069	656.6455765054734	0.0	87.7382063669208	767.3874248166543	0.0	116.51186162716766	793.7938118680819	0.0	97.57941407966834	796.9329081226808	0.0	76.10935341463629	784.5631524820488	0.0	191.0373796728803	545.2048980531004	0.0	228.69875970789428	645.2633869207941	0.0	231.9909473313026	758.0633468883689	0.0	270.87262456091725	783.0308235953286	0.0	273.8022792816507	777.2894327956643	0.0	222.5798153464988	775.3803245249679	0.0	201.3843551841672	397.63416113262105	0.0	231.3982504191167	330.4822763295242	0.0	240.09379116289483	372.8903037333334	0.0	146.55309015871416	419.31041775639943	0.0	122.40179820252436	500.3528457362644	0.0	142.19236189614992	568.692637225167	0.0	233.81055728675722	427.7661177009911	0.0	238.150420825864	502.7609758531831	0.0	256.6530127190177	565.3393647952562	0.0
260	4.333333333333333	168.073144976876	547.3965042067007	0.0	138.71456033295956	545.951993900825	0.0	118.16880650679587	656.5607367213433	0.0	87.6989894923802	767.4527108785493	0.0	116.61081051352092	793.7485617884305	0.0	97.63258483753332	797.072713114158	0.0	76.00334817435395	784.6740995543347	0.0	190.99815482389647	545.2426259939144	0.0	228.719765518643	645.1850710350514	0.0	231.8851293574865	758.0183006597725	0.0	270.7865647021075	783.1157290733174	0.0	273.9076759234433	777.3420698393493	0.0	222.60017554233124	775.3517946821016	0.0	201.40564204459278	397.61685895459107	0.0	231.3543772561802	330.4358187468257	0.0	240.0964903077855	372.7838389931079	0.0	146.4771273737664	419.17519128376216	0.0	122.29441807845333	500.3546560579209	0.0	142.1532484488111	568.7013027588113	0.0	233.74687306706429	427.87886129627304	0.0	238.095350183542	502.7585753211727	0.0	256.53781427545607	565.4428904611569	0.0
261	4.35	167.98352034467115	547.3383197638246	0.0	138.593652611539	545.9165405721776	0.0	118.21096380835893	656.4506895221175	0.0	87.64844411588409	767.4907734257724	0.0	116.70444086554072	793.7111388510862	0.0	97.67229550807666	797.1964364511962	0.0	75.87610911085679	784.7967011823932	0.0	191.0900194868543	545.1338096182069	0.0	228.71696124717124	645.1160453817574	0.0	231.83986526994707	757.9909242039176	0.0	270.7678774123626	783.2893947181741	0.0	274.0212813865556	777.4760296070712	0.0	222.57051489341006	775.3465441085987	0.0	201.36958613102877	397.57471559050606	0.0	231.32247596094518	330.39763781912245	0.0	240.10684177348892	372.72210873649954	0.0	146.4376816274534	419.1593795568701	0.0	122.16264811708322	500.51379753759386	0.0	142.079106234168	568.7444113343054	0.0	233.7103061129765	427.9677590991496	0.0	238.0716279824125	502.7936041870007	0.0	256.45743745807874	565.5285219046762	0.0
262	4.366666666666666	167.96410926043328	547.3226316936984	0.0	138.5510818787838	545.9402375572932	0.0	118.22352281054917	656.3567463853286	0.0	87.58788026666073	767.4950794118	0.0	116.78435814448723	793.7037086290932	0.0	97.67973601121152	797.2708885882059	0.0	75.76764557045632	784.8836389824038	0.0	191.2443815013709	545.0152503664282	0.0	228.6836601827304	645.0628770228043	0.0	231.8566185074586	757.9757713494731	0.0	270.85597753739586	783.4519838607526	0.0	274.16956599702223	777.6310450096769	0.0	222.50579638242397	775.3970167272893	0.0	201.28041434591057	397.538633661258	0.0	231.33774937629278	330.31433878713716	0.0	240.13846100383236	372.7184413665413	0.0	146.42342942370607	419.21532820423204	0.0	122.01022126992629	500.78335674456554	0.0	141.96709950527213	568.7880954800391	0.0	233.70220642826084	428.0375681871347	0.0	238.04535963335672	502.87535586535625	0.0	256.4183838465764	565.5879327019145	0.0
263	4.383333333333333	167.98804973466403	547.3646559521609	0.0	138.56336953580654	546.0725234953233	0.0	118.17475221117103	656.3431862828672	0.0	87.52172987608486	767.4636366525573	0.0	116.83578716028727	793.7277185211772	0.0	97.6579577169843	797.302059188803	0.0	75.69254412501887	784.899516206684	0.0	191.38272561745873	545.0230519540103	0.0	228.619676111696	645.0648308081276	0.0	231.90999774457015	757.9693925677664	0.0	271.0618482897391	783.5155930386446	0.0	274.3746282024916	777.7199049485855	0.0	222.42946099729454	775.5031349222841	0.0	201.18347985162248	397.5580738543945	0.0	231.39038043740993	330.14386042529304	0.0	240.15833792862068	372.78324261105274	0.0	146.44164218585985	419.2720860021331	0.0	121.87657782873444	501.06246729540555	0.0	141.84240502660353	568.8107122573804	0.0	233.70340533607234	428.09073940764284	0.0	237.98965628525985	502.9618814608879	0.0	256.3945581016718	565.6565843440449	0.0
264	4.4	168.04201982648567	547.4269168483628	0.0	138.62040062350815	546.2050412321435	0.0	118.09924016358048	656.444330970592	0.0	87.48162514343973	767.4243847423788	0.0	116.84716263258831	793.7572934705111	0.0	97.63062592957472	797.3094713497748	0.0	75.65564958591007	784.8280496574042	0.0	191.46539694292537	545.1239068457351	0.0	228.5241732160362	645.1340510845856	0.0	231.977192185398	757.9818933293279	0.0	271.29924981295943	783.5345020395711	0.0	274.5675637845788	777.7177960667428	0.0	222.34609731014984	775.6076614186069	0.0	201.10242262639306	397.64359047973824	0.0	231.4385021003384	329.96870642969105	0.0	240.13447177501038	372.9298750768449	0.0	146.48798652831053	419.304235702707	0.0	121.81143691522784	501.2651517180156	0.0	141.74943985206426	568.8146362411594	0.0	233.7212307428042	428.1251025752438	0.0	237.931030085449	503.021068872346	0.0	256.3339334535965	565.725909390647	0.0
265	4.416666666666667	168.11799844604707	547.4646933849243	0.0	138.70786763837256	546.2350464368121	0.0	118.05223124673589	656.6041995711673	0.0	87.4884126167652	767.3997496815283	0.0	116.81382742543765	793.7727643579117	0.0	97.60645022141331	797.2941757484951	0.0	75.6384435542939	784.698009983416	0.0	191.47246405668903	545.2284778319705	0.0	228.39474300596945	645.21653369017	0.0	232.0523695216076	758.0069122722949	0.0	271.4485877193147	783.5844737634119	0.0	274.66855176685164	777.6676663201372	0.0	222.25223853496576	775.649150929099	0.0	201.04799949309313	397.75307079193476	0.0	231.4405736719644	329.88064791477643	0.0	240.09683241139305	373.11233752874284	0.0	146.51970467962835	419.31867443913177	0.0	121.83034696212172	501.3637834465608	0.0	141.7260036619278	568.8098900905285	0.0	233.78048712334035	428.1755953216288	0.0	237.8881385288851	503.0568784454814	0.0	256.21230921018696	565.7500318695943	0.0
266	4.433333333333334	168.20531256356583	547.4902596354165	0.0	138.79005153698205	546.2015706485281	0.0	118.03352537262205	656.7252034402334	0.0	87.52565353134631	767.3585772319203	0.0	116.72982408571612	793.7738815765905	0.0	97.56578281368768	797.2428602572783	0.0	75.60611802560109	784.5820669092767	0.0	191.39308355285232	545.3297586790644	0.0	228.25102680490963	645.2629419157271	0.0	232.13030664379943	758.0173939007252	0.0	271.48754471123294	783.6252506841796	0.0	274.6945446885862	777.6067220411933	0.0	222.1492020507614	775.6196574030843	0.0	201.03164720007155	397.8322503362087	0.0	231.37704475135058	329.86423828432277	0.0	240.0987346577408	373.23524154820853	0.0	146.4858107356911	419.3194896057663	0.0	121.90904473599207	501.37740431047604	0.0	141.78157998824068	568.8012786553595	0.0	233.86814293296072	428.2897789418726	0.0	237.83535482740353	503.07523418187554	0.0	256.06010854211416	565.7178702320808	0.0
267	4.45	168.3036651050745	547.5571823182735	0.0	138.84808555539942	546.1879648299039	0.0	118.01645912883349	656.7734307746636	0.0	87.56953252320868	767.2562366173777	0.0	116.5989020418065	793.7545910212856	0.0	97.48750408935986	797.1384372106509	0.0	75.55332598326045	784.5355909787803	0.0	191.26202440236884	545.4448086912593	0.0	228.14601808948416	645.3046262101631	0.0	232.1969811740961	758.0040642025717	0.0	271.48204291725807	783.6122310659009	0.0	274.7057558216828	777.54919827959	0.0	222.03869746742316	775.5506050318331	0.0	201.03904387277785	397.85485799515624	0.0	231.25510836840414	329.88220562082654	0.0	240.1359113015841	373.2706975239686	0.0	146.3843147279732	419.31122204223317	0.0	122.01484344763571	501.35339850476464	0.0	141.8839736912314	568.7966868206147	0.0	233.92619511879008	428.4486999944332	0.0	237.76000400392613	503.076710575807	0.0	255.9162145678963	565.6429317915985	0.0
268	4.466666666666667	168.4172242733988	547.6885069450431	0.0	138.89969369985988	546.2090615159424	0.0	117.99790601017655	656.7933629066058	0.0	87.62080533035999	767.1072969194312	0.0	116.44581278082015	793.6969664543067	0.0	97.36440112265433	796.9756841707472	0.0	75.51520671431209	784.5390205124539	0.0	191.16389363159684	545.5337845912451	0.0	228.13123858057594	645.41119833365	0.0	232.23693577491804	757.9847633720857	0.0	271.4755684541798	783.6303618129153	0.0	274.69471526501707	777.5280795377712	0.0	221.92481612479483	775.4693329453764	0.0	201.0308282814227	397.8354360107295	0.0	231.1069710532214	329.95147820825457	0.0	240.15514858865416	373.2978015686408	0.0	146.27312408600895	419.31100551177946	0.0	122.11849347259295	501.3447032257296	0.0	141.97976807682466	568.8135934104654	0.0	233.90633416031952	428.5646998381194	0.0	237.68617765243462	503.08217241944624	0.0	255.790441766191	565.5287072021731	0.0
269	4.483333333333333	168.52253555651572	547.8601004308198	0.0	138.9619526377447	546.2563288083279	0.0	117.97371080728428	656.8282505281945	0.0	87.68975028984924	766.9700778457883	0.0	116.29154523673044	793.6008831294148	0.0	97.18602715419777	796.7912874301855	0.0	75.52434735246116	784.5244756996572	0.0	191.15895520946992	545.5598985446192	0.0	228.21375849557805	645.6008396860312	0.0	232.23396638973784	757.9650115102186	0.0	271.4691891555983	783.7736611555325	0.0	274.6199836493444	777.5794181405548	0.0	221.8184551272652	775.4017278466337	0.0	200.99263856231846	397.8134993385976	0.0	230.98560135933297	330.0480457454632	0.0	240.13453112849618	373.3915558187735	0.0	146.21619130026627	419.32486052107333	0.0	122.1855882604475	501.364057728387	0.0	142.03875776614518	568.8608172464022	0.0	233.80776159527417	428.57549028613596	0.0	237.6217294240145	503.11806956046104	0.0	255.68770666864003	565.4098956055126	0.0
270	4.5	168.57666933846173	548.0289297175249	0.0	139.0128167705679	546.3435932626342	0.0	117.91962626329428	656.8784199891904	0.0	87.75623196723049	766.8855534392162	0.0	116.13829577813408	793.4946076143651	0.0	96.94358860453534	796.6462723923783	0.0	75.58530768432777	784.4486166972505	0.0	191.22389712286045	545.5573147830443	0.0	228.35017992038303	645.8347818520573	0.0	232.17903547694783	757.925765908438	0.0	271.4713628645165	783.990809532051	0.0	274.49729428208724	777.6894873064444	0.0	221.74114306267265	775.3772361117369	0.0	200.9601418252685	397.820867576008	0.0	230.93500094209838	330.0686629327001	0.0	240.1065850804851	373.54542958913476	0.0	146.23204770709148	419.32556143848785	0.0	122.19132200402534	501.3731806715208	0.0	142.06448510185527	568.9150733765202	0.0	233.66480239697538	428.50074688520215	0.0	237.5428509799978	503.1724167247362	0.0	255.62634090790044	565.3628835290561	0.0
271	4.516666666666667	168.55833985060605	548.1213655252786	0.0	139.00773368431712	546.433520418019	0.0	117.83082341057373	656.9354774047696	0.0	87.77755273054461	766.8643090238857	0.0	115.98445964681942	793.4157380729339	0.0	96.67133860967277	796.5693006737126	0.0	75.68853203551919	784.3223850503572	0.0	191.28587852966933	545.5442411513949	0.0	228.47339842427624	646.0547614193841	0.0	232.0885520345089	757.8674681309371	0.0	271.48699155287915	784.1726367107501	0.0	274.36377021693005	777.8043189212975	0.0	221.72349474923539	775.3928337797865	0.0	200.96263353459062	397.8586038627954	0.0	230.94813389750718	329.987384354118	0.0	240.1034457626078	373.72365272151256	0.0	146.30404983118146	419.2838135096624	0.0	122.1547441430732	501.33392437916774	0.0	142.07292539258313	568.9239798626586	0.0	233.52951952717945	428.3939355821268	0.0	237.45098491255962	503.2076562895245	0.0	255.61409106035376	565.4210586153863	0.0
272	4.533333333333333	168.46732935039716	548.0416815608196	0.0	138.92025139395224	546.4113743631204	0.0	117.736861680456	656.9985531440819	0.0	87.7406105535275	766.8961984188326	0.0	115.828341059671	793.4022492858604	0.0	96.43498441853423	796.5503228690558	0.0	75.81977546081036	784.1840122544796	0.0	191.29338672681212	545.4452165823966	0.0	228.52952041179051	646.1912634027761	0.0	231.99652700245844	757.8284414258604	0.0	271.49052520294606	784.2971851248952	0.0	274.2153045962456	777.8860018918633	0.0	221.78782439896202	775.4110737726114	0.0	200.97162212069753	397.90398266790737	0.0	230.97926039651534	329.9274866594971	0.0	240.12718887518284	373.90934744386107	0.0	146.4111762898982	419.20307854790065	0.0	122.13295999288593	501.2492413927744	0.0	142.07728633400993	568.8434392144519	0.0	233.45785381257969	428.28401818965057	0.0	237.39311030808798	503.222142951408	0.0	255.63014873243048	565.5320101312261	0.0
273	4.55	168.30792449829397	547.7713326864242	0.0	138.75244995526128	546.2184343112467	0.0	117.65527097594287	657.0424524095829	0.0	87.67553020770693	766.9482397392416	0.0	115.66695725261238	793.4830536433318	0.0	96.26361872839878	796.5836520582604	0.0	75.95787947048117	784.0655766528173	0.0	191.2399107656488	545.2232455750278	0.0	228.511948683774	646.1876393590165	0.0	231.92369646561036	757.8357420157971	0.0	271.46586097434744	784.3962653127701	0.0	274.05472249847196	777.9386314254363	0.0	221.9354116598447	775.4184188492757	0.0	200.94996040034056	397.9452165411385	0.0	231.01237549495912	329.98857003581423	0.0	240.1702944679251	374.09579565852744	0.0	146.5252515950228	419.1056717041988	0.0	122.16359283018674	501.14361655008184	0.0	142.07640568439083	568.6861582017398	0.0	233.4848875678697	428.18708446569593	0.0	237.39889133849468	503.24931114682295	0.0	255.63523581763587	565.6287015398315	0.0
274	4.566666666666666	168.10766404860908	547.420872447745	0.0	138.53852249218025	545.9275855558823	0.0	117.57252824195076	657.0134691663332	0.0	87.62685708414232	766.985341785231	0.0	115.51943089116065	793.6498122882272	0.0	96.1487166063895	796.6789256461112	0.0	76.08705820325683	783.9933601980133	0.0	191.14228811052138	544.9818724182073	0.0	228.46956927330976	646.0382824093712	0.0	231.86539876850193	757.8764256626002	0.0	271.4370137353979	784.4616264262785	0.0	273.93491157712396	777.9814521636172	0.0	222.14493317410438	775.4403516081984	0.0	200.90562291738186	397.99756232265275	0.0	231.0767659179177	330.12130772165517	0.0	240.2094987465563	374.28395650473254	0.0	146.60589133833432	419.0113283389571	0.0	122.23569054294175	501.0317429641813	0.0	142.0610070269753	568.5287635590844	0.0	233.6093431408111	428.13165493865364	0.0	237.43547556576527	503.29388630715613	0.0	255.60126034689665	565.7008004399424	0.0
275	4.583333333333333	167.91730458657275	547.134033842567	0.0	138.3396974560024	545.6205596568851	0.0	117.49716144632526	656.8819069109419	0.0	87.62884179473625	767.0174656028257	0.0	115.44477027497719	793.8418245064076	0.0	96.10408630094385	796.8197207176299	0.0	76.20773411731523	783.9918751682967	0.0	191.01673816207472	544.8131028168759	0.0	228.4621279954161	645.7844714483907	0.0	231.8074940878253	757.9385806662193	0.0	271.42884835365527	784.4614454471059	0.0	273.893197775263	778.0089717712038	0.0	222.36965814788522	775.4776318047656	0.0	200.85844673074948	398.06935785830353	0.0	231.17815812025424	330.24471254669754	0.0	240.18412056058503	374.4633892905066	0.0	146.62826889002713	418.93725575992676	0.0	122.32148391863957	500.927453816176	0.0	142.0446765663135	568.456654072815	0.0	233.79114933469506	428.1230437204818	0.0	237.44244341097775	503.31778787648585	0.0	255.54015637359035	565.7658191140493	0.0
276	4.6	167.77249485061597	546.9850064024358	0.0	138.19554528951298	545.3124211236976	0.0	117.48040687957962	656.6715508839151	0.0	87.68953317445646	767.0949871980256	0.0	115.49298412557955	793.9728101857144	0.0	96.15411502084264	796.9473915364127	0.0	76.32142272420835	784.0613997056867	0.0	190.8779859934694	544.6814165420618	0.0	228.50180745568824	645.4915428787123	0.0	231.75208982814493	758.0351347829237	0.0	271.43733150781253	784.3936600386246	0.0	273.90189436650286	777.9893355285641	0.0	222.54638344177235	775.4786521819884	0.0	200.81680100243938	398.1291476107309	0.0	231.2702967906172	330.35231950290336	0.0	240.04599945383865	374.5698437137536	0.0	146.60675495018248	418.89751598308095	0.0	122.39932864182062	500.8609342801245	0.0	142.05918319220802	568.5035388888982	0.0	233.96126396788748	428.10998043554196	0.0	237.3863827845052	503.2797185174392	0.0	255.49559689357054	565.8089268607191	0.0
277	4.616666666666666	167.68279181414877	546.9811267562648	0.0	138.09485939327223	545.0578204627441	0.0	117.54185754582085	656.4270430200863	0.0	87.78141710448351	767.2316086985417	0.0	115.63127601908941	793.9998899337079	0.0	96.2647892880311	797.0193713032978	0.0	76.40575760636118	784.1667381614507	0.0	190.7565914063497	544.5576437010901	0.0	228.55037955823877	645.2380813010137	0.0	231.7233263139871	758.1598387977778	0.0	271.45812144546977	784.2594706488456	0.0	273.9349732212153	777.9007528726939	0.0	222.6243245911801	775.4081803152836	0.0	200.80899203937426	398.13191105145285	0.0	231.31580082596082	330.42991328809126	0.0	239.83935071521674	374.52094084447634	0.0	146.57321386700542	418.8951199934676	0.0	122.44997454456743	500.85704864059926	0.0	142.10855067243344	568.6431113874556	0.0	234.05390617818534	428.0456703119563	0.0	237.27208292601603	503.1597244641066	0.0	255.50454908056153	565.8031032491251	0.0
278	4.633333333333333	167.64607917816932	547.102297129486	0.0	138.01162463856983	544.9818458534436	0.0	117.62528372557742	656.194575671726	0.0	87.85425654296039	767.3806124932365	0.0	115.7706552169509	793.9686467954278	0.0	96.36257882792637	797.0559183652289	0.0	76.41301995107973	784.256792427661	0.0	190.68817127707058	544.5201391398016	0.0	228.56083109482083	645.0876064470965	0.0	231.74320712232338	758.2579061535214	0.0	271.500513911655	784.0417933977694	0.0	274.0162922308324	777.7635976945445	0.0	222.5972826388004	775.3073389132522	0.0	200.87536313663026	398.0777502409869	0.0	231.31938183156063	330.41384901050685	0.0	239.6769704529268	374.32348018389456	0.0	146.54402580432875	418.9234918546556	0.0	122.4637490599884	500.9091575960519	0.0	142.16178619829253	568.8209559546875	0.0	234.04572130104714	427.95525817691043	0.0	237.12244178989323	502.96416213536173	0.0	255.56340738040498	565.756494038809	0.0
279	4.65	167.65083995363997	547.2955415772226	0.0	137.94021633810283	545.1170688008536	0.0	117.66896096240653	656.0322192913236	0.0	87.88088486702475	767.5057929199746	0.0	115.87241017363854	793.9563046778245	0.0	96.42729194893965	797.093509260832	0.0	76.31597225406917	784.2954797592494	0.0	190.67312907206093	544.6198180417921	0.0	228.5120518384955	645.0503628267877	0.0	231.81153240873624	758.2829006440523	0.0	271.54728765636037	783.776000557504	0.0	274.14503586629786	777.6362038246198	0.0	222.5133860655742	775.2526450976068	0.0	201.0085102074253	398.0213736890806	0.0	231.2956261835944	330.3127633377851	0.0	239.6343306907139	374.0893962291333	0.0	146.52502933218796	418.9792329332538	0.0	122.44615574315694	500.9996780598681	0.0	142.1939203083292	568.9913209755807	0.0	233.96551184357963	427.89458625578	0.0	236.97394053104412	502.73401329052456	0.0	255.62105981639252	565.6907245189145	0.0
280	4.666666666666667	167.6782217468857	547.4598378182998	0.0	137.88997633516996	545.3228467826582	0.0	117.67027578898139	655.9800804789015	0.0	87.88994707839346	767.6156913855874	0.0	115.96957131468571	793.986799646229	0.0	96.48837803638655	797.1384348547267	0.0	76.15221698586016	784.2907752192971	0.0	190.6675218962431	544.7598050202558	0.0	228.417592717085	645.0910628039186	0.0	231.9118845344674	758.256185903204	0.0	271.5418050148529	783.5776167223962	0.0	274.243256984203	777.5811484465255	0.0	222.43747989071122	775.2834929855671	0.0	201.13741834846283	398.01756127229845	0.0	231.26029585378922	330.24416393500144	0.0	239.71786346509057	373.92266147151065	0.0	146.52707061885346	419.0605616097067	0.0	122.41081642057725	501.12496124996784	0.0	142.2054010020241	569.1365799698657	0.0	233.85495931783626	427.88632267919905	0.0	236.8764824148224	502.5451131930219	0.0	255.61333385270052	565.6155830663864	0.0
281	4.683333333333334	167.70130908430684	547.5078945791739	0.0	137.8591693965884	545.4559113452274	0.0	117.646630259749	656.0161505193347	0.0	87.92259087030965	767.7122266870487	0.0	116.08135837783655	794.0367848333829	0.0	96.53845660344018	797.2004313628224	0.0	75.98746731782711	784.2962502139178	0.0	190.6169228377283	544.8213064253616	0.0	228.3106645840763	645.1671211570198	0.0	232.03140734674096	758.2196140827274	0.0	271.4483065656464	783.524591804847	0.0	274.2384400587744	777.6348344810108	0.0	222.39930752368076	775.3907957483566	0.0	201.19939358226435	398.0762724630791	0.0	231.24612891270579	330.2733863659952	0.0	239.91112268506652	373.8233022031994	0.0	146.55714805300013	419.14879965763276	0.0	122.3728809740075	501.27538264310033	0.0	142.19972176196472	569.2544397080852	0.0	233.73264089932547	427.93251073358357	0.0	236.85442496142002	502.461031694084	0.0	255.51791107594642	565.5514905069758	0.0
282	4.7	167.68836061819644	547.449623861277	0.0	137.82392288533435	545.5288107269749	0.0	117.5851285376246	656.0844960447707	0.0	87.96877010476082	767.7542537673625	0.0	116.17503495984548	794.084816220948	0.0	96.53992693270986	797.309205440692	0.0	75.84826023506123	784.3673278486266	0.0	190.50044294142788	544.81518647479	0.0	228.22223120680593	645.2433813561463	0.0	232.16109074597858	758.1748786656607	0.0	271.2972515532237	783.5789375823465	0.0	274.1447138816049	777.7957043586563	0.0	222.3917681719537	775.5384123577272	0.0	201.2081135308244	398.16789273712686	0.0	231.29045757649155	330.32874165319345	0.0	240.17288726915427	373.71941338035407	0.0	146.60956397376182	419.2146921934448	0.0	122.34426521768444	501.4209777128078	0.0	142.16711620323755	569.3397215100416	0.0	233.6156522117955	428.0322746740006	0.0	236.88103108319206	502.4752685930726	0.0	255.37650628701277	565.5277247594806	0.0
283	4.716666666666667	167.63153300778407	547.3588907683053	0.0	137.76480374246285	545.6135880241662	0.0	117.4814754302675	656.1705409550215	0.0	87.98500659465014	767.7064706533943	0.0	116.23060948831002	794.1152348300943	0.0	96.51446507796328	797.4627096517039	0.0	75.73272339287267	784.5109965443385	0.0	190.3548622851886	544.7979478544289	0.0	228.1693943297602	645.2871428879822	0.0	232.2754228153465	758.1285970875248	0.0	271.14019493751766	783.6850745298216	0.0	274.0170671836603	778.0230390376436	0.0	222.40158917386862	775.6717300943403	0.0	201.21479316710744	398.2497395158857	0.0	231.40459300103515	330.35029320400037	0.0	240.41709875712974	373.57466096344234	0.0	146.6739243237449	419.2568692503637	0.0	122.33697648974618	501.54535235079675	0.0	142.1023411111396	569.3901418596763	0.0	233.53902271763164	428.15445302408	0.0	236.93042203460652	502.53607745629284	0.0	255.26052552344711	565.5563334602226	0.0
284	4.733333333333333	167.56013298584696	547.2766049926714	0.0	137.69532849666714	545.7071279303628	0.0	117.38433016968894	656.3073124102443	0.0	87.94977595253563	767.6009114876907	0.0	116.27689624377078	794.1069080070841	0.0	96.5395866769464	797.6004861067099	0.0	75.66392224494598	784.6835276430572	0.0	190.25301294411753	544.752792576113	0.0	228.15754710211112	645.2750544555365	0.0	232.34101003483372	758.1324642173764	0.0	270.9982053461057	783.8430466189983	0.0	273.8852369339644	778.248562072454	0.0	222.4237562484941	775.7352967946672	0.0	201.23215657482515	398.28556933767067	0.0	231.56522329816497	330.3989427020196	0.0	240.57207641426498	373.4287141864707	0.0	146.73504275914868	419.30802777212676	0.0	122.36114006735464	501.6664959537168	0.0	142.02529523769041	569.4046023824008	0.0	233.52178150317138	428.2431526780292	0.0	237.0150647191848	502.6232231926162	0.0	255.22240557435	565.6366968463221	0.0
285	4.75	167.51609486715097	547.2148972322165	0.0	137.65616617012424	545.8028842856678	0.0	117.33515671621029	656.4903354060177	0.0	87.87000838424301	767.5004305509142	0.0	116.32018018409997	794.0491545487109	0.0	96.6289074617714	797.6516185539544	0.0	75.67636333003033	784.8320563129744	0.0	190.25406529183937	544.6809462976615	0.0	228.18709477031317	645.2286476090968	0.0	232.34702316843686	758.2078867139418	0.0	270.89180269498274	784.0239669453894	0.0	273.7791681732355	778.4013475966816	0.0	222.455154406503	775.7128406988033	0.0	201.2495213494447	398.26144957276347	0.0	231.74448463165152	330.5268550223871	0.0	240.64394108056035	373.337491713489	0.0	146.76820099587349	419.38157753199516	0.0	122.4017459697585	501.7962451224674	0.0	141.97786710963328	569.3771342977979	0.0	233.54832287064238	428.2754057071804	0.0	237.13047759334663	502.75445792114556	0.0	255.27452686907426	565.7659689262233	0.0
286	4.766666666666667	167.5303901170428	547.2164857023736	0.0	137.6864082438961	545.9667372934248	0.0	117.30247051401362	656.6421581989673	0.0	87.76707205757326	767.4164022010225	0.0	116.30213670055959	793.9610520701304	0.0	96.69997972160462	797.5853353656227	0.0	75.75792211697231	784.9214171796508	0.0	190.37978507114042	544.6851394275288	0.0	228.24973663535812	645.2228399654155	0.0	232.31002103122896	758.2830061338486	0.0	270.86425567801615	784.1315103037114	0.0	273.75325442133067	778.434139893465	0.0	222.47802984509292	775.64374278065	0.0	201.28738546572689	398.20077663299554	0.0	231.93006848899506	330.66732351153416	0.0	240.68308543986808	373.31972518854474	0.0	146.76715657999304	419.44323009854435	0.0	122.42200893375765	501.9062274400301	0.0	142.00178132723437	569.3201257050822	0.0	233.60547880421566	428.27330990163125	0.0	237.22950315966494	502.9269311092657	0.0	255.3904189334936	565.9294185379762	0.0
287	4.783333333333333	167.6102194055851	547.3109738618095	0.0	137.79130075176056	546.2155119860869	0.0	117.2468216431154	656.6932584760918	0.0	87.67687543176197	767.316346593429	0.0	116.18333946495315	793.8775324922909	0.0	96.6933381751223	797.4110146536894	0.0	75.85861056295224	784.9236361575905	0.0	190.615955809679	544.82697087291	0.0	228.32507986962455	645.3074522933063	0.0	232.2547588623813	758.275930839041	0.0	270.9292648824401	784.1204393861591	0.0	273.83158612767704	778.3484400685044	0.0	222.4599005356908	775.5776535944414	0.0	201.3731141893471	398.15484584432966	0.0	232.10883040657043	330.75174605238306	0.0	240.71443402060999	373.37286192099	0.0	146.77766969476767	419.45969920648236	0.0	122.41013057815661	501.95897168499334	0.0	142.10546410325483	569.2711552017076	0.0	233.70857450529624	428.25403101562193	0.0	237.2986530045466	503.11332315425136	0.0	255.51827404951257	566.0998008257151	0.0
288	4.8	167.73395222389303	547.4471283815865	0.0	137.93654240305017	546.4388525133681	0.0	117.20080938488678	656.6441247037259	0.0	87.64198573761753	767.1927519081812	0.0	116.00680363885125	793.8190310824234	0.0	96.6295996329433	797.1724820123347	0.0	75.95145701490759	784.8191167573875	0.0	190.91201947411076	545.0258443700059	0.0	228.3956096464885	645.4392572644493	0.0	232.19079865558885	758.1979284596894	0.0	271.03421539743226	784.0620181182991	0.0	273.96670779548276	778.1951963706682	0.0	222.38318824870584	775.5283263487796	0.0	201.49084922799622	398.15520672228007	0.0	232.25490072021609	330.8110247719066	0.0	240.72250205006495	373.4988387055921	0.0	146.86718484250014	419.44062479730576	0.0	122.39450859037039	501.9431167601192	0.0	142.2542401057	569.2574556223624	0.0	233.8762664256665	428.2190607404081	0.0	237.38828427211718	503.31525902181363	0.0	255.6068230615429	566.2525078344685	0.0
289	4.816666666666666	167.86543801108252	547.5572329226659	0.0	138.0786495119319	546.5539425841122	0.0	117.20068668761532	656.5347706654078	0.0	87.68390527836146	767.0744578942422	0.0	115.84023871372173	793.7934900178153	0.0	96.54204664750148	796.948977437358	0.0	76.03618044323713	784.630964975811	0.0	191.19659679673683	545.2130381606836	0.0	228.45518381200537	645.5406864175542	0.0	232.1121754805903	758.1105793148523	0.0	271.1085834607146	784.0277036655137	0.0	274.0864658990848	778.0363364143128	0.0	222.26771232439495	775.4974757312689	0.0	201.6097228738136	398.1836816136965	0.0	232.33885186365376	330.8766987100062	0.0	240.68938297978698	373.67886844010894	0.0	147.05474483718973	419.4082282087583	0.0	122.40335176300457	501.8574245634093	0.0	142.40281250089484	569.2750372833481	0.0	234.10210088710218	428.1984562767281	0.0	237.5243421458243	503.5550740284558	0.0	255.6356454810399	566.3732458990587	0.0
290	4.833333333333333	167.97401917716596	547.6432305283907	0.0	138.18776382636085	546.6097473926241	0.0	117.20627599648546	656.4106663120737	0.0	87.77624403157344	766.992181618732	0.0	115.71595358086623	793.8071477837091	0.0	96.44598812963642	796.815621956925	0.0	76.0975337044401	784.4352831744986	0.0	191.40600331290594	545.4377559540309	0.0	228.49363365455184	645.5932463187606	0.0	232.02525647675824	758.0403265911775	0.0	271.1332664351783	783.9893362979444	0.0	274.1606878384732	777.9066406522677	0.0	222.1583381062774	775.5005454913941	0.0	201.7345937385528	398.2109016217671	0.0	232.3520462980482	330.91305205676093	0.0	240.6344197699754	373.8515589021476	0.0	147.29778353128322	419.35901499974494	0.0	122.43278856606732	501.69819499724684	0.0	142.521396896364	569.3028668538794	0.0	234.3584026978893	428.2550080832766	0.0	237.66201120540214	503.80805200556404	0.0	255.62185194680143	566.4571319389803	0.0
291	4.85	168.0420440244309	547.7375587459948	0.0	138.24501265349193	546.647432844901	0.0	117.17413572136019	656.3291586172418	0.0	87.85314029090371	766.9635066295934	0.0	115.64893674989564	793.8444430543395	0.0	96.3753578698455	796.787178745878	0.0	76.11443417339349	784.3081465082126	0.0	191.51156813607156	545.7159638141477	0.0	228.49880727923542	645.6193817981504	0.0	231.95487215647827	757.9977845362998	0.0	271.13752272794386	783.9079605340042	0.0	274.1887824361733	777.8116928597316	0.0	222.09528402572636	775.5292862534039	0.0	201.88469281052485	398.2314843348154	0.0	232.3321541086241	330.91764734705504	0.0	240.60423541288435	373.96057492421915	0.0	147.5397206455217	419.29065860171346	0.0	122.46248950033896	501.4935019859364	0.0	142.58846908319597	569.3142329095491	0.0	234.61293441818725	428.41706352087886	0.0	237.76554959426932	504.0107198075506	0.0	255.6031965983113	566.5027521706403	0.0
292	4.866666666666666	168.06429256520337	547.8393011434755	0.0	138.24132470821792	546.6095708930043	0.0	117.13201286397057	656.3437814447863	0.0	87.85322465084106	766.9841687430626	0.0	115.65071088056743	793.8639160493593	0.0	96.37765669935457	796.8185188104472	0.0	76.1011211374181	784.2649226371933	0.0	191.53979528915977	545.929929671394	0.0	228.48283251146347	645.6182235417737	0.0	231.92249328028015	758.0088806954981	0.0	271.1474937843329	783.8305525280305	0.0	274.1555329026336	777.7474032389678	0.0	222.08979196470526	775.5361850883895	0.0	202.05106817609413	398.2461096968029	0.0	232.35369819206932	330.9574757314649	0.0	240.63429917977982	374.004763235719	0.0	147.7434482218688	419.2376636775436	0.0	122.4852609537656	501.316291287497	0.0	142.58361798582612	569.2863949691016	0.0	234.84453892217374	428.6367061526646	0.0	237.8583316090138	504.13389285864446	0.0	255.62409162726033	566.5127116811184	0.0
293	4.883333333333333	168.05260562340652	547.9371705429794	0.0	138.1864216000062	546.4741233155936	0.0	117.11600065852954	656.4525588494432	0.0	87.75872254807909	767.0193918850856	0.0	115.70333606074328	793.8406811347083	0.0	96.44831602965237	796.8619466413164	0.0	76.0892497159936	784.2686207458886	0.0	191.54200467348653	545.9886266136963	0.0	228.4759476854327	645.5872248137565	0.0	231.94103231461514	758.0642224526048	0.0	271.17590310548064	783.7887991644074	0.0	274.0723543459867	777.6971828364824	0.0	222.12407242425869	775.4928451920268	0.0	202.22261630843897	398.2596433150346	0.0	232.47811550206117	331.04632594417234	0.0	240.74421056448355	374.01003418718534	0.0	147.8949419099213	419.2383389164668	0.0	122.5045838865507	501.2262593424322	0.0	142.50020799552829	569.2292978683602	0.0	235.05097872150583	428.8454498295168	0.0	237.96061916774408	504.17571120754894	0.0	255.70950166454426	566.5111369877865	0.0
294	4.9	168.04839500391043	548.0400254753561	0.0	138.1174023153871	546.3269198218418	0.0	117.10699572696618	656.598414588002	0.0	87.60061444954044	767.0301864513532	0.0	115.76949420959211	793.7979635495664	0.0	96.52778522150874	796.9026052990937	0.0	76.08246888816528	784.2913515763622	0.0	191.53868398325886	545.9557032549792	0.0	228.49906969826864	645.560538152305	0.0	232.0127647983683	758.1002078089372	0.0	271.2346962033949	783.699735974266	0.0	274.0188250126063	777.623010416518	0.0	222.1807939454195	775.4311624824978	0.0	202.42225463907644	398.29634286032893	0.0	232.70673714451456	331.1082004139849	0.0	240.93586791310926	373.9872825972703	0.0	148.00513198122127	419.2920994355508	0.0	122.51735789526829	501.2159356332834	0.0	142.36153579821013	569.1868198408073	0.0	235.23697336817355	429.0126166839876	0.0	238.0561490689677	504.1113146171374	0.0	255.83621133764228	566.5330575691896	0.0
295	4.916666666666667	168.11152370314284	548.1366064265011	0.0	138.08961639429563	546.2130894943425	0.0	117.08561243155796	656.7313346830305	0.0	87.43770377514102	767.0141717872191	0.0	115.83862640401995	793.7812541520415	0.0	96.5957446358741	796.9373281708738	0.0	76.06631417540231	784.3444294648091	0.0	191.52004152624582	545.9154871818157	0.0	228.56554639190085	645.5680074660089	0.0	232.1085507460158	758.0789074920172	0.0	271.3084114284875	783.5069755370056	0.0	274.0476865430753	777.5122064119574	0.0	222.2618011903428	775.40405142836	0.0	202.66546524006574	398.3762980737803	0.0	232.98823717360824	331.1209124687941	0.0	241.16460355063055	373.9506215265253	0.0	148.1061224491563	419.3712333250956	0.0	122.52490080773633	501.23183887970254	0.0	142.21412289035462	569.1874873633982	0.0	235.40426584000363	429.12781154218993	0.0	238.14869445403966	503.9364780185616	0.0	255.9463972103607	566.5843051068101	0.0
296	4.933333333333334	168.2661635676626	548.15185542604	0.0	138.13815895351934	546.0529355360206	0.0	117.09377932772696	656.8225679869893	0.0	87.33042064214808	767.0003908287322	0.0	115.93004522027547	793.8100983678485	0.0	96.69749867419654	796.9594866247148	0.0	76.0414276537921	784.4490814053659	0.0	191.48176886175185	545.8339513661082	0.0	228.68113993694718	645.5872986595678	0.0	232.1738861628295	758.0411480724091	0.0	271.3456900339889	783.32069812954	0.0	274.10633736015836	777.4218729091051	0.0	222.37459263978832	775.4298717040936	0.0	202.9267261653249	398.4860960569626	0.0	233.27707539529746	331.18375803028636	0.0	241.36199574821123	373.9304369072676	0.0	148.2201807672781	419.44854029093705	0.0	122.55078102712092	501.2279415472489	0.0	142.0970751594835	569.2138635963189	0.0	235.56249998735152	429.192982799571	0.0	238.28621241345633	503.7373679149195	0.0	255.9988142383332	566.651949094098	0.0
297	4.95	168.4654046069617	547.9867525461689	0.0	138.24959765087632	545.7812165282342	0.0	117.17531261218872	656.8293100248743	0.0	87.31392337217923	767.0046688325664	0.0	116.05111475433338	793.8721182214991	0.0	96.85956431046752	796.9814809762894	0.0	76.0264903683514	784.6039473803746	0.0	191.43876073208037	545.6496932226792	0.0	228.82570102359372	645.5624374430136	0.0	232.17936719388027	758.0504798859264	0.0	271.3353740895377	783.2707452328915	0.0	274.1396635182226	777.4126034287118	0.0	222.5187078559227	775.4961946184567	0.0	203.18687927579649	398.5923790899077	0.0	233.56640165135485	331.3592955425728	0.0	241.50722354029762	373.9391293855712	0.0	148.34006651141522	419.5089194200568	0.0	122.61695422174749	501.1858423233477	0.0	142.02460519604185	569.2344953585047	0.0	235.73418996055344	429.254044032994	0.0	238.49871713977564	503.6398058407312	0.0	256.0161600164805	566.7542783176522	0.0
298	4.966666666666667	168.63610256340974	547.6123508379973	0.0	138.38744908886233	545.4516549595805	0.0	117.30332706883496	656.7170018061012	0.0	87.37564828486114	767.0158350362145	0.0	116.17482628157228	793.9514570912673	0.0	97.04678786934201	797.0359113062289	0.0	76.03580171443554	784.782073892871	0.0	191.4131103217442	545.395531221155	0.0	228.96359593708138	645.4688749241028	0.0	232.14773319521265	758.1167722111591	0.0	271.3579625553368	783.3324942590215	0.0	274.1933752936227	777.4661792952065	0.0	222.68403928949198	775.5893341548721	0.0	203.45395593438693	398.67860983931564	0.0	233.85880893066528	331.5589149364637	0.0	241.6294261661825	373.9682560487585	0.0	148.4599909938695	419.5471551334651	0.0	122.71119215777654	501.10827650533935	0.0	141.99823600245088	569.246927856719	0.0	235.93465873761062	429.3812377140745	0.0	238.75280483310598	503.70198437913484	0.0	256.0717261525736	566.9358350949797	0.0
299	4.983333333333333	168.74941770082228	547.104270421886	0.0	138.52987030908358	545.1412009237274	0.0	117.43148093084802	656.519317376693	0.0	87.4598600824149	767.0272088490811	0.0	116.26811998910118	794.0341814061771	0.0	97.20591929545053	797.1335076501449	0.0	76.06125969722905	784.932915138425	0.0	191.41817974847487	545.1361250166652	0.0	229.0703571189767	645.3426412959436	0.0	232.11643677822443	758.203194659825	0.0	271.4854772138391	783.4350725816207	0.0	274.3215076685682	777.5414803195264	0.0	222.85021743014465	775.6871709990289	0.0	203.71292454165584	398.755010259725	0.0	234.1277629854213	331.6896600670715	0.0	241.7505148922751	374.0275842727498	0.0	148.59749395410086	419.56154465336965	0.0	122.80193786351371	501.01935133693183	0.0	142.02128125004654	569.2692955157219	0.0	236.14939515335706	429.59705462924614	0.0	239.00274439938764	503.90217860387213	0.0	256.21868960716654	567.1968347762706	0.0
300	5.0	168.83222880931365	546.5841457130841	0.0	138.67744324018946	544.8548820947915	0.0	117.56089772209634	656.3277444125915	0.0	87.50503928974143	767.0476451685805	0.0	116.32779422311563	794.1049914694879	0.0	97.31100473493018	797.2411167304996	0.0	76.08617014282736	784.9993777044524	0.0	191.45806477437685	544.8762574502157	0.0	229.13592412099214	645.2241109184604	0.0	232.0945748049272	758.2778040834522	0.0	271.6708421858298	783.6015087890307	0.0	274.46660075838315	777.6581162195655	0.0	222.98016455771238	775.7553279989717	0.0	203.9182018971735	398.836814163407	0.0	234.3335388880448	331.7796524979412	0.0	241.879329683477	374.13167686145516	0.0	148.76582222062822	419.56691051531146	0.0	122.8681214348968	500.96003097314025	0.0	142.09379238454412	569.3072125641903	0.0	236.34385737293468	429.8543660684795	0.0	239.2526965896974	504.1898536131013	0.0	256.4502257238526	567.45457522126	0.0
301	5.016666666666667	168.92614250002717	546.156991741771	0.0	138.84539285504957	544.599304347067	0.0	117.69934816698434	656.2103383214999	0.0	87.48543316076075	767.074970213031	0.0	116.37794525885214	794.1674908997836	0.0	97.36492129860052	797.3194263136944	0.0	76.10585593523612	784.9694694999885	0.0	191.52710243093765	544.6253537483744	0.0	229.16536715459094	645.1252784609312	0.0	232.07235611058863	758.3168555950381	0.0	271.82024789154224	783.8356823687556	0.0	274.53555772028176	777.834003283713	0.0	223.02372498149768	775.7820617168074	0.0	204.0601994138139	398.9241282130066	0.0	234.48285770627254	331.8535748171083	0.0	242.0520204517674	374.2446007513014	0.0	148.94144581960907	419.6042752185873	0.0	122.9034378031993	500.95992947639525	0.0	142.19661161248584	569.3549792582064	0.0	236.50160536000885	430.0914938974412	0.0	239.52367332716207	504.49721640364413	0.0	256.7162856161191	567.6228220238314	0.0
302	5.033333333333333	169.04345275411015	545.8811598619404	0.0	139.04098823142056	544.4461492294026	0.0	117.80797353418008	656.1581291226531	0.0	87.42365419697259	767.0936673827822	0.0	116.44272780230173	794.2455201377361	0.0	97.38221277830654	797.3737398678218	0.0	76.1231794758386	784.8968411164635	0.0	191.59789630600673	544.4560653254971	0.0	229.18978827103467	645.0787228384978	0.0	232.05343059486023	758.2966005807393	0.0	271.908471900421	784.0212924349406	0.0	274.52670333320054	778.0008725905813	0.0	222.95974138783282	775.7839958358503	0.0	204.19268495372543	399.00024961375925	0.0	234.63947042323787	331.84926122850646	0.0	242.31860383905178	374.31620437024816	0.0	149.07199189115266	419.7039905072644	0.0	122.9160195488548	501.01624099985537	0.0	142.29043950950836	569.4228566285095	0.0	236.64196987844267	430.2721673500358	0.0	239.7985396332176	504.74913351627714	0.0	256.9530510765708	567.7163987730185	0.0
303	5.05	169.15998497642292	545.7454002962423	0.0	139.241850429054	544.4281969306564	0.0	117.8428156097156	656.1269647008089	0.0	87.3728558830523	767.1082908741969	0.0	116.51950054569475	794.3470202906443	0.0	97.38172079983822	797.4453461939321	0.0	76.13742221335791	784.8404441130151	0.0	191.631380132018	544.3993828900417	0.0	229.25751340631953	645.1342225233528	0.0	232.05464036507402	758.2342770091661	0.0	271.9400331503713	784.0895175210695	0.0	274.4844715138611	778.0856132273551	0.0	222.82650182773313	775.7631374208212	0.0	204.3626501669127	399.0548303286855	0.0	234.869334183932	331.7647788747499	0.0	242.67781829758047	374.39180795436505	0.0	149.12840721577444	419.84597678246007	0.0	122.93127315812197	501.10931694563175	0.0	142.33841768639311	569.5379300049957	0.0	236.79782730007068	430.3664519020366	0.0	240.04436523323022	504.9062910387707	0.0	257.1080156074464	567.7987731745486	0.0
304	5.066666666666666	169.2506393023626	545.6889777949782	0.0	139.40420461137018	544.4704186506808	0.0	117.8147751085301	656.1131718457117	0.0	87.38747881200986	767.1487690722395	0.0	116.58092653350089	794.4448573174337	0.0	97.37937802977768	797.5571794921862	0.0	76.14144582948374	784.8037509292162	0.0	191.61684253258568	544.3787319531602	0.0	229.3984546060681	645.2838935339421	0.0	232.07602949044244	758.1969637764432	0.0	271.8817921461506	784.1526099388208	0.0	274.3940165977877	778.1228380901939	0.0	222.68090764846824	775.6995200347114	0.0	204.54890884390147	399.10873878371376	0.0	235.20219121919956	331.7291263322084	0.0	243.07663944366777	374.59415690537776	0.0	149.14037995681713	419.97908484630693	0.0	122.97511481715568	501.22423748563824	0.0	142.32749548027783	569.7112599146542	0.0	236.99575871138833	430.35362074100044	0.0	240.25074654376502	504.96529813655974	0.0	257.158110855955	567.8483022546305	0.0
305	5.083333333333333	169.31455672372155	545.6750134446922	0.0	139.49639448130753	544.5088001588324	0.0	117.76051046191519	656.1501791696397	0.0	87.49204770685226	767.2345906381827	0.0	116.60461636753115	794.5051132054361	0.0	97.37801433489624	797.6983553753117	0.0	76.1226658243705	784.7638233356955	0.0	191.58432634440408	544.3357632988611	0.0	229.5991396891398	645.466915841243	0.0	232.09307488197626	758.2179889079724	0.0	271.7240830175405	784.338512083955	0.0	274.22537199134854	778.201626152338	0.0	222.5538507500651	775.5991793136465	0.0	204.71364633233384	399.2034824117445	0.0	235.63113967535776	331.8271918796091	0.0	243.48220207839194	374.96365127192735	0.0	149.15997295979108	420.06835164253	0.0	123.0526422905111	501.33831035613787	0.0	142.26323405023754	569.9212752018589	0.0	237.25413223327286	430.2710614278074	0.0	240.4193283608263	504.9234690927637	0.0	257.1175572065382	567.7818327408243	0.0
306	5.1	169.36885630890282	545.7379038567946	0.0	139.53078313831313	544.586031162434	0.0	117.68667939576072	656.2494210120165	0.0	87.66517550714929	767.3579488472769	0.0	116.58426825510038	794.5251563162981	0.0	97.37266685206494	797.8466113105969	0.0	76.06649572777665	784.732966016125	0.0	191.57114421028905	544.3366312854196	0.0	229.82080213123928	645.6469196378338	0.0	232.085916068416	758.2454732324645	0.0	271.5409970175913	784.6112447712972	0.0	274.03710227753254	778.3503567209887	0.0	222.458060736935	775.5122644757279	0.0	204.87161663840382	399.3615364308648	0.0	236.12148511905156	331.992246380052	0.0	243.89485328705277	375.39821424458773	0.0	149.21595310438124	420.1127939852464	0.0	123.154230940599	501.39675287259035	0.0	142.15360150078004	570.1254328548068	0.0	237.5688378039339	430.20660586430773	0.0	240.55493199118655	504.7852370303013	0.0	257.0360677787738	567.586701464237	0.0
307	5.116666666666666	169.43788747818377	545.9401458577104	0.0	139.55752786064596	544.7487868724894	0.0	117.59652650006099	656.393602866579	0.0	87.85151756962533	767.4969375124873	0.0	116.52754854708351	794.5252335874927	0.0	97.37031628518204	797.9602783396475	0.0	75.96721644502712	784.7430806091387	0.0	191.60613176622996	544.4659330331428	0.0	230.04124714595957	645.8225025352313	0.0	232.06242521422448	758.2119845720415	0.0	271.4040800732579	784.851888375226	0.0	273.9217941480066	778.5229413297997	0.0	222.39453539184822	775.48552868588	0.0	205.0588083694593	399.5613580011062	0.0	236.62220920342924	332.1480707199036	0.0	244.2896654893681	375.7721261719814	0.0	149.3287382916332	420.1362143113721	0.0	123.27050374070254	501.3412077183623	0.0	142.01425238866278	570.2720021415374	0.0	237.90397512480845	430.22206067279757	0.0	240.68466333038168	504.59327299666694	0.0	256.9873947668024	567.3313052671167	0.0
308	5.133333333333333	169.53118477851734	546.2798701929347	0.0	139.6197820433374	544.936953840396	0.0	117.52886402409177	656.565179680538	0.0	87.98857775196467	767.6173158379253	0.0	116.45444650172928	794.5108768559527	0.0	97.39098022866747	797.9806514916388	0.0	75.84803725084497	784.7863021908694	0.0	191.71905149900385	544.6791965136758	0.0	230.26552790295455	645.9794077696286	0.0	232.05378296641976	758.1078735924262	0.0	271.2934602493792	785.0037710029455	0.0	273.87931709218003	778.6567931915833	0.0	222.35055965164614	775.5133529004675	0.0	205.28341063090858	399.75811426810174	0.0	237.0832481852716	332.3208978690848	0.0	244.62855971945922	376.0300821249599	0.0	149.5280906365278	420.1682212006629	0.0	123.39046764081574	501.17645139264283	0.0	141.88046025133133	570.3194672397924	0.0	238.2203351867086	430.3282622332065	0.0	240.85916844504982	504.43407627736224	0.0	257.03961728594425	567.0723500731626	0.0
309	5.15	169.62062357696578	546.670185132738	0.0	139.7100195771168	545.0695980980034	0.0	117.50965517825227	656.7271146567233	0.0	88.03641658110975	767.6772311070777	0.0	116.37624151933576	794.4757916526485	0.0	97.42530308675725	797.8987899342485	0.0	75.75642152362713	784.8191937210642	0.0	191.91648669846444	544.8621285339332	0.0	230.49442987160765	646.083407033417	0.0	232.09053873793704	757.9693557937887	0.0	271.16751871614906	785.058650447001	0.0	273.84896655191295	778.7193563645551	0.0	222.32052287783628	775.5508564262295	0.0	205.55248551859782	399.91734732948964	0.0	237.47279442705226	332.53367139403764	0.0	244.94004273215043	376.1509842281098	0.0	149.82591685864418	420.21859123533596	0.0	123.49859721109777	500.97339523630984	0.0	141.79337286911243	570.2711405485131	0.0	238.50473761244805	430.5228301755056	0.0	241.11427048555106	504.39307824961656	0.0	257.21077411780135	566.840653047388	0.0
310	5.166666666666667	169.6628714976922	547.0066769258657	0.0	139.7739073067858	545.1540431555068	0.0	117.51254439880991	656.8087635201489	0.0	87.99616419580438	767.657624202617	0.0	116.28907804672468	794.4254800089809	0.0	97.41461393610219	797.7759743084878	0.0	75.71666545573832	784.8196060537589	0.0	192.15116725166132	544.9694492382748	0.0	230.70325879109717	646.1079206284576	0.0	232.1738399528336	757.8403242348999	0.0	271.05075788806903	784.9969691283361	0.0	273.8203559320324	778.7120888299607	0.0	222.31100522164635	775.566789396614	0.0	205.89478397064292	400.02656531301426	0.0	237.78514448929	332.7191932411165	0.0	245.30165234650124	376.11444155393576	0.0	150.20166038922915	420.2661931870729	0.0	123.58883366076849	500.8060755217679	0.0	141.77318842670974	570.1789316971574	0.0	238.7552821472293	430.79021078684525	0.0	241.43135521838616	504.49122647587023	0.0	257.46474538854903	566.6942510860431	0.0
311	5.183333333333334	169.6545529086172	547.2165095690418	0.0	139.77346119571095	545.2132278071447	0.0	117.51352536683048	656.7670665152746	0.0	87.90950877289764	767.5785759211976	0.0	116.20554600311466	794.3700092200704	0.0	97.31938332030676	797.6604135684443	0.0	75.7081250431687	784.8039699359425	0.0	192.35314083723705	544.9948810446609	0.0	230.85626257160334	646.0405713501087	0.0	232.2742603973713	757.7580619124658	0.0	270.9863566243397	784.8327112758352	0.0	273.81836883366947	778.6501179434334	0.0	222.3214448395728	775.5624520273055	0.0	206.30581021472375	400.10280732607066	0.0	238.03901436409203	332.83448520745253	0.0	245.7325976310231	375.9532544674243	0.0	150.62348034097593	420.28171777308864	0.0	123.67739668734264	500.71335856563053	0.0	141.81235602405604	570.0937833089273	0.0	238.96584497463874	431.07926590379606	0.0	241.75967598603177	504.68439677185614	0.0	257.76223521713905	566.6858909094863	0.0
312	5.2	169.65057440084703	547.2634003583472	0.0	139.73728184849722	545.2021312683883	0.0	117.53219959340812	656.6343394958267	0.0	87.83889724330145	767.48143897573	0.0	116.16159433487317	794.3130016932657	0.0	97.1750826788038	797.5371346518268	0.0	75.70534186457728	784.7969301689155	0.0	192.48710576697502	544.9017361701738	0.0	230.9281883688951	645.881828772181	0.0	232.35854349796236	757.7429535595494	0.0	270.97534631094936	784.6549887237006	0.0	273.8424742042905	778.5517075839907	0.0	222.34235034032872	775.5451259420881	0.0	206.71072530742077	400.18579563967165	0.0	238.27216557272354	332.9460203840172	0.0	246.16049383151744	375.7826893303415	0.0	151.05394532067425	420.2716974560956	0.0	123.79063933662341	500.69856256514214	0.0	141.89020507013205	570.0275197370013	0.0	239.14828868816923	431.3365056228154	0.0	242.07698918530735	504.91627262660177	0.0	258.0913273398488	566.7899762094322	0.0
313	5.216666666666667	169.7110637607794	547.155295918867	0.0	139.72373355042276	545.0902944437687	0.0	117.58714325129243	656.4743339866386	0.0	87.81803924847203	767.4007563448804	0.0	116.1678201225831	794.2517094574384	0.0	97.04048821140506	797.3768594016963	0.0	75.70418020504512	784.8129523593702	0.0	192.55953542443478	544.6948723927085	0.0	230.91354798573371	645.662132842383	0.0	232.4104638835369	757.7772874080738	0.0	271.0195316855062	784.5141435159794	0.0	273.90201043193514	778.4204057919708	0.0	222.3626954930362	775.5158818801733	0.0	207.03508472304486	400.2960332486892	0.0	238.5354074465039	333.1027002519693	0.0	246.49857499432346	375.70068857287015	0.0	151.43670202717635	420.2882547092091	0.0	123.94417115085501	500.73524018590814	0.0	141.98421454677873	569.9689887755378	0.0	239.33627540613915	431.549711933766	0.0	242.39476445381078	505.14726970621456	0.0	258.4474750953607	566.9544594546896	0.0
314	5.233333333333333	169.8413602507216	546.9476070597539	0.0	139.756963973095	544.9402824505988	0.0	117.65761655850216	656.326525421882	0.0	87.81822367444997	767.3487736567819	0.0	116.18089593355369	794.1793245272953	0.0	96.94060167580874	797.1892411904804	0.0	75.71026373504644	784.8510831716686	0.0	192.5874044199735	544.463161213407	0.0	230.82932912592418	645.4431382411093	0.0	232.43433669026538	757.8130447627373	0.0	271.1476925927352	784.3299698760475	0.0	274.0395908381701	778.2317652047907	0.0	222.36993333022485	775.4866038394858	0.0	207.27977339365086	400.41374711914546	0.0	238.87206260609995	333.24332776957107	0.0	246.7246873091299	375.69033461777195	0.0	151.71762248665038	420.37157124969946	0.0	124.12911076347636	500.78166060439617	0.0	142.075273519742	569.9085891774083	0.0	239.56022331338863	431.7280447306316	0.0	242.71537326230123	505.34860713007623	0.0	258.81207671323693	567.1900230694084	0.0
315	5.25	170.00781339472707	546.7270977536675	0.0	139.8338848456514	544.8286107924741	0.0	117.718206701843	656.214625945873	0.0	87.7923893083903	767.3212639462156	0.0	116.15013921990851	794.0963930901141	0.0	96.88723589149129	797.0147617984867	0.0	75.74060620810896	784.8843462584616	0.0	192.58937454777728	544.2832866742947	0.0	230.71812476903304	645.2798637992622	0.0	232.44618293327596	757.8192923272244	0.0	271.338140112406	784.045772623061	0.0	274.2470474802597	777.9890013075666	0.0	222.35761511522523	775.4687951379046	0.0	207.4852351246368	400.51788210031657	0.0	239.27862603485414	333.3257306598364	0.0	246.87321373009914	375.7014062668766	0.0	151.88751222247322	420.5030032205914	0.0	124.30566105859374	500.8063372979837	0.0	142.15246709684777	569.8460794879104	0.0	239.8382978334686	431.8592210905761	0.0	243.0155513796644	505.4883946321333	0.0	259.1629257161823	567.5066872208787	0.0
316	5.266666666666667	170.18647016793497	546.5794377165236	0.0	139.95062967767888	544.759192597941	0.0	117.77571709644958	656.1635266084464	0.0	87.73638588038666	767.3019536627371	0.0	116.06879036074668	794.0124276554081	0.0	96.8933570192462	796.8898133456539	0.0	75.81664663880098	784.8725503365199	0.0	192.5987986008527	544.1626198845474	0.0	230.63996952630637	645.1817499831228	0.0	232.46334157120353	757.8029048848521	0.0	271.4863471693729	783.7787890829039	0.0	274.42613302892505	777.7809384323438	0.0	222.3341807156088	775.4448550304616	0.0	207.66680135052113	400.6199754874307	0.0	239.69603842008655	333.4226563220945	0.0	246.98260684889178	375.7611898797735	0.0	151.97985854327854	420.63226678212425	0.0	124.42692567266363	500.80392975599307	0.0	142.21041778163124	569.8032013217828	0.0	240.169617082697	431.91866545238594	0.0	243.26885474164476	505.5306689367731	0.0	259.4975174777175	567.8154981943934	0.0
317	5.283333333333333	170.36164159108404	546.5362411526028	0.0	140.08348166285126	544.7111478005129	0.0	117.84334160356775	656.1709198934227	0.0	87.67884518076768	767.2647263960687	0.0	115.96388877239454	793.937171190321	0.0	96.94432053590683	796.8385279623022	0.0	75.92909041398539	784.8062836574854	0.0	192.64657025879876	544.0965013949466	0.0	230.6333335909091	645.1143747350335	0.0	232.4987320224428	757.7753391635708	0.0	271.5187297469873	783.6602219699942	0.0	274.5019573000814	777.7087646833921	0.0	222.3110365260864	775.3936888492688	0.0	207.82821043638333	400.74307676464537	0.0	240.05972167661412	333.5921100520201	0.0	247.07972847503396	375.90796586458015	0.0	152.02869971233864	420.7268077531997	0.0	124.48385609566893	500.7860414073404	0.0	142.24888105622364	569.8217263070654	0.0	240.52335148529093	431.91375038895	0.0	243.4674702858788	505.46300481463317	0.0	259.83034522606465	568.0143509222411	0.0
318	5.3	170.50500845395746	546.5566535007351	0.0	140.18193249558604	544.7060054002962	0.0	117.90724069627335	656.1969733386647	0.0	87.6375952872902	767.2019285184947	0.0	115.86839222964696	793.8788026390307	0.0	97.00735519485481	796.8813585675925	0.0	76.03453604781582	784.7277719679777	0.0	192.72100354334682	544.1102501294062	0.0	230.68326400488235	645.0473629291985	0.0	232.54971392729644	757.7302417025229	0.0	271.4744917130429	783.6452809293758	0.0	274.50391758936144	777.776489972389	0.0	222.28325115118759	775.3320827073969	0.0	207.99589758418455	400.8936121958805	0.0	240.34540765960094	333.7747120260062	0.0	247.17329401068739	376.09838726506155	0.0	152.04714622531048	420.7904744015491	0.0	124.52052574659874	500.7655856191334	0.0	142.27796652218456	569.9298503686599	0.0	240.8498201973668	431.8816995575776	0.0	243.61831163280644	505.31481121961286	0.0	260.16582483920445	568.1248788004178	0.0
319	5.316666666666666	170.58805022120467	546.5817609048489	0.0	140.19489530674988	544.761814126143	0.0	117.95618221265154	656.2207265523574	0.0	87.61069465884847	767.1465650968822	0.0	115.8168072017462	793.8393108821379	0.0	97.0753137191909	797.0215938842911	0.0	76.09840308718543	784.6857839669519	0.0	192.7744543748027	544.2026417682724	0.0	230.75611338136633	644.9891965661437	0.0	232.5894764535407	757.6760806377118	0.0	271.4128765108282	783.6501292016493	0.0	274.462604608685	777.9250779336776	0.0	222.2438915110467	775.2950960737801	0.0	208.18288609508735	401.0671540704696	0.0	240.55823890546915	333.9119800083423	0.0	247.23116119185087	376.2766961309728	0.0	152.04843748953067	420.84970832447743	0.0	124.60514991301433	500.76164439891426	0.0	142.32064361449272	570.1200500680303	0.0	241.10458222374902	431.8446951990735	0.0	243.73920829311726	505.1311233651929	0.0	260.4980423898535	568.2371953352599	0.0
320	5.333333333333333	170.5962661237432	546.5857470119873	0.0	140.09954326187068	544.8312677942064	0.0	118.01941501406091	656.2695665646485	0.0	87.5910537332982	767.1442351701636	0.0	115.83204446631827	793.8212634585981	0.0	97.1476887026615	797.2290902901036	0.0	76.12243063731547	784.6794168635693	0.0	192.77538822014654	544.3009675367072	0.0	230.85241630773643	644.9551718364442	0.0	232.58347665201677	757.6568334423139	0.0	271.3207060423633	783.7237742043527	0.0	274.3231342423101	778.1174065870988	0.0	222.21387196257638	775.2937575648091	0.0	208.34557770271385	401.25546835225384	0.0	240.70742343938616	334.0402503124405	0.0	247.21095498985179	376.4555075765764	0.0	152.0618942544448	420.9211818625167	0.0	124.7754364523548	500.8019075102136	0.0	142.4106072977905	570.354180559608	0.0	241.2677945175007	431.80595984651524	0.0	243.86661113415576	504.95455752619745	0.0	260.8377144887797	568.379294992919	0.0
321	5.35	170.5210346023066	546.5737260630866	0.0	139.92442727792127	544.8581800294085	0.0	118.12404436710021	656.3575237719126	0.0	87.57695448945154	767.1983913013471	0.0	115.89961891844386	793.8493588132321	0.0	97.18555867469911	797.4515773774609	0.0	76.12694259311621	784.6717638768747	0.0	192.72849251126448	544.345166632651	0.0	230.99359343342752	644.9264804235423	0.0	232.51943677570648	757.7055728617952	0.0	271.1805430355316	783.9001470636565	0.0	274.0657388099569	778.3136836773095	0.0	222.22151656690812	775.3186600698875	0.0	208.4465800669039	401.4323022639972	0.0	240.80855565231272	334.18003218922706	0.0	247.1329626585119	376.6416182131674	0.0	152.10016312178388	420.98615269287376	0.0	124.9960590626625	500.88870726902996	0.0	142.57473492207382	570.5692139758921	0.0	241.36012915886747	431.7852656346689	0.0	244.04355656120134	504.84326274589046	0.0	261.1966499223676	568.5299296414229	0.0
322	5.366666666666666	170.36765120499942	546.5523716391006	0.0	139.7424426779475	544.8505504021009	0.0	118.2404405851539	656.439537639775	0.0	87.56859988731895	767.2615645270001	0.0	115.98504931607276	793.9581657584395	0.0	97.15603261615844	797.6365007866729	0.0	76.11985942253614	784.6452253113403	0.0	192.6542780364583	544.355597001911	0.0	231.17769131359134	644.8678799519491	0.0	232.41931137305244	757.8068313574811	0.0	271.05869738138955	784.0531754064834	0.0	273.82424759691327	778.4328125167831	0.0	222.2665496389281	775.3627278476833	0.0	208.52916461636127	401.5537946761772	0.0	240.89275220675017	334.2691219074451	0.0	247.08303462559755	376.7641802521541	0.0	152.1353795236892	421.00915356405994	0.0	125.17949198772384	500.9855758422452	0.0	142.81182193896484	570.6947492454269	0.0	241.4354112068196	431.8246786377551	0.0	244.2881442753091	504.85233933193155	0.0	261.54667190210887	568.6944026612912	0.0
323	5.383333333333333	170.17936460417468	546.5162711973219	0.0	139.62887926576732	544.8285547558582	0.0	118.3189085990429	656.4588264053258	0.0	87.55907307199132	767.2970109409232	0.0	116.07908653454628	794.1430144568354	0.0	97.1012893791885	797.7456441355292	0.0	76.09638922477984	784.619403453878	0.0	192.58296430498223	544.36100613257	0.0	231.38072589361485	644.7744681965767	0.0	232.324613897715	757.9345329005713	0.0	271.04168387067114	784.0880605766431	0.0	273.7545469938381	778.4277588524802	0.0	222.33882456134572	775.4105936246515	0.0	208.64817606273098	401.5928563553442	0.0	241.00101339338278	334.2955771591382	0.0	247.13227058042204	376.7697782888692	0.0	152.1422775719695	420.9865836330942	0.0	125.26150965517667	501.07213265671385	0.0	143.08927517579585	570.6920119920243	0.0	241.5415731119284	431.9547591377198	0.0	244.5725225880115	504.9688529573583	0.0	261.84662914173833	568.8854712603933	0.0
324	5.4	170.0215602153993	546.480106956116	0.0	139.6151405547553	544.7757128945971	0.0	118.34664771319255	656.4067544750756	0.0	87.54291119818762	767.3146259947151	0.0	116.19665574994147	794.3432945828686	0.0	97.10151253264566	797.7697922048156	0.0	76.06491300213713	784.6218206743445	0.0	192.5547464038248	544.3606358849183	0.0	231.5853804327673	644.6734187528349	0.0	232.27117108256792	758.0929069245808	0.0	271.1209296025069	784.1023861779124	0.0	273.84933018752	778.3578193633624	0.0	222.43700542458012	775.429125638014	0.0	208.78416764874464	401.56525479515795	0.0	241.16268751200442	334.35429079806903	0.0	247.27914568518148	376.72125287792863	0.0	152.14708802460984	420.9434070685304	0.0	125.2520607472545	501.1661345294976	0.0	143.35613790032386	570.5764204384101	0.0	241.69722957814975	432.16798288463957	0.0	244.83784115095483	505.12504205703794	0.0	262.1074263003238	569.0730429371921	0.0
325	5.416666666666667	169.9379207780618	546.5043865587294	0.0	139.6784198974519	544.7300183678263	0.0	118.32899203342232	656.3116039452856	0.0	87.5236971849275	767.3272542955406	0.0	116.33541047506151	794.4897494275924	0.0	97.18380471623212	797.7412478427686	0.0	76.04193164610808	784.6578167250352	0.0	192.59933813311451	544.4066692112605	0.0	231.77858193247408	644.5837534226756	0.0	232.2729632544716	758.2751974691598	0.0	271.23216938973	784.1919891798426	0.0	274.00470149260354	778.3100429384749	0.0	222.54630694597927	775.3974092057776	0.0	208.91167675194535	401.51543905933204	0.0	241.38671834555535	334.48405417265917	0.0	247.49390503160487	376.72270156662	0.0	152.21080557995646	420.88918261066016	0.0	125.20682353814092	501.2588875727245	0.0	143.57166396941088	570.4031860310829	0.0	241.89882978448549	432.4270105002412	0.0	245.04632359119628	505.2830730695735	0.0	262.373418527784	569.2022842180403	0.0
326	5.433333333333334	169.93974727265518	546.651671780128	0.0	139.787643762875	544.823734511614	0.0	118.25861061844456	656.1900862495993	0.0	87.50462908631809	767.3145696142136	0.0	116.45783134237304	794.5510838954206	0.0	97.30686876537678	797.713985778819	0.0	76.02506634097375	784.7064669795568	0.0	192.7245902019291	544.616179246174	0.0	231.93428157781267	644.5209383712851	0.0	232.31881093256388	758.4193260819228	0.0	271.36431409623265	784.2739846645192	0.0	274.1811507660458	778.293981369069	0.0	222.64142702639293	775.3345530074154	0.0	209.07101896532345	401.4875925073579	0.0	241.68237474692316	334.5895648276766	0.0	247.78792202281704	376.8152682486004	0.0	152.3746861556047	420.82645404037237	0.0	125.1632922075358	501.2892115531381	0.0	143.72560753424926	570.22992992681	0.0	242.12797904093534	432.68170816645176	0.0	245.21009034316552	505.4242031329077	0.0	262.64526355276564	569.2202888238577	0.0
327	5.45	170.01859677145933	546.914643590208	0.0	139.94283978323986	545.1218960072199	0.0	118.14567619118286	656.0495535278275	0.0	87.48896432948773	767.2570002664372	0.0	116.5288315967161	794.5288139709255	0.0	97.4153526711728	797.7163443842234	0.0	76.00811752224176	784.7302515944648	0.0	192.9129407908732	545.027833736711	0.0	232.03624105658818	644.5277345086004	0.0	232.37904383080644	758.4742343876713	0.0	271.51496008315286	784.2559665026656	0.0	274.3659442100424	778.2896420846183	0.0	222.71873633549905	775.2813507920449	0.0	209.29324388150783	401.50633885972144	0.0	242.06180784670303	334.6064200911303	0.0	248.17793501895196	377.01071624027765	0.0	152.63298529422804	420.7764881777469	0.0	125.13198578097796	501.2157236492361	0.0	143.82791980469335	570.0844596906416	0.0	242.36029271806495	432.876925202301	0.0	245.35970240291036	505.48923301466164	0.0	262.88512630331917	569.0926055561918	0.0
328	5.466666666666667	170.15028250726218	547.2105069451009	0.0	140.1464208058311	545.5090722750153	0.0	118.04081893833524	655.933461775621	0.0	87.48195479003667	767.184534613086	0.0	116.55812494810297	794.4450180740175	0.0	97.46998633309761	797.7316420189319	0.0	76.00287289539516	784.7020443681675	0.0	193.11515820983496	545.5201229466719	0.0	232.11020788297606	644.632119290608	0.0	232.425232434635	758.47138266749	0.0	271.6094648167244	784.2079784951842	0.0	274.4804403005248	778.327965027116	0.0	222.7905628972877	775.2604698946833	0.0	209.5367728442904	401.5718542285587	0.0	242.51256814990586	334.6097854644094	0.0	248.61573314469953	377.34072333602984	0.0	152.93873878333872	420.74881590116865	0.0	125.13395363021041	501.0781122588447	0.0	143.89544557230488	569.9712090159452	0.0	242.5848961431106	432.9789542962867	0.0	245.51592894337335	505.42890381756564	0.0	263.0908724655206	568.8598818268795	0.0
329	5.483333333333333	170.2977330494611	547.4585280071643	0.0	140.35635951805955	545.8256585752061	0.0	117.98991417578878	655.9122240418308	0.0	87.47680720919686	767.1552109157928	0.0	116.571657746033	794.3478616299307	0.0	97.44408987527936	797.7219198536375	0.0	76.01100734625061	784.6445345738163	0.0	193.28003820755805	545.9446911674312	0.0	232.19469582143796	644.784023146837	0.0	232.44626197665175	758.4555491188383	0.0	271.5845807688576	784.2027074953406	0.0	274.46148159469107	778.422953524138	0.0	222.85119002695163	775.2650691606257	0.0	209.76211510913632	401.6672375040124	0.0	242.98154138157238	334.6724518461062	0.0	249.01339207926793	377.7837345791271	0.0	153.22224237735978	420.7196917731481	0.0	125.19953425058128	500.95793337527573	0.0	143.9497669693512	569.8940243624864	0.0	242.81711890127355	433.0094543577867	0.0	245.70114401660308	505.2807853159659	0.0	263.29752750211037	568.6552155957706	0.0
330	5.5	170.42236689656852	547.6309322934748	0.0	140.49655253220305	546.0179695277269	0.0	117.99059908983995	656.017568558767	0.0	87.45652567792717	767.184968094605	0.0	116.55943331722222	794.2922029037005	0.0	97.33394041194514	797.6663948894815	0.0	76.00470479992036	784.6187515060652	0.0	193.39491079999894	546.2569001146855	0.0	232.2894786585364	644.8973893141283	0.0	232.4392199553035	758.4024809527399	0.0	271.4765860302641	784.154046848488	0.0	274.3510322952932	778.5024834512251	0.0	222.8765227397866	775.2779517081385	0.0	209.9941119431901	401.7660914956729	0.0	243.3919158421993	334.7419161507672	0.0	249.30879672299528	378.2130315016317	0.0	153.42424978321742	420.6743810084109	0.0	125.33573349467673	500.8860624995869	0.0	144.00655604290648	569.852559862099	0.0	243.0732267402318	433.0207042743293	0.0	245.93053715167412	505.1391159694013	0.0	263.5092866868673	568.6163710409135	0.0
331	5.516666666666667	170.50705457979984	547.7120372809557	0.0	140.51865409813664	546.0714711638786	0.0	118.02367258250469	656.2121018508029	0.0	87.41844657117211	767.2295143271105	0.0	116.4977986285837	794.3000084704502	0.0	97.17474901077038	797.5880208078353	0.0	75.96242983876148	784.6548720995725	0.0	193.47799348263595	546.4292190431528	0.0	232.36925404086395	644.9371439062353	0.0	232.40137032995497	758.2759475603972	0.0	271.3421723746191	783.9802299584098	0.0	274.21236362988117	778.5076765143167	0.0	222.85342563470235	775.2874154717101	0.0	210.2498905932526	401.84684188587477	0.0	243.69385525828375	334.75287160964695	0.0	249.48816453828917	378.51214157897033	0.0	153.52914252719694	420.6378202441553	0.0	125.52836378406978	500.81853575469034	0.0	144.05841984012366	569.8352660268796	0.0	243.3279656934107	433.0327705975793	0.0	246.17488660051157	505.07657649550003	0.0	263.7048294101751	568.7950884455106	0.0
332	5.533333333333333	170.56370718920925	547.6591232352504	0.0	140.4464803779217	545.9216892093656	0.0	118.0959983351141	656.4122685100729	0.0	87.37844391486821	767.2302086364548	0.0	116.3976205812803	794.3496999237822	0.0	97.02286613567152	797.5371632341481	0.0	75.8931630595416	784.7204067021966	0.0	193.54292186623027	546.3584156141443	0.0	232.43054606474567	644.9140230680985	0.0	232.34334695338416	758.105104867552	0.0	271.1805020144613	783.7685396313354	0.0	274.046755506208	778.4768962559751	0.0	222.79120067775938	775.28646926183	0.0	210.48374330665587	401.9043281167265	0.0	243.9022723975949	334.73878934980314	0.0	249.5808233442997	378.6767747158887	0.0	153.57211129192933	420.64224926674115	0.0	125.7638678915115	500.7103917164603	0.0	144.07627939119746	569.8272225789262	0.0	243.52805061457894	433.03102327823973	0.0	246.37390147008307	505.1160017564578	0.0	263.9018615524351	569.1432328521444	0.0
333	5.55	170.60466984097945	547.4443666135924	0.0	140.35677970930132	545.5498226367116	0.0	118.20678759514298	656.5282357733183	0.0	87.34832470183024	767.1619869288393	0.0	116.28609764762078	794.3940488842536	0.0	96.90786978369516	797.5417639110204	0.0	75.8085741030519	784.7606011002515	0.0	193.58341446058165	545.9924787450062	0.0	232.48493859439253	644.8425725377325	0.0	232.28532834500726	757.9548355897864	0.0	271.00188619076977	783.6353158760043	0.0	273.86438133084835	778.4558275002009	0.0	222.71122663835254	775.2805571425611	0.0	210.6678456909705	401.93614403272	0.0	244.07238837277237	334.7414133162388	0.0	249.64184263689813	378.7337076431108	0.0	153.61171318296195	420.69447089051147	0.0	126.02221537692128	500.57146456721887	0.0	144.03913756797652	569.8155398143488	0.0	243.6437318360426	433.01498927356926	0.0	246.4918810391391	505.23411073883494	0.0	264.1299134325043	569.5319754517726	0.0
334	5.566666666666666	170.63080332027505	547.1079337066227	0.0	140.32084472288747	545.067229026483	0.0	118.30744893852811	656.5019833664822	0.0	87.32859703144698	767.0502773920223	0.0	116.17744127824422	794.3837602778669	0.0	96.82213193997649	797.5828925791982	0.0	75.70816514626065	784.7412555420638	0.0	193.58713310667304	545.4366679490943	0.0	232.52042519166235	644.7496585709023	0.0	232.23867269104343	757.8601503569254	0.0	270.888803122131	783.5631607729788	0.0	273.7492320691948	778.4145616681433	0.0	222.6348792814603	775.2958246826327	0.0	210.8453649262734	401.9381800177925	0.0	244.2440848467582	334.7241273576724	0.0	249.72321374141978	378.6566955307073	0.0	153.6827027554607	420.7850187720161	0.0	126.26575756205025	500.4419964111245	0.0	143.9666764642638	569.7936887254291	0.0	243.68444524369121	433.00812490886494	0.0	246.5372778042423	505.3654462804531	0.0	264.35341844627965	569.7956499185713	0.0
335	5.583333333333333	170.6513082097996	546.7420256809161	0.0	140.35913955596453	544.6118125581517	0.0	118.34649016989937	656.3298757228407	0.0	87.32298899098878	766.948661594211	0.0	116.09068879862208	794.3008404484144	0.0	96.77411839178771	797.6142021058279	0.0	75.61430813946592	784.6584002447776	0.0	193.55064693955399	544.8323681487205	0.0	232.50983594389297	644.671319895908	0.0	232.21657033119325	757.8268515428368	0.0	270.9058830659193	783.5077703491345	0.0	273.76692496344253	778.3226991978927	0.0	222.57407845082744	775.3529706993113	0.0	211.0506378183083	401.9220447392926	0.0	244.414522647254	334.66097782012105	0.0	249.84369045148233	378.4356266284567	0.0	153.78101257752184	420.90040438456714	0.0	126.4643840144384	500.3612827263715	0.0	143.9117727480431	569.7573313583666	0.0	243.68371644636642	433.020177872018	0.0	246.5445772355463	505.4397271240953	0.0	264.50096296462266	569.8278757698671	0.0
336	5.6	170.67479473023423	546.4405898288312	0.0	140.44530959199284	544.2423137619543	0.0	118.32897442205461	656.0609647761142	0.0	87.33957323074502	766.8983039101095	0.0	116.04750408915986	794.1847406618118	0.0	96.80512026491982	797.5945131680463	0.0	75.5830067618092	784.5440538406011	0.0	193.4789944187358	544.2617566317833	0.0	232.45620970429314	644.6114402698574	0.0	232.243725999821	757.8660228474328	0.0	271.0079622840141	783.5309438804519	0.0	273.86968112502217	778.2329797148766	0.0	222.5255731677823	775.4439801387559	0.0	211.25344822888357	401.9052398606465	0.0	244.5602937805548	334.6123812463874	0.0	249.9716417087059	378.1418673564388	0.0	153.89728007300405	421.0247130939213	0.0	126.61807419307627	500.3580552619827	0.0	143.91563467894082	569.6942902820593	0.0	243.67822607018013	433.03350886819334	0.0	246.54909871056924	505.4404503856658	0.0	264.55465920963263	569.6558745948078	0.0
337	5.616666666666666	170.69153619895968	546.2587681798367	0.0	140.55075598242942	543.9791416967171	0.0	118.30198917838833	655.764216968319	0.0	87.38406323371059	766.906687981325	0.0	116.02768963477087	794.1048077263288	0.0	96.91612378502589	797.5151168544363	0.0	75.64696305831389	784.4612056418533	0.0	193.38525001304896	543.811942897319	0.0	232.39730872823964	644.5486804154251	0.0	232.32991482027185	757.9681610454098	0.0	271.11885919322617	783.6725509454579	0.0	273.9783438095468	778.2041739066885	0.0	222.47567542883982	775.5435126805561	0.0	211.41754535637747	401.88508941847067	0.0	244.67390844801736	334.6302501715664	0.0	250.06191543330567	377.8601418829518	0.0	154.02999899580956	421.1446407579485	0.0	126.73990635516357	500.42776644010223	0.0	143.98736804592082	569.6018443508083	0.0	243.68901863261152	433.0407408975977	0.0	246.57002815151043	505.412627553761	0.0	264.54583568152924	569.4094199810049	0.0
338	5.633333333333333	170.69678571490215	546.1888069429624	0.0	140.6641985577102	543.856775278738	0.0	118.30734869091798	655.4921952190964	0.0	87.46239306535587	766.9525672799693	0.0	115.97526169427124	794.0992450401826	0.0	97.03245562596659	797.4124062447373	0.0	75.77539259260121	784.4616624120102	0.0	193.297013824461	543.5788395717436	0.0	232.3662790922742	644.4970176602966	0.0	232.44994225120783	758.064683036831	0.0	271.23935058545067	783.8178513676839	0.0	274.09452369341165	778.1970070081188	0.0	222.4142673925335	775.6195460984035	0.0	211.55116332422392	401.85253702712964	0.0	244.75766078986493	334.67797050501173	0.0	250.12678662091713	377.6159421416257	0.0	154.16771646089015	421.2499831818376	0.0	126.84037340407623	500.52278051286294	0.0	144.12357103527904	569.5061821274975	0.0	243.72233067989856	433.0665561013001	0.0	246.61367041442773	505.40902240640753	0.0	264.4938379715287	569.2218958119736	0.0
339	5.65	170.7060277338492	546.1670314413061	0.0	140.7713266896698	543.8630602505008	0.0	118.3704914438092	655.2829022823394	0.0	87.5707029100577	767.0122669507383	0.0	115.87539030283394	794.1569725303043	0.0	97.09190882996582	797.3457657410069	0.0	75.90721788739522	784.5438400447581	0.0	193.25304922004236	543.5559816248733	0.0	232.37837474211508	644.494523660864	0.0	232.5565419867549	758.0826008140931	0.0	271.4001836161452	783.8548230312103	0.0	274.2512619894614	778.1478955151395	0.0	222.34698775772614	775.6365448801838	0.0	211.6733242148724	401.8212147400446	0.0	244.80141837608764	334.7179254950645	0.0	250.22744817790965	377.40823025044074	0.0	154.30047434749383	421.3363061935865	0.0	126.93140604318165	500.59063035164434	0.0	144.3064020254698	569.4431948033033	0.0	243.78233672311245	433.1282376911668	0.0	246.6817320427662	505.4378841286486	0.0	264.4198913508244	569.1527273038181	0.0
340	5.666666666666667	170.7325976229543	546.1207197555177	0.0	140.8555942266536	543.8827008750899	0.0	118.50115860976652	655.164006083476	0.0	87.67877922676706	767.0834162507765	0.0	115.77246701897879	794.2457900297104	0.0	97.10949452419194	797.3523031184867	0.0	75.99541952492592	784.6599756633016	0.0	193.28128581236112	543.612866510484	0.0	232.44308611016228	644.5210715652199	0.0	232.6032910600401	758.0244688494354	0.0	271.57624835548273	783.8427220211661	0.0	274.4238579232548	778.0873070934699	0.0	222.29367788943637	775.579586027522	0.0	211.77598281243885	401.81764402871545	0.0	244.80608043294347	334.7837831879427	0.0	250.3932225257949	377.25589777437233	0.0	154.43166759077886	421.4091706332247	0.0	127.01529858464065	500.6197086024755	0.0	144.48178426438557	569.4355166812763	0.0	243.8728338906727	433.20367954934926	0.0	246.76749849441276	505.46656984024	0.0	264.38294108807963	569.180993598523	0.0
341	5.683333333333334	170.77363944236217	546.0296197376962	0.0	140.92204529567837	543.8051097873247	0.0	118.6704578494732	655.1266945276907	0.0	87.73959565921533	767.1637580569453	0.0	115.69212053103648	794.3352323347236	0.0	97.10408527101973	797.4247254652472	0.0	76.01987270003765	784.7597036619864	0.0	193.38091536416198	543.6406823874232	0.0	232.55589584143394	644.5111245907392	0.0	232.57375422593532	757.9470480415658	0.0	271.7230214273369	783.8760409070406	0.0	274.56959892439124	778.0821226076064	0.0	222.26775927801617	775.4830915290592	0.0	211.8439384067343	401.855311751618	0.0	244.813606867132	334.89590181550994	0.0	250.59727475359676	377.18151931231375	0.0	154.56115572965552	421.4717882584153	0.0	127.06531205494514	500.6372598890605	0.0	144.5935179918177	569.4927560419017	0.0	243.99145189527454	433.26899203306976	0.0	246.85215080090205	505.4649309868638	0.0	264.43096099809947	569.2580553028504	0.0
342	5.7	170.81760656161688	545.9209925612643	0.0	140.9887299326124	543.6556176757908	0.0	118.81479602455988	655.124350215603	0.0	87.72438486216107	767.2283197485519	0.0	115.6155731684096	794.4076090461236	0.0	97.04419000872394	797.5227985267724	0.0	75.99351316571553	784.8180730017503	0.0	193.5257182848706	543.6455479481842	0.0	232.696517384108	644.4606358605976	0.0	232.50117800669014	757.8827409049409	0.0	271.8404666304899	783.9135089351042	0.0	274.6957446593232	778.1181403892834	0.0	222.26548179779593	775.4085646285536	0.0	211.88558834924964	401.92728692349215	0.0	244.88133159816687	335.0026843401745	0.0	250.79336724293702	377.1830243615861	0.0	154.68530453414454	421.5134129632865	0.0	127.04856034622243	500.67576321114234	0.0	144.64716706789127	569.6091759626718	0.0	244.13767987615807	433.3361039274896	0.0	246.9187085370014	505.43053670786077	0.0	264.54182814830745	569.3506867944737	0.0
343	5.716666666666667	170.85284249669348	545.7935810501712	0.0	141.04054755162525	543.5170546474834	0.0	118.89624589262922	655.1190684726748	0.0	87.65118916160115	767.2652123058796	0.0	115.5520178518107	794.4629256419757	0.0	96.92782537549989	797.5957723804022	0.0	75.95913804372397	784.8326212698822	0.0	193.67224555155494	543.6374436676268	0.0	232.85753669732614	644.4428468488317	0.0	232.43822577109628	757.8293726022827	0.0	271.9204649170369	783.9037496230173	0.0	274.8034818919678	778.1393986442331	0.0	222.28158146510253	775.3843358041076	0.0	211.92405400593117	402.0110365890388	0.0	245.03094214699763	335.07830926751166	0.0	250.9419344438756	377.2369219544975	0.0	154.80586302183417	421.521746539764	0.0	126.98013681982789	500.75678130927315	0.0	144.69907693929875	569.7508515344264	0.0	244.32668478071813	433.41788815479026	0.0	246.97027708309045	505.388255912989	0.0	264.66311207108123	569.4427129620284	0.0
344	5.733333333333333	170.8682270486587	545.5996522133804	0.0	141.01752509038684	543.3876129025113	0.0	118.9383474059335	655.1164758382454	0.0	87.5723503630526	767.2975062289227	0.0	115.5663037870785	794.5034733643405	0.0	96.83210089920979	797.6098318720797	0.0	75.96032924403116	784.8209561950611	0.0	193.7652549794027	543.545144401834	0.0	233.04484937257942	644.4968331097887	0.0	232.4095652215829	757.7887225078508	0.0	271.8856986894852	783.9369527046446	0.0	274.82078436133975	778.158329798796	0.0	222.31654586227495	775.3885448538102	0.0	211.9746089195032	402.0777625584991	0.0	245.2429506826832	335.1811654582575	0.0	251.0265234602383	377.3203126854902	0.0	154.91995981393993	421.503685884213	0.0	126.92505646980645	500.8889485442058	0.0	144.7876010908999	569.8670035065393	0.0	244.5720910674926	433.4948711620334	0.0	247.02427257033224	505.3772079802878	0.0	264.7761060190243	569.5324935614084	0.0
345	5.75	170.85210854829234	545.3209917415764	0.0	140.88959708802022	543.2391827482314	0.0	118.97789205483339	655.1465059415877	0.0	87.52948179176879	767.338708094425	0.0	115.70218301121807	794.5232330684161	0.0	96.82051514513132	797.5723481465716	0.0	76.0064967090647	784.817659678548	0.0	193.76704511325357	543.3356503519094	0.0	233.2355683408508	644.5627429617542	0.0	232.40658239219198	757.7571487253372	0.0	271.68622371680397	784.0920748369834	0.0	274.6973463902025	778.2252941786262	0.0	222.36287196374997	775.3920969668635	0.0	212.04590616870962	402.10589161839636	0.0	245.49785482270337	335.3424228395884	0.0	251.07128503227784	377.428526868776	0.0	155.01382476003982	421.48625502946817	0.0	126.93722823052408	501.0609130852768	0.0	144.90858805000576	569.9337395567387	0.0	244.85315301236676	433.5534815161862	0.0	247.09152820162504	505.4209407173716	0.0	264.8708038897213	569.6316491770866	0.0
346	5.766666666666667	170.80344781116804	545.0180655448348	0.0	140.7256978090929	543.1328292535504	0.0	119.016829397363	655.221420021493	0.0	87.52648163054633	767.3616357797293	0.0	115.91797520939214	794.5199394445816	0.0	96.86691287247024	797.5208944549477	0.0	76.06308495851314	784.8451091145021	0.0	193.69335161944903	543.1081284109348	0.0	233.37582673592203	644.5622047095372	0.0	232.40601685120626	757.7090419243849	0.0	271.4031987385123	784.2799976845263	0.0	274.50367950329866	778.333300955639	0.0	222.3965685278401	775.3965176787357	0.0	212.1440778763232	402.09743426639614	0.0	245.78926094435732	335.4966217933873	0.0	251.13521540356143	377.579722780609	0.0	155.07840097910588	421.4952273648038	0.0	127.0245306470701	501.23994765669164	0.0	145.03578525697887	569.9699418596578	0.0	245.12019589080674	433.61798823232135	0.0	247.17015414995606	505.50845825316094	0.0	264.9102843008644	569.7495091505834	0.0
347	5.783333333333333	170.73725652126106	544.7806281034557	0.0	140.63710481678038	543.1305422260945	0.0	119.04963593607282	655.32824694022	0.0	87.54345945109036	767.3325923566052	0.0	116.11949256572532	794.4976431720534	0.0	96.92023241598531	797.4823105178851	0.0	76.08267865446203	784.8835768495807	0.0	193.58619333083627	542.9664856251879	0.0	233.43832734488421	644.4827991112547	0.0	232.38117633488702	757.6407214842734	0.0	271.15694133814804	784.4051538816345	0.0	274.3232026577431	778.4512125230059	0.0	222.39196900628568	775.4153362601627	0.0	212.25943402166408	402.07134986478997	0.0	246.0879340810426	335.5865366949909	0.0	251.26947027714326	377.7915185997182	0.0	155.13082549403686	421.5315472822412	0.0	127.1696776262764	501.3830926722164	0.0	145.13352809540567	569.9958136067451	0.0	245.32188516217388	433.71310829195414	0.0	247.25589541831863	505.60530830258836	0.0	264.88252262731135	569.8797418419749	0.0
348	5.8	170.66657278197923	544.6476336734123	0.0	140.6643084617418	543.1535316224232	0.0	119.09185085798597	655.4503066362327	0.0	87.56366627312629	767.2539900357119	0.0	116.23347325933572	794.4625331444443	0.0	96.97403623106756	797.4544172761814	0.0	76.0441021979026	784.8822152593856	0.0	193.4573779419194	542.8798093295926	0.0	233.45659017901085	644.3527158759978	0.0	232.31482806921213	757.5937500654762	0.0	270.98944521569985	784.5336050688842	0.0	274.1334873988521	778.5979380031704	0.0	222.34620995350747	775.4393959053548	0.0	212.3630622492346	402.0303853391008	0.0	246.343521030646	335.64222972260364	0.0	251.47910772754702	378.04818979992115	0.0	155.20409236438303	421.5657670133918	0.0	127.35269257229403	501.45695399041875	0.0	145.17150384122306	569.9993347330598	0.0	245.41527841540585	433.82409299082633	0.0	247.34469721893342	505.6811757080132	0.0	264.8439204571318	570.0041872692623	0.0
349	5.816666666666666	170.5923338344848	544.5897835365308	0.0	140.76157908741285	543.0608554444905	0.0	119.14438798946911	655.5774501010069	0.0	87.58494421926058	767.1525286117944	0.0	116.2437756377357	794.4300771458861	0.0	97.02898498372336	797.4189243706719	0.0	75.95517300745684	784.8018528956173	0.0	193.30295909497258	542.7657342811099	0.0	233.48954579178022	644.2095208833796	0.0	232.21500340539652	757.5919667629457	0.0	270.9101637668589	784.749267402922	0.0	273.897166986412	778.7959340677503	0.0	222.28265155205898	775.4572290720016	0.0	212.4322670297292	401.9630361545594	0.0	246.55148707364884	335.70907269960463	0.0	251.7385008925013	378.3237998545187	0.0	155.3023861704097	421.5615977315904	0.0	127.55429637774833	501.4549231993734	0.0	145.1496108866801	569.9606885254663	0.0	245.38574464352678	433.9187144550202	0.0	247.42330914203657	505.7382304961579	0.0	264.85817617300063	570.1158991146141	0.0
350	5.833333333333333	170.5162300280287	544.5676022619346	0.0	140.86933376131935	542.8308978987404	0.0	119.16878310759978	655.7122846227577	0.0	87.60955350155336	767.0503889396359	0.0	116.1847071614385	794.4233647369912	0.0	97.07061656981395	797.3605265839749	0.0	75.83777214423858	784.6478216678244	0.0	193.1552613083892	542.6392478922015	0.0	233.56477371412865	644.1181216008164	0.0	232.10845962887112	757.5946883610819	0.0	270.95525880356075	784.9918052712866	0.0	273.6653865740044	779.0001721737642	0.0	222.2268930060758	775.485396974724	0.0	212.47117859539347	401.8821791249093	0.0	246.7708044421779	335.78073356782113	0.0	252.0245773976811	378.6183385570432	0.0	155.38416489440698	421.51149285880985	0.0	127.75127999684739	501.39570359672086	0.0	145.10797574519856	569.886316544361	0.0	245.27712487135835	433.9848773167043	0.0	247.47100229624039	505.8138674441872	0.0	264.92479774639975	570.2307379900055	0.0
351	5.85	170.44319053681548	544.5876618019439	0.0	140.95060916500157	542.5584109877742	0.0	119.13667889488339	655.8787099991605	0.0	87.63005216031061	766.9701883015407	0.0	116.11527958405676	794.439238691844	0.0	97.12183954938477	797.28062482361	0.0	75.7270685076532	784.4697658127204	0.0	193.07442728101287	542.5790456653506	0.0	233.66340901653405	644.1380670707574	0.0	232.01788222975716	757.5614351693351	0.0	271.1225877348419	785.171589699451	0.0	273.5037748377538	779.1396275071829	0.0	222.1874711907497	775.5427382412241	0.0	212.4937147262292	401.8256514013185	0.0	247.0455111955559	335.8437134057211	0.0	252.31012923352418	378.9211527642527	0.0	155.41543047693955	421.44089783169164	0.0	127.91272433123109	501.3116938001844	0.0	145.1093994503724	569.8012992771429	0.0	245.1736759896317	434.0206139061003	0.0	247.47328489538583	505.9372741318064	0.0	265.00260482020394	570.3524037212198	0.0
352	5.866666666666666	170.36703148447	544.6834547803262	0.0	140.97582221190504	542.3223980415172	0.0	119.0753924275729	656.1003302593589	0.0	87.63999901268895	766.9352958532536	0.0	116.0826473694116	794.4239988027001	0.0	97.23234315919174	797.1917842706507	0.0	75.66506621303928	784.3309460627819	0.0	193.0951914822357	542.6098144165866	0.0	233.74305425603004	644.2506195336323	0.0	231.9521086381686	757.5222408277723	0.0	271.3191093867702	785.307769994436	0.0	273.41287871482376	779.1901281138669	0.0	222.15877697902144	775.6235278553575	0.0	212.51147436238273	401.81833468449946	0.0	247.3517578840574	335.92371803869867	0.0	252.55812884131817	379.17351705557707	0.0	155.42554700507733	421.3740898855356	0.0	128.01084704886193	501.2427029185694	0.0	145.20228797501267	569.731680076962	0.0	245.14287514163752	434.0174738981221	0.0	247.4356686651369	506.07446341086643	0.0	265.06698062085786	570.4383817480776	0.0
353	5.883333333333333	170.27936109371143	544.8609581284418	0.0	140.93466711493772	542.162812701225	0.0	119.03660526007991	656.3565713445782	0.0	87.64281146531538	766.9425312745972	0.0	116.08480544032494	794.3317081336604	0.0	97.38717754150886	797.106557936646	0.0	75.66883655297264	784.2673318136051	0.0	193.1996921309994	542.7087130676854	0.0	233.76543018830174	644.3746865529499	0.0	231.9031296824961	757.5266833693619	0.0	271.4455309356042	785.4621907950561	0.0	273.38113774855236	779.1729020773664	0.0	222.1251221811943	775.7116599155303	0.0	212.55361534914596	401.8592543517115	0.0	247.64806993933223	336.04468071407325	0.0	252.76348967327993	379.31141559747147	0.0	155.47269746143934	421.3104808822654	0.0	128.03917527575211	501.2181015779513	0.0	145.38808509541138	569.7077124679777	0.0	245.20894692937975	433.97850103167735	0.0	247.3873428765302	506.1491261036596	0.0	265.1237120243986	570.433688678359	0.0
354	5.9	170.19982719876285	545.0886662167646	0.0	140.86372291481862	542.1256133384788	0.0	119.03734723542146	656.5877211195415	0.0	87.63209706195511	766.9523968118986	0.0	116.07568869971674	794.1917375309018	0.0	97.49796712128004	797.0347390979507	0.0	75.71346016987374	784.2678474297895	0.0	193.33548135099406	542.8712785249703	0.0	233.71531881121288	644.447703900492	0.0	231.85851344989055	757.574214086545	0.0	271.4875063181996	785.637924697158	0.0	273.4251352824471	779.1212516992595	0.0	222.07232429676674	775.7931420796401	0.0	212.6547805443619	401.94320817485635	0.0	247.92408103437515	336.1748779966801	0.0	252.9592444438238	379.32049481523	0.0	155.56865984087722	421.24665764141616	0.0	128.01881691274633	501.23478385531087	0.0	145.61904428178147	569.7515872380446	0.0	245.36441645375456	433.9213477667858	0.0	247.36092395052086	506.1296751396337	0.0	265.19470123069163	570.3311397641138	0.0
355	5.916666666666667	170.17599181745925	545.3157731497729	0.0	140.82003662711583	542.2249194065964	0.0	119.05229511397647	656.7656917737652	0.0	87.5915277185587	766.9262976690339	0.0	116.0311011919767	794.06636682608	0.0	97.51223801538687	796.9732199604518	0.0	75.75740213572092	784.2853617170847	0.0	193.46248859304882	543.0790775427623	0.0	233.60492108388706	644.452419828486	0.0	231.8320549137699	757.6421431197065	0.0	271.4779794399851	785.7815649370665	0.0	273.5312283874307	779.0608006335258	0.0	222.01027629187897	775.8513267429195	0.0	212.80855369982848	402.0650559564179	0.0	248.16481388486804	336.25805622261146	0.0	253.1495637955956	379.2269012648981	0.0	155.67695847518175	421.2100121048771	0.0	127.98425583034438	501.2675537875774	0.0	145.83378622944753	569.8327471331359	0.0	245.57239966048488	433.85143501127175	0.0	247.36632999408766	506.0443976606698	0.0	265.2846733958235	570.1733151736022	0.0
356	5.933333333333334	170.2427808946553	545.4769005887208	0.0	140.8271354714982	542.396936554017	0.0	119.053147687862	656.9246184496257	0.0	87.52273685320482	766.8634637019336	0.0	115.9876828170483	793.9783332902335	0.0	97.47259302607443	796.9049287252758	0.0	75.77336768625914	784.2673198960026	0.0	193.58323515007856	543.2516651353662	0.0	233.47123050402027	644.3941806827223	0.0	231.85842072553305	757.7245724882766	0.0	271.4306979327995	785.8293577136054	0.0	273.6393499962206	778.9940821131381	0.0	221.96568303120804	775.8774078153389	0.0	212.97818942673294	402.1904099326105	0.0	248.32990344864663	336.2778767569445	0.0	253.28831030985296	379.05482425474634	0.0	155.76530229594675	421.244868965526	0.0	127.96300228095937	501.2919224693089	0.0	145.99998004961174	569.8675917067742	0.0	245.76656636156739	433.75458398117485	0.0	247.38935705267295	505.9163822090969	0.0	265.3544392911668	570.011010853237	0.0
357	5.95	170.39011649264145	545.5328255846107	0.0	140.86702724171386	542.5804789379024	0.0	119.02503124321902	657.0964802766612	0.0	87.45831769080645	766.7783708715184	0.0	115.98889590834581	793.9302495532316	0.0	97.43375227768946	796.8247436992966	0.0	75.75718401186222	784.1944673740667	0.0	193.71696553947965	543.3390761406522	0.0	233.36193274333945	644.2933868549728	0.0	231.94956144660722	757.8141078824973	0.0	271.36131305698314	785.7388306938702	0.0	273.7256647637984	778.9051898473953	0.0	221.9520729808794	775.8882566779096	0.0	213.1488030212347	402.25580500869535	0.0	248.3974592382418	336.2470328888627	0.0	253.34432473728276	378.81365544572947	0.0	155.82672955552448	421.3594518511193	0.0	127.97372005020682	501.2935149100305	0.0	146.12333938755268	569.8021107751454	0.0	245.88885017365408	433.62357999310103	0.0	247.41346093846082	505.7551914472382	0.0	265.34867637552424	569.8778650089769	0.0
358	5.966666666666667	170.5796889796875	545.5400393790194	0.0	140.9216963182591	542.8180530713867	0.0	118.95715613546096	657.2620370571589	0.0	87.44356401003988	766.6718421443559	0.0	116.03375331406949	793.9442119125686	0.0	97.38768459035884	796.7603758066995	0.0	75.71919160343666	784.0999014728387	0.0	193.86237711339436	543.4210891082089	0.0	233.3062729081205	644.196330969568	0.0	232.07208620742693	757.883980168751	0.0	271.32009124064695	785.5131382527777	0.0	273.82556526113694	778.7896073984548	0.0	221.96404793358764	775.907267046986	0.0	213.32127882813197	402.22130184053077	0.0	248.37361818459556	336.16392051226364	0.0	253.34489570506872	378.51451749495044	0.0	155.86771852405144	421.5022352093898	0.0	128.02867952863886	501.27229794902803	0.0	146.22538499306958	569.6623484089971	0.0	245.92936204334725	433.48370706314216	0.0	247.4390404017606	505.5986378740894	0.0	265.24854107314667	569.7754764338935	0.0
359	5.983333333333333	170.781670053046	545.6090520723162	0.0	140.994272862653	543.1763006245682	0.0	118.86226244246397	657.3757237789664	0.0	87.49269753499773	766.5565071794239	0.0	116.10341265892032	794.0189152800646	0.0	97.3175119521365	796.751237875665	0.0	75.6742786408566	784.0387857468132	0.0	194.0008904114185	543.6111285966774	0.0	233.3047675148118	644.1427516834456	0.0	232.16820717917824	757.9110668976048	0.0	271.33421700854973	785.2238534774386	0.0	273.9359071346509	778.6732845282553	0.0	221.99302040077845	775.9306738406815	0.0	213.47447758231408	402.10475923358223	0.0	248.2626885899231	336.0360695264182	0.0	253.333802444335	378.1936999638007	0.0	155.9013629625677	421.5992847964741	0.0	128.1189506321802	501.23500152430586	0.0	146.31862581918818	569.5049526640612	0.0	245.91771785880363	433.3817528969375	0.0	247.47649073977846	505.48727673364186	0.0	265.0978594636464	569.6683030037742	0.0
360	6.0	170.97901450187842	545.768436768459	0.0	141.07726303605537	543.6035255855335	0.0	118.7916123581589	657.3914638588507	0.0	87.56751355913197	766.469624764725	0.0	116.17142934744184	794.0881970776279	0.0	97.23690241883948	796.8028017859638	0.0	75.6441257969548	784.0353359607351	0.0	194.1137683191595	543.9071888579347	0.0	233.3385381463684	644.1121185127255	0.0	232.1994064559539	757.8997527312904	0.0	271.3555708616956	784.9802269378317	0.0	273.97414946992967	778.5918796268952	0.0	222.03084088280048	775.9300608064657	0.0	213.5810203210717	401.9628077996827	0.0	248.0854513508795	335.9175333124733	0.0	253.32492419365838	377.9324210255433	0.0	155.94619035133596	421.606155466679	0.0	128.20340122328957	501.1868987143754	0.0	146.40169653273156	569.3649727323575	0.0	245.89418150107892	433.34974392566085	0.0	247.5229317585473	505.40482718513334	0.0	264.9837505396215	569.5248420474367	0.0
361	6.016666666666667	171.1438307473437	545.94311604116	0.0	141.1403558801881	543.987902542025	0.0	118.77894491242482	657.277498133983	0.0	87.61707846481656	766.4332383589543	0.0	116.17027176753044	794.0774579103621	0.0	97.12858620282273	796.8751280191681	0.0	75.64993392581987	784.0672487246993	0.0	194.1918246233592	544.229179227889	0.0	233.37722177218046	644.0708980372677	0.0	232.1685051035468	757.8587184779724	0.0	271.3358996438885	784.8216619388232	0.0	273.8887686072265	778.5477540601803	0.0	222.06106238013672	775.881870057442	0.0	213.64908051722082	401.86062144415837	0.0	247.9173063587551	335.84956717496874	0.0	253.3286142303289	377.8219598864267	0.0	156.01623427699636	421.5287170493877	0.0	128.23133057688815	501.1356162927139	0.0	146.47913282037808	569.2637301894347	0.0	245.89501063945116	433.38755852399964	0.0	247.55959516080213	505.30222827090023	0.0	264.96544264794744	569.3685955083237	0.0
362	6.033333333333333	171.2293043020968	546.062174730168	0.0	141.16909941349434	544.298172953425	0.0	118.79117260914789	657.0520722330994	0.0	87.62931480523608	766.4384831983434	0.0	116.03392875149856	793.9820556358418	0.0	96.94875918591246	796.9161099807292	0.0	75.6897793655911	784.0982007323055	0.0	194.24156634819008	544.5334553689113	0.0	233.39693502103793	644.0544883733897	0.0	232.10323140968984	757.7827028004383	0.0	271.30657184459324	784.6782951456906	0.0	273.7383540299708	778.5035934082742	0.0	222.0670589709986	775.7942782996354	0.0	213.71066241168606	401.85847782108283	0.0	247.85141759761945	335.7984255573591	0.0	253.37227515492066	377.88956621476297	0.0	156.11045385461313	421.41806201458803	0.0	128.18932559929772	501.0882608311307	0.0	146.56962956558377	569.2218677575889	0.0	245.93673046130706	433.4730696595456	0.0	247.5764121456649	505.1713829754536	0.0	265.02300344828996	569.260605129817	0.0
363	6.05	171.20113929825803	546.1113135588529	0.0	141.17327902752456	544.5331545551749	0.0	118.79033205679181	656.7844747093231	0.0	87.62624172257756	766.4810460206066	0.0	115.79205211900492	793.8728032642174	0.0	96.72898889600047	796.9028019655547	0.0	75.74456995206265	784.1132917625104	0.0	194.27318933408048	544.7744163529167	0.0	233.39751006234928	644.1103851991489	0.0	232.03520519008617	757.6910451273226	0.0	271.3267524596595	784.5058776371415	0.0	273.6016790954772	778.4330618387443	0.0	222.0535557733785	775.7082623413432	0.0	213.77187825674406	401.9898637002844	0.0	247.9130277694102	335.734337028788	0.0	253.45034876346566	378.0890027174949	0.0	156.21442353358555	421.3390332858438	0.0	128.1196210408156	501.04230482319986	0.0	146.6760357736057	569.2371958239123	0.0	246.0014005510393	433.57528584812906	0.0	247.58408533534535	505.0598854370564	0.0	265.10649836310796	569.2370343836386	0.0
364	6.066666666666666	171.0703786064637	546.096811924055	0.0	141.14763329375654	544.6053292166739	0.0	118.80646483085408	656.5246528629785	0.0	87.62258800916294	766.5721768479833	0.0	115.5548141078708	793.8403024424463	0.0	96.57851975286377	796.862488317195	0.0	75.80390237151643	784.1172333305093	0.0	194.27668588616902	544.8395441130795	0.0	233.39599580153336	644.1996372747134	0.0	231.99088176653237	757.6392783529168	0.0	271.3979894661606	784.3939789828617	0.0	273.4795093166628	778.3666093622174	0.0	222.04791658360395	775.6686230200436	0.0	213.8083900264432	402.2241826759946	0.0	248.04283032433173	335.7047337093427	0.0	253.50365174892391	378.3488073366276	0.0	156.30635239580874	421.32314265734936	0.0	128.08094110783142	500.98613472983453	0.0	146.76410161503688	569.2799127643082	0.0	246.0524885236911	433.66877109841005	0.0	247.59989370567178	505.0316596282848	0.0	265.20470278693483	569.2972017224274	0.0
365	6.083333333333333	170.88493741006968	546.0254065357111	0.0	141.06997748998162	544.4222383912634	0.0	118.88508638425714	656.2562816171055	0.0	87.6170568242171	766.7008395019192	0.0	115.40015836812486	793.9335471387169	0.0	96.5532509822213	796.8487963410354	0.0	75.85581920073946	784.1153615051552	0.0	194.22069534149753	544.662933883784	0.0	233.4092296216806	644.2495850280393	0.0	231.98437762501447	757.6469119853726	0.0	271.4721098099928	784.4440829593477	0.0	273.3476269558622	778.3641974482425	0.0	222.0761656264758	775.6973709391791	0.0	213.80574566311856	402.4756616120896	0.0	248.16468966050326	335.74403209032664	0.0	253.48824312223812	378.6023557575049	0.0	156.36483993107328	421.35969442485117	0.0	128.09683076847256	500.9128273047347	0.0	146.79600577965533	569.3288598416354	0.0	246.06681634883088	433.7540203524251	0.0	247.6391463055626	505.12480727970905	0.0	265.32129140792705	569.4441279663126	0.0
366	6.1	170.69962940181978	545.9158279769573	0.0	140.94234388533425	544.0318589650253	0.0	119.00121583685855	655.9394430918258	0.0	87.612772896002	766.8145023904814	0.0	115.32709980153167	794.1342930162973	0.0	96.5940027878458	796.8885237082388	0.0	75.87077013015885	784.1087988173997	0.0	194.0878636403931	544.3385863103065	0.0	233.4416654644677	644.2549047209478	0.0	232.0118515847071	757.6612825220736	0.0	271.5119344789531	784.6188418338667	0.0	273.2362183107906	778.4500987946553	0.0	222.14083821038432	775.7876829998609	0.0	213.77357676794495	402.673272809049	0.0	248.23397162700968	335.7963212936942	0.0	253.42389273154816	378.7995888238172	0.0	156.38639381788454	421.426271965357	0.0	128.15190285067175	500.83268815667043	0.0	146.7733723881978	569.3796930987234	0.0	246.0433765847813	433.8476368530382	0.0	247.712458518424	505.32693045820906	0.0	265.4262372342515	569.6874983662389	0.0
367	6.116666666666666	170.5508674599672	545.7922855250063	0.0	140.8009826413221	543.5701813524619	0.0	119.09116496689023	655.5811867295698	0.0	87.61813781822961	766.858981858757	0.0	115.31303186094296	794.3667970265744	0.0	96.62585400697692	796.9579095874255	0.0	75.83476011739006	784.093809493878	0.0	193.9110896094494	544.0163066395208	0.0	233.48203243079658	644.2488547129996	0.0	232.0533153890612	757.6409407238833	0.0	271.5019828084138	784.8163514324323	0.0	273.1915244182491	778.5996144057927	0.0	222.2226758837803	775.904194695372	0.0	213.72572535584655	402.7980622506486	0.0	248.22433755085225	335.8030057957062	0.0	253.3492608636674	378.91161970145475	0.0	156.39360111331223	421.50099453817376	0.0	128.22735967115767	500.765849194744	0.0	146.72422767136288	569.4195324088969	0.0	245.99182467842482	433.94292529109174	0.0	247.80788415956448	505.5695837896899	0.0	265.47973112955884	569.9997945121318	0.0
368	6.133333333333333	170.4460853863715	545.6703976344719	0.0	140.690743912343	543.1309056650604	0.0	119.13539221045676	655.2580240477006	0.0	87.63164079844519	766.8227015598773	0.0	115.35324252170162	794.5356674180537	0.0	96.64153529990654	797.0094023057284	0.0	75.78184609362782	784.0655242274554	0.0	193.76743362165485	543.758355268403	0.0	233.50921942227453	644.2349098033055	0.0	232.08220871368923	757.6148780011426	0.0	271.42897154136585	784.99455998745	0.0	273.2119888149402	778.7690749429905	0.0	222.29790245255606	776.0000187835781	0.0	213.67591804865805	402.85233458542774	0.0	248.12149794062591	335.7839204121103	0.0	253.27906684163156	378.92016029786856	0.0	156.40993342284688	421.55940419438747	0.0	128.31446724843298	500.7255038090372	0.0	146.66671353465847	569.4323013404887	0.0	245.92795375746275	434.0134313468041	0.0	247.8844957590523	505.7420630957841	0.0	265.47680741929736	570.3042791245974	0.0
369	6.15	170.3812737826585	545.5686379397898	0.0	140.6415659246461	542.7831876611011	0.0	119.15095506475691	655.0548005085957	0.0	87.64229817190606	766.7190532837698	0.0	115.42687027675811	794.597177442531	0.0	96.64538136253775	797.0191615061246	0.0	75.76292810532229	784.0255429845764	0.0	193.7282842674187	543.5813135627534	0.0	233.50312010939754	644.2022619384899	0.0	232.07774564476355	757.6191556674346	0.0	271.2983805467772	785.1312552056047	0.0	273.2682941885238	778.9143298583637	0.0	222.3517054457648	776.058080068118	0.0	213.6464796164297	402.84281700010456	0.0	247.95945022821712	335.7750729813321	0.0	253.2293663836611	378.82539645607034	0.0	156.43017922733378	421.5839866487038	0.0	128.4000793928005	500.71208782839165	0.0	146.61274167089337	569.4262910652602	0.0	245.87096059210168	434.0548507356483	0.0	247.90905456421171	505.76176970117837	0.0	265.44293984489923	570.521395839695	0.0
370	6.166666666666667	170.36215508796246	545.5094045537525	0.0	140.65726432705097	542.6237934671913	0.0	119.13935193823137	654.9864553139643	0.0	87.64752907566456	766.5551685389231	0.0	115.48006476409834	794.5885154610353	0.0	96.60813960355152	797.0046089158426	0.0	75.79254360160425	783.9808053028844	0.0	193.80308478062096	543.5269954991916	0.0	233.45897028956503	644.1557555043813	0.0	232.03902374382957	757.6468063928282	0.0	271.14766534143496	785.1741786967468	0.0	273.34996306740317	779.0056458035019	0.0	222.38373591410425	776.1004418566048	0.0	213.64586757397512	402.80041802357573	0.0	247.8208883308308	335.76749190076373	0.0	253.2294999674282	378.6746051816257	0.0	156.43668849511744	421.56969663226846	0.0	128.47135410507346	500.7181617786825	0.0	146.5796444377989	569.427752457512	0.0	245.82344388193948	434.0872531401891	0.0	247.89328355646506	505.6569032107511	0.0	265.4025594082139	570.6115777594297	0.0
371	6.183333333333334	170.39444768045652	545.4931229058632	0.0	140.72069634079494	542.6942217501113	0.0	119.10171389758442	655.0081814322574	0.0	87.65577957399807	766.3598005308514	0.0	115.48064829327438	794.5593991224515	0.0	96.53876797861086	796.998784786477	0.0	75.84960465001636	783.9526368510643	0.0	193.93478351092935	543.5856217144099	0.0	233.3963228099967	644.0925023012885	0.0	231.99274450553963	757.6847911712728	0.0	271.0130222285715	785.1172137905827	0.0	273.45071894836013	779.0360287544934	0.0	222.4011265693904	776.1443540733151	0.0	213.6406303402609	402.7665716044477	0.0	247.7643052763468	335.75944174143217	0.0	253.2826713311526	378.55145873471326	0.0	156.43227682336786	421.53108491973853	0.0	128.52419841615102	500.73138656987135	0.0	146.5668724489486	569.448403384727	0.0	245.76312181912706	434.1162180307041	0.0	247.87161352114333	505.53229797906823	0.0	265.3735231160375	570.5717264527153	0.0
372	6.2	170.46375658474497	545.4955043056473	0.0	140.80571242509384	542.8990039022157	0.0	119.07728185845738	655.0692885931528	0.0	87.66486320583556	766.2076604311277	0.0	115.46197838655188	794.515986194165	0.0	96.51838943043937	797.0279804297903	0.0	75.91182524444122	783.9868452887397	0.0	194.05373042322478	543.6472633415584	0.0	233.34737046241207	643.9837445547939	0.0	231.979484448005	757.7359088434446	0.0	270.90201700317436	785.0429092135676	0.0	273.53525707772445	779.0080502501067	0.0	222.40640973920412	776.1799269648941	0.0	213.58108828931927	402.7513739884736	0.0	247.7851704375169	335.796912231745	0.0	253.3553280939687	378.526014810609	0.0	156.42593110377402	421.51019388213325	0.0	128.5445266885881	500.7369061365485	0.0	146.54666142236772	569.4788772988077	0.0	245.67082713265293	434.1221551432177	0.0	247.857546373924	505.45935484712476	0.0	265.38116040040575	570.4302613645002	0.0
373	6.216666666666667	170.53907435810876	545.4869440142837	0.0	140.88280816558387	543.0938065062718	0.0	119.10769748771027	655.1289226384886	0.0	87.65960785527764	766.171019828878	0.0	115.47951011334587	794.4515897930384	0.0	96.59696994822485	797.1057648111531	0.0	75.95840005261446	784.1146018492194	0.0	194.12212602155415	543.6249656028543	0.0	233.32922183237585	643.8166351065454	0.0	232.02193039994017	757.7949335812854	0.0	270.8238185735735	785.0224722240024	0.0	273.5788391048164	778.9336292178766	0.0	222.40192196006342	776.1993041244532	0.0	213.45866443351264	402.74190158372767	0.0	247.85766084338474	335.90678229545597	0.0	253.41906425100046	378.61950473470796	0.0	156.40506950217593	421.5413723240203	0.0	128.5111124082462	500.7328836350446	0.0	146.5009902785193	569.5073382793466	0.0	245.55745047380444	434.10026845590664	0.0	247.84613151361592	505.4476512544869	0.0	265.4346328929329	570.2579196126401	0.0
374	6.233333333333333	170.59892355930705	545.442450343035	0.0	140.93268273138156	543.2088748795667	0.0	119.17867431017503	655.1612918633651	0.0	87.63571425090926	766.2645543606832	0.0	115.54896107987862	794.3818674277917	0.0	96.72596612156688	797.223207163369	0.0	75.96560944885088	784.3047818477572	0.0	194.12874730743624	543.5522508449735	0.0	233.3294023974526	643.6390724137442	0.0	232.10313284176036	757.854818535046	0.0	270.8144886152859	785.0372747322979	0.0	273.6084431727511	778.8441810347804	0.0	222.39465109281142	776.2120312162201	0.0	213.3204784298174	402.7448316551528	0.0	247.96314765192957	336.04238106531	0.0	253.47204429369506	378.806615454075	0.0	156.35318569698612	421.6034941931035	0.0	128.43136681787234	500.7383666605444	0.0	146.4391216578016	569.5307259591065	0.0	245.46190073218807	434.07788800859703	0.0	247.83116648210049	505.4981192860802	0.0	265.49806858346994	570.1403116781587	0.0
375	6.25	170.64523092882575	545.3519246529744	0.0	140.96278102575465	543.227062275155	0.0	119.24675761027183	655.1735000184495	0.0	87.60394481617165	766.4493313381868	0.0	115.65780677383866	794.3347765266201	0.0	96.84446216004957	797.3469196241313	0.0	75.93608555166638	784.4878078839918	0.0	194.06943327617657	543.497073578144	0.0	233.3287790848222	643.5189687333549	0.0	232.1792894808807	757.9432484200943	0.0	270.88421585675724	785.0588761463134	0.0	273.64449767483904	778.782613777114	0.0	222.3849476054414	776.2227403355793	0.0	213.21425702269127	402.7780474340515	0.0	248.0648700473191	336.14394898038245	0.0	253.5131356997103	379.04112588772034	0.0	156.28175847430563	421.63618759513605	0.0	128.34507891452716	500.77242254295396	0.0	146.3702395523176	569.5540033405621	0.0	245.4229649054001	434.07214148533296	0.0	247.79357296210188	505.6158159905537	0.0	265.5307392010851	570.1115087483458	0.0
376	6.266666666666667	170.68700203947407	545.2360497124293	0.0	140.9976709029379	543.1259780030817	0.0	119.29659891377898	655.2014796309036	0.0	87.5719284233668	766.663840082852	0.0	115.79007195619492	794.3365531006409	0.0	96.9476975430519	797.4396935604763	0.0	75.90903273804417	784.615921312288	0.0	193.95159507164095	543.4671438312992	0.0	233.33240230293785	643.4653116717247	0.0	232.21456123301175	758.1083158024879	0.0	270.9782955167442	785.135796041762	0.0	273.6535740254957	778.7943117186162	0.0	222.36791554586642	776.2238351989349	0.0	213.13270055040778	402.82453113043107	0.0	248.10388741296748	336.21270338974216	0.0	253.52711600307848	379.28082097390984	0.0	156.2195461229949	421.5957661832986	0.0	128.29018294461582	500.83579927778794	0.0	146.2965375712911	569.58834943107	0.0	245.44211197399946	434.0737059091529	0.0	247.7012037097593	505.76880341791605	0.0	265.53381916928265	570.1279258826102	0.0
377	6.283333333333333	170.7328671215248	545.1504946968168	0.0	141.05692912198546	542.9289593212878	0.0	119.31899426718626	655.2753777202772	0.0	87.53707398733097	766.843140763746	0.0	115.91131554363484	794.4006537912944	0.0	97.02752597828312	797.4895868477586	0.0	75.91197014612492	784.6914675771892	0.0	193.80221405617593	543.4555352483691	0.0	233.35704987823644	643.4449195345871	0.0	232.20539983517176	758.3461914299507	0.0	271.0412052823261	785.3157320483114	0.0	273.61806286316425	778.9084843915956	0.0	222.34912374133256	776.2147154965705	0.0	213.04178494739816	402.83531486588925	0.0	248.0612324744368	336.2788052420399	0.0	253.50925133315562	379.49074781084204	0.0	156.1689778379706	421.4862978116876	0.0	128.27742386533842	500.91775585001994	0.0	146.22906271973903	569.6492022962774	0.0	245.48499918588027	434.0882702972489	0.0	247.54571528249932	505.9018035890052	0.0	265.5182437647028	570.1278223520023	0.0
378	6.3	170.8053429116129	545.1629321643081	0.0	141.15066132452284	542.7438397862157	0.0	119.27665025942895	655.3961458044948	0.0	87.49314063251059	766.9417666490073	0.0	115.98227299649649	794.5054049972824	0.0	97.04544434135246	797.5072313313814	0.0	75.92487819905101	784.7485724947148	0.0	193.66110738710464	543.485048696965	0.0	233.39763249678904	643.4654340417992	0.0	232.1739184276901	758.5747047151873	0.0	271.07573778225	785.538193762777	0.0	273.593287749868	779.1027295762924	0.0	222.34006687400642	776.200688696767	0.0	212.9476643468703	402.7833557690176	0.0	247.99358691674	336.33916126643146	0.0	253.47609101424462	379.63087510180605	0.0	156.0985996974795	421.3584138343701	0.0	128.2943524870192	501.01232858439226	0.0	146.1755147401737	569.7411787556354	0.0	245.5197823315083	434.13559094544934	0.0	247.36882001422683	506.00620138283983	0.0	265.46086564651375	570.1046576789192	0.0
379	6.316666666666666	170.9282761611373	545.3015464073055	0.0	141.27687087596968	542.6653229080636	0.0	119.15188758292669	655.5454713236342	0.0	87.43424134044452	766.9651383574094	0.0	116.0059380196314	794.5870013610647	0.0	97.0100082959251	797.4857635256209	0.0	75.9146748521505	784.8112739221973	0.0	193.5771807706837	543.5473023337391	0.0	233.42893951594445	643.5739773380914	0.0	232.14207558112386	758.7080115562642	0.0	271.1065548811933	785.6770103824354	0.0	273.63629212900344	779.2931281157187	0.0	222.33871531356743	776.1717730140145	0.0	212.89369074219348	402.68712639496016	0.0	247.9728024574786	336.3793456715263	0.0	253.4336821911887	379.67017564333275	0.0	155.989273501162	421.27833064177736	0.0	128.32218150547754	501.12231139202714	0.0	146.12683974482465	569.8391787926402	0.0	245.52877866846882	434.1943361963557	0.0	247.23919483842255	506.11320517780734	0.0	265.33428669945715	570.0994782903992	0.0
380	6.333333333333333	171.08885976525363	545.5185920671059	0.0	141.4075567724944	542.6912391399728	0.0	118.9899161685853	655.7012166659997	0.0	87.36148292502936	766.9578167054183	0.0	116.02258184078491	794.5717487846235	0.0	96.99189145029052	797.3920729944076	0.0	75.88225778522725	784.8775505333851	0.0	193.59056839392835	543.5824994256598	0.0	233.4320628812738	643.7756345563095	0.0	232.12108510282113	758.7354914771558	0.0	271.1337856324986	785.6489824386499	0.0	273.7322423928685	779.3736401364102	0.0	222.3305527706251	776.1138146843793	0.0	212.9072247853135	402.58092022908386	0.0	248.02348839628974	336.40485549385863	0.0	253.36952108788103	379.6220464183096	0.0	155.86220395794368	421.281671607234	0.0	128.339374195086	501.2411609728851	0.0	146.07858580295837	569.9021826345072	0.0	245.5024867093169	434.2079428534599	0.0	247.19578178997904	506.21674823531754	0.0	265.15398963434683	570.1356433458795	0.0
381	6.35	171.23790791567885	545.7274441403821	0.0	141.49701448462102	542.7961084852777	0.0	118.84853834443535	655.8432090133748	0.0	87.29458501538286	766.9492334709879	0.0	116.04063929080606	794.4397099624439	0.0	97.0192960860409	797.2242818334867	0.0	75.85657060433509	784.9368703910529	0.0	193.6942927575407	543.577827445021	0.0	233.40776729812484	644.0033636944518	0.0	232.1199054094827	758.698980887388	0.0	271.15169638471815	785.454595396468	0.0	273.8382845730265	779.2905553539425	0.0	222.31122874464822	776.0424785967601	0.0	212.98250861853438	402.48951422389786	0.0	248.12995028011667	336.4079862701666	0.0	253.3014992941611	379.53888701908966	0.0	155.7529870670122	421.35764016015287	0.0	128.32438105567266	501.33429774726835	0.0	146.04476926123144	569.919506667067	0.0	245.44921643139713	434.1525704290795	0.0	247.21295473808135	506.2743345684129	0.0	264.9600102730653	570.1860002164343	0.0
382	6.366666666666666	171.328123582771	545.8766522030751	0.0	141.51800432390044	543.0031350623228	0.0	118.74163672506737	655.9598638303036	0.0	87.25748490930022	766.9422214457362	0.0	116.01870083094799	794.2566278477409	0.0	97.03285557154295	797.0537534625587	0.0	75.85120178725154	784.9802131485341	0.0	193.83109681978192	543.6044538246755	0.0	233.3726890189822	644.176985693779	0.0	232.1460464972402	758.6182496618823	0.0	271.17132399042225	785.1558540371273	0.0	273.9416024093438	779.0878247956658	0.0	222.29382203231035	775.9925680890329	0.0	213.09163163115892	402.4335432845712	0.0	248.25983630357808	336.3611696585256	0.0	253.2819998165624	379.46117403847416	0.0	155.6822772382223	421.4693618644712	0.0	128.27423182889655	501.3547383486976	0.0	146.0396931458814	569.923833946877	0.0	245.38576604636978	434.06140453713607	0.0	247.22745524962093	506.266633999976	0.0	264.7704600368109	570.20902935358	0.0
383	6.383333333333333	171.33965976091355	545.9713711953028	0.0	141.4809445847182	543.3073309815575	0.0	118.67055777439082	656.051267183958	0.0	87.24934978964221	766.9471482700081	0.0	115.94721651476007	794.1152485963082	0.0	96.99410829408431	796.9750189289313	0.0	75.84756814633676	784.9960260037567	0.0	193.93474978384106	543.7104783542055	0.0	233.3499391660655	644.2621917070621	0.0	232.19150444543087	758.4889214279599	0.0	271.18225461695874	784.8654589381415	0.0	274.0260255612167	778.8726949329514	0.0	222.28770674242818	775.978120894355	0.0	213.18693594114913	402.42640733918284	0.0	248.36665415917284	336.27157063183154	0.0	253.32203262010154	379.3873363909316	0.0	155.65781589907476	421.5766665266704	0.0	128.2107520836275	501.28395558326827	0.0	146.05746049476372	569.9401907466402	0.0	245.31450986316807	433.9853447974573	0.0	247.1891677059395	506.20243952064294	0.0	264.58739325447954	570.2058073585871	0.0
384	6.4	171.28616146035594	546.0405575892577	0.0	141.41432941941932	543.616841644588	0.0	118.66377990385917	656.1188343442363	0.0	87.25223239404536	766.9801680094296	0.0	115.88279706223551	794.0530055224478	0.0	96.96044327657003	797.0258041071728	0.0	75.82423227386924	784.9788016042527	0.0	193.96968014622533	543.8602762081263	0.0	233.36014107117526	644.2641596552758	0.0	232.22960977759556	758.3274973650559	0.0	271.12797372114943	784.7269774083828	0.0	274.03784191284285	778.7405727682755	0.0	222.28504715310635	775.9857800576859	0.0	213.217091939221	402.4465254621174	0.0	248.40024239816904	336.19038942038634	0.0	253.371893000856	379.2891784398724	0.0	155.67934053819658	421.6469434765624	0.0	128.16493179369598	501.1535246813231	0.0	146.0662307507511	569.9562611106844	0.0	245.22723119486017	433.9463521801694	0.0	247.0889341305389	506.1072696855004	0.0	264.4234675345326	570.2172101019157	0.0
385	6.416666666666667	171.20118950413405	546.1097884463351	0.0	141.33495445865094	543.8543126897241	0.0	118.74016021413705	656.1565522103999	0.0	87.25498418888122	767.0243498544742	0.0	115.87179636028074	794.043206745453	0.0	96.98111848302723	797.172478387432	0.0	75.77383956577472	784.9412013894356	0.0	193.94817441359982	544.0200810822281	0.0	233.40362851259263	644.2151830749615	0.0	232.23536351354062	758.155971825818	0.0	270.98013524089623	784.7916500667386	0.0	273.9521933164132	778.7138398115272	0.0	222.2698956958035	775.9927558064232	0.0	213.1698755509213	402.44473604175255	0.0	248.35058828079707	336.13174829236954	0.0	253.40156853493818	379.1349732998274	0.0	155.7357998717092	421.66318916897177	0.0	128.15776427589645	501.0240884576558	0.0	146.03076339013563	569.9563799664716	0.0	245.12264777783292	433.93563169927484	0.0	246.95720076610732	506.02655681004455	0.0	264.2773648869908	570.2607525687753	0.0
386	6.433333333333334	171.11030680077667	546.1923183374699	0.0	141.25029345403146	544.037988563869	0.0	118.87246213067522	656.1682176720096	0.0	87.2580229948862	767.0316985293252	0.0	115.90247591851615	794.0481027531182	0.0	97.00404969358581	797.347314231611	0.0	75.69811825842052	784.8985130427064	0.0	193.9168578047081	544.2170198957085	0.0	233.4521216024185	644.18719468057	0.0	232.20511159999978	757.9779064735037	0.0	270.8083224246952	784.9393625908298	0.0	273.83438592006837	778.7372001935255	0.0	222.23195878252153	775.9860233330469	0.0	213.08601639895326	402.41003683512116	0.0	248.2723608995188	336.037052322094	0.0	253.44526325722322	378.9152198874314	0.0	155.81221267027757	421.63903094413627	0.0	128.18237756241103	500.9381967030059	0.0	145.943802262649	569.938455282993	0.0	245.0155344183593	433.94719184957637	0.0	246.82783923319388	505.9947061301859	0.0	264.1161492395171	570.2977687566067	0.0
387	6.45	171.0241802534921	546.2793793586753	0.0	141.17741080843166	544.1950199538322	0.0	119.01767853562225	656.1795073385487	0.0	87.26330747819539	766.983214705002	0.0	115.95191449223744	794.0634120789041	0.0	96.96965904973567	797.4809991951331	0.0	75.61728020155142	784.8434430114919	0.0	193.91640757234066	544.4498718778386	0.0	233.47927581108704	644.244209225121	0.0	232.1604054411055	757.8177528710337	0.0	270.72231222589807	785.0222747400633	0.0	273.76902139440267	778.7407413692475	0.0	222.183627670266	775.9703289314143	0.0	213.005933871797	402.3903906906926	0.0	248.23151262699682	335.88520859843163	0.0	253.53223519927445	378.6793475232783	0.0	155.88937412565383	421.6176396989702	0.0	128.2071924203712	500.9048607959059	0.0	145.81776829819125	569.8976734729957	0.0	244.93151516901105	433.98704858098637	0.0	246.7038200785351	506.0081979124322	0.0	263.9286784131491	570.276333064909	0.0
388	6.466666666666667	170.95595120664626	546.3429419531171	0.0	141.1350867036217	544.2817962891212	0.0	119.15310849551271	656.2014807080194	0.0	87.26115672784057	766.9152614103396	0.0	116.02599697389104	794.1076334982083	0.0	96.9128396580272	797.5263945361468	0.0	75.56831020751765	784.7557696475978	0.0	193.95529687004623	544.6256123446898	0.0	233.48514209243916	644.3613498012256	0.0	232.1353665255469	757.7405348054382	0.0	270.7765355219297	785.0133723947716	0.0	273.769391705977	778.6991728106235	0.0	222.162838966961	775.9509019112446	0.0	212.92632607610454	402.41917259604656	0.0	248.24362216338093	335.7711142087801	0.0	253.61698577332288	378.5242359513696	0.0	155.93816880432655	421.63387833036853	0.0	128.20139454383553	500.9272579129944	0.0	145.66976529389356	569.8313867254273	0.0	244.89048230994163	434.0618738004937	0.0	246.57561477130696	506.05497901819535	0.0	263.76037318782886	570.1945333353812	0.0
389	6.483333333333333	170.93221352870543	546.361104428529	0.0	141.13516967939984	544.2605263258155	0.0	119.26601108071523	656.2054971433982	0.0	87.24105704501362	766.8745334151189	0.0	116.11360279901278	794.183402977826	0.0	96.88645580251955	797.4856020808993	0.0	75.57193769440585	784.6364957886861	0.0	194.01960108219285	544.6751242659633	0.0	233.47888433323712	644.4511089224093	0.0	232.1520061629844	757.7860267791757	0.0	270.9574955363119	784.9381785629668	0.0	273.8147205332012	778.6207828417171	0.0	222.20277926607994	775.9223832010713	0.0	212.8370410152425	402.4693608018344	0.0	248.29139282898586	335.78988675782216	0.0	253.63013670439904	378.5022319646021	0.0	155.94377366814692	421.6796901660589	0.0	128.15260257557017	501.0033272880643	0.0	145.53973177437635	569.7515869422228	0.0	244.89771311096914	434.17478551542126	0.0	246.4537694868018	506.1430067070586	0.0	263.65264342799594	570.1098707991139	0.0
390	6.5	170.97720147079957	546.3413142155122	0.0	141.19178986403517	544.18064957672	0.0	119.33870007896626	656.1716117570065	0.0	87.21134796994899	766.8853252769513	0.0	116.14696917801623	794.2758145497538	0.0	96.87003507451705	797.4125705977871	0.0	75.61248365798261	784.5191209326061	0.0	194.0838515377518	544.6537790347087	0.0	233.461279969595	644.4649421440414	0.0	232.20538823869916	757.9111139928673	0.0	271.21827815889213	784.7753352838926	0.0	273.91472496283876	778.5112179986286	0.0	222.30372422036447	775.889651860711	0.0	212.75971640683025	402.5039628930048	0.0	248.3570376908536	335.9144504490723	0.0	253.55561729084954	378.55940662393795	0.0	155.93376287719445	421.7147216368506	0.0	128.0724701476114	501.10152538022663	0.0	145.4898190665819	569.6770685556402	0.0	244.94822866246287	434.30812878040405	0.0	246.35886627816473	506.2768235075391	0.0	263.57847294765475	570.0835893055457	0.0
391	6.516666666666667	171.0848105820522	546.3047103593528	0.0	141.30280346565098	544.1035598591726	0.0	119.37038739316064	656.1224973487854	0.0	87.19325531957885	766.9532949440207	0.0	116.06583249417832	794.3730092487328	0.0	96.82854339243232	797.3683056533849	0.0	75.66721872598323	784.446452057119	0.0	194.10781188093375	544.6365679996653	0.0	233.42972632920632	644.4183529751758	0.0	232.2657629301344	758.0509727022983	0.0	271.4840270762469	784.5416186093239	0.0	274.0541074049155	778.3957953818887	0.0	222.4352360283092	775.8815686632059	0.0	212.71132279240524	402.523098509866	0.0	248.39619050544692	336.0640889116106	0.0	253.4078371071912	378.5938129257506	0.0	155.9511869823146	421.70595999910165	0.0	127.99292494767931	501.17508377204945	0.0	145.5561196235932	569.623548761075	0.0	245.02463434555017	434.41197661778585	0.0	246.29276812365427	506.4324865950309	0.0	263.4860620173181	570.1214659103898	0.0
392	6.533333333333333	171.2144358906175	546.2476340961451	0.0	141.41740524427732	544.0097608354724	0.0	119.38810959711628	656.0734988374344	0.0	87.20696435936745	767.0570490045995	0.0	115.8906260194124	794.4574179295762	0.0	96.7754045599502	797.3692926087197	0.0	75.73985069699225	784.4372080790721	0.0	194.0473552245007	544.6121250451604	0.0	233.3881968514893	644.3396273750795	0.0	232.29584173561565	758.1965621165282	0.0	271.6578143067308	784.3764985018789	0.0	274.1404454877644	778.3519007580139	0.0	222.55192103934328	775.9252009939951	0.0	212.67417156083312	402.5390635039507	0.0	248.34199400199182	336.2121681645589	0.0	253.18841364766968	378.5477789753701	0.0	156.0034593409198	421.65504174031776	0.0	127.9471795765132	501.20283784409344	0.0	145.71329630625735	569.6053164087501	0.0	245.08858332505184	434.43817996446757	0.0	246.23757668056356	506.5710204329682	0.0	263.379915823062	570.1688192037203	0.0
393	6.55	171.31280894753195	546.153097893629	0.0	141.4677689463084	543.8815796471503	0.0	119.4063147681996	656.0026459235963	0.0	87.26104494840301	767.1391719225738	0.0	115.69893855701929	794.4985351472699	0.0	96.73244670115082	797.3901914849347	0.0	75.83851064717287	784.4754187761953	0.0	193.89256441112434	544.5691373314132	0.0	233.3488143760141	644.2531321541951	0.0	232.28719886122758	758.3424719055815	0.0	271.6988270325574	784.3834011644474	0.0	274.12323642875623	778.4409488197949	0.0	222.61954852483265	776.0110227052511	0.0	212.63891953753208	402.53887536460667	0.0	248.18495851038045	336.346651762371	0.0	252.92057170770224	378.43621132217675	0.0	156.06008043834825	421.5928449220412	0.0	127.94441495728265	501.19886282170233	0.0	145.90226588112296	569.6309103198125	0.0	245.09877097908242	434.38461551870773	0.0	246.18333511761477	506.65918542150746	0.0	263.292606809342	570.1611979915807	0.0
394	6.566666666666666	171.34920547866327	546.0385587795238	0.0	141.4452257820795	543.8036758182211	0.0	119.40130557605191	655.8976926587819	0.0	87.34536276236071	767.1317207397457	0.0	115.56182890349963	794.4731476579274	0.0	96.69962323230259	797.4025524735703	0.0	75.9413913230047	784.5310838500113	0.0	193.70453315913815	544.5684958642872	0.0	233.32526181878285	644.2108065399149	0.0	232.27369279318674	758.4240032816363	0.0	271.6723151335031	784.4737075452297	0.0	274.0953835362177	778.6229606500506	0.0	222.64756796309115	776.0909897235745	0.0	212.6332620425968	402.49902787393546	0.0	247.99358195455645	336.41088805146194	0.0	252.68710108121113	378.3203329723014	0.0	156.0934861067144	421.5521541391568	0.0	127.96857102169352	501.1767883439948	0.0	146.07300106698733	569.6806325382743	0.0	245.05427301218924	434.29186630119983	0.0	246.14482988539916	506.673582431076	0.0	263.2042515228333	570.0766060528105	0.0
395	6.583333333333333	171.33838366954052	545.9541073956814	0.0	141.40312175341955	543.8527054736372	0.0	119.35071365513956	655.7876313002221	0.0	87.43999093792894	767.0137968101316	0.0	115.52257673830047	794.3753025495895	0.0	96.70005182634632	797.3850858618654	0.0	76.0137290062783	784.5842923488634	0.0	193.58318175639545	544.6353409959708	0.0	233.32872878855642	644.2738329175411	0.0	232.28913234448524	758.391828823497	0.0	271.6588393076211	784.5178808972431	0.0	274.1601996956226	778.7994001115469	0.0	222.67978241634546	776.1070310377036	0.0	212.67797274510642	402.4272181880575	0.0	247.8281061868932	336.3793254777092	0.0	252.57257592032343	378.2674013623862	0.0	156.1120920242217	421.5445840090537	0.0	128.00966862263115	501.12796061926434	0.0	146.19158006049994	569.7052505359803	0.0	244.99940074779323	434.20116906349114	0.0	246.1432946661924	506.60491303968774	0.0	263.07644907387225	569.9385880622176	0.0
396	6.6	171.3026990623982	545.9314976778094	0.0	141.38393465211894	543.9617125621663	0.0	119.26872828826559	655.7124275218297	0.0	87.5294113541898	766.8485320917406	0.0	115.59250158801204	794.2206154653435	0.0	96.79323907267117	797.317326920622	0.0	76.0413924724748	784.6351509723572	0.0	193.5716316960386	544.6761911878184	0.0	233.36760375821092	644.4286989947399	0.0	232.33264734901275	758.3012216458247	0.0	271.6736640984308	784.5230831003652	0.0	274.28254995161393	778.9017463929039	0.0	222.73893225171102	776.0322611798154	0.0	212.75618346794096	402.3606173561948	0.0	247.69005464334748	336.3160337799745	0.0	252.5788971124441	378.30667039730855	0.0	156.14985920486933	421.55486026522817	0.0	128.07678713603792	501.04243943285746	0.0	146.2415028360898	569.6697625146904	0.0	244.97154736305816	434.13124219479715	0.0	246.18383165358364	506.47743606259223	0.0	262.9399925776106	569.7965849498165	0.0
397	6.616666666666666	171.22718653334414	545.9537069331741	0.0	141.39131203924592	544.0168492972672	0.0	119.18427116519037	655.6811954953812	0.0	87.60249261027866	766.7266451126688	0.0	115.72400152554896	794.0550752954948	0.0	96.97733364486871	797.1947467941708	0.0	76.02792086730263	784.6970236889172	0.0	193.62479212164553	544.5905038840931	0.0	233.4364197436015	644.5769669721959	0.0	232.38759496741955	758.2525909323646	0.0	271.7112909667759	784.5163033411108	0.0	274.37424891050625	778.8986202535981	0.0	222.8033696068882	775.9010508898914	0.0	212.8488273636119	402.327312774058	0.0	247.5821145009372	336.2702133698702	0.0	252.64740027682606	378.4039165309637	0.0	156.2203562777442	421.55308289488704	0.0	128.16558085757742	500.9276136088387	0.0	146.23766453219753	569.5861662807729	0.0	244.9733279650199	434.0941914614104	0.0	246.25312190674876	506.3558279748008	0.0	262.858538115286	569.7165690346625	0.0
398	6.633333333333333	171.09558691927745	545.970848924111	0.0	141.4166043606874	543.99861893639	0.0	119.11781739096187	655.671508390008	0.0	87.64249361533615	766.675041607892	0.0	115.82439055079281	793.9314501391817	0.0	97.13963045111771	797.0446318535411	0.0	75.9800849385797	784.7741179274893	0.0	193.6858591575711	544.3922874844101	0.0	233.50368863779403	644.6459893243997	0.0	232.4401866992105	758.2755308177625	0.0	271.78507086975065	784.4165132862305	0.0	274.4352093330006	778.7767004752711	0.0	222.84229050238605	775.7819279657169	0.0	212.9551704618697	402.3322300452948	0.0	247.56090102269138	336.19293136336466	0.0	252.74352518561645	378.49755978008216	0.0	156.30255051043622	421.52639863957853	0.0	128.23775279409008	500.8096846866207	0.0	146.23012844018223	569.4957422225774	0.0	245.00123114508662	434.10657920758956	0.0	246.3234544090347	506.30919499395515	0.0	262.8360432679141	569.7617198360364	0.0
399	6.6499999999999995	170.93693981647854	545.9301245111367	0.0	141.44552834214622	543.9238942282861	0.0	119.08895045365665	655.6621347878903	0.0	87.6330138628261	766.6646210513929	0.0	115.83183997540446	793.8688606894652	0.0	97.17193583072334	796.9093148256933	0.0	75.92053161317229	784.8397489977109	0.0	193.7437164378654	544.1433527821538	0.0	233.53415059670087	644.664093504817	0.0	232.47136182943004	758.3301871809607	0.0	271.87431682259887	784.1919614095387	0.0	274.5040055198937	778.5674786482633	0.0	222.84649809359064	775.7118795542582	0.0	213.0601783769125	402.3614794650675	0.0	247.67712570769257	336.0323072919224	0.0	252.863683292238	378.5515659828145	0.0	156.37442417423597	421.49606638694155	0.0	128.25842972706832	500.7228723457994	0.0	146.2735826932987	569.4300995911763	0.0	245.05303771774902	434.16881474403806	0.0	246.364483068971	506.36198679085226	0.0	262.84176922794387	569.9509078027767	0.0
400	6.666666666666667	170.80360715715284	545.8027401733046	0.0	141.45945243446977	543.7630955037245	0.0	119.10820930616728	655.6412199078491	0.0	87.58189264730628	766.6819413375057	0.0	115.75203117572428	793.8557451705806	0.0	97.06851522733102	796.817530046392	0.0	75.88940430487226	784.8500417970524	0.0	193.80502477628468	543.8515724966236	0.0	233.52856945478976	644.6982199395835	0.0	232.4671107953093	758.375748670798	0.0	271.9065177178595	783.984300145999	0.0	274.55465563758844	778.3486880409849	0.0	222.8195698981031	775.68436516315	0.0	213.1239265521707	402.387114235827	0.0	247.89890700843327	335.82751976649246	0.0	252.98425468375865	378.55728831735524	0.0	156.4227080287544	421.48940748567645	0.0	128.23666895921815	500.69080752082857	0.0	146.37712207797102	569.3933102190339	0.0	245.09741477298053	434.249741400605	0.0	246.36851124155095	506.488886885415	0.0	262.88272159725256	570.2344753993576	0.0
401	6.683333333333334	170.73451332758074	545.6194578952702	0.0	141.46311209825208	543.5282276565732	0.0	119.15225927348271	655.5940534007599	0.0	87.51778502556456	766.7405078657544	0.0	115.62432686486322	793.8883388310431	0.0	96.8815779625773	796.7889418983837	0.0	75.90153332745483	784.7989614666332	0.0	193.8684217345794	543.5395004854598	0.0	233.51825675167254	644.7680022104935	0.0	232.4454819898182	758.3774240063738	0.0	271.8614403991982	783.9073028029493	0.0	274.55674571915984	778.1693689160103	0.0	222.76417459292935	775.6982826001058	0.0	213.12127490275813	402.38736935195743	0.0	248.1453021057989	335.64314563560083	0.0	253.06781482757958	378.51937184687284	0.0	156.43460346502195	421.51136826466467	0.0	128.20280388171628	500.72498704594983	0.0	146.5011372177256	569.3782391191954	0.0	245.08169646003273	434.31013870987516	0.0	246.36016729111554	506.64703263861634	0.0	262.9737207308249	570.5196664331723	0.0
402	6.7	170.74692286351674	545.475245688075	0.0	141.4894797972059	543.3465015506334	0.0	119.18243098817457	655.5123460757125	0.0	87.45528604287875	766.8402823371227	0.0	115.48567416466862	793.9780620883029	0.0	96.66016687107306	796.842042779511	0.0	75.92290132388983	784.7398155665032	0.0	193.93551139570022	543.3245501983682	0.0	233.51789317920625	644.8562304152513	0.0	232.44105006989827	758.2990791858442	0.0	271.81261167155685	783.8856326173246	0.0	274.54977695412225	778.0169988935079	0.0	222.68797574019294	775.7724850809889	0.0	213.06761297706245	402.3663662606781	0.0	248.3562043320509	335.4912956535426	0.0	253.10733384836675	378.45722306415314	0.0	156.41990666562032	421.54901034057656	0.0	128.1650653685369	500.8244614460368	0.0	146.6034132378457	569.3914217385068	0.0	244.97819558841826	434.3306893337112	0.0	246.36753631708584	506.7921736628638	0.0	263.0785059194833	570.7103641107751	0.0
403	6.716666666666667	170.83234970582427	545.4497036359006	0.0	141.5497780173931	543.3245199855729	0.0	119.19748410461027	655.399495678874	0.0	87.38727630298125	766.9586502306128	0.0	115.37262792552355	794.1152435330105	0.0	96.46715977666143	796.9647991126908	0.0	75.91316483521312	784.7233600641873	0.0	194.0052500364686	543.297660650226	0.0	233.50572806101735	644.938448646958	0.0	232.4541095567194	758.1483485058619	0.0	271.80060525240634	783.8353314596626	0.0	274.5542508457499	777.887120904725	0.0	222.60370247685873	775.900357186002	0.0	212.9874308811217	402.3443537951121	0.0	248.49303289897009	335.38158407715173	0.0	253.11538908991943	378.39533693888876	0.0	156.4075164365885	421.5847554515544	0.0	128.11586019830904	500.96277833531724	0.0	146.66277396292233	569.4516858332455	0.0	244.8027994391048	434.3044111405511	0.0	246.38623394120083	506.8874943901883	0.0	263.1546504893214	570.75273406433	0.0
404	6.733333333333333	170.94819527932646	545.5250672668687	0.0	141.59921883256033	543.4090197314637	0.0	119.23303345826784	655.262518747212	0.0	87.31470398694485	767.074524446209	0.0	115.33520194670555	794.2540574923505	0.0	96.38616830205251	797.1020668858902	0.0	75.87578512015523	784.7388335614374	0.0	194.05271155471195	543.3912792771864	0.0	233.45410702439676	644.965855298608	0.0	232.44922788218162	757.9943952385421	0.0	271.7619634493328	783.8205392762401	0.0	274.50624244644376	777.8187438487065	0.0	222.52272936225071	776.0316073063516	0.0	212.88470677918284	402.3248569464576	0.0	248.5260904220296	335.36143437820397	0.0	253.08430409396803	378.34009334183696	0.0	156.39565618271203	421.6066947063192	0.0	128.06217003269248	501.1004031089658	0.0	146.67420864296074	569.5632342310149	0.0	244.59595432545538	434.2301949842498	0.0	246.38818741195433	506.9314571290556	0.0	263.2200079780614	570.6888985856826	0.0
405	6.75	171.03176145701133	545.6180950475765	0.0	141.58252158801128	543.4834424141472	0.0	119.30049412591137	655.1216860800121	0.0	87.25737126050015	767.1712794582895	0.0	115.40609909356627	794.3496227886361	0.0	96.44678300887429	797.1997721044644	0.0	75.84345201360577	784.7482087991606	0.0	194.0430952485509	543.4780584780257	0.0	233.35958882581593	644.8982392867157	0.0	232.41268988388134	757.9030218847455	0.0	271.64570599823423	783.8912770888796	0.0	274.3747597689096	777.8214971776788	0.0	222.46575963353976	776.1201970832267	0.0	212.77346361371406	402.28661678570336	0.0	248.4591698481241	335.43152994873446	0.0	253.00597783545817	378.27984071434184	0.0	156.34726302767538	421.61588675846315	0.0	128.02047308212124	501.21253445472405	0.0	146.64985738860892	569.6989192430499	0.0	244.39425183570705	434.1311374939862	0.0	246.36306781896226	506.95066753070984	0.0	263.3054205648666	570.6236489532488	0.0
406	6.766666666666667	171.04116679502457	545.6684831340576	0.0	141.5010984534585	543.5186978679056	0.0	119.36569891361876	655.0263083299958	0.0	87.23029975449106	767.2230472345835	0.0	115.55211757737264	794.3885545203553	0.0	96.58356496131712	797.241368007979	0.0	75.82781782946873	784.7383395398535	0.0	193.97440798442236	543.5209621393493	0.0	233.23946056721638	644.774085276918	0.0	232.3721868151036	757.8848495152257	0.0	271.5093177978318	783.9380463136786	0.0	274.2469934703561	777.8299532848941	0.0	222.4604235743112	776.1579075781412	0.0	212.69583731931638	402.2198850137452	0.0	248.33656815883162	335.5139894475101	0.0	252.91446534492442	378.2185820192841	0.0	156.24392885039563	421.6227872309488	0.0	127.99414898115177	501.2881425602707	0.0	146.61665654949803	569.8074132788568	0.0	244.2215582131295	434.0406650012487	0.0	246.32766350411737	506.9425606427502	0.0	263.3814064543544	570.6115974898937	0.0
407	6.783333333333333	170.97558536505005	545.6540139887524	0.0	141.40029121113554	543.5262821248105	0.0	119.39709684789061	655.0291874736428	0.0	87.23507306380624	767.2127447227284	0.0	115.69564025008884	794.3748966442691	0.0	96.71448619480415	797.2303844408216	0.0	75.81986642871793	784.700647113447	0.0	193.868872223243	543.5249050678547	0.0	233.12482365020873	644.6672198371782	0.0	232.3474795008914	757.9242224411017	0.0	271.43445800826026	783.8650795000293	0.0	274.19445857265447	777.7944275068438	0.0	222.5070466547975	776.1494745858663	0.0	212.6747118790995	402.14612542901017	0.0	248.21045615392526	335.56750517823895	0.0	252.85184520345393	378.1933430993594	0.0	156.1104414704059	421.63538620909173	0.0	127.98130730907693	501.3240464794061	0.0	146.5976807422435	569.8400884615617	0.0	244.10469543411736	433.9616093091139	0.0	246.2919897625914	506.87808184028955	0.0	263.40138184766937	570.6326471232677	0.0
408	6.8	170.85916946997514	545.5530618125983	0.0	141.30161081444868	543.4592749999947	0.0	119.39349105429311	655.1210824294785	0.0	87.27298863571609	767.1648028937743	0.0	115.7866557285765	794.3191437810741	0.0	96.81409837349283	797.1743821780528	0.0	75.82055447657584	784.6131890287759	0.0	193.73144542767776	543.4369820518684	0.0	233.0585483834924	644.5759520613962	0.0	232.32116773320828	758.0100241292496	0.0	271.428017935253	783.7653271122425	0.0	274.15434405376334	777.7714955888973	0.0	222.56118089758334	776.0990206355233	0.0	212.69033780591056	402.088767213132	0.0	248.1121721850112	335.631542062201	0.0	252.81224531590559	378.23267046719275	0.0	155.99046068675545	421.64993292766394	0.0	127.9866379648094	501.33522232672357	0.0	146.59282539755904	569.791382506625	0.0	244.06531993390257	433.88501372315164	0.0	246.2397269949967	506.7820006404735	0.0	263.3828679794306	570.6674887951664	0.0
409	6.816666666666666	170.7303516246567	545.3684037529594	0.0	141.19876688193932	543.2970397516452	0.0	119.34819171032466	655.2300315107844	0.0	87.34170321600757	767.1243415146605	0.0	115.82691061389059	794.2504786366757	0.0	96.88534195425906	797.1002660328916	0.0	75.8265766262535	784.4814034093623	0.0	193.57417019105	543.2323374935412	0.0	233.06483275666295	644.4440129963876	0.0	232.2783561548816	758.1156963205325	0.0	271.4655264062527	783.7614279256567	0.0	274.0586939896192	777.8521008522895	0.0	222.5671873956121	776.0334747637556	0.0	212.72947110467683	402.0525107117902	0.0	248.0432838051924	335.7224806877679	0.0	252.76044531341805	378.29813600870847	0.0	155.91354683164397	421.65453013433495	0.0	128.00271316693082	501.3460881093755	0.0	146.58298944537003	569.7056796021596	0.0	244.09033671234718	433.8409262424952	0.0	246.15325050950395	506.73249049119124	0.0	263.37374246984456	570.7262249506185	0.0
410	6.833333333333333	170.63921043760777	545.178920230136	0.0	141.1068055491337	543.1544680791607	0.0	119.23138536766994	655.3136864616919	0.0	87.42545669969442	767.1014487507969	0.0	115.83018498796437	794.2053685510707	0.0	96.92080569067	797.0474982596918	0.0	75.80975182019978	784.3520083955027	0.0	193.45454879098875	543.0274712490036	0.0	233.12117775746142	644.28396287936	0.0	232.2386814561972	758.1905076278686	0.0	271.54863665102425	783.8161116724527	0.0	273.9698613602817	778.0490314476857	0.0	222.51123202429744	775.9949345996849	0.0	212.81217389339417	402.03998659784537	0.0	247.97908115510415	335.7892062118799	0.0	252.68133933289297	378.31289726191176	0.0	155.871909041576	421.64793339064056	0.0	128.00396177445268	501.3684276790625	0.0	146.55529344236288	569.6411985534097	0.0	244.15093048086672	433.8711906979342	0.0	246.03941587567505	506.7530131310381	0.0	263.3647642944224	570.8025632000576	0.0
411	6.85	170.62897566944034	545.0953004054352	0.0	141.0608834438909	543.1683419362207	0.0	119.04282391048949	655.4055249030052	0.0	87.50226443139935	767.0671583305598	0.0	115.79754035967039	794.1917516678877	0.0	96.92896799484032	797.0293568335125	0.0	75.75086820361102	784.2671852675459	0.0	193.43241126404118	542.9739381148249	0.0	233.1878682136112	644.1809963317418	0.0	232.22671027071445	758.2079812315229	0.0	271.6604031435689	783.866937305355	0.0	273.970973912556	778.3226456708056	0.0	222.4299567692213	775.9944500750289	0.0	212.94017936583163	402.0550508519007	0.0	247.89135510461944	335.79773407045514	0.0	252.59357373196866	378.26245694991854	0.0	155.83127661560573	421.64352590038925	0.0	127.97728442150914	501.4002279900572	0.0	146.51358183962856	569.6449560877281	0.0	244.24582568397608	433.95940774148147	0.0	245.92357839161028	506.78192629960085	0.0	263.3153216312511	570.8579819961071	0.0
412	6.866666666666666	170.70834857465164	545.1564144853627	0.0	141.07414599937943	543.3218049276254	0.0	118.84725545463664	655.5526633468064	0.0	87.55251460987807	766.9968651867966	0.0	115.73673121241953	794.1863462514702	0.0	96.94826405818709	797.0262012362571	0.0	75.66921299745283	784.2415851510668	0.0	193.50640924853064	543.0925030569082	0.0	233.24633304265754	644.1780955843182	0.0	232.2415231418386	758.2058865906098	0.0	271.744080983243	783.9926020624631	0.0	274.03451268342405	778.6492710488333	0.0	222.36785773018278	776.0067756006947	0.0	213.06449799476542	402.07810962767934	0.0	247.78015515048662	335.77749315148895	0.0	252.52566145128645	378.2082903929214	0.0	155.77269419208451	421.6414203084334	0.0	127.93928162239223	501.4337212391053	0.0	146.46726098676936	569.7352714655749	0.0	244.3848008713663	434.03949482802597	0.0	245.84069550442715	506.7696381815489	0.0	263.2467299759479	570.8777622539358	0.0
413	6.883333333333333	170.84298078523102	545.3090105083544	0.0	141.12602152776756	543.4896355792272	0.0	118.71758906044587	655.7438522848139	0.0	87.56445965650374	766.8880497354913	0.0	115.6582812954265	794.1711680373088	0.0	96.98680962395498	797.0248409830091	0.0	75.59030496544851	784.2832898855643	0.0	193.6274746816359	543.3113599065321	0.0	233.28367505164508	644.245579800751	0.0	232.26821697685236	758.233448586477	0.0	271.77866834917495	784.2604631862299	0.0	274.1005828283904	778.9938221798288	0.0	222.34182999193985	776.0216145069066	0.0	213.14091747210188	402.0737695825102	0.0	247.68156721113598	335.7533272662134	0.0	252.49357803865306	378.2019599040267	0.0	155.71116924047897	421.6221225484642	0.0	127.91099918095213	501.46181648185524	0.0	146.42476338859217	569.8723279765362	0.0	244.54422425801917	434.06764166782136	0.0	245.82592720188646	506.7411978654422	0.0	263.2208528190829	570.898795619426	0.0
414	6.8999999999999995	170.98024445951555	545.4856328674639	0.0	141.19097540655395	543.6144063799811	0.0	118.66956708430982	655.9213210593887	0.0	87.55017043864649	766.7501623734757	0.0	115.55014014032814	794.1485922377819	0.0	96.99003568523054	797.0364894485753	0.0	75.51902231917639	784.3971474198445	0.0	193.75552657672435	543.5968592251033	0.0	233.27396286929365	644.3539674384355	0.0	232.29772524041178	758.280998907487	0.0	271.80782399950084	784.5527319867165	0.0	274.1784305206923	779.2772170843575	0.0	222.3431368089931	776.063260768049	0.0	213.17213202015776	402.0319440668908	0.0	247.63245918828	335.70194632145933	0.0	252.49646704289978	378.23866554341646	0.0	155.67516002312325	421.5841450307697	0.0	127.88847715972716	501.4853346864819	0.0	146.39079961874853	569.9668880000544	0.0	244.68095564612946	434.04864079138696	0.0	245.88644417090208	506.75422191725477	0.0	263.234887587529	570.9481099654103	0.0
415	6.916666666666667	171.07581609099793	545.6651107582477	0.0	141.25802692633965	543.7323725651185	0.0	118.68510209644022	656.0567530350202	0.0	87.55578131096394	766.6082272005913	0.0	115.41262226530517	794.1185694840652	0.0	96.92306496055154	797.0680256154451	0.0	75.46361575068968	784.5613200012208	0.0	193.8654384571557	543.9370506456797	0.0	233.20878065452993	644.5013020014578	0.0	232.32661895823082	758.3174474799542	0.0	271.8640466085245	784.7214728203782	0.0	274.280989537819	779.4380109782421	0.0	222.35606213991517	776.1458756674352	0.0	213.16739649105685	401.96642343038474	0.0	247.6265716922347	335.6197331952964	0.0	252.50698401328526	378.2790374553905	0.0	155.68118166282494	421.55780024334047	0.0	127.85557102292935	501.5064868599315	0.0	146.36312601165935	569.9545687128566	0.0	244.77845732943456	433.99718913412613	0.0	245.99467819705606	506.84516251110733	0.0	263.233425154942	571.0018604954146	0.0
416	6.933333333333334	171.1025687766148	545.8566026186558	0.0	141.31195578198117	543.8689941459668	0.0	118.76073292458629	656.1896022452611	0.0	87.62956699278078	766.5023946224255	0.0	115.30371424190957	794.0688603370148	0.0	96.84080371336884	797.1016102997767	0.0	75.4509262562584	784.7253784708317	0.0	193.9240912726629	544.2604599828281	0.0	233.12221963634266	644.6671156907007	0.0	232.34406503537946	758.3531909745751	0.0	271.9281780398167	784.7746763294883	0.0	274.3581599926294	779.4908727327049	0.0	222.36482606677006	776.244294683263	0.0	213.1209762823289	401.8798344802991	0.0	247.62499883476917	335.56792757732524	0.0	252.48379461058812	378.2852258072748	0.0	155.72546412868962	421.57288693543865	0.0	127.8140622992809	501.52034514402226	0.0	146.3376333764921	569.8590019879149	0.0	244.84629746035168	433.9169836092736	0.0	246.11599587017082	507.0268170019355	0.0	263.21753697085677	571.0357512924867	0.0
417	6.95	171.06647927903737	546.0661602272904	0.0	141.33487043368677	544.0302879021475	0.0	118.88522732813149	656.3752077800056	0.0	87.76123939490878	766.4617597458362	0.0	115.28810817029299	793.9978850099824	0.0	96.81283120019138	797.1090149837358	0.0	75.50249371501343	784.8441247297326	0.0	193.91901657171016	544.4919737357488	0.0	233.0596452087436	644.8039080006105	0.0	232.33471444288085	758.3941696364016	0.0	271.9852460203947	784.7622109929042	0.0	274.37994902413135	779.4727799827289	0.0	222.35327809752306	776.318225414522	0.0	213.05443932565484	401.7760013564837	0.0	247.60906843299506	335.59094442532285	0.0	252.42431213482692	378.24914631270394	0.0	155.78720729111473	421.6425930555022	0.0	127.7760163999847	501.5293414311859	0.0	146.3122751036238	569.7590584431845	0.0	244.88538132693458	433.8308939499351	0.0	246.22373156789098	507.2912136342237	0.0	263.23951088031606	571.0635296012462	0.0
418	6.966666666666667	171.0186718301587	546.299636106523	0.0	141.34572642547866	544.2610430807572	0.0	119.00176738326806	656.6111464792804	0.0	87.87296342968612	766.4871759071574	0.0	115.37439101080189	793.9361079698241	0.0	96.83499134330128	797.0793122031903	0.0	75.60939944485392	784.9017990987198	0.0	193.89163115480068	544.6485897146634	0.0	233.03339642757857	644.8951099053191	0.0	232.29891383047215	758.3914541046114	0.0	272.0492425675756	784.6376191760228	0.0	274.39427508137464	779.3635912336179	0.0	222.31568989455693	776.3381524134569	0.0	213.02401152664046	401.6955354298267	0.0	247.590269836322	335.6517748408011	0.0	252.38196796923418	378.20184361159863	0.0	155.83807307594242	421.7701685077563	0.0	127.7398709765981	501.54519436273466	0.0	146.28204244731427	569.7062762216302	0.0	244.8798104552539	433.7865079593975	0.0	246.30124591530344	507.58808158789816	0.0	263.3000864556109	571.1008745061304	0.0
419	6.983333333333333	171.01489673821894	546.5634253262594	0.0	141.38617179017638	544.5881064202015	0.0	119.0451647589978	656.8354947382282	0.0	87.89202939803194	766.5652753567765	0.0	115.54326532653165	793.9297776535304	0.0	96.87305238386463	797.0370663672745	0.0	75.74265266293453	784.9027723866878	0.0	193.89267963249068	544.7870587454792	0.0	233.02899223536002	644.9697000820032	0.0	232.25056463694642	758.3142689191753	0.0	272.0906809667956	784.3870782408079	0.0	274.424846780621	779.137210319046	0.0	222.2620714315093	776.2907465235297	0.0	213.05792457691587	401.68863180041643	0.0	247.56677370279814	335.7120437289268	0.0	252.4086274874283	378.1912759520968	0.0	155.8636879896957	421.9290558199832	0.0	127.69819375056136	501.55894871272994	0.0	146.232654417574	569.6992568203551	0.0	244.81143257782782	433.8046665431831	0.0	246.34349996190159	507.83027198536075	0.0	263.35339026791735	571.1349456694653	0.0
420	7.0	171.04909234207847	546.8395934111694	0.0	141.45354681194598	544.9326481371883	0.0	118.99500115746449	656.9875394365456	0.0	87.81523630074626	766.6841071546319	0.0	115.77512965777242	793.9973156290225	0.0	96.91838153974719	797.023592761759	0.0	75.877806237132	784.8644619802199	0.0	193.9237922207546	544.9092817993098	0.0	233.045086012613	645.0483750151454	0.0	232.19424048696885	758.2118001365629	0.0	272.0142143603217	784.1663698589332	0.0	274.4031342208489	778.8690127246741	0.0	222.20427595055253	776.1871383305812	0.0	213.1168519170247	401.75770330599886	0.0	247.51709916595647	335.79252937151864	0.0	252.4973435061387	378.23930047646616	0.0	155.87660586294123	422.0537812995742	0.0	127.65721734073321	501.5446780006109	0.0	146.1441853457491	569.7210923227133	0.0	244.67204681621715	433.8541646757692	0.0	246.35226086959477	507.9456735869629	0.0	263.40333651367075	571.145734453924	0.0
421	7.016666666666667	171.05837766532767	547.0872626968893	0.0	141.495150232343	545.1838372960091	0.0	118.85998141238495	657.0510488415547	0.0	87.69169723828819	766.8170243598803	0.0	116.02491404384861	794.1107096967331	0.0	96.9628740461182	797.055058002932	0.0	75.99279685544712	784.8186312068393	0.0	193.95003451632905	544.9994225218343	0.0	233.08906159968174	645.129502891522	0.0	232.12798121054635	758.1471511400104	0.0	271.7821037378966	784.1396829162614	0.0	274.2767414428122	778.6834344666174	0.0	222.14722981180338	776.0631457862645	0.0	213.14431746063926	401.8636971222131	0.0	247.45071034936544	335.8869158497699	0.0	252.5966404794864	378.3178992181323	0.0	155.89588201208906	422.0938465285804	0.0	127.627904293759	501.49934529626387	0.0	146.0078065361782	569.76651410519	0.0	244.48658435432287	433.89389043829425	0.0	246.34058515087216	507.9217645726083	0.0	263.49123932022985	571.1279322325975	0.0
422	7.033333333333333	171.00076110112838	547.2689156823582	0.0	141.47385946680984	545.3278351089115	0.0	118.65238178889072	657.048895226084	0.0	87.57583601640815	766.9173252135898	0.0	116.22542508778228	794.21809984067	0.0	96.99296279666123	797.1125878016835	0.0	76.0684935653361	784.7898665769741	0.0	193.94095681092236	545.0904102746523	0.0	233.1400659662922	645.2273689436287	0.0	232.06656702500374	758.1346836033819	0.0	271.49637731238613	784.270135776177	0.0	274.10062921448343	778.6146924937998	0.0	222.09918415908564	775.9580460305235	0.0	213.12990662570516	401.98145840729114	0.0	247.4178215282164	335.9276766884244	0.0	252.653359716105	378.37668190559873	0.0	155.92387602006758	422.0546109532106	0.0	127.60944006316224	501.4452765391021	0.0	145.84293928240166	569.8286812643687	0.0	244.31812528398652	433.9095764982773	0.0	246.33000063921554	507.79492427015117	0.0	263.59314145437355	571.0814812667918	0.0
423	7.05	170.89472527067971	547.3635767016898	0.0	141.4045084644987	545.4120123309408	0.0	118.41631723434612	657.0198415953718	0.0	87.50822540474046	766.9664092740575	0.0	116.33567756538966	794.2791136252645	0.0	97.02966724858472	797.1702546572922	0.0	76.10955260105546	784.7694037143198	0.0	193.88068689847435	545.2057187028768	0.0	233.17260949720858	645.3604080803625	0.0	232.03534413591694	758.1660036671473	0.0	271.2873332661881	784.426155320801	0.0	273.9559144557676	778.6145265095621	0.0	222.07636046471674	775.8955670375454	0.0	213.0934571911117	402.1174460807034	0.0	247.4502487495986	335.9051715367391	0.0	252.6213421628739	378.396664795257	0.0	155.9522784296324	421.96916670546113	0.0	127.60533553548326	501.4029744653467	0.0	145.69291571357311	569.8888483462371	0.0	244.2165099190808	433.9047090285127	0.0	246.33223913897484	507.62506746121016	0.0	263.632787740406	571.0100991510153	0.0
424	7.066666666666666	170.77689849291977	547.3704592494116	0.0	141.32094592724403	545.426333923946	0.0	118.23035024624996	657.0018632271199	0.0	87.50532908640082	766.9920232935432	0.0	116.36173922559831	794.2864779623333	0.0	97.11053661937076	797.2195993674453	0.0	76.13749500075733	784.725653683607	0.0	193.76319727215088	545.2834275641509	0.0	233.20550310591065	645.4913632720189	0.0	232.04178576878317	758.2301560739256	0.0	271.18656724862814	784.5844317212409	0.0	273.85232018565375	778.6489281365956	0.0	222.08909364202887	775.8723498572097	0.0	213.04608898241617	402.2703006528957	0.0	247.53323500538264	335.9039943140128	0.0	252.47964568120005	378.4024280013099	0.0	155.97947463889219	421.86686200340955	0.0	127.64501503585004	501.3806338579424	0.0	145.59241842697836	569.9375239901368	0.0	244.17060255629664	433.8904992355466	0.0	246.3520741787303	507.49753905597186	0.0	263.5885340499188	570.9412142761156	0.0
425	7.083333333333333	170.65383014055024	547.302823813798	0.0	141.23567714452744	545.3325138773114	0.0	118.1307131926404	657.01560473755	0.0	87.55088328828288	767.0111286713365	0.0	116.31846194750514	794.257012690662	0.0	97.20212256514324	797.2630192127372	0.0	76.15567789996008	784.6376997489388	0.0	193.60070541669762	545.2512936516225	0.0	233.26757962694037	645.5457653487895	0.0	232.06858702648472	758.2888083485427	0.0	271.15697350545275	784.7678297144449	0.0	273.7668023136508	778.7092760010281	0.0	222.12724416937192	775.8602724163426	0.0	213.00500755316511	402.410001809963	0.0	247.64545951697613	335.9672293870308	0.0	252.2885892633104	378.42916037235136	0.0	156.01190948822747	421.7677969425315	0.0	127.75483702659412	501.38036291821527	0.0	145.54382614095869	569.9895020260653	0.0	244.1389274841896	433.89197740876244	0.0	246.3992122286744	507.48392858128614	0.0	263.4956975250519	570.9135107065757	0.0
426	7.1	170.51567199182085	547.1777053409966	0.0	141.14609519807829	545.1657728277593	0.0	118.07612471639223	657.0526958782788	0.0	87.60909118805321	767.0062582872741	0.0	116.20368733445278	794.2101437917303	0.0	97.19341885148629	797.2892986047476	0.0	76.14272205657873	784.5073172585337	0.0	193.4309969975224	545.1359339811812	0.0	233.34149531877716	645.5106707438429	0.0	232.0875075518849	758.2875436523487	0.0	271.1710837879486	784.9063533217957	0.0	273.70885397887014	778.7710019907892	0.0	222.1612761963488	775.8370296797403	0.0	213.00981699112654	402.52076467480845	0.0	247.7926671979161	336.03850687253197	0.0	252.18436782426033	378.5123718313935	0.0	156.05151460895678	421.67831061040636	0.0	127.91006926726061	501.4062891642989	0.0	145.53204874904085	570.059866682831	0.0	244.1202101945434	433.9414312358235	0.0	246.48244375096374	507.57485508355535	0.0	263.3746046586941	570.9409475630376	0.0
427	7.116666666666666	170.3795441055074	547.005926782885	0.0	141.06028136810062	544.9798840538971	0.0	118.02842812579127	657.083864627314	0.0	87.65320259511488	766.9794984191149	0.0	116.0356460108672	794.1608677090387	0.0	97.02676202996851	797.2698378913661	0.0	76.09300058387336	784.3544364291556	0.0	193.30034617842043	544.9977512456643	0.0	233.39344306252013	645.4435023530051	0.0	232.08055879890253	758.227826260844	0.0	271.2126469735448	784.9187859931998	0.0	273.6802720515386	778.801585816162	0.0	222.16886641760996	775.8075895586419	0.0	213.08450479401642	402.62934100237237	0.0	247.9993079070136	336.08888016427557	0.0	252.2691008644926	378.70285350651625	0.0	156.10525031202545	421.5992822847064	0.0	128.05401642468976	501.46024092756625	0.0	145.54182768394503	570.1314684478169	0.0	244.1577608430375	434.0570395761713	0.0	246.5981018666943	507.7071099310983	0.0	263.24677852147096	571.0255302700824	0.0
428	7.133333333333333	170.28764910531535	546.7891605104318	0.0	140.99554543033565	544.7536702611268	0.0	118.01273822071697	657.0863251362998	0.0	87.68229065332991	766.9773328256761	0.0	115.87413350322893	794.1141175096711	0.0	96.78036126046096	797.1865920083375	0.0	76.04397820310268	784.2219677577478	0.0	193.2337063441301	544.8277841682761	0.0	233.42699266477155	645.3786477365894	0.0	232.05581076225906	758.1872527810752	0.0	271.2546118775975	784.8388492676859	0.0	273.62948499806606	778.792178183781	0.0	222.16203002402173	775.7877539175778	0.0	213.21401946414616	402.7660277310454	0.0	248.29227162637153	336.1977592096111	0.0	252.53156826202647	379.04796194232335	0.0	156.20343275948375	421.54588352373105	0.0	128.1561019422984	501.5270816970006	0.0	145.55445370932466	570.1666783142946	0.0	244.27712150635244	434.2349958895445	0.0	246.72950318824047	507.8456744711444	0.0	263.1772038312134	571.1899429495637	0.0
429	7.1499999999999995	170.2564454760035	546.5530816979716	0.0	140.955482548491	544.4747509285374	0.0	118.05894483560499	657.0783739131903	0.0	87.71451431826618	767.0391848037426	0.0	115.7642270059313	794.0646557288933	0.0	96.56584584863946	797.0593943162106	0.0	76.03701279271975	784.1597368111529	0.0	193.22867474628165	544.6219639780896	0.0	233.47419103353718	645.3126719904717	0.0	232.03256238677827	758.2251919086239	0.0	271.2811995770047	784.7409691537649	0.0	273.5186972286845	778.7461691760709	0.0	222.17059356576735	775.7857564920122	0.0	213.38134821942035	402.9307816364161	0.0	248.69183348724192	336.4393383515627	0.0	252.8929258195511	379.54473376284875	0.0	156.36506002389137	421.5459822453541	0.0	128.21713593139089	501.5748380186944	0.0	145.5576326446135	570.1612885214993	0.0	244.46016184262785	434.4609160256505	0.0	246.85795480922965	507.9873153920522	0.0	263.2101756714617	571.445736927234	0.0
430	7.166666666666667	170.25958834295193	546.3784326332978	0.0	140.92459974466803	544.2367878141248	0.0	118.14183847674083	657.1097080497485	0.0	87.76630206068559	767.152568748392	0.0	115.69955216134034	794.0098452181801	0.0	96.41247348694057	796.9334669123613	0.0	76.07083242459721	784.1798321703812	0.0	193.27917454851232	544.467707060736	0.0	233.5579941737209	645.2640493358987	0.0	232.01441740562498	758.3070379521813	0.0	271.3046955128543	784.6222689258485	0.0	273.3913705534844	778.6607944350196	0.0	222.20585006058158	775.7991941582422	0.0	213.58406722921453	403.11075306561014	0.0	249.18379571953972	336.7688291857168	0.0	253.2884951779971	380.12342883145027	0.0	156.5550051475218	421.6213057444978	0.0	128.24352689951635	501.57853891872566	0.0	145.56149635373998	570.1620568896714	0.0	244.68023577390943	434.70729935661967	0.0	246.9660644446215	508.1104119136363	0.0	263.30263166698654	571.7402401759748	0.0
431	7.183333333333334	170.2741799750926	546.3542387923467	0.0	140.8881292900253	544.136843722482	0.0	118.22118251125043	657.1917077608034	0.0	87.8330390124381	767.269636610791	0.0	115.67339781246962	793.9497279741636	0.0	96.3208478975107	796.842064398349	0.0	76.12367407919344	784.243897033334	0.0	193.38068541549526	544.4443628993721	0.0	233.67985460676414	645.2645975402513	0.0	231.9912072757636	758.3594949963128	0.0	271.3359829257814	784.4599459183416	0.0	273.3174516359508	778.5449708432255	0.0	222.25762634577438	775.8093753072732	0.0	213.80518633655703	403.3006077091576	0.0	249.69206732539462	337.1042264278394	0.0	253.68220750271988	380.6796110186836	0.0	156.7145101981689	421.76913349081	0.0	128.249176326876	501.547579745925	0.0	145.57657455475862	570.2094236180639	0.0	244.9305055876849	434.9236089414527	0.0	247.04319013703466	508.184507823858	0.0	263.39348819981274	571.9862751858973	0.0
432	7.2	170.30893350010342	546.4955690828325	0.0	140.84558853224564	544.1427298401829	0.0	118.29290294261952	657.2672663451834	0.0	87.89227838391021	767.3497177956325	0.0	115.70724846131617	793.881923625188	0.0	96.32925262954217	796.7944262989618	0.0	76.19635771598541	784.2994514655882	0.0	193.50903409384938	544.5236521764568	0.0	233.8230074915351	645.3150396090708	0.0	231.96180943600166	758.3550498174058	0.0	271.3671140728393	784.299999352522	0.0	273.3190630946419	778.4248346157287	0.0	222.31137521402195	775.7887391667268	0.0	214.02029103978583	403.49852580214815	0.0	250.12012512546065	337.43692914675574	0.0	254.04238543814492	381.1268470848049	0.0	156.8271818402238	421.9541611673238	0.0	128.26115565557188	501.52864736682943	0.0	145.58645110494064	570.2966767049433	0.0	245.21521192157707	435.07442299551224	0.0	247.11096429008037	508.23134561658117	0.0	263.4919700430122	572.1514875328531	0.0
433	7.216666666666667	170.38198611996398	546.7368449376123	0.0	140.80934568446776	544.1667464086664	0.0	118.36680316206662	657.2686885783803	0.0	87.9276882820722	767.3764272270173	0.0	115.79588505502439	793.8022808428876	0.0	96.43905724529303	796.7829730279078	0.0	76.29594739943549	784.3196993864127	0.0	193.63466926474638	544.6604142436471	0.0	233.95853937503063	645.3975737286487	0.0	231.94786960568132	758.3006817413342	0.0	271.38784067508686	784.1680516914702	0.0	273.38952618035347	778.3091748227931	0.0	222.35820246915677	775.7261429154038	0.0	214.23628509571006	403.70253695781594	0.0	250.43317517246868	337.7707348326879	0.0	254.36369215149023	381.43021720627667	0.0	156.942212777411	422.1285358081703	0.0	128.2991815781153	501.564544197628	0.0	145.57419906895274	570.3996265938667	0.0	245.53944986308505	435.18781468866166	0.0	247.22736343566652	508.31955016602876	0.0	263.6277060606424	572.2875468834847	0.0
434	7.233333333333333	170.50208031033569	546.9782722412655	0.0	140.80702332929852	544.1843691936654	0.0	118.42998099690166	657.1741406174668	0.0	87.93496421747147	767.3435685060043	0.0	115.87618430124839	793.7063191468411	0.0	96.57093674651844	796.7838760294558	0.0	76.39559983356502	784.308971214552	0.0	193.75810102588798	544.8637356836807	0.0	234.06414834595748	645.4917045046811	0.0	231.97536485674158	758.1973657533355	0.0	271.391609659003	783.980969849952	0.0	273.5219003115717	778.1702208577537	0.0	222.402699345121	775.637213389756	0.0	214.4787820021405	403.91622687534397	0.0	250.6725648960647	338.0474662561717	0.0	254.6943146731187	381.5996329116931	0.0	157.12840752279644	422.2593690346565	0.0	128.3570343085117	501.6439565391529	0.0	145.55379619846116	570.501855910996	0.0	245.90949571974568	435.33131533934915	0.0	247.44457335436186	508.4755357008776	0.0	263.7711751536145	572.4589005608992	0.0
435	7.25	170.66724402662908	547.1080836458844	0.0	140.87520588502466	544.1647336897214	0.0	118.45909344102742	657.0061259062893	0.0	87.9020427992478	767.2513301424642	0.0	115.88978595761328	793.598159350797	0.0	96.65744485355833	796.7687084664043	0.0	76.44704302908416	784.2848855864851	0.0	193.89513830790654	545.0737094068656	0.0	234.13941876539192	645.5368326865909	0.0	232.0359179365403	758.0737430994858	0.0	271.3632752022815	783.6907913638449	0.0	273.67008572542477	777.9894520103504	0.0	222.4547886526044	775.5518317353049	0.0	214.74243160534076	404.1625741546188	0.0	250.90430098421956	338.2301647021688	0.0	255.0789539368877	381.6879024485513	0.0	157.40905802445528	422.3355840838634	0.0	128.41224992830027	501.7129361262933	0.0	145.54055837422544	570.5842167552671	0.0	246.31819803799524	435.54822292242216	0.0	247.76404572426037	508.64544640533	0.0	263.8887089838514	572.6717739721659	0.0
436	7.266666666666667	170.8629105093765	547.0425788551713	0.0	141.02545458072075	544.0048510119534	0.0	118.44755460396306	656.8156828147974	0.0	87.81055387020602	767.1191910207888	0.0	115.84380897596472	793.4909336730146	0.0	96.699201411831	796.7342348963082	0.0	76.42768166912377	784.2699098004775	0.0	194.0342956816286	545.1125384329364	0.0	234.19313445322257	645.4330568245514	0.0	232.09016837623497	758.0025372742203	0.0	271.2828438562894	783.4231193937322	0.0	273.7456505037635	777.8121455085885	0.0	222.50670850369414	775.4963774053502	0.0	214.98851468696458	404.48007537534625	0.0	251.19205927947922	338.3871315178348	0.0	255.49827845983103	381.8113352696875	0.0	157.75836055340702	422.3644265419829	0.0	128.44490208642975	501.73541864382713	0.0	145.51633745288498	570.6289315295555	0.0	246.7381522331324	435.8359888353824	0.0	248.13911296921316	508.7665880008476	0.0	264.0236082465955	572.8933307142837	0.0
437	7.283333333333333	171.06413240533078	546.799162170867	0.0	141.22692351350088	543.677165591083	0.0	118.39980550446552	656.6749535204583	0.0	87.66951503746311	766.971324591524	0.0	115.7723909607348	793.398096052101	0.0	96.70768759783428	796.7130518543553	0.0	76.36200183416521	784.2852304307971	0.0	194.1400493810084	544.8933529034762	0.0	234.2247641547651	645.1373354006457	0.0	232.1162129644762	758.0128510223915	0.0	271.1751854957271	783.3152565208756	0.0	273.72328172849984	777.7116738235458	0.0	222.5370110920013	775.4901173219523	0.0	215.2013013600574	404.8732309683522	0.0	251.59802848061636	338.60278390585836	0.0	255.90164325147526	382.0928231931946	0.0	158.146069391963	422.36165442349636	0.0	128.44054849783058	501.7198847162809	0.0	145.4490837483612	570.6454734017469	0.0	247.15656232902035	436.17681344050203	0.0	248.5290147581425	508.8338616561023	0.0	264.2379865278104	573.1039570959068	0.0
438	7.3	171.24801110714967	546.5150984679841	0.0	141.43453274763147	543.3451533861612	0.0	118.32300714060172	656.6415425052111	0.0	87.52769229598081	766.8165714413158	0.0	115.68175347556172	793.331067354938	0.0	96.67325613181058	796.7297690886088	0.0	76.30431049967643	784.3336303913122	0.0	194.207646357433	544.5696603149108	0.0	234.23590936354512	644.7480414999433	0.0	232.1206590891903	758.0456062254026	0.0	271.1177550646031	783.3261020189774	0.0	273.69102955938683	777.7095057934778	0.0	222.53947284080098	775.5404897573482	0.0	215.42030722048705	405.2895475511862	0.0	252.15513586533518	338.87081927386447	0.0	256.2646934100854	382.5541208228933	0.0	158.55218311666528	422.34173552984015	0.0	128.38938979047	501.6933515414515	0.0	145.32689245529	570.6706526673249	0.0	247.6023825049477	436.55050574514246	0.0	248.93836400380795	508.88278990125866	0.0	264.5184354796673	573.3018056309352	0.0
439	7.316666666666666	171.4113708970353	546.3554668630209	0.0	141.61163362276142	543.1913046590163	0.0	118.25448633897989	656.6994391780917	0.0	87.43982451946152	766.6702989736066	0.0	115.56988142995387	793.2942640684394	0.0	96.60962095520264	796.7479475481576	0.0	76.30468433117032	784.3881763801301	0.0	194.28468002862746	544.3587834349873	0.0	234.24942789336325	644.451083512791	0.0	232.09822483162003	758.0423953168995	0.0	271.12395282766045	783.3649881060545	0.0	273.7143855577967	777.7755477161624	0.0	222.52596178963992	775.6126298321122	0.0	215.6980275133308	405.674152704288	0.0	252.84280374181054	339.17662309712375	0.0	256.59670881299945	383.13329930800535	0.0	158.951310556528	422.3219578889072	0.0	128.29574193585773	501.67692891304546	0.0	145.15849974645982	570.7353291718546	0.0	248.1103517266894	436.9100738827315	0.0	249.3866678590145	508.9412786301989	0.0	264.8089503484173	573.4832389359443	0.0
440	7.333333333333333	171.5691196583284	546.3794831503674	0.0	141.7280175387896	543.1996948401818	0.0	118.26286118656357	656.7622747181555	0.0	87.43292422369389	766.5701576052398	0.0	115.45444763779761	793.2887417608298	0.0	96.5690953128255	796.7047554023139	0.0	76.37940917978463	784.4102638042083	0.0	194.41728005558838	544.3013238092104	0.0	234.29662241240217	644.35261183878	0.0	232.0252600158646	758.012804626242	0.0	271.0966954978038	783.4674555362691	0.0	273.73019067672806	777.8822963567491	0.0	222.5039698177527	775.62964316513	0.0	216.06124038127146	406.0087789179421	0.0	253.62384865641909	339.5874707426136	0.0	256.9250742383211	383.76920681271264	0.0	159.3261955496541	422.3236836661122	0.0	128.17755382877866	501.684330291574	0.0	144.95709010924404	570.8503080523939	0.0	248.67182295658907	437.2047430374817	0.0	249.8646115942364	509.01886464041	0.0	265.0974638013845	573.6454661726707	0.0
441	7.35	171.72528741876906	546.522524865337	0.0	141.76676995974455	543.2369188599287	0.0	118.37247749021712	656.764002752966	0.0	87.50315647820418	766.54327556342	0.0	115.35537447215108	793.3205324585695	0.0	96.57765445949096	796.5974005158963	0.0	76.49778658193569	784.3840583369312	0.0	194.60906602588938	544.2998039565152	0.0	234.39474845367675	644.4006914524064	0.0	231.90882224641928	757.9868483536502	0.0	270.97926561794657	783.6808492188203	0.0	273.6635648326417	778.0142306246482	0.0	222.48068448996926	775.547479553467	0.0	216.53421047267344	406.29144452556005	0.0	254.48275445584915	340.1243518916682	0.0	257.30188270358695	384.39074128009474	0.0	159.69773166159064	422.35581471150556	0.0	128.0581337855548	501.71757503755055	0.0	144.7465935174858	571.0212245965481	0.0	249.2515347737271	437.4426692774366	0.0	250.34722058364736	509.14520862094247	0.0	265.4072164170708	573.801055622566	0.0
442	7.366666666666666	171.8657561140997	546.6917307836549	0.0	141.74371588808359	543.2474625550171	0.0	118.51485945258385	656.7129612547973	0.0	87.62035898007476	766.5804542068912	0.0	115.28139606963012	793.3854879898585	0.0	96.59301722643114	796.4815901230783	0.0	76.60390557414873	784.3161569875757	0.0	194.83767287102992	544.2921672786604	0.0	234.54441900266173	644.4930826487375	0.0	231.80365223280876	757.9633943928073	0.0	270.84576452753913	783.9148745310517	0.0	273.5473827668278	778.1422452606686	0.0	222.48688488778438	775.4083422636031	0.0	217.14553216939643	406.5308501079576	0.0	255.4024906891593	340.6679630903111	0.0	257.7990748374789	384.90684322377064	0.0	160.10622172151614	422.41388166144185	0.0	127.97250752176453	501.7612114906111	0.0	144.56210220625394	571.2498359147038	0.0	249.84431385618691	437.6775897331597	0.0	250.81985719858676	509.37763987968384	0.0	265.73414357265654	573.9746395390615	0.0
443	7.383333333333333	171.98913224049844	546.8106914429939	0.0	141.71352850299863	543.2213220952342	0.0	118.60401393270264	656.6418024900632	0.0	87.73326885047825	766.6540257431734	0.0	115.24520494048225	793.4589999598488	0.0	96.57503418730894	796.3986651778316	0.0	76.66024560757856	784.2142870644676	0.0	195.06842067341424	544.2576208464551	0.0	234.72756758391753	644.5821296708062	0.0	231.76808622951344	757.9372406873373	0.0	270.79261288787757	784.0476109568019	0.0	273.4510733228144	778.2170637914046	0.0	222.56145270162153	775.2886782587028	0.0	217.87751732297545	406.76584229820713	0.0	256.3304533216899	341.13307924892234	0.0	258.43931423580204	385.29406979652373	0.0	160.56675288485866	422.5107575921304	0.0	127.9686949227848	501.7995317411277	0.0	144.41587876784922	571.5230364957597	0.0	250.4793151385543	437.933337156622	0.0	251.2675998243045	509.72413783265506	0.0	266.05094588768236	574.1892512639388	0.0
444	7.3999999999999995	172.11257933906478	546.7939644310165	0.0	141.73734934088338	543.085225721733	0.0	118.63044439812694	656.5520755339135	0.0	87.78887933367612	766.7377039098351	0.0	115.26786762817194	793.5153785650873	0.0	96.55080389861719	796.3509772407975	0.0	76.66061461365466	784.0988343422038	0.0	195.26129338939992	544.1418518428666	0.0	234.90688083138738	644.6441445025725	0.0	231.82770841050151	757.9297520311153	0.0	270.85105922247607	784.0730408506527	0.0	273.40178860914295	778.1967980263058	0.0	222.70284897556738	775.2254737423879	0.0	218.65201522109209	407.0465035633139	0.0	257.2058384950226	341.59590938606397	0.0	259.1602026887439	385.6274990974532	0.0	161.06682797542382	422.67422582261145	0.0	128.0840901074187	501.83971716162586	0.0	144.2894984439695	571.8147522707453	0.0	251.1682454925664	438.19862673834825	0.0	251.6766839332742	510.1144781640822	0.0	266.3526897292175	574.4687429965278	0.0
445	7.416666666666667	172.2291772002732	546.5681612575866	0.0	141.82658012635247	542.7787888743399	0.0	118.63378928436377	656.4160735275385	0.0	87.76235955052876	766.8071750274546	0.0	115.3541153621991	793.5491799011703	0.0	96.5516106977112	796.3325665885624	0.0	76.61728306337804	784.0169309376026	0.0	195.39651742855733	543.9017540067164	0.0	235.05201780797958	644.6407675243216	0.0	231.97013999660024	757.9536647706936	0.0	271.02258082718527	784.0448897070731	0.0	273.4282591068957	778.0811548962484	0.0	222.86164493557288	775.2142943781289	0.0	219.4009289355351	407.382476699797	0.0	258.0330910953089	342.14269127658787	0.0	259.90737797907354	385.96491060381976	0.0	161.589892811355	422.89377351414186	0.0	128.31576850609324	501.8995887840417	0.0	144.1683526014069	572.0949600373391	0.0	251.88190494061539	438.49195892938	0.0	252.0778250271505	510.49734667540105	0.0	266.6621325351431	574.8532170723433	0.0
446	7.433333333333334	172.3016752188425	546.1551321955088	0.0	141.93593611512122	542.3704371225207	0.0	118.62302767133495	656.2136820160274	0.0	87.66960358683656	766.8392967830782	0.0	115.4743726023316	793.5757857320558	0.0	96.54962013223832	796.3511323540663	0.0	76.55246943327437	784.0121307878204	0.0	195.48241902731326	543.5859189421684	0.0	235.16213093519698	644.549378094153	0.0	232.15227559537868	757.9843045848303	0.0	271.29623491649625	783.9726696876028	0.0	273.5825139265763	777.9082801501813	0.0	222.98870109091035	775.2416097352344	0.0	220.1238299327375	407.7411734969887	0.0	258.89464025868864	342.74371503275097	0.0	260.6974275556142	386.27718950292416	0.0	162.12469470467332	423.1119420721093	0.0	128.61551534348354	501.97853344527516	0.0	144.05232840259575	572.334223180875	0.0	252.57593634162657	438.86519817381577	0.0	252.55634923180668	510.90348160403295	0.0	267.0123009304606	575.3873062074025	0.0
447	7.45	172.32294933064955	545.7030096126529	0.0	142.021883020244	542.0073561059079	0.0	118.58638943305695	655.975641685223	0.0	87.54258720899257	766.8258917933153	0.0	115.58104831262428	793.6118837811334	0.0	96.52000789630833	796.4161928331047	0.0	76.48492732545874	784.084731099654	0.0	195.52854502805377	543.3053509437581	0.0	235.25280460125015	644.3752593402246	0.0	232.3254497022306	758.0047522752202	0.0	271.60409899343495	783.8851279771467	0.0	273.85225410483184	777.7411708450961	0.0	223.06476001300396	775.2901120940304	0.0	220.85681205786048	408.1074799094082	0.0	259.8686896890322	343.3582914185897	0.0	261.5379198700596	386.5558338516844	0.0	162.67448458369364	423.27937483366645	0.0	128.9178422461417	502.05979270664534	0.0	143.93680581408196	572.5072271072834	0.0	253.2218608744102	439.3305894033092	0.0	253.1731483029792	511.3803010684089	0.0	267.43973533164024	576.0509262704444	0.0
448	7.466666666666667	172.33132887880245	545.4059787600264	0.0	142.07289859220523	541.8069376189629	0.0	118.54861656118284	655.7739346119246	0.0	87.40685728759078	766.7891307467503	0.0	115.64993736913897	793.6606725210647	0.0	96.50754354998135	796.5232922051642	0.0	76.41586584964881	784.19557405574	0.0	195.53168659034694	543.1579907657153	0.0	235.33831800653098	644.1363034074317	0.0	232.4614392061383	758.0334308016278	0.0	271.8372446844251	783.9040360300584	0.0	274.1137922748541	777.6692654355738	0.0	223.08184271254513	775.3333280540527	0.0	221.60932585596382	408.51321804233066	0.0	260.95760627796415	344.0263986374531	0.0	262.38729147715793	386.9043990880289	0.0	163.26197305434496	423.39531733833803	0.0	129.16803181100516	502.1319916321553	0.0	143.81269076122305	572.6020265668664	0.0	253.82729894238088	439.83580627856156	0.0	253.89210459015806	511.9094060209378	0.0	267.96675779146057	576.7150012100169	0.0
449	7.483333333333333	172.35684085562877	545.4028359497796	0.0	142.091105158306	541.8528573725225	0.0	118.555472470326	655.664044655815	0.0	87.29303272703895	766.7578989176164	0.0	115.70396290515012	793.7148146675552	0.0	96.58207657562733	796.6560625929573	0.0	76.33327751698266	784.302534550405	0.0	195.51292595001522	543.229636339977	0.0	235.42697605697012	643.8787444504339	0.0	232.54935986445713	758.0696492325734	0.0	271.9551921081356	784.1010670980477	0.0	274.2530440178002	777.7561842212597	0.0	223.02949716294174	775.3674419359345	0.0	222.35511322414774	408.9983502729923	0.0	262.10014032763684	344.7656091288685	0.0	263.2441207811852	387.43421652044935	0.0	163.89390434160885	423.5109106369696	0.0	129.33023618448743	502.19310783718726	0.0	143.68378507692796	572.6304334362864	0.0	254.4351184381298	440.33309840414626	0.0	254.63626219377346	512.4154257288002	0.0	268.5759512565354	577.2375683382724	0.0
450	7.5	172.40458254877115	545.7204185159593	0.0	142.0907558435634	542.2005174868374	0.0	118.61905340059656	655.6652959440155	0.0	87.2358514879548	766.7372957988944	0.0	115.7696991699189	793.767786066542	0.0	96.76175474193278	796.7921463398427	0.0	76.23275062707975	784.3822007139967	0.0	195.53716347442392	543.5918710218917	0.0	235.5194584312376	643.6809834228275	0.0	232.58274436771038	758.072453743124	0.0	272.0171689234008	784.365578874442	0.0	274.27845486374764	777.9653421349605	0.0	222.90557793700737	775.4310589087822	0.0	223.0808212351917	409.5549604927835	0.0	263.2339946638306	345.4841991439276	0.0	264.17431716870146	388.11844125713316	0.0	164.5370989964803	423.6844595130378	0.0	129.39700583914487	502.23479723357093	0.0	143.56757451990265	572.6288660027366	0.0	255.08403933071696	440.82115801836727	0.0	255.39353086889508	512.843178280292	0.0	269.22352605690344	577.5995287280707	0.0
451	7.516666666666667	172.47812086794215	546.2404314465913	0.0	142.10226617886295	542.7739939473497	0.0	118.71307929887745	655.776019808179	0.0	87.23852354614269	766.7245990656689	0.0	115.83441460217612	793.822440706924	0.0	97.01127950075505	796.9103320570085	0.0	76.12679928529435	784.4276400913446	0.0	195.64333833947413	544.191001847021	0.0	235.6092040266371	643.597451733457	0.0	232.56477745477812	758.0267290178653	0.0	272.07103003957803	784.5542488296336	0.0	274.2523378333509	778.2047627461405	0.0	222.72773300516417	775.5446044608691	0.0	223.81197634388454	410.11035861018007	0.0	264.3374145900062	346.09716218484516	0.0	265.2051028856	388.8317313540607	0.0	165.17403211602317	423.9100776970402	0.0	129.40346444962324	502.2451259657248	0.0	143.47717443197615	572.6407297862436	0.0	255.76327100641956	441.2935731014526	0.0	256.2109292993752	513.2088349984786	0.0	269.8891241187805	577.8881576617025	0.0
452	7.533333333333333	172.57382047123681	546.7400914288962	0.0	142.1524113098253	543.3407733574813	0.0	118.79474278773415	655.9698084428076	0.0	87.26321358222687	766.7272135264559	0.0	115.88328506152656	793.8731568707148	0.0	97.28518748507577	797.0000185748077	0.0	76.03367193343216	784.4428678382178	0.0	195.79300776840807	544.8154937410604	0.0	235.68672779294982	643.6135054433846	0.0	232.51167808570972	757.9739343693276	0.0	272.09748664606855	784.6572344121871	0.0	274.2045694935722	778.4291901847562	0.0	222.53402315519483	775.6594312126024	0.0	224.574247747985	410.58401795227803	0.0	265.41575599320373	346.6374230147241	0.0	266.27591504140696	389.4951324356178	0.0	165.83499230579903	424.12866800758906	0.0	129.4201991319901	502.2460412581753	0.0	143.4054808795958	572.6836957299867	0.0	256.42019723767896	441.72272753790014	0.0	257.1139929260095	513.5783537627922	0.0	270.5891139921576	578.1854537190327	0.0
453	7.55	172.66654919672175	547.0266994582538	0.0	142.25051048673046	543.6983797710892	0.0	118.81245623561873	656.1868324941145	0.0	87.27752865827674	766.7466551086533	0.0	115.91964580398353	793.8842682627678	0.0	97.52060868964409	797.0612800399268	0.0	75.96827875114793	784.4286358918209	0.0	195.9326219761488	545.2772892769117	0.0	235.75524853969685	643.6760619905659	0.0	232.43479815012833	757.9443811971837	0.0	272.07261629272176	784.6976713508637	0.0	274.1615148349053	778.6220477512522	0.0	222.36760920698728	775.7078212517129	0.0	225.36182158649228	410.9647167247456	0.0	266.4850518222209	347.1723484421367	0.0	267.31425570838735	390.11085029769316	0.0	166.52162645741072	424.3076738410607	0.0	129.51164139185218	502.2915772415733	0.0	143.3333833727362	572.7397907284529	0.0	257.0137196410965	442.1238552624922	0.0	258.0666391482655	513.9936214976611	0.0	271.32867943590765	578.5231175046246	0.0
454	7.566666666666666	172.72940382418628	547.0299612017412	0.0	142.39128901566124	543.8145888945588	0.0	118.72569451456536	656.3562358524615	0.0	87.29117379362133	766.7664097724432	0.0	115.9352317803804	793.8215476182843	0.0	97.62646026698371	797.0995912376798	0.0	75.93541974301357	784.3743402712386	0.0	196.05140516288222	545.5423385737022	0.0	235.8378319659671	643.7478385473278	0.0	232.33447147979325	757.9096485023947	0.0	272.00039929243405	784.6116465486234	0.0	274.1602406832684	778.7281688441208	0.0	222.2651353314143	775.6808471293228	0.0	226.16231848195952	411.3011362560542	0.0	267.57540612699756	347.7095650171302	0.0	268.29395778464084	390.69182720021246	0.0	167.1749131163414	424.46411656434236	0.0	129.69349711728142	502.4027860781724	0.0	143.2583873621836	572.791079878285	0.0	257.5544622905663	442.5596059642858	0.0	258.98238448175005	514.4180380935684	0.0	272.0701933783803	578.8909783646665	0.0
455	7.583333333333333	172.75462122998903	546.8090509892407	0.0	142.5346644816935	543.7597812120638	0.0	118.54550915783902	656.4504563316298	0.0	87.32406050475097	766.7769635532086	0.0	115.93479985506141	793.7070751207166	0.0	97.56393822898423	797.134512506952	0.0	75.92634281617416	784.2823240393552	0.0	196.14706555395557	545.6580754150974	0.0	235.95009806799567	643.8245715852286	0.0	232.22089285485973	757.8449389518605	0.0	271.88934177008286	784.3771463447825	0.0	274.1915186220809	778.6998159721827	0.0	222.2573408067287	775.620211855672	0.0	226.97146154711925	411.63697035815983	0.0	268.7010388889595	348.25095452219506	0.0	269.2157717763736	391.2305705568096	0.0	167.77130181506703	424.6372570669464	0.0	129.94270906714306	502.5449618929422	0.0	143.2023940173754	572.8478067488713	0.0	258.0974292869006	443.06134353059616	0.0	259.7830612260702	514.7905082763621	0.0	272.7639300668673	579.2528101139469	0.0
456	7.6	172.74447641592903	546.5352997480073	0.0	142.5885036098166	543.6269544047134	0.0	118.34117984957643	656.5084517925112	0.0	87.36725671336801	766.8038255983752	0.0	115.96275251831713	793.6162537966655	0.0	97.40528668218431	797.2048463249291	0.0	75.92363059347545	784.1816021555948	0.0	196.19875427200523	545.6923106557902	0.0	236.07749201860094	643.9311440593582	0.0	232.11545806868807	757.7842650837823	0.0	271.7467623052378	784.1433926456705	0.0	274.19406954486794	778.5730283954479	0.0	222.35443099173702	775.5444956890708	0.0	227.771386667204	411.9983994979024	0.0	269.84183991333316	348.851945968036	0.0	270.0791087292405	391.7420544785473	0.0	168.36140535040377	424.8726806466765	0.0	130.23633603710226	502.67385052899056	0.0	143.1929630648355	572.9361652362334	0.0	258.6946534377247	443.5970807700645	0.0	260.4640873860151	515.1217166668088	0.0	273.39175530129944	579.5794135034157	0.0
457	7.616666666666666	172.71180824179322	546.4008278643493	0.0	142.48007527899517	543.5256099792159	0.0	118.1773207916922	656.579399260097	0.0	87.40338580332642	766.8810750840825	0.0	116.03950275701577	793.6158053869926	0.0	97.24803211808182	797.3312420937026	0.0	75.90544534006568	784.1054017995882	0.0	196.20805641165697	545.7457976746546	0.0	236.19905848564244	644.1056846108162	0.0	232.03174340122072	757.7700590100366	0.0	271.5940119574034	784.0636206489128	0.0	274.1289920882025	778.4270454199004	0.0	222.53123424423183	775.4466188841224	0.0	228.55014033209164	412.41378318030416	0.0	271.00233896895753	349.56468654906297	0.0	270.8993598171744	392.276056277117	0.0	168.99286176048068	425.2038364166869	0.0	130.55520430573054	502.76513106527614	0.0	143.2499179517378	573.0883731500139	0.0	259.3556595598112	444.1259750996975	0.0	261.0774106403671	515.4726368045124	0.0	273.9829594009197	579.8704668289087	0.0
458	7.633333333333333	172.70071635586083	546.4796412409531	0.0	142.24988040855072	543.5314712865921	0.0	118.06198278659885	656.6649780733549	0.0	87.4255611566564	767.0049915038924	0.0	116.11492403993483	793.7175258712397	0.0	97.1151926503139	797.4786531838938	0.0	75.86142750471728	784.071242902691	0.0	196.21951830769072	545.8898241745861	0.0	236.3205906915238	644.3529277928621	0.0	231.98176622045392	757.7976382124441	0.0	271.458983521082	784.1000422220369	0.0	274.0154353088175	778.2970110092301	0.0	222.73624237981403	775.3566484902005	0.0	229.3443006906728	412.90655923649564	0.0	272.2500753988627	350.38138984460466	0.0	271.7337168594461	392.87490892078733	0.0	169.69170116064893	425.61932460452323	0.0	130.87069784888058	502.8084953814949	0.0	143.37460572467106	573.3344586552823	0.0	260.0619848939221	444.64562364975575	0.0	261.66866165184837	515.8716604274697	0.0	274.59255160748734	580.1584047950621	0.0
459	7.6499999999999995	172.7701126960287	546.7202892600416	0.0	142.02734035719433	543.6284562295782	0.0	117.98587510619457	656.7453041324922	0.0	87.42127956680706	767.1335805414902	0.0	116.1193681562596	793.8837926748167	0.0	96.97561426771304	797.5848091175659	0.0	75.81697840931156	784.0808499685677	0.0	196.27910724705333	546.0943333020457	0.0	236.47017978439226	644.6218614163826	0.0	231.98278062397077	757.8424987199461	0.0	271.33981129730955	784.1412322932894	0.0	273.89088045547715	778.1787926549008	0.0	222.90160651874032	775.3243550920876	0.0	230.21614287571697	413.482561482154	0.0	273.64217848229566	351.27341446231105	0.0	272.6535723294508	393.5668636350829	0.0	170.50367161274886	426.0508682286554	0.0	131.16035105704609	502.80924427109454	0.0	143.54647252656184	573.6707038918189	0.0	260.80643980310373	445.17802391200837	0.0	262.2718624593588	516.3266662081395	0.0	275.24997542509607	580.5046644363767	0.0
460	7.666666666666667	172.95000528611112	547.0531899547323	0.0	141.93187487554124	543.7507068093452	0.0	117.9666963783208	656.8321412057652	0.0	87.38104943266843	767.2174529945163	0.0	116.01490073075138	794.0617013345668	0.0	96.7994200037459	797.6135223833764	0.0	75.82400096854886	784.1284176021419	0.0	196.40695655277102	546.2893631791706	0.0	236.67817044666612	644.8528095928989	0.0	232.03052341456558	757.9058242254175	0.0	271.2028608070825	784.1828017363954	0.0	273.78157259909426	778.081492822912	0.0	222.95642453887322	775.3551623027246	0.0	231.19994332507503	414.1261431529025	0.0	275.1438662493845	352.2268631513129	0.0	273.70370875630067	394.3775099886633	0.0	171.45706643149	426.4130467908407	0.0	131.4313959520529	502.8014252311818	0.0	143.7432746170186	574.0555210011024	0.0	261.58824062889425	445.7488518779484	0.0	262.93336302433505	516.8764860557175	0.0	275.94169944830213	580.9724418955503	0.0
461	7.683333333333334	173.232853716706	547.418652923727	0.0	142.02589964645054	543.8499732193491	0.0	118.01216279346968	656.962117510741	0.0	87.32112833471116	767.2251257631981	0.0	115.79479367807821	794.2227118442004	0.0	96.56309076509756	797.5736304109222	0.0	75.90695685266422	784.1997851781359	0.0	196.61044866162547	546.4439387085737	0.0	236.96524886254727	645.0174910247835	0.0	232.0857772771584	758.0025127942027	0.0	271.0459012018522	784.2614108876849	0.0	273.7153806981449	778.0164317601271	0.0	222.86513988661684	775.42982082278	0.0	232.28302045549268	414.80325350582444	0.0	276.67059687893675	353.2096215362814	0.0	274.897808112559	395.2901226571393	0.0	172.4997222544114	426.6701452246195	0.0	131.71380516300601	502.84138622420494	0.0	143.9595374538776	574.4540726661979	0.0	262.3810435940757	446.38347018181	0.0	263.68452120569674	517.551960377274	0.0	276.6586066692022	581.5855928222352	0.0
462	7.7	173.58580253508384	547.7423317383892	0.0	142.31029589893166	543.9220679217315	0.0	118.07994850293362	657.1679253723391	0.0	87.26328335278302	767.1566078005283	0.0	115.48929069482728	794.3725417780616	0.0	96.26025855231278	797.5079548335008	0.0	76.02750963675216	784.2685409798772	0.0	196.88537297193244	546.5635153937922	0.0	237.3309897164256	645.1107436662334	0.0	232.1096659692251	758.124641145776	0.0	270.93667255282287	784.3402850997064	0.0	273.7231788994284	777.9680520523235	0.0	222.6575729703004	775.5461675914497	0.0	233.42323295576676	415.4858868047083	0.0	278.1775897341922	354.15683124270646	0.0	276.21196313772367	396.2140428651552	0.0	173.54254845772545	426.87118811654193	0.0	132.03380283705397	502.96916412038	0.0	144.20213810121305	574.8615326102688	0.0	263.14136199064274	447.0928683075821	0.0	264.50584293535684	518.3068377405858	0.0	277.4261393533909	582.3042121554532	0.0
463	7.716666666666667	173.95994430860955	547.9997075051956	0.0	142.70530322592086	544.0244842994995	0.0	118.11078811646686	657.4790725210416	0.0	87.20589365457612	767.0472757228343	0.0	115.1810116630644	794.5146639385056	0.0	95.94275611745527	797.4560254030904	0.0	76.1230087296015	784.3040301234852	0.0	197.19787765163423	546.6950430649883	0.0	237.7557760103813	645.1449755361261	0.0	232.09948858414512	758.2399513808155	0.0	270.94649422740395	784.3783683648146	0.0	273.80272856537727	777.9167421773207	0.0	222.4182146687238	775.6871465297015	0.0	234.58457288681345	416.1699017108202	0.0	279.66163369655374	355.0308136644519	0.0	277.58543797649435	397.061693653445	0.0	174.55206802120148	427.11762164944946	0.0	132.40020028315737	503.1836035392944	0.0	144.47744124150896	575.2820167736493	0.0	263.84970678966505	447.86408668722464	0.0	265.3577639157661	519.0548526430005	0.0	278.26267329080315	583.0524840663995	0.0
464	7.733333333333333	174.32077044426777	548.2715411528735	0.0	143.0853271158862	544.2515779515034	0.0	118.0806874945768	657.9031378236058	0.0	87.13566247516572	766.9497313257361	0.0	114.96186289886948	794.6267985317352	0.0	95.70096955017202	797.4172798838149	0.0	76.16571832664786	784.2775866507704	0.0	197.50161252723652	546.9230605912329	0.0	238.21707186574494	645.1645740050544	0.0	232.07784808202848	758.3167733568595	0.0	271.0679833305419	784.4105855733565	0.0	273.9102538053203	777.8563133687124	0.0	222.24207921929852	775.7953010710007	0.0	235.75949610051174	416.8606812595571	0.0	281.12601182673563	355.86024453390667	0.0	278.97209616046797	397.85568890737005	0.0	175.55076510212996	427.49038610946667	0.0	132.80650249749272	503.4721579358282	0.0	144.77812209158148	575.7207406738587	0.0	264.53410454993406	448.6675749816648	0.0	266.2250509684613	519.7621894752307	0.0	279.1373196074581	583.7763663490344	0.0
465	7.75	174.68719850480085	548.6565845490244	0.0	143.41057225454028	544.6567658475967	0.0	118.00464650507931	658.3864195915899	0.0	87.042278418328	766.8920231324549	0.0	114.84782792488001	794.6897909899941	0.0	95.56864980325527	797.3688639495622	0.0	76.16055779557651	784.1756854736864	0.0	197.80292688436802	547.3047821356279	0.0	238.71066958360115	645.2438872364608	0.0	232.06119942978748	758.3354578915591	0.0	271.23728687861	784.4439683222685	0.0	274.02047618478593	777.7693594509212	0.0	222.16937234543735	775.8243025594122	0.0	236.96317761556168	417.5688663392385	0.0	282.5896250692019	356.6757011360736	0.0	280.3865208412845	398.6962713991345	0.0	176.55485908209712	428.0157611468216	0.0	133.2438271373114	503.8333760126349	0.0	145.07320599125413	576.1974363398039	0.0	265.2514572835194	449.47353039624153	0.0	267.1079405484706	520.4477059912676	0.0	279.988313169461	584.4538780102774	0.0
466	7.766666666666667	175.11877596943626	549.1516242869994	0.0	143.78255962485107	545.2018924310388	0.0	117.91766543608938	658.8278958733963	0.0	86.91413162261045	766.8531305048224	0.0	114.77466893368056	794.7133970130802	0.0	95.49067603985888	797.3055609568332	0.0	76.11063657974105	784.0119414571374	0.0	198.17820425844766	547.8211953429475	0.0	239.2721884208249	645.4470414257868	0.0	232.05451394013483	758.2904792859588	0.0	271.4023562552268	784.3781502379386	0.0	274.1516902057071	777.6238776206682	0.0	222.1664604019444	775.7832680631859	0.0	238.2145764541107	418.3217198299636	0.0	284.0832478749903	357.473675712732	0.0	281.88246607697954	399.6403727156624	0.0	177.5683030427622	428.6795371551088	0.0	133.7236592575992	504.2479810698692	0.0	145.33038987900036	576.7318817772805	0.0	266.05421968616446	450.2714754926081	0.0	268.0075783311533	521.1353807671612	0.0	280.76845450584017	585.0695882078048	0.0
467	7.783333333333333	175.644014587029	549.6466473850523	0.0	144.30710857715331	545.7703433133776	0.0	117.87590124621903	659.1446239630277	0.0	86.75285762252459	766.7908616953014	0.0	114.69342151246947	794.720998022656	0.0	95.39938832432811	797.2422359371761	0.0	76.02790143488154	783.8075388564206	0.0	198.6846541194077	548.3893853645855	0.0	239.96000382670093	645.786765998057	0.0	232.0606845898299	758.2133897264425	0.0	271.54624578802685	784.1701291955598	0.0	274.3011713462672	777.4238271299919	0.0	222.19095098754005	775.7043955620344	0.0	239.53185205099678	419.1441139034469	0.0	285.6036301251058	358.3005770021486	0.0	283.5020069060421	400.66558136070876	0.0	178.6257645927338	429.43248853619855	0.0	134.29130126255973	504.6712063066605	0.0	145.5749024578964	577.3166378824308	0.0	266.99133805907394	451.0754793529388	0.0	268.9453740774176	521.8714433399606	0.0	281.4729929003731	585.606301328791	0.0
468	7.8	176.21950093782266	550.0071354187401	0.0	144.95566696575816	546.2312998092614	0.0	117.94523048469347	659.3209217291644	0.0	86.59287793686406	766.6906688938543	0.0	114.61620445566419	794.7363647017557	0.0	95.2792563431786	797.1969463869584	0.0	75.95539776048045	783.5820911884093	0.0	199.2897904535868	548.9091503268363	0.0	240.80806468691512	646.2231423916613	0.0	232.07478812924313	758.1695920744132	0.0	271.69290983889385	783.9519963562415	0.0	274.4223311094286	777.225074130555	0.0	222.23572145162308	775.5953479898615	0.0	240.9497980477588	420.03335483241216	0.0	287.122782885248	359.2721693715101	0.0	285.26890317844624	401.72190911058226	0.0	179.79659230146547	430.2160051087468	0.0	135.01090076392447	505.0733406696181	0.0	145.9117806968776	577.9227262053847	0.0	268.11298954252555	451.9174599667752	0.0	269.9652759002392	522.7287346742276	0.0	282.143996870199	586.0561964439152	0.0
469	7.816666666666666	176.7747448425634	550.152956258725	0.0	145.61239127169122	546.5196600388881	0.0	118.14956913626823	659.4141835193603	0.0	86.4777622725958	766.5702685654143	0.0	114.54462940542034	794.7837832103584	0.0	95.15327208362987	797.1737479133568	0.0	75.9249741657934	783.3719563480164	0.0	199.9272273978674	549.3099354023024	0.0	241.81383785175544	646.6912118826672	0.0	232.08792397814315	758.1798267024104	0.0	271.89768226037836	783.8278279710418	0.0	274.49707639982717	777.0569758439374	0.0	222.2955780751603	775.4500350166096	0.0	242.51755304378435	420.9832943078035	0.0	288.67915101283097	360.4580520961264	0.0	287.20999747609085	402.77706368975913	0.0	181.14318086530815	431.02109251112296	0.0	135.93384589240378	505.46133519483794	0.0	146.46069228413776	578.5184711862813	0.0	269.4383369436718	452.8537631950339	0.0	271.08709332880983	523.7260520224353	0.0	282.8558459164533	586.4512719495729	0.0
470	7.833333333333333	177.29162665465614	550.1115304785583	0.0	146.21212602369218	546.6682986228993	0.0	118.45604770009494	659.5278400509254	0.0	86.41873114099906	766.4451530262419	0.0	114.42076643180145	794.8679521796573	0.0	95.04193465456159	797.1559579654461	0.0	75.90823325798189	783.2144053405978	0.0	200.58714607512835	549.5887458276443	0.0	242.96375082945502	647.132348249948	0.0	232.10688652993272	758.1830554423336	0.0	272.19131651743055	783.7122460707284	0.0	274.5677907958605	776.8812482881652	0.0	222.34360359941482	775.28508058059	0.0	244.26357553745237	422.026084670794	0.0	290.40462139291867	361.8418946723849	0.0	289.33600025870254	403.84682223275695	0.0	182.700391968686	431.89647781486923	0.0	137.08327547049007	505.87096883831236	0.0	147.29021900217202	579.0943331048538	0.0	270.9493018360588	453.95810318503356	0.0	272.2746285665235	524.7798056950835	0.0	283.6763633694999	586.8727555482983	0.0
471	7.85	177.84472665389927	550.0226374234562	0.0	146.78919112694803	546.7758603710482	0.0	118.84641261154553	659.7610199057744	0.0	86.39348970935495	766.3292566293469	0.0	114.18087693160295	794.9701493953886	0.0	94.93855531820235	797.1297014599244	0.0	75.86107234243012	783.0969301584952	0.0	201.3280322629213	549.8329206959742	0.0	244.26398763118434	647.5114933697964	0.0	232.14797907150628	758.1351223500678	0.0	272.520430192913	783.5302410866614	0.0	274.6657689167362	776.6822647367848	0.0	222.361979990662	775.1323051756896	0.0	246.18222550090934	423.23301249925134	0.0	292.4172577183877	363.41934074394015	0.0	291.6281931881361	405.0310344972911	0.0	184.48564990658295	432.91736389364416	0.0	138.46071854381765	506.3809602571834	0.0	148.44496958944387	579.7051240463674	0.0	272.6366242825386	455.26817852558247	0.0	273.4732752735674	525.7920567007857	0.0	284.6190568179719	587.4065409608518	0.0
472	7.866666666666666	178.54956759621572	550.0565233861861	0.0	147.42567696796263	546.9285294875191	0.0	119.3587454749237	660.1670144178339	0.0	86.3745195818426	766.266554927194	0.0	113.80872065821596	795.0821588160369	0.0	94.80588928186665	797.1036136665399	0.0	75.78996294962634	782.9604110097165	0.0	202.23028542877194	550.1768406571213	0.0	245.76658591640796	647.8220477576024	0.0	232.22038397481302	758.0798198490105	0.0	272.77259139872547	783.3835275562698	0.0	274.7591153452529	776.5268345236989	0.0	222.36632182064747	775.0040206055611	0.0	248.25992365054856	424.6890246460974	0.0	294.7336795354594	365.2464718780489	0.0	294.0723963641668	406.49072199481054	0.0	186.51786756873153	434.17648451581374	0.0	140.06328217011162	507.1190103021466	0.0	150.0015901533535	580.4733759711321	0.0	274.5179008044333	456.7569620992833	0.0	274.65707782362466	526.7737034512996	0.0	285.62767640681784	588.1145053655174	0.0
473	7.883333333333333	179.46585026811135	550.3091299586645	0.0	148.20369494911571	547.1250622190861	0.0	120.0221820076865	660.7390599220873	0.0	86.34473022758704	766.3038812251395	0.0	113.3385336502671	795.1998135347471	0.0	94.61565706185318	797.0798658930572	0.0	75.72962072935417	782.7730699690993	0.0	203.36536764547515	550.7012921966475	0.0	247.56840951459085	648.0877197862711	0.0	232.3299434085839	758.0593857706754	0.0	272.89728365858554	783.3473424295795	0.0	274.81870055840966	776.469569243235	0.0	222.37350825649676	774.8858113123974	0.0	250.50726176639637	426.44849427840506	0.0	297.32161476741607	367.3575792486801	0.0	296.6599326404003	408.3253477873929	0.0	188.8479361412285	435.7510173553707	0.0	141.91934738917803	508.1990935042588	0.0	152.06878381372033	581.5426683010587	0.0	276.6097644699103	458.3856252660961	0.0	275.8166168054202	527.8416241952962	0.0	286.5906951156773	589.0576538265044	0.0
474	7.8999999999999995	180.59160592343514	550.784494698203	0.0	149.18986443578956	547.3035488773162	0.0	120.80218655539306	661.415807170202	0.0	86.30347548879615	766.4294156678634	0.0	112.8367789474016	795.2858795412809	0.0	94.39799719904835	797.026701130925	0.0	75.70136614232965	782.5632659955972	0.0	204.78791359941363	551.3917758192183	0.0	249.76998188567305	648.3456399405679	0.0	232.48325350671544	758.0311434332369	0.0	272.9601425415285	783.3099553319499	0.0	274.8844362915109	776.4696779247722	0.0	222.36412195100098	774.7453967670883	0.0	252.97252127328605	428.4892575736455	0.0	300.1829703576962	369.69954860014144	0.0	299.3823941014825	410.49257067330717	0.0	191.5619411057826	437.6526250412849	0.0	144.12187650816193	509.66565463946324	0.0	154.78251761412332	583.0527285318578	0.0	278.9196012628749	460.1454463912558	0.0	276.92991393680444	529.09221484819	0.0	287.345949548372	590.2960161783145	0.0
475	7.916666666666667	181.93153491232914	551.4417444151406	0.0	150.41955979364175	547.438928470213	0.0	121.64038369197542	662.1268428334938	0.0	86.27038314589382	766.5930364739945	0.0	112.3663580407751	795.2952062932518	0.0	94.22408168045699	796.9106023378807	0.0	75.72687676009981	782.3679828893387	0.0	206.51286746773258	552.1969524012096	0.0	252.45025560260203	648.614499969446	0.0	232.69160842262013	757.9314834996519	0.0	273.0431894192561	783.1765215444098	0.0	274.9910493195519	776.4552482539673	0.0	222.3127687381634	774.5193488965251	0.0	255.7248282665244	430.749340843969	0.0	303.3358171812981	372.1953518683931	0.0	302.2926548244936	412.8849052677676	0.0	194.7338038378211	439.8606675505712	0.0	146.80782176555505	511.5440475199042	0.0	158.34293139364507	585.1434379798661	0.0	281.46880173604404	462.0225583710674	0.0	277.97860198047283	530.4938620747292	0.0	287.6792900678844	591.8338876317869	0.0
476	7.933333333333334	183.50217839747899	552.214590943527	0.0	151.89648123198788	547.5598243714498	0.0	122.49855894581562	662.8603757796164	0.0	86.26980331680822	766.77285556524	0.0	111.9630018779276	795.2170895833092	0.0	94.15407141772366	796.7310656246825	0.0	75.8323448992318	782.1970234183656	0.0	208.5050133337046	553.0831181786355	0.0	255.68612122450432	648.8777644075919	0.0	232.97789373601785	757.7435483243166	0.0	273.1748882390772	783.0272112379696	0.0	275.08531083801694	776.3942653036852	0.0	222.23304855080275	774.1051685740475	0.0	258.8233891157127	433.21145594337855	0.0	306.76963906610644	374.8257075061411	0.0	305.5156085477769	415.42102988536425	0.0	198.38813995602194	442.3928132104284	0.0	150.11015755848445	513.924461746229	0.0	163.0132968811311	587.9445480112507	0.0	284.30026106683033	463.98509631593004	0.0	278.964825346409	531.9128558666761	0.0	287.37076881699676	593.5945041193298	0.0
477	7.95	185.2940200077259	553.0326055089585	0.0	153.62693900483873	547.7021586797764	0.0	123.34177221555458	663.6717828967127	0.0	86.30402037483853	766.974823605167	0.0	111.65817589257558	795.0602111021122	0.0	94.22243720456895	796.5160120645736	0.0	76.0033185765725	782.0771766337584	0.0	210.72811723041255	554.0404939785609	0.0	259.539788496494	649.1043233173724	0.0	233.3803657379904	757.433675481955	0.0	273.39828619469705	782.9342259505584	0.0	275.1149037462993	776.2608258980213	0.0	222.15903814428796	773.4006630457785	0.0	262.2981762113092	435.9079014714915	0.0	310.48575074496233	377.61206191417386	0.0	309.1377573306795	418.0359269886904	0.0	202.51599848212172	445.27680938382537	0.0	154.159376470274	516.947640967093	0.0	169.05123901776915	591.5268071802019	0.0	287.4405106094437	466.0336829900468	0.0	279.8725357521754	533.226979094357	0.0	286.29585316710705	595.4763278410488	0.0
478	7.966666666666667	187.28584091355663	553.8942574406511	0.0	155.648854013439	547.9257854119875	0.0	124.13319673075367	664.6099233865881	0.0	86.34808792591389	767.1992708397047	0.0	111.5140193922227	794.8496181722928	0.0	94.4471464770043	796.3093387767258	0.0	76.16981359701995	782.0772857311229	0.0	213.18955691597253	555.1155557726377	0.0	264.01080280466215	649.2885410490726	0.0	233.9582341853706	756.8658267855145	0.0	273.8135566792423	782.7957849406492	0.0	275.1456422153043	775.9947713587827	0.0	222.1211100665683	772.3215986879512	0.0	266.14684981736815	438.8670823768363	0.0	314.5385729229683	380.5749922225847	0.0	313.1406461152357	420.68433144924813	0.0	207.11817413957075	448.4741760184566	0.0	159.094984385365	520.6984713381463	0.0	176.67147897830816	595.8097948052884	0.0	290.8564052154907	468.2145567908374	0.0	280.6343723319525	534.4217927833672	0.0	284.4818088706844	597.4073093829873	0.0
479	7.983333333333333	189.4854722193173	554.9352047291634	0.0	158.0185806984528	548.36880098176	0.0	124.86622014196526	665.6585682337173	0.0	86.36469650049497	767.4605916230095	0.0	111.60660711417765	794.661809194935	0.0	94.82701186722059	796.1518223570378	0.0	76.27219566508455	782.2207030628521	0.0	215.90463228546	556.477648321254	0.0	269.04461010731325	649.4646126020027	0.0	234.76788955970764	755.8496983964956	0.0	274.5010547094202	782.478424680766	0.0	275.30187378993645	775.5321902203992	0.0	222.1690617987525	770.7538196187211	0.0	270.35841022378094	442.0939298195867	0.0	318.98040786610085	383.7556776145415	0.0	317.477670405841	423.4185876628154	0.0	212.24469598572753	451.8951618127268	0.0	165.00649154659106	525.1210868216996	0.0	186.0782752645695	600.5086841559506	0.0	294.4874397017002	470.5726854988372	0.0	281.15123569800875	535.6138204536473	0.0	282.07381061519334	599.3060181430707	0.0
480	8.0	191.93332524105418	556.4144373391092	0.0	160.78793406343587	549.2368606122469	0.0	125.56226282040824	666.7774261612002	0.0	86.32303104459585	767.8138689783124	0.0	111.95683242147835	794.6080205965852	0.0	95.32713326241307	796.0595353884366	0.0	76.30808344246914	782.4272455722613	0.0	218.83489478818638	558.4063734551553	0.0	274.5754207912327	649.6904143183265	0.0	235.8155627104513	754.2841353338822	0.0	275.455550899233	781.9912427044802	0.0	275.644029149002	774.8538054673277	0.0	222.38594523697355	768.5813441066679	0.0	274.95090354364015	445.5720477393229	0.0	323.816782783135	387.2111787793272	0.0	322.145731077451	426.38368292444073	0.0	217.9955417131955	455.4681492857787	0.0	171.8798727003836	530.0317042046297	0.0	197.47144242806598	605.1965383766853	0.0	298.3285148547244	473.1042212645565	0.0	281.312380939003	536.961950184312	0.0	279.3301360316683	601.0116587676769	0.0
481	8.016666666666666	194.67315706528265	558.5568701231671	0.0	164.014322191738	550.7029981077695	0.0	126.2585520872336	667.9531775667014	0.0	86.23347705164117	768.2907946478811	0.0	112.46110496288813	794.7619835569031	0.0	95.85809501672229	796.025185676765	0.0	76.2960069288257	782.6043126366076	0.0	221.89266996095012	561.1043782699401	0.0	280.51937766837403	650.0204766555629	0.0	237.0549358916973	752.2360340500802	0.0	276.5861041989516	781.3923625815587	0.0	276.14216242790275	773.9953225458817	0.0	222.84661628738075	765.8423986817359	0.0	279.97228473527645	449.2448404795202	0.0	329.06062309295856	390.8923086843491	0.0	327.1468089906045	429.6498032825912	0.0	224.44966623012132	459.14615678159845	0.0	179.64847237818074	535.1824625317919	0.0	210.95690111528066	609.3795348562924	0.0	302.45334870462545	475.7465590168025	0.0	280.993112649908	538.5490860435683	0.0	276.696523201733	602.2846877456974	0.0
482	8.033333333333333	197.75805076021888	561.3438511971112	0.0	167.80711162802643	552.7842277991057	0.0	127.05903493081188	669.1501517359891	0.0	86.1646037240179	768.8116873731323	0.0	112.88770010951376	795.1131236224094	0.0	96.27354603683875	796.0287762015439	0.0	76.2475081337875	782.7129602529976	0.0	225.02889071676185	564.4794368515913	0.0	286.75243520025305	650.5085099215682	0.0	238.42655769846425	749.910638666962	0.0	277.7195445172605	780.6620233844902	0.0	276.68534964078054	773.0318057508299	0.0	223.5539833877468	762.7991243831727	0.0	285.46528672495356	452.9985234268991	0.0	334.7716829291591	394.57013250706126	0.0	332.45657972728435	433.08967475212586	0.0	231.60201501857745	462.8454380425813	0.0	188.2690859485532	540.2899212139536	0.0	226.43539037283404	612.5035544712027	0.0	306.97063250877403	478.43107846464386	0.0	280.0762072897922	540.3513809743642	0.0	274.8294566008694	602.8423528926476	0.0
483	8.05	201.33381851931756	564.4517202998857	0.0	172.35466963530405	555.2747846272553	0.0	128.18572637764265	670.244863799236	0.0	86.2010449156579	769.2227023221266	0.0	112.98583666393111	795.5885923149332	0.0	96.42442728503654	796.0478136434913	0.0	76.18443825007311	782.6919292458082	0.0	228.35479880093425	568.1516007456261	0.0	293.1309651201922	651.2430116530719	0.0	239.87562483799962	747.5647996966795	0.0	278.6343836034412	779.8370801421097	0.0	277.0962997861704	772.0705439059846	0.0	224.42937782465233	759.7790944054685	0.0	291.45476573103775	456.674656356095	0.0	340.9932386590047	397.97427109062386	0.0	338.0861580614909	436.4709937430548	0.0	239.39338360452194	466.4015369133265	0.0	197.7022019268939	545.0353811081434	0.0	243.54813156969132	614.0094009154003	0.0	311.98279782306525	481.1381619131976	0.0	278.5570143413714	542.2246163467755	0.0	274.4929902501041	602.4171537096054	0.0
484	8.066666666666666	205.68847911784758	567.3712618891313	0.0	177.85565353658885	557.7927932218523	0.0	129.95024249581436	671.0873812957167	0.0	86.4081018435761	769.4018149420609	0.0	112.62246212985043	796.1014842326199	0.0	96.22713614290855	796.0601574571867	0.0	76.15230186873822	782.4149311762804	0.0	232.1991180111745	571.6584600167258	0.0	299.5063197404473	652.3475709160913	0.0	241.33220591329635	745.4061398136988	0.0	279.1325037376093	779.1594270891007	0.0	277.2054247840371	771.2710948910583	0.0	225.35830818116062	756.9846114463321	0.0	297.96616634868246	460.10314786758835	0.0	347.7072651037666	400.9570146326883	0.0	344.14692811725575	439.611833494374	0.0	247.73792471436667	469.59539375434264	0.0	207.8500462614492	549.0731242655938	0.0	261.67436328552515	613.5047665663932	0.0	317.59093330974883	483.8470441760297	0.0	276.72008050300855	543.8627164638954	0.0	276.4161466641282	600.9295694243668	0.0
485	8.083333333333334	211.14451838181878	569.6623638845429	0.0	184.4235193847365	559.9864124378082	0.0	132.68448461633258	671.6801984454859	0.0	86.85214856708177	769.2631155378866	0.0	111.80626664148367	796.5618524566194	0.0	95.67110934130523	796.018447961007	0.0	76.22678451575338	781.7758931096597	0.0	237.00712007996907	574.6570838933592	0.0	305.7107121207174	653.9500691990314	0.0	242.69228186927393	743.5535118630678	0.0	279.0694688243459	778.9254817303342	0.0	276.92583446905263	770.8554218155224	0.0	226.21714670713118	754.521697426557	0.0	305.03631982257957	463.1352992299428	0.0	354.9259795678625	403.47540190946364	0.0	350.84434391011405	442.4116036156277	0.0	256.5160156634187	472.2040968193225	0.0	218.55364653420227	552.0498137940193	0.0	279.9796999280796	610.9345094046848	0.0	323.91760147921434	486.42993205375615	0.0	275.2756175347977	544.8904486635513	0.0	281.16970195373216	598.6450290412733	0.0
486	8.1	217.88983871895047	571.2044656549347	0.0	192.06702638722453	561.7291246815223	0.0	136.684168069023	672.2953170887666	0.0	87.62494347202646	768.6865029313227	0.0	110.63527743230097	796.8886877282401	0.0	94.80999716205305	795.8387704360332	0.0	76.51447982253273	780.7024557930032	0.0	243.12341438553054	577.031541066661	0.0	311.568375403574	656.1633828664078	0.0	243.8271501689628	742.0819749422106	0.0	278.3640940005604	779.2300523621948	0.0	276.260300765216	771.0218852899826	0.0	226.88592318604015	752.5312124104973	0.0	312.709259258026	465.65476374174614	0.0	362.77953535904373	405.5214448427783	0.0	358.39297236814656	444.8173494894192	0.0	265.6513841912596	474.0433633589976	0.0	229.5845424110359	553.6651578774532	0.0	297.4928735438356	606.6454342014882	0.0	331.0483110767367	488.66990103068724	0.0	275.2884354587448	545.1207578560949	0.0	288.9151730912166	596.0375004203347	0.0
487	8.116666666666667	225.88566529189535	572.1885440755965	0.0	200.6777187865947	563.0696614196103	0.0	142.21869502162838	673.3556600042418	0.0	88.86737952506815	767.5085618783534	0.0	109.28579923861042	797.0585702049351	0.0	93.79862821120851	795.4319345996092	0.0	77.17005344971692	779.0127873837009	0.0	250.59496714593018	578.8722179376116	0.0	316.9220164562168	659.0579347278083	0.0	244.60295821761665	741.0842750797933	0.0	277.0486485096675	779.9339856865954	0.0	275.2659344173915	771.8033069800404	0.0	227.27147317164827	751.164910449592	0.0	321.01209552454526	467.5858220650619	0.0	371.41232378175266	407.1578714357071	0.0	366.8728920733781	446.8338181517818	0.0	275.21363243674483	475.03623156292554	0.0	240.58918622129616	553.7643530525916	0.0	313.1763504191503	601.3496577648733	0.0	338.93027809391276	490.42665488691193	0.0	277.7337421425095	544.710088013273	0.0	298.9479479905252	593.5028242512761	0.0
488	8.133333333333333	234.86276025554864	572.8864571749518	0.0	210.02165654113045	564.0725792945354	0.0	149.64479310829034	675.1701743796824	0.0	90.83705359956323	765.5459007259037	0.0	108.01692250287608	797.105209642339	0.0	92.91063241358731	794.7194822997692	0.0	78.46883022690734	776.3575939269523	0.0	259.1261281784855	580.333517658579	0.0	321.63438670522356	662.6057308621713	0.0	244.90808960769655	740.691071369277	0.0	275.2774174112524	780.8155387027228	0.0	274.0191350384984	773.0492349321482	0.0	227.30279347979553	750.4993366737725	0.0	329.9258500014888	468.9322158078558	0.0	380.82338938566454	408.54286686921233	0.0	376.18678396814744	448.5386337609906	0.0	285.37360762257293	475.2770025060561	0.0	251.103952271472	552.3834800054465	0.0	326.03409907313824	596.0078045695074	0.0	347.4098509544272	491.7386604356179	0.0	282.9503289961438	544.0213001904676	0.0	309.6426542331578	591.3619107405127	0.0
489	8.15	244.39144843015075	573.4807626773895	0.0	219.8222810927025	564.78160296258	0.0	159.46736067035965	677.8033030741317	0.0	93.96210801390754	762.5876375450385	0.0	107.1654830115823	797.0049025361221	0.0	92.5260816247883	793.6035141378981	0.0	80.86120238146296	772.3643842222481	0.0	268.23676375275994	581.4916085170523	0.0	325.6015674703397	666.6232302316984	0.0	244.71918156209742	741.0160874471233	0.0	273.2651363407333	781.6797466107656	0.0	272.6418714494381	774.5520535886299	0.0	226.92964474348184	750.5554222979421	0.0	339.42548222512613	469.80404052601483	0.0	390.89770988671154	409.8204886588953	0.0	386.18647100951955	450.0105472354637	0.0	296.2461704260297	475.0058570170194	0.0	260.67328933519116	549.7274867992411	0.0	335.2895700743273	591.630648910643	0.0	356.36891158457126	492.76927253762483	0.0	290.6672958289963	543.405103547508	0.0	319.4647012945865	590.1490288556066	0.0
490	8.166666666666666	254.00020603866434	574.0487898169894	0.0	229.83794251912883	565.2762940278798	0.0	172.1919908501044	681.1355299189613	0.0	98.79636771260468	758.449958022238	0.0	107.21411312079434	796.5770136523638	0.0	93.18944158967375	791.9345544842013	0.0	84.91430278282701	766.8077434598164	0.0	277.4436868179707	582.3258135764189	0.0	328.8315698476278	670.7919681759067	0.0	244.16263317547046	742.0348181973836	0.0	271.2909432624458	782.4147507545682	0.0	271.35302838806143	776.1452579338858	0.0	226.17566918850014	751.2754720874754	0.0	349.53111726183704	470.39945374853966	0.0	401.502393260572	411.01998533646156	0.0	396.75477550033054	451.231149336324	0.0	307.79244222565467	474.5047926607069	0.0	268.979337594218	546.1016098432643	0.0	340.5362873011045	589.0062310389826	0.0	365.7664272563384	493.74838144401724	0.0	300.6654231806093	543.2459188894663	0.0	328.19910370704974	590.708374222604	0.0
491	8.183333333333334	263.3265781463374	574.6023119483831	0.0	239.88848660336342	565.6948721221464	0.0	188.1515228821251	684.9001315520261	0.0	105.91630644726399	753.1264611297045	0.0	108.94474031722318	795.5532117467158	0.0	95.74142667476193	789.5437326952227	0.0	91.18608954330635	759.7048144337759	0.0	286.3270593388143	582.7855902449355	0.0	331.5374148038047	674.7746455862441	0.0	243.46758033484122	743.4899325202804	0.0	269.73581509797197	783.0157544857806	0.0	270.3918739961156	777.6748857974181	0.0	225.15734973734348	752.3879966828124	0.0	360.23873887890886	470.96340542466135	0.0	412.44668614547953	412.1345368029541	0.0	407.7806279824977	452.1479695041971	0.0	319.84534637391164	474.01037044463584	0.0	275.9411873158784	541.7969132252612	0.0	341.7464815164716	588.4229882127033	0.0	375.5728460898804	494.9225862223959	0.0	313.2970982453915	544.135619365104	0.0	337.09911270339865	593.860043772656	0.0
492	8.2	272.2531263071722	575.1126082722941	0.0	249.94294118801676	566.1778257075736	0.0	207.48274911116096	688.6470898294311	0.0	115.85697640772096	746.9088462423089	0.0	113.55843663913885	793.7232496612679	0.0	101.4082713824155	786.3613955275258	0.0	100.13795964518862	751.422112225185	0.0	294.5986923919	582.8287128318632	0.0	334.09598036043883	678.3208165433258	0.0	242.82523998018112	744.9409491782742	0.0	268.9579705546998	783.4892516215604	0.0	269.84177477730407	778.924976525975	0.0	224.00975790968778	753.437182775659	0.0	371.4336551058625	471.73026148845054	0.0	423.5038092531693	413.2602281109239	0.0	419.1739918582344	452.8655831881068	0.0	332.1903811858566	473.6957558052998	0.0	281.77161056647344	536.9930714169161	0.0	339.1677314670132	589.4902978887604	0.0	385.67811486888445	496.4339648488196	0.0	329.1627346503018	546.7102916584637	0.0	348.1872622241729	599.866867789365	0.0
493	8.216666666666667	280.917666408935	575.543945444051	0.0	260.18292962681346	566.802771987988	0.0	230.11960980078914	691.8070930211637	0.0	129.09514325730717	740.386529916684	0.0	122.5417303586682	791.0283135105697	0.0	111.63839278197307	782.5653758697492	0.0	112.13467383717008	742.7967319711817	0.0	302.2032935921821	582.448042662684	0.0	336.8355881254865	681.2879147133714	0.0	242.28684290185052	745.9497386994022	0.0	269.05057137808717	783.7817789257924	0.0	269.56008069994357	779.6745281637754	0.0	222.82357721268755	754.0705495015095	0.0	382.92661758412	472.8729050810519	0.0	434.60669244308286	414.5977946822897	0.0	430.8666879019747	453.6978859434783	0.0	344.6299494299858	473.6945410714401	0.0	286.95825767838136	531.7699853712635	0.0	333.22618602807324	591.1515197033242	0.0	395.8335835685699	498.2919936400074	0.0	348.2373752882754	551.1776100793973	0.0	363.3935247133918	607.9696929158181	0.0
494	8.233333333333333	289.6050283636955	575.9228204975898	0.0	270.90442651291454	567.5862627508984	0.0	255.73733624202464	693.8671622853718	0.0	146.01104365635956	734.3354267667977	0.0	137.21642241882245	787.6529892683391	0.0	127.62065297483406	778.6573647678276	0.0	127.51296959968775	735.0430134209015	0.0	309.31686699661816	581.7332123693254	0.0	339.8254486028662	683.6325609693246	0.0	241.7706057332262	746.2436262666206	0.0	269.7427715614025	783.896883120732	0.0	269.28301892333064	779.8833389543062	0.0	221.64505647396456	754.2129071428864	0.0	394.53433418241514	474.4627022010245	0.0	445.899162031355	416.3325217214744	0.0	442.7451403451788	454.983867821891	0.0	357.01756273255825	474.108806651978	0.0	292.13936206449256	526.183676161989	0.0	324.56912708947516	591.9659769399847	0.0	405.7445594016853	500.47416909992876	0.0	369.57239489104467	557.0566477698143	0.0	383.7386057137455	616.2335711941087	0.0
495	8.25	298.6101758083415	576.3355712817646	0.0	282.3585214760726	568.4917042639388	0.0	283.7456677706207	694.5079664224947	0.0	166.81233981090716	729.5191793864914	0.0	158.3358600460989	784.083693536037	0.0	149.8867925784885	775.3777052464733	0.0	146.6237235926338	729.3104301261352	0.0	316.17186492860475	580.8447030343052	0.0	342.8168351332213	685.3978023890531	0.0	241.15016743723254	745.7711749663572	0.0	270.53702163931587	783.9906083733629	0.0	268.79170041676025	779.7494650238997	0.0	220.4713878157115	753.9180155778611	0.0	406.1143483506908	476.41804426300433	0.0	457.50752232901493	418.49929667668897	0.0	454.6740306375833	456.8465616836012	0.0	369.3035661756021	474.9402590734363	0.0	297.9205689307754	520.2467105950695	0.0	314.2467763070938	590.537352300028	0.0	415.3321366186811	502.87300114366525	0.0	391.90189004252585	563.362821171866	0.0	408.9606570238042	622.0588525720573	0.0
496	8.266666666666666	308.12178282056146	576.803689346	0.0	294.62916502525763	569.4089440783043	0.0	313.36311339594204	693.5850833432559	0.0	191.47203871998107	726.4326497092002	0.0	186.0236314234979	780.9068477382308	0.0	178.31078442168553	773.3625325467697	0.0	169.75993858079366	726.2037646016644	0.0	322.8837155733802	579.8810073929305	0.0	345.2884052410556	686.6095334145517	0.0	240.35544593759622	744.7394167390794	0.0	270.9302354564668	784.238792802878	0.0	268.0031542339908	779.5461330935283	0.0	219.2542916424918	753.2555174387159	0.0	417.592462157315	478.482199720913	0.0	469.35152805466583	420.8972774392259	0.0	466.6158857131182	459.0635335073909	0.0	381.57203689764304	475.9861822538078	0.0	304.749113938878	513.8209297335909	0.0	303.80521650527123	585.8666130888133	0.0	424.9305856561677	505.15499942356314	0.0	414.31797383933235	568.9606687574817	0.0	437.7806211408489	623.2227855541043	0.0
497	8.283333333333333	318.2398409984963	577.2451629767199	0.0	307.61942840568923	570.2059844034133	0.0	343.75937938325876	690.9535018762862	0.0	219.73711077029634	725.1068480334542	0.0	219.77848761627044	778.3523937623235	0.0	212.21751320828847	772.6265422611064	0.0	197.01842574664764	725.630556682479	0.0	329.56527679258204	578.8507595913633	0.0	346.47875433032567	687.1667406296558	0.0	239.42214050983733	743.6964729781979	0.0	270.603865362472	784.6652048977223	0.0	266.97726180475945	779.4732074187406	0.0	218.03204457251064	752.5324305614433	0.0	429.0118272750256	480.28805066485074	0.0	481.2268575657086	423.10256365058217	0.0	478.67326248706337	461.09428100610216	0.0	393.9656964854978	476.87770444607474	0.0	312.89192870375666	506.6584669437908	0.0	295.123291725446	577.61294477951	0.0	435.2047525421716	506.86295736115585	0.0	436.4712888662059	572.8455575505474	0.0	468.37644719167247	618.7026967755796	0.0
498	8.3	329.1679762878002	577.5750992656141	0.0	321.2795274930947	570.8191565104413	0.0	374.1675947003026	686.4291724791702	0.0	251.18003579176684	725.144315524458	0.0	258.41874539653656	776.0895792961347	0.0	250.46528850022347	772.4406216106661	0.0	228.17178547799324	727.0060401158391	0.0	336.63319673999814	577.7523297511356	0.0	345.67036441353076	686.9241263871154	0.0	238.50536849658803	743.3728930869471	0.0	269.57529266926616	785.1557346098657	0.0	265.9222775204077	779.6168379319369	0.0	217.09538437241355	752.3435515682162	0.0	440.5430569001472	481.49554603104946	0.0	493.02008332609336	424.60537369595113	0.0	491.02241406780956	462.3052615339936	0.0	406.5795185683478	477.2784772252435	0.0	322.4951896869122	498.6352725325339	0.0	290.00794681625393	566.2533218068878	0.0	446.8145535779348	507.6350376867182	0.0	458.346252216655	574.3710837757342	0.0	498.7434728235662	608.9175973667819	0.0
499	8.316666666666666	341.31299061638543	577.7266613925526	0.0	335.8347469324999	571.2137418419468	0.0	403.8570283005046	680.0695146414361	0.0	285.1608723895167	726.0442368581062	0.0	300.26986026074474	773.6389799268294	0.0	291.61868972593675	771.9576318773483	0.0	262.5784606856082	729.7038907113696	0.0	344.8599985035771	576.5653043277972	0.0	343.02827234547703	685.8250024614059	0.0	237.9340895397403	744.0001788880384	0.0	268.193728037508	785.5341011233409	0.0	265.10785090961537	779.8722036312923	0.0	216.92419483908333	752.9132991143416	0.0	452.44101844776776	481.89208784671035	0.0	504.8146679865071	425.0165097171151	0.0	503.8043387112555	462.2959688932029	0.0	419.4797016110374	477.0293827024991	0.0	333.6444252135525	489.9530713536398	0.0	289.6858519309607	553.0439644603064	0.0	460.0731658286018	507.27131518930764	0.0	479.8700034888751	573.3978377509175	0.0	527.0993710137452	595.5607628192049	0.0
500	8.333333333333334	355.0948677890722	577.5918589440888	0.0	351.63206941150986	571.2617624962257	0.0	432.11233322338114	672.410536916368	0.0	320.6941882229237	727.5045993046592	0.0	343.3997347171844	770.9265536029242	0.0	333.9793845216868	770.8956040493457	0.0	299.14441043940326	733.3270757017773	0.0	355.0747501344933	575.2040662895402	0.0	340.0605615721582	683.8494870562445	0.0	238.26901163888618	744.8651761443222	0.0	266.9008139563482	785.6263069181942	0.0	264.64728451665667	779.9575989969514	0.0	217.99344700487066	753.5855329747773	0.0	464.96871474857187	481.38999840022836	0.0	516.8144847628095	424.1894074722821	0.0	517.0411424616343	461.02796704958513	0.0	432.74932495359144	476.13440531948123	0.0	346.31987871181167	481.19373648117687	0.0	294.47976711793615	539.7815090760248	0.0	474.8802687146578	505.72451922823694	0.0	500.7277273792237	570.2611033607278	0.0	552.3264792905165	581.1150100274605	0.0
501	8.35	370.7075484896388	577.0612923091373	0.0	368.8384716881539	570.786772543536	0.0	458.3523165009967	664.396111790239	0.0	356.40333485709476	729.360797327977	0.0	385.6744113579655	768.3430818801464	0.0	375.56226925359806	769.5699741727102	0.0	336.3221271155261	737.4895579143725	0.0	367.8771043919952	573.5944383627489	0.0	338.8631276488685	680.9420090365157	0.0	240.2313910311039	744.851891443711	0.0	265.99778236524895	785.3688060043027	0.0	264.4686363121359	779.6306066245411	0.0	220.73025522994288	753.250096030027	0.0	478.26560418296054	479.99668160713486	0.0	529.2091984461105	422.15333595966825	0.0	530.6592987943452	458.6470394973972	0.0	446.420008981803	474.684216712091	0.0	360.28193373745955	473.2517924713062	0.0	303.8893337219479	528.4272827549812	0.0	490.9006332905025	503.1126360292178	0.0	520.387686999329	565.5727375336783	0.0	574.0451390258951	568.1857294414607	0.0
502	8.366666666666667	388.0356328241633	576.1380838529589	0.0	387.3282281038083	569.7650409214426	0.0	482.1869198447967	657.165938350162	0.0	390.6468869215394	731.4448980631607	0.0	424.9082707461448	766.4113416560023	0.0	414.33398753166074	768.5264749078074	0.0	372.2088479806387	741.6758763606954	0.0	383.47893305625723	571.7941833508911	0.0	341.2129469384627	677.1826477872746	0.0	244.538853243068	743.1481885994768	0.0	265.6422830508703	784.6977483310276	0.0	264.54125870432904	778.7012773952188	0.0	225.5889779515731	750.9103982490554	0.0	492.29515667939336	477.79342640805896	0.0	542.118093400926	418.99092514531156	0.0	544.58947333826	455.3056990748609	0.0	460.4073869790281	472.81342722716346	0.0	375.04196485817835	467.17151533363375	0.0	317.03019188922775	520.7539528565492	0.0	507.7466731311066	499.68769347754863	0.0	538.2157078275673	560.0289324684	0.0	592.2291680688047	558.9184894751979	0.0
503	8.383333333333333	406.66757066889426	574.9643984217872	0.0	406.6833520552455	568.365182378191	0.0	503.32350905493774	651.8256623205654	0.0	421.72423053050863	733.6722954143157	0.0	459.1368409583087	765.5148063764535	0.0	448.4617359103397	768.2343579310624	0.0	404.81304908387085	745.5226766948094	0.0	401.57391885227725	569.982998950755	0.0	348.3537262549351	673.0879089501727	0.0	251.7919956471324	739.3509569341915	0.0	265.98801241611534	783.1620586635083	0.0	265.05764728799875	776.7388423425116	0.0	233.0737569355284	745.8771584639048	0.0	506.99362067316633	474.89805439409145	0.0	555.5999956189571	414.8709223752655	0.0	558.8359789192524	451.2299807278148	0.0	474.65665793365537	470.6967751977329	0.0	390.0591867102043	463.90985111231106	0.0	333.20910822552537	518.1122878485037	0.0	525.0335699789127	495.74763072880376	0.0	553.7375657436443	554.3149298850307	0.0	606.7667829847248	554.6157313598351	0.0
504	8.4	426.02962006568356	573.7405603846962	0.0	426.29595825518857	566.7933204825576	0.0	521.5201488078695	649.1781412043164	0.0	448.1121533934869	736.1026109869701	0.0	486.919514562923	765.8532928128707	0.0	476.4582889268795	768.951985400835	0.0	432.40922307758933	748.9837114999931	0.0	421.4606613779001	568.3592995154232	0.0	360.97605796030206	669.6307670659097	0.0	262.4501391907814	733.3651533598326	0.0	267.42568737102494	779.8219758528014	0.0	266.60206415106836	772.9992509005497	0.0	243.70793846655553	737.8999294698552	0.0	522.3678764638165	471.45022744926416	0.0	569.6791765781971	410.1527660290616	0.0	573.4685040862765	446.79769968356015	0.0	489.3250903494267	468.52611090458976	0.0	405.1173183607114	464.0818468141255	0.0	352.3611329027577	521.1586556543635	0.0	542.354046762466	491.5676766912195	0.0	566.8105904054654	548.9864632504508	0.0	617.2796856178873	555.5192762797226	0.0
505	8.416666666666666	445.5964223258651	572.6331219286765	0.0	445.58411869359287	565.2194277531004	0.0	536.6082632272268	649.4903826014337	0.0	468.7475694113359	738.8179231627436	0.0	507.5822626441469	767.4817043505611	0.0	497.4100330954204	770.7205166738986	0.0	453.86305695807175	752.1140224128865	0.0	442.42498122258667	567.1056760128708	0.0	379.12839259779906	667.787094487861	0.0	276.88116062312696	725.4205461473867	0.0	270.91450159080347	773.7676118460624	0.0	270.3670746771633	766.7998042498474	0.0	258.0380803604515	727.2850616579996	0.0	538.3433935852453	467.6429634366879	0.0	584.3713951600505	405.30907194231656	0.0	588.5281085294574	442.39910073803475	0.0	504.58976452462565	466.4245455421772	0.0	420.55880607471323	467.8135369757989	0.0	375.09356417793083	529.4736038858944	0.0	559.3445571710985	487.37780021634785	0.0	577.507357009828	544.3127974499027	0.0	623.2762546002432	560.7004398144792	0.0
506	8.433333333333334	464.9870586741534	571.7273765069676	0.0	464.14445424249027	563.8275039655932	0.0	548.5040238054701	652.4604954546801	0.0	483.25823627319403	741.8197544571792	0.0	521.2606956003384	770.284643013681	0.0	511.2081762695263	773.3949017575027	0.0	468.8125505811613	754.8823713463066	0.0	463.95609652800886	566.4124778771601	0.0	402.25276614359734	667.977747211588	0.0	295.4326835851756	716.1133651249539	0.0	278.1022192918593	764.8536673455902	0.0	278.1081554427663	758.058786886016	0.0	276.6095044318346	714.9364797933099	0.0	554.6504640545761	463.7324626600521	0.0	599.66002451642	400.71246345816155	0.0	603.9395432940966	438.2904596554279	0.0	520.304126023788	464.4074115485709	0.0	437.1435123649804	474.7696622809387	0.0	402.2736939502141	541.4204025873883	0.0	575.8069336807218	483.3534480623609	0.0	585.9317994135635	540.247277329503	0.0	624.6247942746122	568.1538703263408	0.0
507	8.45	483.9486935802142	571.0221450581535	0.0	481.7697993258824	562.7822740807638	0.0	557.276208023371	657.3727151614778	0.0	492.00248822802104	745.012505661712	0.0	528.8046262308228	773.9127956811777	0.0	518.5960068653878	776.6456601425892	0.0	477.6351706460088	757.245611523456	0.0	485.7015528164418	566.3981283298452	0.0	429.4477330500079	669.8978038291032	0.0	318.415608302633	706.3564583106745	0.0	291.01473000334204	754.0337117688217	0.0	291.74882724139576	747.5888196027793	0.0	299.828859526525	702.2235708318202	0.0	570.9876377135812	459.9675375505748	0.0	615.4442484858076	396.5652953182273	0.0	619.5472303857479	434.6387800673531	0.0	536.1060559822223	462.5048267113447	0.0	455.6817503018378	484.25784909326154	0.0	434.4511586409657	554.5498095002702	0.0	591.684868880814	479.60255646442266	0.0	592.1740352633354	536.5784537548217	0.0	622.1290165997456	575.2984467073854	0.0
508	8.466666666666667	502.38356140825437	570.4276015253498	0.0	498.4680005286363	562.0697582753917	0.0	563.2550788032214	663.2817177101535	0.0	495.9357943354295	748.1690200410105	0.0	531.5481097731662	777.8063151627923	0.0	520.9356075375673	779.9819036687697	0.0	481.3099049172896	759.1921333813666	0.0	507.39604848632814	566.9332949097277	0.0	459.85124980940066	672.7216930966472	0.0	345.973458101145	697.188600480287	0.0	311.4757145935214	743.0675002290368	0.0	312.8751376165561	736.8883595577005	0.0	327.8253936876303	690.6210758954185	0.0	587.2384612672713	456.5093852408221	0.0	631.5786438254554	392.9997334812136	0.0	635.2097247347136	431.5844864552247	0.0	551.8732225069684	460.8909131014174	0.0	476.71211460994215	495.29170124748526	0.0	471.49530318678916	566.2560995514864	0.0	606.9497866431293	476.1664818908855	0.0	596.4414954323476	533.1453012642376	0.0	617.8512186828477	579.8046537722695	0.0
509	8.483333333333333	520.4830246444963	569.8056563868201	0.0	514.5927532406283	561.4885779165334	0.0	567.0590418670118	669.2049659423459	0.0	496.44087537736027	750.9247282471287	0.0	530.9749100963022	781.3956820843694	0.0	519.8244003907178	782.9094526686282	0.0	481.2998890249411	760.6430735732446	0.0	528.8834912541107	567.6337282419388	0.0	492.88806048735455	675.382161023026	0.0	377.9442276080872	689.5540519782321	0.0	340.5134800001238	733.8425177266965	0.0	342.2768613134033	727.6157644347336	0.0	360.37678622236234	681.3754861379512	0.0	603.5106074791134	453.43150455144996	0.0	647.9776064127785	390.1130385566926	0.0	650.8601605538424	429.1850595757154	0.0	567.9430136675393	459.8159546164479	0.0	500.3555271750026	506.6393502588507	0.0	512.5251460684987	574.3177333088865	0.0	621.5481039750981	473.032658570093	0.0	599.2799287992713	529.9307179237097	0.0	614.9207051613708	580.3631809640452	0.0
510	8.5	538.7502771566761	569.0694209946536	0.0	530.8429421809966	560.8821238336068	0.0	569.5177627921937	674.3167715265428	0.0	495.11679547264225	752.8896338490597	0.0	528.4757079213852	784.3266422410745	0.0	516.7813213413714	785.1162940061084	0.0	479.34104492610237	761.4137547452777	0.0	550.1397928087088	568.1060550704916	0.0	528.2197069298853	676.801017704366	0.0	413.81486470390877	684.2107662725753	0.0	378.02024325531374	727.7210161719813	0.0	379.7027595247554	721.0941588806065	0.0	396.8566871644237	675.4308475740293	0.0	620.0092818244877	450.75117462783635	0.0	664.6113185321909	387.86888558015	0.0	666.5468545837493	427.3587708513907	0.0	584.8908430012923	459.3771878873358	0.0	526.3391312746612	516.9773309407786	0.0	555.9892009874036	577.4006835492517	0.0	635.4255694680351	470.11622505903125	0.0	601.765096095472	526.9642751383111	0.0	616.6920198629335	577.0297538698823	0.0
511	8.516666666666666	557.6792146517436	568.2187959719724	0.0	547.8918987122781	560.2718728412834	0.0	571.571826095068	678.0697996565473	0.0	493.45280667194737	753.7686149706608	0.0	525.239888993048	786.4787426840047	0.0	513.0638638560451	786.4781435251487	0.0	477.035876265585	761.2477074360386	0.0	571.1771484611252	568.1600764348841	0.0	565.405253724276	676.1040774443528	0.0	452.80473408366345	681.7262023080664	0.0	422.82964537083825	725.1977569688387	0.0	423.98893723402705	718.0209480364477	0.0	436.30548521778104	673.5012802107019	0.0	636.8275309703603	448.4399572190768	0.0	681.4107700434204	386.0344392896392	0.0	682.4216129472807	425.9160078795096	0.0	603.1365981532342	459.37377296704915	0.0	554.0833835700703	525.1898423973354	0.0	599.7864219355729	575.4895374972364	0.0	648.5958801309961	467.2669363727466	0.0	605.5161424410686	524.1721117599117	0.0	625.4258660377886	570.9740117945657	0.0
512	8.533333333333333	577.4223052098093	567.2997370833052	0.0	566.0371512200353	559.7503516251943	0.0	574.215775305041	680.2360901458585	0.0	492.5909924951185	753.3519016549599	0.0	522.1907986802294	787.8355067683871	0.0	509.63569364471175	786.9511199046883	0.0	475.5588121758106	759.8627630653558	0.0	592.0006876171126	567.8074085504921	0.0	603.528835880303	672.8292610762393	0.0	494.0829863533276	682.4419153177239	0.0	473.1229820849336	725.9708896458862	0.0	473.4943450505561	718.4408808379803	0.0	477.76810727918655	676.0526686013642	0.0	653.8256066972115	446.4373558607568	0.0	698.2717005506154	384.26192918168647	0.0	698.6267495697621	424.64247909395135	0.0	622.7014959666855	459.4421820762581	0.0	582.7353708671133	530.6724218390285	0.0	641.5015391729445	569.9206329566306	0.0	661.206532192155	464.3561628684333	0.0	612.1865596700209	521.3088197559852	0.0	641.2324157611507	563.7862866534366	0.0
513	8.55	597.8646898769156	566.3685166351238	0.0	585.2610975607374	559.3695377481347	0.0	578.4727030115268	680.8394635551224	0.0	493.3922434498363	751.4388908510132	0.0	519.9708700820471	788.3652534308399	0.0	507.24317244021046	786.4801360150634	0.0	475.7699375951116	756.9937265156125	0.0	612.7432009315818	567.1587702663327	0.0	641.2395158070541	667.0775776147126	0.0	536.9580568409771	686.3739342069591	0.0	527.0002970302005	729.3515817610014	0.0	526.5870485962563	721.8913738013936	0.0	520.653034154515	683.0825592631085	0.0	670.7641877250336	444.6619975709025	0.0	715.1601999423326	382.25596208439083	0.0	715.1972242317345	423.36512963232843	0.0	643.2319171905048	459.3046203348755	0.0	611.201095949066	533.429800790331	0.0	678.9456138216904	562.930724934604	0.0	673.546620074448	461.3235253978403	0.0	622.5555085930537	518.0209878803174	0.0	662.1182594244084	556.8686111686277	0.0
514	8.566666666666666	618.8535681227144	565.4746362523317	0.0	605.434336886494	559.1466889681903	0.0	585.3742717058576	680.07386473232	0.0	496.6375739434585	747.8222371736267	0.0	519.0584349916661	787.919966046515	0.0	506.5260380925473	784.9204139217244	0.0	478.4902064915247	752.3966976764608	0.0	633.6793471045927	566.3400973539781	0.0	677.1470023371832	659.5382186588716	0.0	580.7797130875657	693.0697492905244	0.0	582.7816591502781	734.6136515775671	0.0	581.695067530501	727.5500036981487	0.0	564.6156200016384	693.7903457234078	0.0	687.5605141212835	443.02278242716443	0.0	732.1421287784606	379.91283932221484	0.0	732.1126610455365	421.9840438972459	0.0	664.2075557364266	458.85389551951783	0.0	638.3400974423074	533.9338639913528	0.0	710.8072949813626	556.9200220859759	0.0	686.0465823003321	458.1933896673908	0.0	636.2414684843534	514.1069118875369	0.0	685.1572310518641	551.2783744893434	0.0
515	8.583333333333334	640.2057500512644	564.646969463468	0.0	626.3585226361079	559.0639154096663	0.0	595.9173523070898	678.376048127601	0.0	503.114708740719	742.3626589908026	0.0	520.0103014849924	786.1532672528227	0.0	508.18048909719715	781.9922868961173	0.0	484.6015258064716	745.8775431537522	0.0	654.9585791287125	565.4385850545837	0.0	710.0806048007561	651.3416947615841	0.0	624.6594185964268	701.6122160829175	0.0	638.6450533073602	740.9491024177833	0.0	636.8742775807184	734.3697781542587	0.0	609.058911114964	706.6081868166706	0.0	704.3932984880845	441.43931373601646	0.0	749.3071750066575	377.3508640986622	0.0	749.3991273656989	420.49587798097986	0.0	685.1236343481941	458.098869725322	0.0	663.2851594188504	532.8877594482059	0.0	736.8315150206236	553.719309095604	0.0	699.2815131265745	455.1519837035434	0.0	652.4765259731641	509.95254557101407	0.0	707.9343746560925	547.7672652778091	0.0
516	8.6	661.6093936362348	563.8942110330553	0.0	647.7490368665524	559.0351839914249	0.0	610.9590604415462	676.4714902266171	0.0	513.5804515529916	735.1671134373632	0.0	523.6857319623631	782.6134579886575	0.0	513.1224450619272	777.3699893753534	0.0	494.98735249292343	737.4540271746054	0.0	676.370793185108	564.4891157177756	0.0	739.192733700112	643.7880933034174	0.0	667.3427388716182	710.9411762019538	0.0	692.2179869213394	747.3916721126529	0.0	689.6727643880802	741.3033729894364	0.0	652.8002637580147	719.8358758404829	0.0	721.5881382677763	439.8469723267323	0.0	766.732469077239	374.813001129521	0.0	767.1287856881186	418.97710170965905	0.0	705.5903679609994	457.10703694139244	0.0	685.6386535266408	530.9986056564492	0.0	757.4227708582235	554.1463419120232	0.0	713.79333796278	452.50853495964117	0.0	670.8761793581741	506.67018697681476	0.0	729.3388560220607	546.6437952990324	0.0
517	8.616666666666667	682.675177912379	563.2546713080674	0.0	669.2947913728206	558.9847035655919	0.0	631.0566033255627	675.1378613746665	0.0	528.6940455277604	726.8092663666575	0.0	531.2933048902513	777.1115467060981	0.0	522.5044170524452	770.9678328170543	0.0	510.4072089839156	727.6311613525139	0.0	697.4420109219535	563.5363844364381	0.0	764.1016310786763	638.0607087374517	0.0	707.2357529945252	720.2415275361308	0.0	740.8232519333953	753.1599203948259	0.0	737.517362253583	747.6130979997199	0.0	694.0603684046339	732.2486541199728	0.0	739.3894946657861	438.2016324510622	0.0	784.4901267090752	372.54056311040074	0.0	785.3226974169877	417.5325240771155	0.0	725.4533604932797	455.96062509184907	0.0	705.428978769768	528.7919892101697	0.0	773.2094490644787	557.9286057490594	0.0	729.8147275687916	450.47768438354314	0.0	691.3172088677069	505.3909929732222	0.0	749.4097795001918	547.5346516259034	0.0
518	8.633333333333333	703.1209208583739	562.849122829744	0.0	690.7413851241901	558.967311944763	0.0	656.2890053785716	674.7883783602335	0.0	548.9485133191216	718.3677781492732	0.0	544.25399275845	770.1064922333519	0.0	537.5535177211166	763.2706005423115	0.0	531.3454476006266	717.5703628893607	0.0	717.7632360963293	562.7083989387683	0.0	784.9674320112362	634.9590336034244	0.0	742.5064486954611	729.0174234237053	0.0	782.0468909547542	758.0300114732947	0.0	778.1192100491495	753.0524153145326	0.0	730.6931757754679	743.1711360107543	0.0	757.8031944915517	436.51557935578944	0.0	802.5926285941304	370.71766208857593	0.0	803.848148560865	416.2547584753612	0.0	744.7988480615492	454.72056297310775	0.0	722.9495609753931	526.5255544593086	0.0	784.9128058214784	563.9203292960332	0.0	747.2508857454558	449.06430553766614	0.0	713.5230799918312	506.3236703372673	0.0	768.7776252780453	549.3711443746326	0.0
519	8.65	722.9243487060345	562.8361915597511	0.0	711.9166412158113	559.1166421688755	0.0	686.1877637970603	675.1707237018139	0.0	574.6041899407575	711.1698675508034	0.0	564.0040509177143	762.7280363052118	0.0	559.3424815642004	755.3987337404196	0.0	557.8883926873435	708.9227449000507	0.0	737.2626506619403	562.1720114883346	0.0	802.4363654381007	634.6933207181723	0.0	771.4256656668507	736.865048735478	0.0	814.2059541355429	762.1637557883137	0.0	809.8162181923101	757.7059111061214	0.0	760.6696042108175	752.2471446781608	0.0	776.6274343872059	434.9153042146454	0.0	820.9481964968498	369.41399772949984	0.0	822.433466111557	415.1924831077454	0.0	763.6947502472223	453.4343348532709	0.0	738.6138290645192	524.2538225493179	0.0	793.4127033118774	570.569470921994	0.0	765.9165530896533	448.1872269497529	0.0	737.1456896017512	508.7083350783639	0.0	788.3877668513859	550.7372902474377	0.0
520	8.666666666666666	742.3385436699793	563.2683433207472	0.0	732.7221587448255	559.4806222865923	0.0	719.8964066910395	675.4195630426553	0.0	605.670420640532	706.4123943376827	0.0	591.7996617031105	756.3893464703661	0.0	588.6269963669204	748.7894746346556	0.0	589.6858671543362	703.3727387222928	0.0	756.2220292674451	561.9810428697851	0.0	817.5206587350824	636.8512527350707	0.0	792.94366343977	743.2608270987696	0.0	836.6995515100236	765.6847828060332	0.0	831.9582877795283	761.658351926003	0.0	782.6917020268428	759.1844339437048	0.0	795.5821862472488	433.62946833761475	0.0	839.4253170342661	368.5284994945375	0.0	840.8196354549224	414.3338668692958	0.0	781.9908870265468	452.1759249534805	0.0	752.8772465624525	521.9902818827762	0.0	799.821822766909	576.5114455347123	0.0	785.6979683109624	447.81349809290583	0.0	761.9439294733065	511.46436340334117	0.0	809.33188559534	550.4440038629918	0.0
521	8.683333333333334	761.7476139652808	563.9990232816391	0.0	753.1321485197668	559.9848688872659	0.0	756.3961300665027	674.4761685862551	0.0	641.9511406599324	704.8636358136912	0.0	628.4562580458816	752.3150651711935	0.0	625.7775534908826	744.7736085113734	0.0	626.0661530504087	702.1512187839994	0.0	775.0445853212764	562.0215720029669	0.0	831.4302834012651	640.5573962601956	0.0	807.1915928552768	747.5875342995971	0.0	850.1987475381538	768.5570389101279	0.0	845.1829511954901	764.8532799267523	0.0	796.6885346650654	763.6260366218335	0.0	814.4239481632405	432.83185264119015	0.0	857.918667662103	367.8839661613298	0.0	858.8930934176655	413.6072589898265	0.0	799.4741370427264	451.0348745511144	0.0	766.2067995098623	519.8037389182608	0.0	805.4068564818966	580.9810966970003	0.0	806.4852031497201	447.90440858244693	0.0	787.4694702485991	513.6795782841699	0.0	832.2251754276613	548.1041980410837	0.0
522	8.7	781.4800718439376	564.7755436233082	0.0	773.2188972926623	560.5581230867424	0.0	794.5048039042654	671.6495661072195	0.0	683.0750254799705	706.7325017154105	0.0	674.0460980748711	751.2804471007397	0.0	670.7190280513578	744.3334964566757	0.0	666.2714528756313	705.7220216739216	0.0	794.0536820407636	562.1586773754667	0.0	845.3665252797049	644.7723221990099	0.0	815.6261526401128	749.3277879623025	0.0	856.567312819678	770.7043198025692	0.0	851.3683999936019	767.1719734789453	0.0	804.0060093684903	765.2194419244074	0.0	833.0057905329221	432.5037419154006	0.0	876.3291113676062	367.38872046699163	0.0	876.6998843607846	412.91050728442167	0.0	816.117944063659	450.0635874123551	0.0	779.0468208865466	517.7760030241878	0.0	811.3321235509085	583.8252667672203	0.0	828.034813342396	448.3224608426449	0.0	812.8055045669447	514.8195028389435	0.0	856.5348100141524	544.3468741789804	0.0
523	8.716666666666667	801.7347440640331	565.3976933180335	0.0	793.1921849704574	561.1892178601369	0.0	832.7433241982011	666.9985245578982	0.0	728.4549018780586	711.7005844609477	0.0	727.718118314062	753.4160037648353	0.0	722.8312460894034	747.8061786011208	0.0	709.6958229878626	713.6821385450643	0.0	813.5115611371803	562.3583611751802	0.0	860.3531247273612	648.6172061084517	0.0	820.6772951836588	748.2311646023804	0.0	858.443306874696	772.0942341828472	0.0	853.1847518036539	768.5211589817974	0.0	807.1669783344989	763.7304700400256	0.0	851.2826468869392	432.48062396749765	0.0	894.5495927835613	367.0477962114413	0.0	894.3898653963641	412.17065598550073	0.0	832.12799375917	449.2806134645099	0.0	791.8091524512179	515.9566681366589	0.0	818.4432216525122	585.2984945461694	0.0	849.9309604769629	448.8631279670683	0.0	836.9607944430652	514.8182215307019	0.0	880.7748137948302	540.4313509136695	0.0
524	8.733333333333333	822.5971211617198	565.771491639637	0.0	813.3614423775497	561.8507143501517	0.0	869.5188882075105	661.2722780919225	0.0	777.206216639162	719.0135387171235	0.0	787.5431731544121	757.9613343074395	0.0	780.7126079818927	754.3911735168107	0.0	756.013728127353	724.8114486172368	0.0	833.6539907632252	562.6336951420913	0.0	877.09741912846	651.5843329065153	0.0	825.0312013935097	744.4874146112104	0.0	858.6148890035955	772.7255358357603	0.0	853.474041664871	768.8395857461743	0.0	809.3126322210728	759.1792388716309	0.0	869.3042296359391	432.5690809066544	0.0	912.4787483049237	366.89713948950293	0.0	912.1222335316249	411.3801014408632	0.0	847.8559112254273	448.70092465365457	0.0	804.9156689850266	514.4465647244053	0.0	827.2550530502946	585.9112145746259	0.0	871.6752244853133	449.3466436424358	0.0	859.4011609413715	514.0444799765107	0.0	903.414974832556	537.6013231944985	0.0
525	8.75	844.0646073792091	565.9169560647969	0.0	834.0079529195197	562.5000554964878	0.0	903.6231860839947	655.4884997340025	0.0	828.0125702066862	727.6211550585247	0.0	850.3526472079433	763.4294151586175	0.0	841.8296510146381	762.2058825742166	0.0	805.0316863353456	737.3330390381534	0.0	854.5755958559499	562.9884182406073	0.0	895.8253134471591	653.6030080591603	0.0	830.9765999030614	738.8487276439294	0.0	859.5757505821133	772.530754208112	0.0	854.8061294315083	768.0399144823715	0.0	813.5008932657555	752.0395634798667	0.0	887.1874602827829	432.6207032807795	0.0	929.9935999710538	367.0298183279574	0.0	929.9648223980753	410.5985703701423	0.0	863.7314757731973	448.3395765777952	0.0	818.8203328391392	513.4993037646828	0.0	838.0578082826471	586.3037917483413	0.0	892.8625193035238	449.71245446663426	0.0	880.110460464852	513.1350562818939	0.0	923.526447843008	536.678659673458	0.0
526	8.766666666666666	866.0272449648455	565.9777550215603	0.0	855.2598447400196	563.16046286909	0.0	934.5195381629817	650.5342328073122	0.0	879.0249865147666	736.4688835766597	0.0	912.1386967330668	768.3515078789799	0.0	902.6398793063262	769.2944152902867	0.0	856.0907575633267	749.4944438075833	0.0	876.1117138384575	563.4408710372132	0.0	916.3201124781538	654.8965424515197	0.0	840.1247648679824	732.3244611583374	0.0	863.5007363793728	771.307681022575	0.0	859.3112923558298	765.9659906537079	0.0	821.9049836961657	743.1896151987219	0.0	905.0563715529821	432.5952314402956	0.0	946.9714757643774	367.6049674658815	0.0	947.8802654562043	409.9485530773841	0.0	880.1878704198377	448.25169768734435	0.0	833.9417908414365	513.4588751110972	0.0	851.0057696463634	587.06091550713	0.0	913.2993551630989	450.0441877295951	0.0	899.3031954980627	512.7382673639042	0.0	940.8157704066452	537.998234211745	0.0
527	8.783333333333333	888.2388807761427	566.1748448342599	0.0	877.0431563653617	563.9350194095692	0.0	962.258504388196	646.9713087220578	0.0	928.015343212431	744.766915724887	0.0	969.08995652282	771.9720886942029	0.0	959.4407796406272	774.6356414529273	0.0	907.269957565884	760.1044953071304	0.0	897.9075645975508	564.0637388505221	0.0	938.2814196179273	655.6693748302362	0.0	853.4745212095771	725.7447696399984	0.0	872.3662222091626	768.9208703480025	0.0	868.7028645193702	762.5888905236284	0.0	835.4401931412077	733.6864356439112	0.0	922.9840128804223	432.5976682899671	0.0	963.4039739330824	368.7255108171621	0.0	965.7750228656338	409.59242859994254	0.0	897.4908192466651	448.5846744949036	0.0	850.5413445472482	514.5789897302558	0.0	866.1305275539969	588.5611641242592	0.0	932.9731416111002	450.4744315719838	0.0	917.2189978514829	513.2742797232074	0.0	955.5149950086447	541.5284831781978	0.0
528	8.8	910.3984882085597	566.7562151168464	0.0	899.1665190266004	565.0142644342673	0.0	987.2887739085946	644.9714557763494	0.0	972.7107771349223	751.9935666223921	0.0	1018.4010665689148	774.3813412033232	0.0	1009.2186520195488	778.2814601634373	0.0	955.3798483448772	768.5835522528462	0.0	919.6255405382107	565.0307550704996	0.0	961.5822806848494	655.9094517188138	0.0	871.5968537386543	719.8130309703802	0.0	887.7254999309798	765.614726535563	0.0	884.2504118451275	758.3354320978463	0.0	854.221410771579	724.7888062599014	0.0	940.953412183773	432.83903799343284	0.0	979.4429333109517	370.32238512489903	0.0	983.5258987823344	409.69239748147567	0.0	915.5895573994517	449.5422723075656	0.0	868.6582710367787	516.9080218358906	0.0	883.2854622238684	590.9541130977782	0.0	951.9385807960482	451.1137413065075	0.0	934.2088805631237	514.8292748402048	0.0	968.4462176083167	547.0494681354354	0.0
529	8.816666666666666	932.2432422935163	567.9770863747389	0.0	921.428545494952	566.6952430956013	0.0	1010.2962286450011	644.3761335383001	0.0	1011.0704580171384	757.8117002129732	0.0	1058.4736988927762	776.1545462505259	0.0	1049.97790580461	780.8684768008396	0.0	997.0662961197129	774.7727061208276	0.0	941.0300540343263	566.5946546438518	0.0	986.1479717792282	655.4081993106315	0.0	894.7597155702629	715.2715918351558	0.0	910.2327043463756	761.9614707912469	0.0	906.4909116963711	754.0357921889156	0.0	878.1496849851458	717.9393049979566	0.0	958.8670853799206	433.56965709959604	0.0	995.3325992142891	372.1601117355986	0.0	1001.0241640340596	410.37148472856006	0.0	934.1829877329603	451.30433281243137	0.0	888.1328287763642	520.3166100891746	0.0	902.1453452578115	594.2039713289588	0.0	970.2157453569641	452.0851641534333	0.0	950.8454577137481	517.2403809572202	0.0	980.9983355724418	554.2498307571522	0.0
530	8.833333333333334	953.5827130936408	570.017004266919	0.0	943.593628138806	569.274532763577	0.0	1032.016900788605	644.8859567012084	0.0	1041.5419012138177	762.0820976815368	0.0	1088.794633435174	777.8440101290115	0.0	1080.7440938340526	783.0396457979477	0.0	1029.8976407043665	778.8148862957922	0.0	961.978510081788	568.9213000626254	0.0	1011.7575682272485	653.8779814984624	0.0	922.9825713666081	712.7414261521521	0.0	939.5690470854095	758.5221474382053	0.0	935.0724860012197	750.4920923620618	0.0	907.0907917673978	714.3703546150739	0.0	976.5994496409402	435.00372915177263	0.0	1011.2856300391508	373.9564515179703	0.0	1018.2343787779619	411.6617142138876	0.0	952.919081843202	453.9622814889207	0.0	908.6282860031037	524.5944556925718	0.0	922.3397558953458	598.1207088027685	0.0	987.7570101208184	453.5352868189657	0.0	967.7149904149503	520.3035752906818	0.0	994.6637178406672	562.5779931453839	0.0
531	8.85	974.3878900272064	572.8539743308427	0.0	965.3536826119553	572.845939790876	0.0	1052.9835792907088	646.3089693708612	0.0	1063.4346038218218	764.8625442771331	0.0	1109.7145027747401	779.6496124445808	0.0	1101.5589143432078	785.067963438138	0.0	1052.8721901266006	781.0316095973803	0.0	982.5326217312901	571.9066103154357	0.0	1038.1043589943795	651.1048794055866	0.0	956.0223402057969	712.519826280909	0.0	974.9162481851233	755.6494692944875	0.0	969.197926204941	748.1355464443045	0.0	940.8666718896689	714.6747835666658	0.0	994.0295312435338	437.1899821001733	0.0	1027.376408928743	375.55310738260545	0.0	1035.1910654826022	413.4793541626565	0.0	971.5191485436693	457.4334106139163	0.0	929.6480952413037	529.4925840443477	0.0	943.5665291357349	602.3897393971916	0.0	1004.4932689653028	455.5307948549666	0.0	985.0572284948306	523.8986040901217	0.0	1010.2972603570669	571.0480074477348	0.0
532	8.866666666666667	994.785042645801	576.2129109140192	0.0	986.3925868045255	577.1591683783245	0.0	1073.3215631789965	648.6952249542019	0.0	1077.2942344033402	766.3236475029607	0.0	1122.3424755215156	781.4269240019861	0.0	1113.5803068888372	786.8487750122956	0.0	1066.678913545554	781.7796311069859	0.0	1002.9611305489871	575.1526245293514	0.0	1064.8857562249798	647.1461652405123	0.0	993.2892414652871	714.5185983638984	0.0	1015.4228225749647	753.5108619182905	0.0	1008.2688203548973	746.9625296209914	0.0	979.1000619311683	718.6510670328004	0.0	1011.0668230885296	439.9266866656007	0.0	1043.5977524972573	376.9573396345212	0.0	1051.9677650925998	415.67359220059603	0.0	989.7943316437508	461.4112639588081	0.0	950.6223032299367	534.6740433894415	0.0	965.5445182186288	606.6379286889523	0.0	1020.415376541446	457.9603007116127	0.0	1002.6875935146783	527.8852735126738	0.0	1027.730983570957	578.4868917361753	0.0
533	8.883333333333333	1014.8390220517857	579.6223014938748	0.0	1006.4933565512902	581.627874421619	0.0	1092.836967101136	652.1275303752084	0.0	1084.859171174858	766.5963159070247	0.0	1128.5162956421962	782.9333390597258	0.0	1118.9673833198685	788.1451380845617	0.0	1073.487228882018	781.2898999001164	0.0	1023.4479395516344	578.1325088774969	0.0	1091.554016999543	642.5595195209171	0.0	1033.7710592547016	718.2720731503737	0.0	1060.2347139525832	752.2125847369289	0.0	1051.9714260582898	746.7055556034081	0.0	1020.915860432308	725.3950753304937	0.0	1027.709208680037	442.850918846446	0.0	1060.007789463765	378.2179693446481	0.0	1068.667124888651	418.07043227382735	0.0	1007.635517579768	465.4523555636388	0.0	971.0575364812538	539.6895826145677	0.0	987.8848802242532	610.5355211234842	0.0	1035.6382735192456	460.58743013838773	0.0	1020.267388107786	531.929915753737	0.0	1046.1323289019056	584.1144446414413	0.0
534	8.9	1034.4196532440765	582.6191077250006	0.0	1025.6225465069942	585.582317232623	0.0	1111.4066636433565	656.3637271883883	0.0	1088.4851271607442	765.6479216536197	0.0	1130.493651904375	783.991058196843	0.0	1120.2414403791752	788.7566170679765	0.0	1076.1093665074548	779.4885732114852	0.0	1043.8709013381667	580.4881424815312	0.0	1117.1332078762675	638.4558318138148	0.0	1075.959002011107	723.0724815658896	0.0	1107.989125686935	751.888335615827	0.0	1099.405073237443	747.0898974237774	0.0	1064.746689195477	733.5540899740171	0.0	1044.0941218924436	445.6299289265492	0.0	1076.6751894738	379.38916115068696	0.0	1085.3846558242342	420.477729312181	0.0	1025.0321332777253	469.13455496277714	0.0	990.6643897292798	544.0906978316945	0.0	1010.0357659496317	613.858805688334	0.0	1050.5010664567974	463.1719384826077	0.0	1037.6252473915445	535.5626434686532	0.0	1064.7380394904255	587.814414175261	0.0
535	8.916666666666666	1053.3581005807148	585.0062949824343	0.0	1043.91400101176	588.6463405884559	0.0	1129.2663816052213	660.7831211812221	0.0	1090.5724349164407	763.3383971145324	0.0	1130.4682939601203	784.4376720425555	0.0	1119.62714640476	788.5119411931805	0.0	1077.2030632579035	776.0040644094615	0.0	1063.9249948854479	582.2578073743807	0.0	1140.6653301467868	636.1066696516515	0.0	1117.7654455184493	728.2634163085094	0.0	1156.1152530205	752.6288135531948	0.0	1147.928798929482	748.0088235778169	0.0	1108.3327405476527	741.7118439699727	0.0	1060.484014072568	448.09345683117454	0.0	1093.4606104465317	380.62939424197873	0.0	1102.1464548794968	422.74031478894693	0.0	1042.0721758513737	472.1991564779926	0.0	1009.3475991595623	547.6327524746813	0.0	1031.3770398358033	616.4971672457477	0.0	1065.654494513844	465.56925474694066	0.0	1054.903526734333	538.484060708023	0.0	1083.2851862360465	589.9935214504201	0.0
536	8.933333333333334	1071.680840564523	586.8784304772336	0.0	1061.584286705004	590.8438208969951	0.0	1146.9282980394873	664.5828151568222	0.0	1093.3079533239254	759.5905845871944	0.0	1130.3918767148189	784.0942364052802	0.0	1119.0244700643823	787.2609651790734	0.0	1078.9776220434487	770.5071764885791	0.0	1083.386062410447	583.7579922116569	0.0	1161.8291982237085	636.2947317461061	0.0	1156.6746875434505	733.44911906502	0.0	1200.9216020014915	754.3867721332692	0.0	1193.3525673293345	749.5551368184467	0.0	1148.9621519861637	748.8338607913431	0.0	1077.1223166894702	450.27808310384626	0.0	1110.0367132016866	382.19326535932004	0.0	1118.9017540854113	424.8532643948744	0.0	1058.8207124589999	474.66053081147686	0.0	1027.0766438552328	550.4219917666006	0.0	1051.3797371848048	618.4899448988383	0.0	1081.830548346199	467.8146629318205	0.0	1072.5297583056501	540.7978467043074	0.0	1102.0312114228745	591.2703269269351	0.0
537	8.95	1089.6033178815833	588.4258206036469	0.0	1078.89215332183	592.3893365958503	0.0	1164.9082314698885	666.960255830981	0.0	1098.4923811347371	754.5308604626222	0.0	1132.1602944552005	782.8702383803732	0.0	1120.3447986187948	784.9792048690763	0.0	1083.165417302809	763.2118509271046	0.0	1102.2084409141394	585.2486149920873	0.0	1180.984776816883	638.912290219412	0.0	1190.2766481057106	738.3871571105326	0.0	1238.8093929020079	757.0094793103859	0.0	1231.6114894550467	751.8808719425093	0.0	1184.0182773418123	754.5053946136554	0.0	1094.0218683283065	452.4167821751056	0.0	1126.22051941323	384.2849824291319	0.0	1135.57378097063	427.0019646922598	0.0	1075.1863376487654	476.8017123758307	0.0	1043.8107602174596	552.846405368107	0.0	1069.6897918836491	620.0768130519031	0.0	1099.3339495053613	470.0688647199498	0.0	1091.0048194323401	542.857498276788	0.0	1121.5971293612383	591.9744950670416	0.0
538	8.966666666666667	1107.2795103163164	589.8016843983825	0.0	1096.0210455992592	593.5396291786479	0.0	1183.4964709334045	667.3242395537277	0.0	1107.4148135847834	748.5986329020325	0.0	1137.7713087178483	780.8352369896492	0.0	1125.5979702191387	781.8601900180779	0.0	1091.0462804052809	755.111170730772	0.0	1120.4113472358633	586.7990882097815	0.0	1198.7580969069693	642.9829293394523	0.0	1216.894379706447	742.7196476243256	0.0	1267.5104821819943	760.2441704690183	0.0	1260.2450490268984	754.9613090444368	0.0	1211.5889763878201	758.7277028999332	0.0	1110.9617127283832	454.8151856540333	0.0	1142.1515229480287	386.95069713506473	0.0	1152.1017403038584	429.4307930435578	0.0	1090.9900404848047	479.0059256638761	0.0	1059.5550322189865	555.3122955039364	0.0	1086.1235744747914	621.681078430567	0.0	1117.845519876412	472.44676270169964	0.0	1110.5398825586662	544.8721743249235	0.0	1142.5403969985462	591.7734569197097	0.0
539	8.983333333333333	1124.589696080989	591.1140579102563	0.0	1112.8511904872933	594.5991695012897	0.0	1202.6851079732983	665.5406055512642	0.0	1120.9027374010566	742.6004164993424	0.0	1149.1080425840316	778.2090827498535	0.0	1136.6238141413542	778.3118858422191	0.0	1103.536069252861	747.6846436957763	0.0	1137.9418033476938	588.401249445066	0.0	1215.714178943922	647.022902358666	0.0	1235.9671132143196	745.9048609667958	0.0	1286.4699049513163	763.6625206776868	0.0	1278.8268909504407	758.4383811367162	0.0	1230.8724393784303	761.4935562089927	0.0	1127.7281728115504	457.64372451174165	0.0	1158.0915196357441	390.0854566430844	0.0	1168.4494090647966	432.24524102105073	0.0	1106.151155869487	481.5390173215321	0.0	1074.4396470967552	558.0426672027371	0.0	1100.631014708786	623.7714626123304	0.0	1136.7648518654282	474.929585980217	0.0	1130.8111558987107	546.7116952128987	0.0	1164.7833524493167	589.9368071017029	0.0
540	9.0	1141.1892408620338	592.4290220197042	0.0	1128.9705757579027	595.8411092100704	0.0	1222.2428026034827	662.0239459863391	0.0	1139.409029334285	737.592841016223	0.0	1167.4153052082281	775.3990320667677	0.0	1154.6746331724542	774.955897130414	0.0	1121.2664656001248	742.3577986112971	0.0	1154.6761520510427	590.0343404503025	0.0	1232.2936305511596	649.6595692573126	0.0	1248.1319048879905	747.4146857518157	0.0	1296.6377100531727	766.7144525975161	0.0	1288.7010031733903	761.6999816355652	0.0	1242.352240758141	762.5860297754133	0.0	1144.2639291177493	460.8353403198068	0.0	1174.2031841828075	393.48662280132856	0.0	1184.597413712045	435.35455998338966	0.0	1120.744796083788	484.4348023375553	0.0	1088.6829079571212	561.0512530212949	0.0	1113.2973974329839	626.6308755387134	0.0	1155.6074590217777	477.3684855329169	0.0	1151.0917802667564	547.989148746965	0.0	1187.5246363792146	586.1251366204493	0.0
541	9.016666666666666	1156.8123980269932	593.7681459805764	0.0	1144.0565749566172	597.3595018793679	0.0	1241.7848635954988	657.6052831751584	0.0	1163.001330703184	734.5302533665276	0.0	1192.8901578863608	772.9965762132991	0.0	1180.066368981085	772.5493070795251	0.0	1144.5744070489502	740.1164610223012	0.0	1170.5768986368041	591.6004517210508	0.0	1248.8296618739887	650.2140254160679	0.0	1255.0340792390489	746.9311264474642	0.0	1300.0602218796103	768.9132675596651	0.0	1292.3828586769223	764.1678474654053	0.0	1247.6828869087253	761.7371422786151	0.0	1160.60227417263	464.1672389300079	0.0	1190.5226460419628	396.8726046262397	0.0	1200.5315857971163	438.5850303604562	0.0	1134.897169825645	487.5566245641344	0.0	1102.4584868872148	564.1614139875817	0.0	1124.4098769712693	630.2040136574237	0.0	1174.1183067995	479.5637254662955	0.0	1170.7977364035612	548.2351593265179	0.0	1209.81362266185	581.0267885271478	0.0
542	9.033333333333333	1171.5632931569967	595.1262140751555	0.0	1158.2238088648755	599.0812642633664	0.0	1260.7756748875838	653.3360914158008	0.0	1191.2986039922596	733.8771018000363	0.0	1224.603622863327	771.5662362689839	0.0	1212.0225600648341	771.6829586533694	0.0	1173.3612831707635	741.2684194973951	0.0	1185.8631468009853	592.9272000053318	0.0	1265.5720557185848	648.8415484147843	0.0	1258.903381517903	744.4205063517752	0.0	1299.3957953946247	769.9198094143428	0.0	1292.7913972102042	765.4867067766685	0.0	1249.2458543638957	758.8556678805583	0.0	1176.7591241250386	467.4225654547486	0.0	1206.9810275914406	399.93601396440295	0.0	1216.234339402814	441.80094649692734	0.0	1148.6887378189067	490.74264259262657	0.0	1115.8229027719199	567.0379848016315	0.0	1134.4611468999763	634.1166070016117	0.0	1192.2170802836938	481.42051835605633	0.0	1189.8816788951913	547.1864143722348	0.0	1231.0694406409907	576.0740551814699	0.0
543	9.05	1185.8970841718353	596.5150930302963	0.0	1171.9537335655193	600.9524595272529	0.0	1278.5835655924818	650.3489308409897	0.0	1223.3347948104165	735.5331949139427	0.0	1260.605536276084	771.4206278614457	0.0	1248.6597682154807	772.5163612300498	0.0	1206.815213475334	745.299110453367	0.0	1201.009245859045	593.9124340550375	0.0	1282.7800483811743	646.2516873067815	0.0	1262.0965489198115	740.1730894612834	0.0	1297.5115039518068	769.5462291706153	0.0	1292.574421891249	765.4526811566551	0.0	1249.6812930614774	754.0337685555659	0.0	1192.7078865008473	470.5034792383465	0.0	1223.4089151862888	402.53701687521345	0.0	1231.700373743418	444.9430380810346	0.0	1162.2009552222805	493.8524555806446	0.0	1128.7611180500223	569.3470304877264	0.0	1144.0354925178237	637.8225013759612	0.0	1209.912763430096	483.0492570334515	0.0	1208.5270188174547	545.1364612400426	0.0	1251.0008531436847	572.4567260350966	0.0
544	9.066666666666666	1200.3388935062162	597.9958000674792	0.0	1185.7426936071815	603.0663733787997	0.0	1294.7083554102878	649.6297705171312	0.0	1257.4415967992495	739.081277377614	0.0	1298.206347399993	772.6392688147334	0.0	1287.1527378255396	774.8533434727143	0.0	1243.2533567123767	751.1097603300035	0.0	1216.5366043107426	594.6326640165186	0.0	1300.6941137619083	643.3572151742122	0.0	1266.7360288057453	734.8061371810999	0.0	1297.1249527992609	767.7875107083156	0.0	1293.865796724397	763.9096931907025	0.0	1251.6089245279288	747.5436244528114	0.0	1208.4432642212641	473.4402057854168	0.0	1239.5842386874333	404.8709220980579	0.0	1246.9651193061882	448.05217401737093	0.0	1175.6202818101115	496.77318984853537	0.0	1141.272573635141	570.9875974093692	0.0	1153.7085259782498	640.8486216728172	0.0	1227.2412605257132	484.7050156660041	0.0	1226.6681254092446	542.9296875358816	0.0	1269.2670540956503	570.5869817064029	0.0
545	9.083333333333334	1215.2070961172856	599.6251187715313	0.0	1199.8712009834192	605.5560869920271	0.0	1309.0778033286804	651.6338713879574	0.0	1291.4099682329168	743.9986266025737	0.0	1334.499982010455	775.1313963522058	0.0	1324.2351310949155	778.3639248678696	0.0	1280.2673269627585	757.6541884997416	0.0	1232.7193049139948	595.2723220684512	0.0	1319.2532024137736	640.9847580419175	0.0	1274.4107748360932	729.178952694835	0.0	1300.4916831727726	764.7178008553566	0.0	1298.4919339113721	760.789143982656	0.0	1257.215588404494	740.1260947053739	0.0	1224.0254343390384	476.34440555219317	0.0	1255.3707434749945	407.3472890107432	0.0	1262.111647787948	451.27481885972685	0.0	1189.2144987926004	499.5191589567805	0.0	1153.4230609392466	572.1645868651729	0.0	1163.9939598281212	643.0283855402085	0.0	1244.212336337709	486.60388412874823	0.0	1243.891976322421	541.478080008669	0.0	1285.356203360291	570.3119413177305	0.0
546	9.1	1230.5201916627148	601.387280499085	0.0	1214.39684041562	608.397485607655	0.0	1322.0883713535886	656.0261653717483	0.0	1322.8495013328627	749.6493238965669	0.0	1366.8590753713934	778.5159592375073	0.0	1356.875962840316	782.6176322102999	0.0	1314.9807534664212	764.2927325823177	0.0	1249.4494606501473	595.9757638911705	0.0	1337.988570922504	639.6662586196774	0.0	1286.1611977653138	724.2033073907605	0.0	1309.4439941398737	760.3775144477534	0.0	1308.2422493224135	756.2260969390117	0.0	1267.8779910818887	733.1471657990485	0.0	1239.5279395308348	479.3787876237925	0.0	1270.8488986252873	410.3018381439668	0.0	1277.256651370425	454.77319498757566	0.0	1203.1881296362355	502.2636168475947	0.0	1165.3605962132726	573.2549727975327	0.0	1175.2605529665725	644.5453479313173	0.0	1260.7664480963606	488.8246509532951	0.0	1259.615007642518	541.3825068792619	0.0	1298.8360291877648	571.3014570205476	0.0
547	9.116666666666667	1246.0838920326514	603.214797692514	0.0	1229.1852005761702	611.3538797289539	0.0	1334.3028192715442	661.7862976966801	0.0	1349.571416489748	755.2711468225148	0.0	1393.2177692964656	782.103358165043	0.0	1382.823814788629	787.0007124938063	0.0	1344.5292429876706	770.4951478852531	0.0	1266.374311003758	596.8059617347991	0.0	1356.3223262845315	639.6420678097235	0.0	1302.7087269320477	720.5857866302367	0.0	1325.4775691228288	755.0195520423331	0.0	1324.734982570398	750.674414267676	0.0	1284.3246776451842	728.107151566793	0.0	1254.9768366157666	482.70021130188195	0.0	1286.232693220734	413.87253589256	0.0	1292.5014673740147	458.6200890047431	0.0	1217.585138136605	505.18826595896877	0.0	1177.3139884378593	574.6439449277044	0.0	1187.6502934217547	645.7860394907317	0.0	1276.8355152492943	491.3974229248542	0.0	1273.3960517993746	542.9744537926285	0.0	1309.752470065141	573.3143659277135	0.0
548	9.133333333333333	1261.6195404279417	605.0438726869857	0.0	1243.939438369307	614.0948024856916	0.0	1346.0981687960034	667.6073179244825	0.0	1370.0858961856006	760.1202803496644	0.0	1412.364601469858	785.1899253284909	0.0	1400.994616206139	790.8114753053671	0.0	1366.904005871345	775.5305744577606	0.0	1283.084567715083	597.8244828845131	0.0	1373.7728495905626	641.0313447917982	0.0	1324.404663616728	718.6781156764773	0.0	1349.3546937169426	749.513482097161	0.0	1348.8623343484576	744.9853171036511	0.0	1306.8880719098029	725.9425707673435	0.0	1270.344454554783	486.369272349085	0.0	1301.647165356395	418.04657626478723	0.0	1307.863791953529	462.7969190294287	0.0	1232.3032861626425	508.3790501647009	0.0	1189.5489930699948	576.6309302864448	0.0	1201.094469167012	647.1478179246692	0.0	1292.4509576823348	494.36164770052005	0.0	1285.210819659209	546.3001043437027	0.0	1318.7281666610415	576.2524808678352	0.0
549	9.15	1276.8451779220657	606.8470346003064	0.0	1258.3211202794516	616.3924157389488	0.0	1357.4897919377688	672.3741440532403	0.0	1384.0689952790913	763.6682887286927	0.0	1424.3040040678384	787.3793746166849	0.0	1411.6882796018547	793.5359008383649	0.0	1381.6198327640795	778.7493835172044	0.0	1299.1971989580195	599.1236680269405	0.0	1389.8917904133486	643.849943281794	0.0	1350.9455559492267	718.5452667902999	0.0	1380.5673780425736	745.3085569419753	0.0	1380.204197726251	740.3344806376501	0.0	1335.3539097808837	726.7394984562806	0.0	1285.5640113284821	490.3560629958556	0.0	1317.069731110188	422.7008179716862	0.0	1323.272399653373	467.25816503406793	0.0	1247.1498296988507	511.8902495424224	0.0	1202.2739195755478	579.3792300714503	0.0	1215.414375265587	648.884660266277	0.0	1307.735881687545	497.6984452607877	0.0	1295.558369539029	550.873104620206	0.0	1326.6726773761923	580.0222902746971	0.0
550	9.166666666666666	1291.5297315155192	608.6442688735087	0.0	1272.093948389306	618.254970762155	0.0	1368.18756730823	675.5363392585614	0.0	1392.4533642577433	765.7416296659882	0.0	1430.3006089006622	788.6752713395679	0.0	1416.446107721981	795.031050476281	0.0	1389.7774453646332	780.0805117395568	0.0	1314.4339217398542	600.7678000445227	0.0	1404.315062581009	647.8611470772582	0.0	1381.2413882826127	720.1338177614815	0.0	1417.158527349938	743.7225168557317	0.0	1416.770029181927	737.8381515628656	0.0	1368.6020133202924	729.9515782581445	0.0	1300.5714031180873	494.6237938970243	0.0	1332.423036263378	427.6689198455653	0.0	1338.620147298203	471.9888458893971	0.0	1261.9095522828206	515.7645879947443	0.0	1215.5639734249085	582.9107988433148	0.0	1230.3997020517647	651.016486290643	0.0	1322.8724510783761	501.33667067458987	0.0	1305.4322695382293	555.8028178119619	0.0	1334.4131266836694	584.4728050356737	0.0
551	9.183333333333334	1305.5525020679197	610.4967930606759	0.0	1285.1821313107025	619.9279210352147	0.0	1377.842698645109	677.2087953432575	0.0	1397.0101863478137	766.5485527987316	0.0	1432.3598659552322	789.3382151634441	0.0	1417.463545582016	795.4709068322146	0.0	1393.541844439927	780.0545522824534	0.0	1328.750634325911	602.7927067556045	0.0	1416.9708428798115	652.6150941483401	0.0	1413.481710794233	723.3577340388498	0.0	1456.0133909728193	745.2285230634875	0.0	1455.3950059935846	738.0929307218432	0.0	1404.3854405439183	734.9024240662872	0.0	1315.3456845548214	499.16497594947543	0.0	1347.5807418440052	432.88631101911216	0.0	1353.784254677603	477.02388610463794	0.0	1276.4164864045265	519.9786947896898	0.0	1229.3633622978928	587.1308834130799	0.0	1245.819513082271	653.3425273456003	0.0	1338.1316959731805	505.2321259733474	0.0	1316.005063999512	560.3824048213446	0.0	1342.494673441314	589.4450704282158	0.0
552	9.2	1318.9594675929582	612.4983189180107	0.0	1297.6728249664347	621.7642409737877	0.0	1386.2804461494866	677.9211857461529	0.0	1399.6001788520673	766.5386509868108	0.0	1432.433381036068	789.6526526779812	0.0	1416.7697158284127	795.1759367607738	0.0	1395.2003222935234	779.3722439960038	0.0	1342.3794335526609	605.2284016023094	0.0	1428.1842510187198	657.6848783628128	0.0	1445.4253051093872	727.9870723889258	0.0	1493.5243269369378	749.4530057959781	0.0	1492.6148247376814	741.0503335009108	0.0	1439.685454496377	741.0134846153176	0.0	1329.8746746973684	503.9915714950531	0.0	1362.3314652212227	438.409002676984	0.0	1368.6322763699702	482.3795252644735	0.0	1290.562169099026	524.5174592903765	0.0	1243.5258103983301	591.8520234163512	0.0	1261.409862762234	655.5690375828708	0.0	1353.765491104442	509.3519733999987	0.0	1328.0386551868062	564.4122526937588	0.0	1351.1859919175492	594.6813122892308	0.0
553	9.216666666666667	1331.968450376764	614.7619787860897	0.0	1309.7953134691895	624.0165501925038	0.0	1393.5650904062081	678.2221493639779	0.0	1401.5457728660863	766.1548024167889	0.0	1431.8560171350318	789.8117057638153	0.0	1415.6710907804943	794.4878965341959	0.0	1396.3284031068256	778.54860786033	0.0	1355.699917024813	608.0531065150028	0.0	1438.6279429843341	662.8470567568135	0.0	1474.8456276702223	733.5155242243753	0.0	1526.4304986089348	755.5327694045671	0.0	1525.4445345087242	746.123907981478	0.0	1471.5907477473413	747.6383619924353	0.0	1344.1003703250897	509.107039732026	0.0	1376.4716442685735	444.2101379289032	0.0	1383.0848834966328	487.9386877613028	0.0	1304.253156961955	529.4410930689527	0.0	1257.8496541323252	596.8574146028933	0.0	1276.8848668648368	657.48006880053	0.0	1369.731852830687	513.6558901502812	0.0	1341.580792942564	568.0174314310077	0.0	1360.655895589777	599.6943140638235	0.0
554	9.233333333333333	1344.8586685878001	617.3498532164604	0.0	1321.819496941661	626.6976132455627	0.0	1399.922731278855	678.420367755542	0.0	1403.4546554076992	765.6757931720073	0.0	1431.2623577994414	789.9221750366743	0.0	1414.7325181575638	793.6763591742907	0.0	1397.5870303977906	777.8664933942794	0.0	1369.0526290393414	611.183321239456	0.0	1449.1470179145645	668.106011289588	0.0	1499.9257274317463	739.2596319688487	0.0	1552.6006691724974	762.326161201718	0.0	1551.901168434244	752.3136525277259	0.0	1498.0087389671733	754.0354353225443	0.0	1357.9264688298956	514.471677313461	0.0	1389.9158647323231	450.07832519600566	0.0	1397.1407008982512	493.45082037018585	0.0	1317.4106170396567	534.7161705665922	0.0	1272.1347378343598	601.9952696687386	0.0	1291.975268130131	659.0605603758752	0.0	1385.6266603330394	518.1210933297186	0.0	1356.3208074250215	571.2443780654594	0.0	1371.3575905075763	603.7363200553557	0.0
555	9.25	1357.772413421142	620.1804162949106	0.0	1333.8874321467374	629.6128972187053	0.0	1405.6192624936373	678.5341432102621	0.0	1405.4499738000964	765.2428947573405	0.0	1430.8221138845756	790.0202746607911	0.0	1414.0515401252196	792.8712585028317	0.0	1399.0990869580494	777.4500934247312	0.0	1382.568346221674	614.5167856695953	0.0	1460.439307876522	673.5292384441707	0.0	1519.591215371555	744.5396680850338	0.0	1571.4073408678892	768.5664619610304	0.0	1571.2837806320715	758.3996005952316	0.0	1517.9601460614992	759.5449471870405	0.0	1371.2387668163187	519.9991111186831	0.0	1402.6670771387585	455.81116601703644	0.0	1410.7782233233004	498.693955478001	0.0	1330.001043152816	540.0893794927977	0.0	1286.2653252168468	607.2313650058197	0.0	1306.481683804593	660.5363553722967	0.0	1400.9682213940018	522.6968497110634	0.0	1372.2660127783465	573.6997734894032	0.0	1384.5290782868797	605.6963480108532	0.0
556	9.266666666666666	1370.6045287255574	623.0693058405097	0.0	1345.935191129482	632.497538974736	0.0	1410.8763225927487	678.4128203751948	0.0	1407.548814450332	764.9162636270494	0.0	1430.5184781494374	790.1117150373487	0.0	1413.5690158621962	792.1153191909802	0.0	1400.9605517216369	777.2807139326806	0.0	1396.061444849926	617.9297002152706	0.0	1472.7407616822343	679.0255349943675	0.0	1533.7818641709682	748.8055227930806	0.0	1583.5729698512187	773.205727909567	0.0	1584.1423180492006	763.290002918188	0.0	1531.694158774101	763.7144895141674	0.0	1383.8877399454207	525.5799246280095	0.0	1414.7312645318775	461.3722187743116	0.0	1423.8376571280216	503.6513688867697	0.0	1341.999268345766	545.2618378729492	0.0	1300.2306276304955	612.6258900294783	0.0	1320.3276445955912	662.345361540105	0.0	1415.4427052304745	527.2498602227338	0.0	1390.0562289276272	574.5572418049528	0.0	1402.1590792454904	604.1459192481238	0.0
557	9.283333333333333	1383.065750398108	625.8563188644482	0.0	1357.7489408595677	635.0981278766978	0.0	1415.819891633609	677.9424564985961	0.0	1409.9292684469442	764.6325689992567	0.0	1430.3917063507822	790.2121791479946	0.0	1413.3470362769654	791.4555090376614	0.0	1403.4981349520358	777.1819548893573	0.0	1409.1090010928478	621.2395065048038	0.0	1485.7086175296067	684.2982648790502	0.0	1543.412022735254	751.7947604444756	0.0	1590.7086766868802	775.8586418068597	0.0	1591.9300392247999	766.4369875097212	0.0	1540.5385312651165	766.3741514084219	0.0	1395.7079735807952	531.0954550494044	0.0	1426.0903450155442	466.75285969189576	0.0	1435.9978442600486	508.4988816984959	0.0	1353.2930710662401	550.0532808563609	0.0	1314.0187569325183	618.2254889992785	0.0	1333.571093821931	665.0505002044273	0.0	1428.9052673892227	531.574173419909	0.0	1410.620082461425	573.0158069717152	0.0	1426.0055910070846	597.9799306124079	0.0
558	9.3	1394.8172120133388	628.4336742547835	0.0	1369.0419479427082	637.1907085508175	0.0	1420.4414939637618	677.1956135356986	0.0	1412.978410459875	764.2230635225895	0.0	1430.7698446121008	790.323807709316	0.0	1413.752654305927	790.9462829812971	0.0	1407.1951863963445	776.9063352415192	0.0	1421.2665359018408	624.2220478878673	0.0	1498.5789704352446	689.0054655348519	0.0	1549.8893712934453	753.5959540522017	0.0	1594.708326845538	776.8603817241942	0.0	1596.4135346982066	767.9538388530593	0.0	1546.2924441587152	767.645268939923	0.0	1406.615301600934	536.4039408311057	0.0	1436.720764277352	471.7904127176107	0.0	1446.9153572808575	513.3980591574505	0.0	1363.7019666317035	554.3301404786902	0.0	1327.4909854100747	623.9275367877912	0.0	1346.3363679193365	669.1859673972572	0.0	1441.3445749985533	535.454861879531	0.0	1434.2919870266585	569.0134672909202	0.0	1456.1997716877574	587.560481444612	0.0
559	9.316666666666666	1405.5775247387567	630.691630536217	0.0	1379.5122218204658	638.6463855854356	0.0	1424.6323284788498	676.433416852548	0.0	1417.1492057646362	763.6090049089493	0.0	1432.366438322573	790.4123479490213	0.0	1415.4666509166739	790.6253081263193	0.0	1412.4506315975025	776.3249724834467	0.0	1432.2069187167517	626.6907189125322	0.0	1510.5540260328762	692.9530428648256	0.0	1554.519786789679	754.5036988870645	0.0	1597.1673205040136	776.8625916502524	0.0	1599.122786158077	768.3143925785312	0.0	1550.4794182760565	767.8426840237779	0.0	1416.6579471122227	541.3011988738482	0.0	1446.5795792912154	476.2195393697837	0.0	1456.4499436449305	518.3206435774065	0.0	1373.1328479733927	557.9339696508029	0.0	1340.3668260521918	629.4503463246522	0.0	1358.6675324549842	675.0537475835905	0.0	1452.8856196248325	538.7813755630077	0.0	1459.92867857435	563.7398075656275	0.0	1490.4635581744776	575.401964138834	0.0
560	9.333333333333334	1415.1582876575312	632.4939698945213	0.0	1388.9115514389919	639.4801243284705	0.0	1428.3120101800498	675.9684880273519	0.0	1422.7402675789463	762.9018306357125	0.0	1436.0407338251673	790.4410554590906	0.0	1419.2279272430467	790.503785419905	0.0	1419.382178242083	775.4799151629663	0.0	1441.7241990948344	628.5473303350551	0.0	1521.129035985156	696.1259946406341	0.0	1558.1995583576286	754.8331796171913	0.0	1599.1072362081186	776.467258230404	0.0	1601.1164335469334	768.0318899521562	0.0	1554.0017855625463	767.3347527268695	0.0	1425.9593360939662	545.5319834016402	0.0	1455.5681452904364	479.82388858401094	0.0	1464.7439545912266	523.0343037787055	0.0	1381.6378850840956	560.759699556951	0.0	1352.3059118768865	634.453890940102	0.0	1370.3707416370653	682.536904296447	0.0	1463.7436325803828	541.6108251808023	0.0	1485.3036025030633	559.177134632904	0.0	1525.2105614145605	565.1023266581732	0.0
561	9.35	1423.4714754065535	633.7213367181255	0.0	1397.1331680627907	639.7723540298989	0.0	1431.5230832741659	675.9820155204758	0.0	1429.764049463299	762.2299477616223	0.0	1442.284476673545	790.4058326069612	0.0	1425.4016222358991	790.5389448823084	0.0	1427.7878734892186	774.429028503252	0.0	1449.748355562365	629.7770285243608	0.0	1530.1172587566043	698.5922278855952	0.0	1561.4381749882723	754.8262946357823	0.0	1601.060333327926	776.1429242055888	0.0	1603.014453068162	767.5670287087516	0.0	1557.2780049014277	766.4350340999285	0.0	1434.6500755830643	548.916955056779	0.0	1463.602275703176	482.47842049039576	0.0	1472.091079245454	527.2171914529968	0.0	1389.3204935630868	562.8191715354246	0.0	1363.030001559297	638.6861817640893	0.0	1380.9946959862905	691.0419246305158	0.0	1474.0860408027231	544.0804229837516	0.0	1508.6230547541707	556.9083786495125	0.0	1557.7372561296481	559.2473646172609	0.0
562	9.366666666666667	1430.5621876268992	634.3538671952025	0.0	1404.2336751206908	639.6022087925157	0.0	1434.4267152848631	676.4453286281196	0.0	1437.9544873721754	761.5882038584106	0.0	1450.8350644261795	790.3330657843503	0.0	1433.6669096642945	790.6208199504003	0.0	1437.2336519820929	773.1487332710662	0.0	1456.4166004985498	630.4446674754967	0.0	1537.5078912202598	700.4558786172083	0.0	1564.5009637102028	754.6440926063792	0.0	1603.2547059450096	776.2392871698933	0.0	1605.1073114991964	767.3030964179931	0.0	1560.501241565981	765.3654121025038	0.0	1442.8229929379781	551.4488908205083	0.0	1470.73926667441	484.15336929836496	0.0	1478.751221802963	530.6148606849489	0.0	1396.2823087100594	564.1563349973866	0.0	1372.4182831611051	642.0229176276372	0.0	1390.0061299347872	699.6482703377095	0.0	1483.8937965456196	546.2618614308876	0.0	1529.1864572645113	557.4542340210296	0.0	1586.8503285194506	558.550865302042	0.0
563	9.383333333333333	1436.562746721585	634.5239121873041	0.0	1410.296705211869	639.1219937375298	0.0	1437.2916281498515	677.2162468458856	0.0	1446.814079125145	760.9284539654885	0.0	1460.7224029552929	790.2586398363968	0.0	1443.0512297083337	790.6296236122347	0.0	1447.14453585199	771.6252353690462	0.0	1462.0239335980443	630.6981566984128	0.0	1543.392732473787	701.8718255563912	0.0	1567.4954044156907	754.399704745813	0.0	1605.703098744965	776.9000156066779	0.0	1607.432850718262	767.4318466103313	0.0	1563.750489984716	764.284792192323	0.0	1450.4848963602549	553.2103593337957	0.0	1477.1343128449705	484.9752860478088	0.0	1484.8105185135892	533.1202651191852	0.0	1402.649160019849	564.7486190056737	0.0	1380.4845531956958	644.4130579932497	0.0	1396.9826151304692	707.4121872165023	0.0	1492.9792381463994	548.1161975155396	0.0	1546.8805156382507	560.4577250942116	0.0	1612.0040324933802	562.4287149676376	0.0
564	9.4	1441.5713678971551	634.4798937511118	0.0	1415.3098831532625	638.6194116545857	0.0	1440.4430337101924	678.1659540239712	0.0	1455.654192560599	760.2810566350622	0.0	1470.682809843358	790.205796689828	0.0	1452.3211616683716	790.5226452603401	0.0	1456.8166985759951	769.9815949445139	0.0	1466.8318091138037	630.7442845956433	0.0	1547.9684183000425	703.0048189095866	0.0	1570.4154908866763	754.1541298595628	0.0	1608.25156915451	777.9414639367653	0.0	1609.8503108543573	767.8591269551968	0.0	1566.9947186308411	763.3185236397584	0.0	1457.547266676194	554.2780704324107	0.0	1482.858038757722	485.2248006473424	0.0	1490.124602084228	534.7795554795714	0.0	1408.554336652898	564.5714991826158	0.0	1387.2575875472264	645.8187563903818	0.0	1401.6346115148813	713.6234305735802	0.0	1501.114429551471	549.5579000113761	0.0	1561.676190360501	565.1593399871343	0.0	1632.7294603319988	569.7321213574388	0.0
565	9.416666666666666	1445.6569780289315	634.4671900847228	0.0	1419.2640889320141	638.4184885802832	0.0	1444.0992302785933	679.1841463733002	0.0	1463.7062968229266	759.7333438704013	0.0	1479.6193912402543	790.1753371909306	0.0	1460.4638216480828	790.3487447428286	0.0	1465.449647542917	768.5017158093634	0.0	1470.9862837204814	630.7968174162917	0.0	1551.4805432895073	703.9035361094514	0.0	1573.249006557952	753.8949701877323	0.0	1610.7180033359698	778.962823729116	0.0	1612.2369408592717	768.3323799731388	0.0	1570.1385593960094	762.5423441425179	0.0	1463.8748149579967	554.7674782711105	0.0	1487.872733561686	485.19080540677675	0.0	1494.4470270516206	535.7727775891448	0.0	1414.0656406204694	563.7307121195774	0.0	1392.696755077365	646.2096282854702	0.0	1403.7130382204678	717.837898252221	0.0	1508.1246758816671	550.5437109375339	0.0	1573.4711866835405	570.7972112055087	0.0	1648.5489662337388	579.2063108131118	0.0
566	9.433333333333334	1448.9392802782554	634.595801371343	0.0	1422.2888267226065	638.678443061368	0.0	1448.225135716666	680.1253471586368	0.0	1470.3317656593922	759.366959536396	0.0	1486.848019583591	790.1565430997786	0.0	1466.9393698643973	790.191011355508	0.0	1472.3455911611152	767.5280362588754	0.0	1474.5797850713689	630.982933431027	0.0	1554.1292566849527	704.4541155337192	0.0	1576.0677472867555	753.5730179816131	0.0	1613.0396201616545	779.6377800948402	0.0	1614.6646251916388	768.6838068816146	0.0	1573.126809428888	761.9647289993951	0.0	1469.31220110665	554.8511352491664	0.0	1492.1632567669658	485.0391127060866	0.0	1497.633790238818	536.3239572594025	0.0	1419.1371482391246	562.4734351267534	0.0	1396.694180838032	645.6085826649432	0.0	1402.9815011285946	719.7894515327658	0.0	1513.9068433452169	551.0989461987394	0.0	1582.0736456608422	576.757941812795	0.0	1659.0059032593547	589.7283482472014	0.0
567	9.45	1451.5118699680959	634.769581043637	0.0	1424.5596463688537	639.2435546673867	0.0	1452.5399352424333	680.8250212899471	0.0	1475.195619415291	759.2230075654894	0.0	1492.1374778895245	790.1263401621263	0.0	1471.6860583061366	790.1099674986277	0.0	1477.144881428807	767.2785282843314	0.0	1477.6387549049277	631.2203992363974	0.0	1556.051946875661	704.5108308260388	0.0	1578.9666033027022	753.1546570706694	0.0	1615.2335110470258	779.8358066630153	0.0	1617.2590892923777	768.8847185892879	0.0	1576.0182209956922	761.5391387002168	0.0	1473.670219155905	554.6576227579851	0.0	1495.7289120522646	484.8236791618083	0.0	1499.6645474935142	536.5842505385309	0.0	1423.6260957816653	561.0752809448434	0.0	1399.1171103321492	644.0946230095277	0.0	1399.2959490984722	719.3550338716035	0.0	1518.3984766523079	551.2566755357395	0.0	1587.2379141696167	582.5292620123035	0.0	1663.7529816238045	600.3714399891454	0.0
568	9.466666666666667	1453.319172473847	634.7540638019785	0.0	1426.1109404395315	639.7133079979394	0.0	1456.6342929751552	681.1946170900403	0.0	1478.2930231884882	759.2679719654552	0.0	1495.650791686888	790.0265238194127	0.0	1475.0065452143836	790.1006595712322	0.0	1479.8902736771997	767.7146125347002	0.0	1480.0771233851285	631.2391610624537	0.0	1557.3357946521649	704.0108080649444	0.0	1581.9890877136445	752.6271759132964	0.0	1617.2804815277414	779.5636257848369	0.0	1619.9804007858063	768.9379168444777	0.0	1578.980276645178	761.1797264746247	0.0	1476.7901147881753	554.2201624980588	0.0	1498.4689627305308	484.53570295884276	0.0	1500.5527042808037	536.5841948783393	0.0	1427.3582547373817	559.6973460445279	0.0	1399.8624695570925	641.7024040095173	0.0	1392.7056322325388	716.5355647728619	0.0	1521.5860622488326	551.0343300119004	0.0	1588.8300403501837	587.6720424156474	0.0	1662.7073398348516	610.3968287113349	0.0
569	9.483333333333333	1454.2757272585834	634.3642880397229	0.0	1426.87946531617	639.7173007062502	0.0	1460.0526826724936	681.29853625565	0.0	1479.9053199222335	759.3854269531948	0.0	1497.8044734091416	789.7842241534497	0.0	1477.3833223624588	790.0799830795256	0.0	1481.0148061032132	768.5660244557884	0.0	1481.8278487174387	630.8343028001966	0.0	1557.9757718990336	702.9451264716879	0.0	1585.1612990262524	751.9441926569209	0.0	1619.1553244759255	778.9330887815711	0.0	1622.7170709909137	768.8253397891593	0.0	1582.190293525022	760.751743316041	0.0	1478.6786508613457	553.5427214859365	0.0	1500.200543972729	484.0968094793921	0.0	1500.3117054061781	536.2474285698889	0.0	1430.1819348446177	558.3175815077009	0.0	1398.9051242700502	638.32595421851	0.0	1383.5189516846076	711.4060505549456	0.0	1523.572701617109	550.5051626150093	0.0	1587.0688146385105	591.8769006632318	0.0	1656.1910308917209	619.2364423977027	0.0
570	9.5	1454.5190000864725	633.5628497563932	0.0	1426.9597672672535	639.0876547057244	0.0	1462.3154928445952	681.3434380171182	0.0	1480.554124353445	759.405293136484	0.0	1499.0776005905896	789.3754403672192	0.0	1479.269355534012	789.9506544981406	0.0	1481.3215674097214	769.4425414376454	0.0	1483.0249617753664	630.0333095366399	0.0	1557.881173439825	701.3384945129058	0.0	1588.5064665928985	750.9938632134641	0.0	1620.8814601003492	778.1307691287528	0.0	1625.4392697255498	768.5400683583468	0.0	1585.722007270045	760.0743941780481	0.0	1479.5115805718303	552.6511416625319	0.0	1500.7526028945385	483.3480514559988	0.0	1498.904303399393	535.4359514087466	0.0	1431.9508944374786	556.801573294989	0.0	1396.2941193529477	633.7545329528183	0.0	1372.2935003805915	704.08123369055	0.0	1524.5560245005197	549.8122233562275	0.0	1582.5641594758158	595.0205881502261	0.0	1644.903097512436	626.4838122601265	0.0
571	9.516666666666666	1454.431883214873	632.3940697720324	0.0	1426.6898082567168	637.8059072865458	0.0	1462.98846603007	681.6127832097748	0.0	1480.9055078444026	759.1581417274891	0.0	1499.8819964452603	788.8195938411295	0.0	1480.953613189746	789.6693363208418	0.0	1481.7888088388772	769.9349494677093	0.0	1483.940705904859	628.9419767109626	0.0	1557.0208282666213	699.3450998932511	0.0	1591.9761191937353	749.7097645328699	0.0	1622.4702108275385	777.3345896706238	0.0	1628.113047895973	768.1340555991569	0.0	1589.5332742242406	759.0299321049738	0.0	1479.451604753057	551.5516227644125	0.0	1499.9427612398367	482.0806944979012	0.0	1496.1796750761175	534.0009054364047	0.0	1432.4757969351556	555.0171737344093	0.0	1392.105925829438	627.8183658005036	0.0	1359.720597545997	694.7248386310122	0.0	1524.6725524064107	549.0656655984078	0.0	1576.1314447222046	597.1767417199428	0.0	1629.8335341395164	631.9559526054765	0.0
572	9.533333333333333	1454.3999420390521	630.9342702937101	0.0	1426.4358508205025	635.9533596420935	0.0	1461.8142755505362	682.4086060511619	0.0	1481.6089906052057	758.5622677289051	0.0	1500.5306647524237	788.1254455757656	0.0	1482.57658459233	789.2355293058187	0.0	1483.2250819288818	769.7255551540441	0.0	1484.749913808557	627.5569555809343	0.0	1555.5184854923384	697.2546409548008	0.0	1595.4104379481191	748.1895426648404	0.0	1623.8753732111752	776.6516392078265	0.0	1630.6233820037949	767.7154987467785	0.0	1593.5244061491562	757.6759649710306	0.0	1478.482905477981	550.1850331228143	0.0	1497.5074980061524	480.09751228788616	0.0	1491.9470898985123	531.8030103657841	0.0	1431.543197325274	552.8695395044997	0.0	1386.439155954112	620.509569418079	0.0	1346.4872250888593	683.5672827006019	0.0	1523.8906530938264	548.2538085424599	0.0	1568.6055648484107	598.5813907992188	0.0	1612.2759542940596	635.8402782566028	0.0
573	9.55	1454.5644993366138	629.3226951775883	0.0	1426.365179421701	633.7307846689671	0.0	1458.8273381300044	684.0239379071653	0.0	1483.115539919478	757.688902088351	0.0	1501.2068530591391	787.3535815600592	0.0	1484.2108104915199	788.6995796697255	0.0	1486.0194336325717	768.6949446818276	0.0	1485.4055670706682	625.8202346430478	0.0	1553.5495066155531	695.2291179192019	0.0	1598.6050096766824	746.633402466498	0.0	1625.018144685477	776.1448980401337	0.0	1632.840129875603	767.3888296834116	0.0	1597.6053442254258	756.1899621695501	0.0	1476.4131854328293	548.4681133563919	0.0	1493.1696699005179	477.28473000399197	0.0	1486.1074719428107	528.7303117019917	0.0	1428.9994926537324	550.2885421826961	0.0	1379.4795487710758	611.996037791274	0.0	1333.2008566723578	670.8854492958469	0.0	1522.036952529413	547.2308255817658	0.0	1560.6905682778222	599.530737641096	0.0	1593.7262733746911	638.7490817587573	0.0
574	9.566666666666666	1454.7631876369762	627.7636197476701	0.0	1426.4126714409695	631.4331813697092	0.0	1454.3961545950035	686.694103713431	0.0	1485.5575031573708	756.743883625618	0.0	1501.9028449986774	786.7041555686919	0.0	1485.86019281177	788.1972224357746	0.0	1490.0963809423392	766.9841308038427	0.0	1485.7003133100234	623.7779352163318	0.0	1551.2517495837951	693.1228671480231	0.0	1601.4036208088187	745.2319675202618	0.0	1625.8153744147746	775.9010733453853	0.0	1634.6551537535727	767.2233690402011	0.0	1601.7058307884115	754.7818739361026	0.0	1473.0103376268416	546.3632989292755	0.0	1486.7532067520076	473.6826722979235	0.0	1478.636768515122	524.7787897472158	0.0	1424.8306117591283	547.2385080522971	0.0	1371.5727472432836	602.5879487112868	0.0	1320.3471645155787	656.9914953333046	0.0	1518.8890325576242	545.7715957267479	0.0	1552.801063438288	600.2655995643773	0.0	1575.5057743968482	641.5466145389029	0.0
575	9.583333333333334	1454.6641564173929	626.4229698722811	0.0	1426.3602141441625	629.3621248397843	0.0	1449.1556353686678	690.4701630219587	0.0	1488.7464954879115	755.9905105700525	0.0	1502.4526578854552	786.4091811155178	0.0	1487.4123960942202	787.8915568783093	0.0	1495.0208350034447	765.0064390478587	0.0	1485.4015372497163	621.6097495656794	0.0	1548.8216879453248	690.7387813990201	0.0	1603.7179334005655	744.1355247031107	0.0	1626.1980518687499	776.0229398325542	0.0	1635.989553229435	767.2744534900128	0.0	1605.6833639562772	753.6694945284997	0.0	1468.1694865367278	543.885337940828	0.0	1478.2007059254618	469.52354384734224	0.0	1469.4991243963107	520.1435777151422	0.0	1419.1899344075123	543.7548904076402	0.0	1363.1882365035262	592.7244013766081	0.0	1308.2472944793965	642.2527176069051	0.0	1514.2921078851057	543.7057048258616	0.0	1545.0231258674717	600.9324267413872	0.0	1558.4376714125008	645.0926083054898	0.0
576	9.6	1453.9717112492597	625.3085396013599	0.0	1425.9365903910953	627.7010100669161	0.0	1443.8321274836335	695.1070024066482	0.0	1492.231267026141	755.6318163403699	0.0	1502.6988159090502	786.5604252070025	0.0	1488.6839913330805	787.8822041484502	0.0	1500.1623699779796	763.2984463138605	0.0	1484.3700121070867	619.5098808252374	0.0	1546.5870461939328	688.166748423067	0.0	1605.4957883357094	743.4019088961109	0.0	1626.1216388819812	776.5277668704872	0.0	1636.8160278469206	767.552511924516	0.0	1609.2619470651493	752.957067060997	0.0	1461.9749557103714	541.072953667167	0.0	1467.590021414275	465.1739341722102	0.0	1458.6902853651493	515.1928820218427	0.0	1412.3285393179315	539.984152175997	0.0	1354.7154330693695	582.971489495516	0.0	1297.0319818342864	627.1014303801522	0.0	1508.2479616079636	541.0514718375672	0.0	1537.2835262147553	601.597219667855	0.0	1542.8743003069317	649.9853811982965	0.0
577	9.616666666666667	1452.580440786473	624.301686851213	0.0	1424.9499611965357	626.4393748990999	0.0	1439.0084866731795	700.101667874442	0.0	1495.409464164948	755.6918931433609	0.0	1502.6371496088175	787.088158964669	0.0	1489.569463080756	788.1648615507106	0.0	1504.8646089908902	762.2036234230874	0.0	1482.645586764463	617.5621294023831	0.0	1544.8313180312703	685.7845285842554	0.0	1606.6702709500935	742.8971754212617	0.0	1625.5642524529874	777.2558240625368	0.0	1637.1144686499065	767.9055436201401	0.0	1612.0878165500878	752.4459734618624	0.0	1454.612094378572	537.986240006338	0.0	1455.1843352888463	460.9775986998026	0.0	1446.3564577583245	510.33603583292796	0.0	1404.464804064254	536.1857090834911	0.0	1346.2464783187806	574.0049211224847	0.0	1286.6845218478975	612.0431737615406	0.0	1500.929176159	538.0136617755022	0.0	1529.573177659016	602.2681797475383	0.0	1528.9163508598954	656.201333304472	0.0
578	9.633333333333333	1450.5864290616228	623.2732685465106	0.0	1423.3685031168084	625.4284873523633	0.0	1434.9216573760286	704.8381671949296	0.0	1497.741568014417	756.0117593112025	0.0	1502.4249267067933	787.8338659711035	0.0	1490.1270290572854	788.6373804593871	0.0	1508.5882324658564	761.6941588950315	0.0	1480.43027060243	615.7061394003658	0.0	1543.5158599375366	684.0713655502241	0.0	1607.0778001177127	742.2665729693557	0.0	1624.475947519189	777.8878194355426	0.0	1636.7766538581127	767.9763736262151	0.0	1613.7678972011001	751.5724297262659	0.0	1446.238109851987	534.7022341983217	0.0	1441.4012759435905	457.1567947942955	0.0	1432.8369273909304	505.90369264848607	0.0	1395.720837318324	532.6696154862979	0.0	1337.5714590660414	566.5250611785108	0.0	1277.2197995173483	597.6148457209233	0.0	1492.5994574246438	534.852459543177	0.0	1521.986921334249	602.853417774222	0.0	1516.5652551708026	662.9269929659237	0.0
579	9.65	1448.1479770144374	622.0894042802398	0.0	1421.2503352781828	624.465184077998	0.0	1431.4318710200291	708.7391023513419	0.0	1498.9611395200839	756.356375348446	0.0	1502.318910906457	788.597563241157	0.0	1490.4989269859345	789.166506864698	0.0	1510.9896427234842	761.4955018921976	0.0	1477.9214746023486	613.7672609574751	0.0	1542.1919905137772	683.4944021925531	0.0	1606.3608363138503	740.996408498068	0.0	1622.6662317072241	778.0183076875758	0.0	1635.5469553602725	767.3353493814417	0.0	1613.7929825829183	749.5272796541126	0.0	1436.9294889066641	531.2776330053991	0.0	1426.7031542123154	453.8764365667615	0.0	1418.619793716111	502.09726738804966	0.0	1386.16185780224	529.6906511770042	0.0	1328.4203259741194	561.0974476846292	0.0	1268.9003952694281	584.2632385951626	0.0	1483.4852752664017	531.7660598532565	0.0	1514.582903546477	603.0741985389586	0.0	1505.784360448119	668.9607854063609	0.0
580	9.666666666666666	1445.3589130051782	620.5825638930594	0.0	1418.654106315475	623.3296573191899	0.0	1428.2044763590998	711.4563409682102	0.0	1499.1558019954518	756.5104172988564	0.0	1502.5838675496116	789.1815360402412	0.0	1490.8094146245373	789.6516267982823	0.0	1512.0009241631387	761.2974387086914	0.0	1475.1537077927203	611.5309578606709	0.0	1540.1736618838804	684.4758879045592	0.0	1603.9806423548516	738.548850389188	0.0	1619.7854393225496	777.2020677275317	0.0	1633.0416713662748	765.625847701228	0.0	1611.5326968344252	745.5291027920747	0.0	1426.751092401777	527.7549841383774	0.0	1411.4843794685537	451.2962887919788	0.0	1404.2214068794003	499.0148910283068	0.0	1375.8775228598465	527.3724266451894	0.0	1318.7388687624198	558.0217256079831	0.0	1262.2107368374177	572.2732639360695	0.0	1473.7254311805013	528.8412137961325	0.0	1507.2985411377686	602.5265530686477	0.0	1496.5828916971857	673.3053987517102	0.0
581	9.683333333333334	1442.2656359536068	618.6372809875909	0.0	1415.6606955302786	621.8764702132289	0.0	1424.9835740638987	713.072108416419	0.0	1498.7137324375408	756.3202812491792	0.0	1503.3164462583852	789.4904128797301	0.0	1491.1578073094745	790.0019230484554	0.0	1511.9576041497578	760.8411669061929	0.0	1472.00693901688	608.8812832488046	0.0	1536.8141964874565	687.3114164655174	0.0	1599.517080707199	734.6369168939977	0.0	1615.5657771618423	775.0743413145759	0.0	1628.9418032855954	762.6144443870277	0.0	1606.5790947297307	739.2319129407962	0.0	1415.8794573491195	524.2566040910766	0.0	1396.0082119419883	449.4773363637296	0.0	1390.0222790245775	496.703370702071	0.0	1365.07452029656	525.7322086068932	0.0	1308.753771792647	557.293558400906	0.0	1257.551990455921	561.8167949864987	0.0	1463.424145151117	526.0360438199376	0.0	1500.0193730446647	600.8392676627714	0.0	1489.0996815073001	675.3797287452757	0.0
582	9.7	1438.9169303020124	616.29288285275	0.0	1412.4065858140254	620.1389434263245	0.0	1421.7592845980073	714.0627057998421	0.0	1498.1872653353537	755.7310170527672	0.0	1504.3303460343598	789.5689801736423	0.0	1491.6185643431122	790.0969985378083	0.0	1511.5734924944616	759.9573314540488	0.0	1468.3197335382401	605.8895319064316	0.0	1531.6376100499676	691.960561117543	0.0	1593.075085547802	729.5579992786792	0.0	1610.1296135253076	771.6271750338706	0.0	1623.3098604722506	758.3604930721852	0.0	1599.210841891369	731.1359932173613	0.0	1404.6334483069104	521.016161149891	0.0	1380.433818547169	448.28427504006237	0.0	1376.180889233912	495.12741158194564	0.0	1354.1158662763855	524.7410212906989	0.0	1298.8111638701719	558.6293718567438	0.0	1254.9596931764634	553.0382591281792	0.0	1452.7164986809844	523.2305708143703	0.0	1492.7032810626688	597.7604602402383	0.0	1483.5551885106725	674.8909681652367	0.0
583	9.716666666666667	1435.3498903046743	613.7624599323462	0.0	1409.0534544882019	618.3174328055329	0.0	1418.718957438975	714.9257067196095	0.0	1498.1487324026261	754.8509064771433	0.0	1505.3234651280507	789.480391772247	0.0	1492.2206997240946	789.8466727318222	0.0	1511.6666981652074	758.7214622795823	0.0	1464.0127674320308	602.7786863356941	0.0	1524.2508407166179	697.8878596251051	0.0	1585.3030037136573	724.2399945487045	0.0	1603.9606645413432	767.4356875373405	0.0	1616.6505799620465	753.5344244507107	0.0	1590.393083210845	722.6101163062785	0.0	1393.3525691521063	518.2422158813487	0.0	1364.92503453663	447.43817700038295	0.0	1362.6963519438336	494.08509658218236	0.0	1343.420659519678	524.3219448589823	0.0	1289.141566824888	561.5031561631819	0.0	1254.0019953089363	546.1137605172975	0.0	1441.7776874515039	520.3444315596572	0.0	1485.4587667353017	593.1976871529142	0.0	1480.0960381714287	671.7041456300678	0.0
584	9.733333333333333	1431.6065360530195	611.3802118570172	0.0	1405.7712835841785	616.6839372761044	0.0	1416.1088840067414	715.8297917801453	0.0	1499.05698363712	753.9456330014781	0.0	1506.141122194941	789.2639962687913	0.0	1493.0181656188854	789.3178012139034	0.0	1512.8798165828302	757.5463437130596	0.0	1459.1863572753525	599.8704824521603	0.0	1514.1906423021674	704.1581490551354	0.0	1576.936961742275	719.8265594686703	0.0	1597.495333464348	763.5280950765522	0.0	1609.489983099582	749.385371090183	0.0	1581.2821681974804	715.3126755401167	0.0	1382.2468093039192	515.9739996119213	0.0	1349.7623884475477	446.6824445517018	0.0	1349.565501208484	493.2175937291104	0.0	1333.3168165556372	524.3418253070664	0.0	1279.7494744915095	565.1605758507435	0.0	1253.8446238554545	541.2582324623963	0.0	1430.7846421338052	517.4242608639044	0.0	1478.5259009894673	587.2161640225813	0.0	1478.6933470419135	665.8054081815417	0.0
585	9.75	1427.7712596587448	609.4576389217048	0.0	1402.743026485983	615.4526408697099	0.0	1414.166947287119	716.6264357241846	0.0	1501.131295458361	753.2902341972915	0.0	1506.8204470781573	789.1287895317752	0.0	1494.227145349866	788.7981090398108	0.0	1515.549656522406	756.9168736864851	0.0	1454.058229262503	597.5134480209003	0.0	1500.8786544144298	709.7081810195905	0.0	1568.3195255281255	717.170327622048	0.0	1590.6909719143684	760.9880586322183	0.0	1601.824556246255	747.1929035263228	0.0	1572.713537429578	710.5050908019107	0.0	1371.3942798044645	514.1015914186946	0.0	1335.3169106823968	445.8936038457325	0.0	1336.8703295766663	492.16679299705334	0.0	1323.9786694172694	524.6556396424045	0.0	1270.536590780163	568.6943731607445	0.0	1253.532138346899	538.6388259569154	0.0	1419.9009355156215	514.657009207592	0.0	1472.1803714521845	580.0026178746992	0.0	1479.2009623953725	657.3251195811596	0.0
586	9.766666666666666	1423.9055915880622	608.0950282131993	0.0	1400.103623246963	614.6381220171436	0.0	1413.1110051101555	717.0507578152142	0.0	1504.3047779009948	753.0361421329304	0.0	1507.5081302755787	789.517223262629	0.0	1496.239879856493	788.680673818804	0.0	1519.6873636346595	757.0373146642258	0.0	1448.7128529782162	595.9111231771911	0.0	1483.919124181359	713.6388195599326	0.0	1559.2367145143712	716.6762088751855	0.0	1582.8417041615126	760.628353730887	0.0	1592.9273045391508	747.7435284277137	0.0	1564.879398106246	708.8154578431147	0.0	1360.832607325861	512.4801620910654	0.0	1321.9136838106997	445.01314330234817	0.0	1324.7278334121388	490.75721452414797	0.0	1315.3981118412532	525.1197215232282	0.0	1261.4457891531902	571.2681214334374	0.0	1252.2650349516161	538.2641297588918	0.0	1409.2522194939813	512.2925098223108	0.0	1466.5973593905892	571.8320207809221	0.0	1481.4737867274962	646.6336994202987	0.0
587	9.783333333333333	1419.9489869618797	607.1181355031176	0.0	1397.8350295515945	613.9831183668094	0.0	1413.1203537657043	716.8466541896578	0.0	1508.310827640603	753.2276604797576	0.0	1508.4030380066627	790.8011334012807	0.0	1499.4259399095972	789.1929623917237	0.0	1525.0721854571887	757.8336585168423	0.0	1442.9494469731837	594.9699014215926	0.0	1463.6311942849659	715.3910693321384	0.0	1549.0286050201846	718.4150655881567	0.0	1572.6901762447678	762.7910968665101	0.0	1581.593292069428	751.185132335902	0.0	1557.1829681790389	710.3506902191167	0.0	1350.589272241655	510.9823580974199	0.0	1309.7663230197104	443.9335172153249	0.0	1313.2325720656654	489.00571332822216	0.0	1307.391385632756	525.5119188582376	0.0	1252.4274379773326	572.3110907657087	0.0	1249.3949184482021	539.9787196204031	0.0	1398.817695201541	510.4564180419738	0.0	1461.726235088841	563.0391077125845	0.0	1485.3046155503157	634.410159998066	0.0
588	9.8	1415.70950687642	606.2485333098847	0.0	1395.7045153579852	613.078307682572	0.0	1414.284496159276	715.8935497473295	0.0	1512.8135535466938	753.8485007683332	0.0	1509.619007107425	793.0217805531785	0.0	1503.8284832217585	790.261553231754	0.0	1531.3284195609215	759.1269868962308	0.0	1436.4254378909025	594.3780117551479	0.0	1441.1538942975296	714.7417858743531	0.0	1536.8573875548357	722.2364006105839	0.0	1558.8467510075975	767.2674720601292	0.0	1566.6464688998533	757.1423494485332	0.0	1548.4054508137328	714.8562556243091	0.0	1340.6849864922217	509.5017062155583	0.0	1298.9436583569998	442.5397680745329	0.0	1302.4193571210906	486.99288376002323	0.0	1299.7085332953875	525.4917562274027	0.0	1243.436179026119	571.5246095908238	0.0	1244.3500395209592	543.56186301816	0.0	1388.4162962076114	509.02012312558463	0.0	1457.2693570097233	554.0662472414199	0.0	1490.1686419726589	621.5806293867778	0.0
589	9.816666666666666	1410.8620535959367	605.3619895502002	0.0	1393.2130708830414	611.6860678024601	0.0	1416.5043853326729	714.3615579173485	0.0	1517.3862469920864	754.7362499182323	0.0	1511.083143005295	795.8896120278052	0.0	1508.977576985634	791.6437984786048	0.0	1537.7530870470969	760.5536624467653	0.0	1428.8919254581974	593.8694003123018	0.0	1417.9036218210576	711.768941079318	0.0	1522.06275378134	727.8387432479961	0.0	1540.4250046879683	773.418739319562	0.0	1547.5043620095867	764.9101967123123	0.0	1537.165630430784	721.8506109569636	0.0	1331.1345831148353	507.97176059110114	0.0	1289.338588418922	440.78146346981674	0.0	1292.209825807392	484.78684971193854	0.0	1292.1053323798783	524.7371391030166	0.0	1234.5766407124268	568.8641634037253	0.0	1236.6961374444138	548.8528138799898	0.0	1377.9300824717225	507.71705088147314	0.0	1452.7490338395783	545.5577312220491	0.0	1495.0218969395112	609.1754989251535	0.0
590	9.833333333333334	1404.9262910405346	604.5707132913167	0.0	1389.5808562700038	609.9828427356764	0.0	1419.3727476288577	712.643929562291	0.0	1521.3707439756704	755.4525216537953	0.0	1512.711223167905	798.7810588410489	0.0	1514.0595025596338	793.0155453353992	0.0	1543.169400565694	761.3881178288626	0.0	1420.2723454924526	593.3938799543687	0.0	1395.0577980853352	706.8734765018659	0.0	1504.4288063260256	734.8362833302996	0.0	1517.5152216119955	780.4297067567546	0.0	1524.5008833727582	773.6466534184344	0.0	1522.4260696268539	730.7641912030779	0.0	1321.9263357629034	506.3449197754248	0.0	1280.7356930948324	438.6230982649487	0.0	1282.4404770213757	482.4170546364494	0.0	1284.3219735282967	523.1301974471448	0.0	1226.1114587429106	564.6336762016998	0.0	1226.2248423221736	555.8057779522147	0.0	1367.5015156263523	506.33512555858294	0.0	1447.5809190938216	538.3069239333184	0.0	1498.3184626733305	598.2322118243422	0.0
591	9.85	1397.410630692878	604.0731269628459	0.0	1383.9766634757627	608.4166540214292	0.0	1422.0923330747921	711.0314561411301	0.0	1523.9578227656302	755.3722332582795	0.0	1514.66118557575	800.8250888673863	0.0	1518.4268599830182	793.942478760833	0.0	1546.2992764096202	760.7433421920045	0.0	1410.6257955032097	593.0563505770672	0.0	1373.5716171820286	700.7770172305418	0.0	1484.3203501716835	742.8629451754636	0.0	1491.100715400619	787.6481279701217	0.0	1498.7408257023897	782.6238174820961	0.0	1503.9779871637677	741.1079904189743	0.0	1313.0326671674554	504.52622570989143	0.0	1272.8826703436894	436.0306690075651	0.0	1272.9771979625582	479.8466936309716	0.0	1276.1325918296832	520.774314433901	0.0	1218.191576882443	559.6027635697765	0.0	1213.0614810709444	564.3701445369012	0.0	1357.4467930167123	504.75583064319346	0.0	1441.200608117715	533.0712057266759	0.0	1498.264140317709	589.8300724599195	0.0
592	9.866666666666667	1388.1066449076457	603.9669054242889	0.0	1375.9437812266015	607.3489236795795	0.0	1423.540269553838	709.533892036839	0.0	1524.4867540589098	753.991980741916	0.0	1517.3749781523643	801.2503376301959	0.0	1522.0235833596282	793.9634137297626	0.0	1546.3705772840256	758.0134077674174	0.0	1400.118785805613	592.9405095435178	0.0	1354.350313113011	694.4701121963067	0.0	1462.8078509109278	751.6415473421113	0.0	1462.755937617361	794.8883633491082	0.0	1471.798413998448	791.4710115019916	0.0	1482.8298356413695	752.4959732303543	0.0	1304.4124590395784	502.38976422999514	0.0	1265.4762448745648	433.0527318759906	0.0	1263.7797562264695	477.01550093035775	0.0	1267.4346530890082	517.8883131384047	0.0	1210.6811489265785	554.9370558286413	0.0	1197.8557765791004	574.1972125405432	0.0	1348.0243525431379	502.93644602516054	0.0	1433.2225502699303	530.4636190900396	0.0	1493.1916111212095	585.1089682099993	0.0
593	9.883333333333333	1377.2393705826523	604.2190896569276	0.0	1365.6283948439968	606.9042719047283	0.0	1422.544530216613	708.1362247185507	0.0	1522.5494930761329	751.0940178284098	0.0	1521.273288679674	799.60699199531	0.0	1525.1922415184238	792.6348024575593	0.0	1543.2469521461512	753.0041594875348	0.0	1389.0076031998638	593.0060620748937	0.0	1338.1595469107933	689.0877228840806	0.0	1441.5991530613783	760.8753419606377	0.0	1434.6886548514494	802.3473444517032	0.0	1445.679088803296	800.1403803380007	0.0	1461.101267699544	764.4167298121077	0.0	1295.9592287047808	499.90903129388147	0.0	1258.1390877894419	429.8241885938933	0.0	1254.8460851866269	473.94316569906204	0.0	1258.2577171214061	514.7674581027364	0.0	1203.4049068433708	551.7367694328572	0.0	1181.9085629928209	584.4098555249354	0.0	1339.3210561165981	500.9598112049854	0.0	1423.4253612161606	530.9267754273078	0.0	1481.8257771630758	585.0232127359661	0.0
594	9.9	1365.347314000445	604.7283691467251	0.0	1353.6185492456639	607.0658850402949	0.0	1418.1869659414351	707.1658258816008	0.0	1517.8437268962432	746.6323042750827	0.0	1525.978438481273	795.6493817101081	0.0	1527.8416366408394	789.4362065510674	0.0	1537.0361718929805	745.787152443139	0.0	1377.6036877546346	593.1147238311655	0.0	1325.4525367090778	685.6891399453577	0.0	1422.6055430991491	770.1472555581462	0.0	1409.6597424859751	810.1783432264481	0.0	1422.7209225366012	808.6302868913692	0.0	1441.2834920698456	776.1432677507889	0.0	1287.4886943616625	497.23615449360585	0.0	1250.4749257144904	426.5142496359002	0.0	1246.1046606862847	470.80490515011354	0.0	1248.7354223020172	511.76638196733785	0.0	1196.4752888203584	550.464894294552	0.0	1167.0269178643027	593.7856725480004	0.0	1331.2347238113155	499.0507517946828	0.0	1411.521801788781	534.612873297748	0.0	1463.3236877355496	589.862372141831	0.0
595	9.916666666666666	1353.0134019846898	605.343548003322	0.0	1340.563607635388	607.7835359764689	0.0	1409.9259803000814	707.265565729178	0.0	1510.0532959774046	740.654493859253	0.0	1529.6368701696665	789.2907658255077	0.0	1528.7607946968033	783.9075582206891	0.0	1527.7065382208093	736.6613071894973	0.0	1366.1876474580508	593.1301802132173	0.0	1316.3409576305705	685.0181172811426	0.0	1407.4444551132233	779.0157604176096	0.0	1390.169346572204	818.1810685401217	0.0	1404.9836585926835	816.7691818392918	0.0	1425.4289656572892	786.9927258517687	0.0	1278.802926762947	494.62579250512454	0.0	1242.2179145023622	423.35931831127164	0.0	1237.3804450754085	467.92417750634974	0.0	1239.0536910562043	509.19088453021664	0.0	1190.2550015554343	550.872902865812	0.0	1155.0758670487385	601.3116976874961	0.0	1323.4051963740465	497.45439223281755	0.0	1396.96168036972	541.1621023504226	0.0	1437.248376325802	598.8598300450195	0.0
596	9.933333333333334	1340.604995892024	605.9116387456364	0.0	1326.8885931977516	609.0177537857182	0.0	1397.5822034594469	708.9857453505244	0.0	1498.828926122863	733.4239591316119	0.0	1529.3620470733356	780.8349672851109	0.0	1525.8685741110412	776.0892160470502	0.0	1514.996698946259	726.214668001827	0.0	1354.8793614526855	593.0446073661393	0.0	1310.647958041251	687.3084728106338	0.0	1397.124770589919	787.1104988981382	0.0	1377.4202411796068	825.7823925025543	0.0	1393.480161891486	824.1636784032503	0.0	1414.73775484282	796.5587819741297	0.0	1269.7309989863534	492.3217718358954	0.0	1233.3398137791287	420.66890874311787	0.0	1228.4467309499516	465.6396733896621	0.0	1229.3488455649879	507.2080466584728	0.0	1185.1353423436015	552.4155812225619	0.0	1147.4277751878528	606.6129467709031	0.0	1315.215009578169	496.3228588718597	0.0	1379.037447760197	549.642607055775	0.0	1403.7246085375268	610.1481118398193	0.0
597	9.95	1328.2138054829754	606.416501798252	0.0	1312.856141944489	610.6949746781954	0.0	1381.226512756492	712.3897382746384	0.0	1483.8135877327293	725.540660446424	0.0	1522.580938602082	771.1721259977835	0.0	1517.1962936351301	766.8135746090929	0.0	1498.5453026713121	715.3444949441005	0.0	1343.6201198583806	593.0386286461109	0.0	1307.913150692185	692.1738350314869	0.0	1391.8574275100145	794.1224823279522	0.0	1370.9541130966747	832.2642274301857	0.0	1387.8989909887052	830.3172396923866	0.0	1409.4424219825291	804.6552014407218	0.0	1260.1073139941777	490.5325917861236	0.0	1223.9438694498965	418.6572396476037	0.0	1219.0658791079506	464.11939216209964	0.0	1219.627505362924	505.87196898025053	0.0	1181.491535993674	554.6360173595207	0.0	1144.7054852303552	609.9273046914495	0.0	1305.9908259877104	495.78801444462545	0.0	1357.268032659354	558.8176845515549	0.0	1363.7107021771005	621.121988302792	0.0
598	9.966666666666667	1315.8555693568774	607.0658833539643	0.0	1298.7885208684515	612.6553373001072	0.0	1360.982454000014	716.9174063454319	0.0	1464.7171919177324	717.9133829297954	0.0	1507.913100081033	761.7037948995844	0.0	1501.6084601044859	757.5441013881273	0.0	1478.1077294729585	705.2161267050576	0.0	1332.3591580622183	593.433146589766	0.0	1307.3754368382185	698.66414511505	0.0	1390.9890906108071	799.8144711881328	0.0	1369.1434606728303	837.1597053640885	0.0	1386.8990666149907	834.9075773694444	0.0	1408.8399967059886	811.1487767225091	0.0	1249.7659969344713	489.43841554629114	0.0	1214.0368432198295	417.2784582385373	0.0	1208.9847991391791	463.2848080128392	0.0	1209.8044341730351	505.1744151973143	0.0	1179.789143981366	557.2853531783156	0.0	1146.935203326615	611.7326733867806	0.0	1295.2133551382599	496.04499145215715	0.0	1331.6876916818367	567.4963598457356	0.0	1318.992298679632	629.1886557914819	0.0
599	9.983333333333333	1303.6439677033268	608.1218098337438	0.0	1285.0400691842478	614.6828279813033	0.0	1336.986951536616	721.4332387659383	0.0	1441.4679092819185	711.6412776129476	0.0	1485.0610054586184	754.0205900506181	0.0	1478.7373422930218	749.8671622052918	0.0	1453.7771412823788	697.1682596251969	0.0	1321.2074444562272	594.5104447381856	0.0	1308.0922664331822	705.5208575407731	0.0	1393.1550855704088	804.0690016192976	0.0	1370.0563687780339	840.510226336702	0.0	1388.693410266095	837.990976273869	0.0	1411.4954283410664	815.9099724141233	0.0	1238.5779559806444	489.1049825646834	0.0	1203.4240536097805	416.3265016828351	0.0	1197.9487065958776	462.8949670578235	0.0	1199.8656300007965	505.01752232419585	0.0	1180.5313218714332	560.1958114838926	0.0	1153.7426042882146	612.3235999998421	0.0	1282.557581450609	497.209399600213	0.0	1302.8393279710183	574.7019663899254	0.0	1271.806559562408	632.5975887933763	0.0
600	10.0	1291.7122511241669	609.5308294754423	0.0	1271.7907902710158	616.4538518840277	0.0	1309.6329793250702	724.3664782278922	0.0	1414.363694898889	707.8145558448847	0.0	1454.504602148202	749.4791143794369	0.0	1448.7189768781584	745.0033166144754	0.0	1426.102525515629	692.5521224141007	0.0	1310.314952863099	596.2127768415594	0.0	1309.2209864258969	711.5463918721267	0.0	1396.7110623245248	806.8949262742246	0.0	1372.1435834946924	842.7428657518191	0.0	1391.6654491431307	839.9349854421954	0.0	1415.6974825251773	818.8821706109742	0.0	1226.4669325557966	489.33822914503924	0.0	1191.7345073009567	415.67643609773563	0.0	1185.753683379867	462.6876358320739	0.0	1190.047596254969	505.12818116851133	0.0	1183.8761976917947	562.9388001526855	0.0	1164.2268917857702	611.5969373887984	0.0	1267.8359882125906	499.08919264054555	0.0	1271.6662203053866	579.7519732328467	0.0	1224.4520942790946	630.8124418401385	0.0
601	10.016666666666666	1280.020640536549	610.8121641254372	0.0	1258.9533954123503	617.5081173455833	0.0	1279.7198084581842	724.1623079712392	0.0	1384.0217602413456	707.1833270261727	0.0	1417.4391404886042	748.8886586800245	0.0	1412.2619035794764	743.6576191341578	0.0	1395.9470357547182	692.4406767857824	0.0	1299.6222550926507	598.0547490085121	0.0	1310.2313233629436	715.950335963812	0.0	1400.2804210422742	808.397824817074	0.0	1374.4515607756878	844.3666744297414	0.0	1394.7038085846032	841.2072701739697	0.0	1420.026906209272	820.1897569482926	0.0	1213.3827857032074	489.6684476432632	0.0	1178.4812528538662	415.3285411601629	0.0	1172.2613244117586	462.46181213563256	0.0	1180.830801404229	505.01629746278036	0.0	1189.1618635089105	564.5495290724294	0.0	1176.466823626131	609.1815221077184	0.0	1250.9705043202434	501.1550980378785	0.0	1239.388404127179	582.3756877520532	0.0	1179.0448427118297	624.3188625964012	0.0
602	10.033333333333333	1268.2510535781835	611.4135761263713	0.0	1246.194363085617	617.4949384229964	0.0	1248.2437477532735	720.0273110564	0.0	1351.2225220746177	709.8600977879006	0.0	1375.5499459558139	752.3932820628015	0.0	1370.7274773973716	746.0780146232119	0.0	1364.195547476294	697.2454380176663	0.0	1288.746667632644	599.4375797489773	0.0	1310.8341452963973	718.4840805650376	0.0	1403.0604509572322	808.7451571705209	0.0	1376.4741052625723	845.7583465786631	0.0	1397.1897941837697	842.1940620132738	0.0	1423.6423927454675	820.1692335506918	0.0	1199.2726555228553	489.5429593779666	0.0	1163.2210879037234	415.2241160312405	0.0	1157.3587617852509	462.0578924680204	0.0	1172.6569684101307	504.08588339451876	0.0	1194.8323905005745	563.7313424460862	0.0	1187.3386897343883	604.8470192854554	0.0	1232.0294615118378	502.75231109178486	0.0	1207.332069666757	582.7481222665764	0.0	1137.3412010564168	614.2685649597097	0.0
603	10.05	1255.8827228965104	611.0591329075032	0.0	1233.0285790827454	616.392844291104	0.0	1216.1587991419299	712.3392760090796	0.0	1316.929699120856	715.2902423648089	0.0	1330.6765459237652	759.3872932712853	0.0	1326.031817897282	751.9237595891391	0.0	1331.5938530068693	706.3440632798864	0.0	1277.0713357030086	599.97767746858	0.0	1310.7394947857435	719.2458338034679	0.0	1404.6963365789773	808.0903781266694	0.0	1378.0143673297137	847.0407764344179	0.0	1398.9013465195353	843.0562993716949	0.0	1426.0956974209691	819.1878702588484	0.0	1184.067584493267	488.5422339126331	0.0	1145.7847769665602	415.08459409808967	0.0	1140.9601412162922	461.2600590018325	0.0	1165.5610187385623	501.8929056535581	0.0	1199.0470643454585	559.5017594150709	0.0	1193.704650691312	598.7857040701774	0.0	1211.297837442926	503.34810163428074	0.0	1176.761821517666	581.3641780480773	0.0	1100.6296081702353	602.2829305782108	0.0
604	10.066666666666666	1242.4261286886365	609.7317072386243	0.0	1219.0257141421123	614.418122804615	0.0	1184.3878760762132	702.4054987236035	0.0	1282.2893763308666	722.4870502709072	0.0	1284.8491136694918	768.4135974553162	0.0	1280.5732376760745	760.0020319635944	0.0	1298.759229647118	718.066180958395	0.0	1264.0119985752756	599.5690229241711	0.0	1309.4679097627613	718.3657501045079	0.0	1404.8608193837615	806.4784392775972	0.0	1379.1325774882682	848.0485988641753	0.0	1399.87198645261	843.6549231959985	0.0	1426.8985823742807	817.3634790295253	0.0	1167.7079296462077	486.4553917605302	0.0	1126.3819145370617	414.4602695466858	0.0	1123.0816276644255	459.7580168297667	0.0	1158.891048573247	498.3491370007406	0.0	1200.4949552336411	551.782902308086	0.0	1194.33566928279	591.4956349615885	0.0	1189.2771096126455	502.62468121641655	0.0	1148.6944806430467	578.86583784424	0.0	1069.6422133993153	590.3619648598822	0.0
605	10.083333333333334	1227.6648539244204	607.5414836728066	0.0	1204.0497868521227	611.8315521716473	0.0	1153.8939609197896	691.9507756024561	0.0	1248.4239169173536	730.428868711665	0.0	1240.3531860274156	777.5537384595457	0.0	1236.8969352892673	768.5646888181951	0.0	1266.3182768213537	730.4795903064439	0.0	1249.3225530419056	598.2984836290223	0.0	1306.2487738517138	715.9309676757867	0.0	1402.9066027333722	803.821567773781	0.0	1379.9124858158186	848.4391688644554	0.0	1400.0890603280031	843.6204271099006	0.0	1425.254914415367	814.4487004636059	0.0	1150.2471912396054	483.2872530618629	0.0	1105.5479914945058	412.9565862498427	0.0	1103.9217293162403	457.274342050099	0.0	1151.3053608319894	493.6999820163246	0.0	1198.6018065769078	541.5448643916438	0.0	1190.284418785509	583.5988505414987	0.0	1166.4903762472359	500.4548984656278	0.0	1123.7590614141984	575.8532235178369	0.0	1044.508795123738	580.6496567050648	0.0
606	10.1	1211.7013863134864	604.6596556519612	0.0	1188.3105761919478	608.8196015446841	0.0	1125.6322880257956	682.6656598726483	0.0	1216.3718129345702	738.38268643911	0.0	1199.3732721175	785.41951323525	0.0	1197.080989117367	776.2952180291794	0.0	1235.1213619160078	742.3010634221635	0.0	1233.1660976364353	596.3033914804157	0.0	1300.0252548463016	712.215831041999	0.0	1397.9008345077657	799.9710863786768	0.0	1380.1027915013037	847.8141256433977	0.0	1399.194715001335	842.4766562895172	0.0	1420.17511084527	809.9843059235095	0.0	1131.9284748323082	479.25255737474305	0.0	1084.0300994613428	410.4420965934896	0.0	1083.8814527632233	453.7608327740356	0.0	1141.3422025879133	488.33316594032533	0.0	1193.1838159921267	530.5027788948033	0.0	1183.2251334672592	575.9262803847739	0.0	1143.287475034441	496.9317072406919	0.0	1102.213963608085	572.7345504643476	0.0	1024.9130091237664	574.9788358007798	0.0
607	10.116666666666667	1194.7897269764499	601.2271581107375	0.0	1172.113899866591	605.4602865052216	0.0	1100.4447158449502	675.8561002933659	0.0	1187.2559422884897	745.9090725459846	0.0	1163.6987363649166	791.7645238486887	0.0	1162.576830062718	782.9362153183004	0.0	1206.307920536081	752.9405821360215	0.0	1215.9020733168643	593.6459347617529	0.0	1289.643798882959	707.9510784537275	0.0	1388.9923326317694	794.8198534266958	0.0	1378.9617295106284	845.7078089006884	0.0	1396.3926326054782	839.7025754178715	0.0	1410.873931207863	803.593311712019	0.0	1113.0936987339705	474.71461525612796	0.0	1062.5719377388841	407.09148299188587	0.0	1063.4709871836917	449.489890361303	0.0	1128.1985450852926	482.6285854233427	0.0	1184.1892341283735	520.6510528361462	0.0	1173.77501798672	569.7440701935129	0.0	1119.988893518492	492.46155698839016	0.0	1084.0174150611115	569.760608189023	0.0	1010.3636207725025	574.4054884166579	0.0
608	10.133333333333333	1177.2102851681268	597.3095599244618	0.0	1155.6309249509125	601.7623228004696	0.0	1078.9567207848688	672.2253120832378	0.0	1162.2706406594455	752.7644391979121	0.0	1134.677858565423	797.1878726164196	0.0	1134.416988039649	788.9684667091128	0.0	1181.1258537245585	762.1561079459228	0.0	1197.8662104476848	590.3382301125424	0.0	1274.1914665858344	704.2887938118146	0.0	1375.7660180947514	788.3220046937379	0.0	1375.3277769504393	841.5958313778891	0.0	1390.5588933368501	834.809592145129	0.0	1397.1396102544206	795.1283583212669	0.0	1094.0322797238944	470.08428658076707	0.0	1041.6448283358336	403.26649522261374	0.0	1043.1421580746578	444.946140821082	0.0	1111.9962307731685	476.9848371746691	0.0	1171.6475514235963	513.868859338433	0.0	1161.1501160737628	566.7042764310403	0.0	1097.0935227562427	487.7135727499732	0.0	1068.8869814288637	567.093940257393	0.0	1000.3799726374262	578.9357230504289	0.0
609	10.15	1159.2669081462627	593.0083795646315	0.0	1138.9981170462875	597.7259554221139	0.0	1061.4980601472837	671.8292605159684	0.0	1142.379106470617	758.9345580169124	0.0	1113.0426044510994	802.4446724164396	0.0	1113.208062232831	794.937447388945	0.0	1160.6866209645405	770.0071831233007	0.0	1179.2685175174945	586.478898228879	0.0	1253.3097428446652	702.3316101471808	0.0	1358.274016341963	780.465599912951	0.0	1367.8614522569578	835.1156399612366	0.0	1380.5336711053017	827.5300381179411	0.0	1379.2653776804204	784.6134264220609	0.0	1074.9126034120184	465.7259692151221	0.0	1021.3624312230663	399.3376449824625	0.0	1023.1690700860976	440.5929284475515	0.0	1093.539601676292	471.84788894791893	0.0	1155.6193364518808	511.4636979424314	0.0	1143.8540527291902	568.1548247736166	0.0	1075.0894050514935	483.34565245181994	0.0	1056.4164539958856	564.6861760620016	0.0	994.5987248534412	587.4532898254544	0.0
610	10.166666666666666	1141.2618829878859	588.5987954460205	0.0	1122.4811758357562	593.4122594159207	0.0	1048.0988316398552	674.214413521094	0.0	1128.024817188657	764.6070321797848	0.0	1098.68703539016	807.8809335314186	0.0	1098.9742293956906	801.0003274822006	0.0	1145.7335442747185	776.8140217315337	0.0	1160.1766538588554	582.3422812350666	0.0	1227.2725243341686	702.5614980121427	0.0	1336.7814133070694	771.4067038171909	0.0	1355.4542590741687	826.3941846552094	0.0	1365.4862955679284	818.0601903861827	0.0	1357.6161913371332	772.3676994219992	0.0	1055.7761511802419	461.89475808983894	0.0	1001.615181521027	395.62434534629017	0.0	1003.6172704922185	436.72604028820876	0.0	1073.897403219532	467.5736906173347	0.0	1136.3123503140275	513.4813048590162	0.0	1121.2148284849131	574.0183790498488	0.0	1054.183130687382	479.7310942626914	0.0	1046.2007908180306	562.1508543788109	0.0	992.777232227792	597.8745417196548	0.0
611	10.183333333333334	1123.4519288522379	584.4861166932594	0.0	1106.4342945557994	588.9989857008218	0.0	1038.5640000836727	678.6538449309438	0.0	1119.050455224298	769.9811317204678	0.0	1090.6013991691127	813.2258357286937	0.0	1090.9888743204813	806.8065519866341	0.0	1136.4465404616453	782.8884634072058	0.0	1140.6328111877804	578.329669835176	0.0	1196.7932753210657	704.6451603424117	0.0	1311.5498257910635	761.7095125636771	0.0	1337.5267359697161	816.2270182404858	0.0	1345.0714911681978	807.2373874075095	0.0	1332.394416167616	759.3470154139937	0.0	1036.6004974766195	458.72608984732364	0.0	982.2691915655558	392.4562196178817	0.0	984.4108464609752	433.5075628679628	0.0	1053.9322886441507	464.3377618846343	0.0	1114.421139647956	518.4263713687692	0.0	1094.6968530066679	582.3458194849369	0.0	1034.3750864498977	476.894289936077	0.0	1037.877206061376	558.8695830869772	0.0	994.5689198346422	607.6404131509565	0.0
612	10.2	1106.0194124613367	581.0392766325778	0.0	1091.180891408358	584.7733654591744	0.0	1032.5419597813461	684.3112242000143	0.0	1114.7645574784276	775.06745837171	0.0	1087.023154579926	817.8192395111521	0.0	1087.7490505656685	811.7132021305799	0.0	1132.416849974729	788.279403699186	0.0	1120.7816095668895	574.8615382048292	0.0	1162.7550273820232	707.6428685721196	0.0	1282.7933583683928	752.3526622732287	0.0	1313.869609919153	805.9799551213798	0.0	1319.202582463396	796.5024427402277	0.0	1303.7232193599857	747.109720938618	0.0	1017.4309635852835	456.28273350092996	0.0	963.2927076760916	390.122461985273	0.0	965.4766769218014	431.0560211596872	0.0	1033.9761217163493	462.22948402218805	0.0	1090.9952802243968	524.2900505182187	0.0	1066.602464679581	590.4161064399136	0.0	1015.6355588685532	474.60656656875676	0.0	1031.0489382450087	554.2121829925003	0.0	999.163951577695	614.442739160854	0.0
613	10.216666666666667	1089.0187987586298	578.5196075427657	0.0	1076.8700545025029	581.0783063429984	0.0	1029.5198236059687	690.3017833316017	0.0	1114.0581436110008	779.5949806179799	0.0	1085.9661524070352	821.1341341268771	0.0	1087.382465743563	815.2444117879899	0.0	1132.6956759827146	792.7360374482539	0.0	1100.8330394870886	572.3219964091866	0.0	1125.9955262212375	710.3660243775951	0.0	1250.6480626230727	744.4346550539329	0.0	1284.1751382690688	797.1973002478752	0.0	1287.660883281231	787.4955000552566	0.0	1271.694413034219	737.304164539396	0.0	998.4296176177224	454.5953715862795	0.0	944.7181739888437	388.7293228840899	0.0	946.8257645704664	429.4583242788382	0.0	1013.8922718949356	461.31830347166493	0.0	1066.730836420589	530.0096048079026	0.0	1037.4933071324338	596.1840437137853	0.0	997.9196086983827	472.5048616662539	0.0	1025.1188675951216	547.6792027235357	0.0	1005.1287413605623	616.7633294879963	0.0
614	10.233333333333333	1072.3046899957922	577.0888141731625	0.0	1063.3348286801868	578.2049105738366	0.0	1028.7853778753977	695.7603124225956	0.0	1115.5749313920483	783.1308387649386	0.0	1085.898538853406	823.1712186173348	0.0	1088.2983469101075	817.443734321731	0.0	1135.8298969411094	795.8911739046596	0.0	1080.907433156148	570.9643563217861	0.0	1087.2196228781718	711.7248418369861	0.0	1215.1180238339894	738.8242210185003	0.0	1247.853367673648	791.0845960052359	0.0	1249.9932477251205	781.4870447654131	0.0	1236.2912705963001	731.1201486591114	0.0	979.7531442651398	453.6302477594001	0.0	926.5804442653997	388.2033976972574	0.0	928.5234728792424	428.70765160509643	0.0	993.4249917265713	461.57060139330457	0.0	1041.7141534296698	535.609009359008	0.0	1006.1640210657351	598.4988137015528	0.0	981.0880769641216	470.22615295987214	0.0	1019.2237939555448	538.9482700255029	0.0	1010.668046273056	613.9292766222865	0.0
615	10.25	1055.4836658599488	576.7292009567865	0.0	1050.1110982644532	576.2092383300339	0.0	1029.457751357216	699.9437187122351	0.0	1117.969377359161	785.3771167426764	0.0	1086.0523534967583	824.3975622808628	0.0	1089.585645629902	818.8171395020292	0.0	1140.0936341960812	797.5001668200048	0.0	1060.8775372378968	570.7414572049637	0.0	1047.1132447253885	710.9573376140556	0.0	1176.1630138915014	735.9608234700189	0.0	1204.3934176993503	788.2071524253844	0.0	1205.8566537082445	779.100952010569	0.0	1197.425093368762	728.9666728291578	0.0	961.4041860056718	453.2299422422098	0.0	908.971124852389	388.37000461985735	0.0	910.6387497152756	428.64211489299373	0.0	972.4731181247084	462.7196411516879	0.0	1015.8081281809405	541.2810021361861	0.0	971.7482447136578	596.7161535055261	0.0	964.8091854096339	467.5876952480915	0.0	1012.3836573218337	527.9417739307727	0.0	1014.1165543993985	605.9686882215681	0.0
616	10.266666666666666	1037.982881374118	577.1062437645543	0.0	1036.5940503082938	574.8242134832018	0.0	1030.6017399220837	702.3284094048647	0.0	1120.1543042800895	786.3241839445167	0.0	1086.3293282451805	825.3655521980636	0.0	1091.0214814830695	819.9700775650593	0.0	1143.878365347545	797.5454561603462	0.0	1040.3858232377147	571.2781914539208	0.0	1006.5410602561517	707.7016286278849	0.0	1133.9284212592186	735.8523467490224	0.0	1153.9696786443917	788.485235382993	0.0	1155.542806106222	780.3210337023617	0.0	1155.160654707366	730.5555372391023	0.0	943.2134785776185	453.10233105140657	0.0	891.9927780788369	388.92718077774015	0.0	893.171310780002	428.9188462226389	0.0	951.1181805214433	464.2320000717987	0.0	988.9038235510471	546.790115892888	0.0	935.0271080722838	590.8117528695524	0.0	948.5448808969763	464.6795272950178	0.0	1003.7025712005981	515.0361265123954	0.0	1014.2333502759678	593.7265274091534	0.0
617	10.283333333333333	1019.3211089464769	577.6375011857195	0.0	1022.1995605143503	573.6645534878994	0.0	1031.2912743336851	702.6948129141047	0.0	1121.362652637944	786.1261503221704	0.0	1087.0294664906978	826.3041706467161	0.0	1092.8196387728517	821.1793305681368	0.0	1145.9662601726855	796.2017856351574	0.0	1019.1229074837723	572.0826191457992	0.0	966.606533545267	702.0261064811374	0.0	1088.9496434584225	738.1483388020665	0.0	1097.8678589318765	791.2368434778828	0.0	1100.297474907405	784.4323166779965	0.0	1109.9728347294774	735.2294987901615	0.0	924.9403457648144	452.8771813322869	0.0	875.5164126629784	389.4251634542637	0.0	875.9510135149181	429.0644086650894	0.0	929.561566465254	465.4650685043737	0.0	961.0039617306791	551.4319652200654	0.0	898.0236134482335	581.7547162075127	0.0	931.7273880631396	461.7284288675147	0.0	992.4893033046521	501.30140760727147	0.0	1010.1740207791747	579.0965862896653	0.0
618	10.3	999.4077127869023	577.8145222398671	0.0	1006.5000663318837	572.5197391812899	0.0	1030.5275522969846	701.1448593870234	0.0	1121.0037617613602	784.8888338537603	0.0	1088.4282094588718	826.9722648015384	0.0	1095.182411542149	822.1771105875921	0.0	1145.5691813876238	793.6749551192897	0.0	997.0900301467276	572.773989199195	0.0	928.4492742131997	694.5041111348568	0.0	1042.3029314291682	742.2340308733624	0.0	1038.4814925090166	795.2761065676104	0.0	1042.2490710953741	790.0997527855699	0.0	1062.9392415937257	742.1210377339282	0.0	906.3787871117502	452.19623534085525	0.0	859.0959496797461	389.3702909962816	0.0	858.6449555990578	428.6112933561758	0.0	908.0959526084296	465.89490935346856	0.0	932.5296256818243	554.2680256272566	0.0	862.9471476184962	571.4824569901159	0.0	914.0250871413177	458.87447794704025	0.0	978.3380576327161	488.46362369352335	0.0	1001.3399268847654	564.8025736302997	0.0
619	10.316666666666666	978.5407037640919	577.4164610225698	0.0	989.2894824651067	571.3882497819392	0.0	1027.1147103422416	698.0702427596345	0.0	1118.4452000719114	782.4939813526331	0.0	1090.3496071298096	826.8506139792536	0.0	1097.8239485879099	822.2959854234155	0.0	1142.165489357519	789.9421022971417	0.0	974.5571286826488	573.1351717349042	0.0	892.9554077637407	686.219194963916	0.0	995.6901192499728	747.4969690655007	0.0	979.0269407234546	799.3902753659548	0.0	984.1408764486509	795.9796815050831	0.0	1015.7544591898512	750.3285324886544	0.0	887.3941603659711	450.7822513142231	0.0	842.228075715586	388.3528517597161	0.0	840.912051156771	427.2243393120173	0.0	887.0207025815596	465.21234144986056	0.0	904.5604394516231	554.5921790040715	0.0	831.5828138717131	562.3747112719605	0.0	895.445615307503	456.0928080420563	0.0	961.1771508919335	478.46060772858766	0.0	987.252135321774	553.6406235594791	0.0
620	10.333333333333334	957.1172665316095	576.4546143834266	0.0	970.5823250437661	570.3028990197271	0.0	1019.6709899317178	694.2029770447208	0.0	1112.8565524861424	778.5560831634216	0.0	1092.0553914284699	825.333849231895	0.0	1099.8207464506947	820.7417974167747	0.0	1135.2879676601815	784.6093066146378	0.0	951.7969683918008	573.0671748030659	0.0	860.7028674936705	678.562413414496	0.0	951.3053217493843	753.6087601566026	0.0	923.1452662271046	802.9795119873254	0.0	929.14148720613	801.3424614199729	0.0	970.5508667803254	759.2429803164827	0.0	867.9283806126425	448.5094767039147	0.0	824.6229699184435	386.1459589056734	0.0	822.5293493180146	424.7832228425472	0.0	866.5464732197029	463.3211522366406	0.0	878.5521370431678	552.3212425733573	0.0	805.1002592560284	556.5463087262791	0.0	876.1962080375415	453.2863453286411	0.0	941.1914876630764	472.820996060403	0.0	967.4987757638479	547.6599112276849	0.0
621	10.35	935.373449141571	575.1091123821427	0.0	950.5903013043904	569.2444141829183	0.0	1006.8497627732311	690.6265267960317	0.0	1103.2313447506467	772.5874352275466	0.0	1092.3257533838246	821.7494481503637	0.0	1099.7889279291935	816.7936015827609	0.0	1124.3808454196444	777.0123463042416	0.0	928.8876523393438	572.5859968242085	0.0	832.075006068117	672.8822012601402	0.0	911.4221706537575	760.4203091650184	0.0	874.2235245608515	806.2450379945839	0.0	880.5756696907447	806.1025785414716	0.0	929.6352802993935	768.5275454442396	0.0	848.0290382043013	445.49680330119935	0.0	806.2158936267798	382.812815249562	0.0	803.417310108563	421.4596788457852	0.0	846.8293285141294	460.38075615928284	0.0	855.6882890528066	548.0489770795562	0.0	783.9952825139932	555.2442380860896	0.0	856.5216952826906	450.46295952948674	0.0	918.6431689160356	472.2532359454786	0.0	941.7947123148424	547.6699787566089	0.0
622	10.366666666666667	913.3128268047176	573.7628960158983	0.0	929.5663449391556	568.2634356856006	0.0	987.7074096048416	688.4921285084597	0.0	1088.609685188742	764.2670478690668	0.0	1089.4243624026453	815.4417069298773	0.0	1096.0306214604032	809.9520191681318	0.0	1108.784172664992	766.5746760462948	0.0	905.7752687732792	571.8634075088221	0.0	807.3027045254822	670.1453116081515	0.0	877.8468734893758	767.629914082955	0.0	834.5872173590986	809.8329175812174	0.0	841.1706548463417	810.5472549833576	0.0	895.0520116066411	777.7799069997409	0.0	827.8719572366114	442.13898530482675	0.0	787.0637232875355	378.7424952964503	0.0	783.6588652134566	417.7274014598476	0.0	828.0150149879973	456.8690123316091	0.0	836.3908512389218	542.841611978412	0.0	768.1875991934713	558.5107449906126	0.0	836.67274069825	447.8869447082681	0.0	893.742637731686	476.61593286180556	0.0	910.1343514786926	553.1488856164201	0.0
623	10.383333333333333	890.8159718722085	572.947806144216	0.0	907.6032345502189	567.6219829173157	0.0	962.0452861169697	688.5072382515934	0.0	1068.3494174211628	753.7415333037899	0.0	1081.241641909692	806.1375026079511	0.0	1086.6926892653523	800.1479228211655	0.0	1087.9169780835164	753.3706985950256	0.0	882.5135119656563	571.238356011323	0.0	786.4310163003674	670.7125121273067	0.0	851.5141063620572	774.6965551531785	0.0	805.1137027254663	814.2230334886966	0.0	812.157202119	815.0589399680132	0.0	868.0614465186568	786.4132205147545	0.0	807.7194498915728	439.0246377257505	0.0	767.2972157510859	374.5384575089368	0.0	763.4748739277125	414.2185697838076	0.0	810.1497769105026	453.4972481209413	0.0	820.331271408257	537.7863645522748	0.0	757.2196211306428	565.1816012626571	0.0	816.9037196213378	446.067420781201	0.0	866.6133324144074	485.08836614833353	0.0	872.912309812927	562.4535160967648	0.0
624	10.4	867.8921864641243	573.1415235499175	0.0	884.6767076130427	567.7216396261447	0.0	930.4823134561356	690.5670124124829	0.0	1042.2772514865794	741.8738389284997	0.0	1065.895629970816	794.4375769717161	0.0	1070.20562697034	788.0615051025519	0.0	1061.5415621131767	738.5294046884127	0.0	859.4181526106877	571.1183608191443	0.0	769.2845991135738	674.2811028446504	0.0	832.4483697634627	781.0672162191939	0.0	785.3567460722581	819.2957593717251	0.0	793.1220062032593	819.8283339156457	0.0	848.8917154887594	793.828639709354	0.0	787.7926784785249	436.7550148026148	0.0	747.0977010437664	370.8296624533238	0.0	743.096287161695	411.470313186992	0.0	793.0351018985627	450.92402589340657	0.0	806.8302010407879	533.498816512981	0.0	750.3810181176038	573.2045847640086	0.0	797.3772817704066	445.5165112048368	0.0	837.2971865643597	496.30590058936684	0.0	830.9568860352418	573.213735393102	0.0
625	10.416666666666666	844.8912343559421	574.521482258051	0.0	860.8081884602658	568.8404948551487	0.0	894.1158223788186	693.829936821272	0.0	1010.7124769084442	730.1751807139792	0.0	1042.279174602193	781.953334211203	0.0	1045.7363681871577	775.2509840984859	0.0	1029.8704128919258	724.069912013509	0.0	837.0029578961725	571.7492033486553	0.0	755.4861742694779	679.9983649075784	0.0	820.0102338453523	786.4135029783888	0.0	773.8463967866419	824.4460746517906	0.0	782.5544392137572	824.6782120134818	0.0	836.8733002830888	799.6202824393181	0.0	768.1019067303058	435.6935669481622	0.0	726.6520867333227	368.10237225532927	0.0	722.6577190333663	409.71917789752763	0.0	776.1829197073152	449.4709650173934	0.0	795.2166113340504	530.0118421940371	0.0	746.7235863463635	580.1870468005936	0.0	777.9947954909878	446.4474831993108	0.0	805.7912133920006	508.555967882844	0.0	785.5275883700041	582.8307263448637	0.0
626	10.433333333333334	822.3789837550828	576.826304894333	0.0	836.0565169897749	570.9243561028851	0.0	854.0029594016256	697.074378235079	0.0	974.3706738439988	720.3458357653249	0.0	1010.0529716140328	770.8391736331196	0.0	1013.1876853305419	763.7756978903254	0.0	993.4841529267228	712.2125139581784	0.0	815.7411405431106	573.0368740741945	0.0	744.5544888407134	686.7437924195319	0.0	813.1233403258	790.6068566473725	0.0	768.473031582296	829.000347800927	0.0	778.3685556890922	829.1257893552905	0.0	830.7654021367618	803.6285224810184	0.0	748.385741225378	435.81668648021247	0.0	706.1233109911306	366.5844409426027	0.0	702.1671205933849	408.8981311830196	0.0	758.9880582437929	449.0819912426747	0.0	784.8754267357692	526.9137412110531	0.0	745.2066972842108	583.9931472950609	0.0	758.3289479684562	448.70555925142116	0.0	772.1730522117932	520.2519241181299	0.0	738.2257628983227	588.9626779297479	0.0
627	10.45	800.6952675242928	579.5116932377902	0.0	810.46081384539	573.6477950178787	0.0	810.9905530940295	698.987954119445	0.0	934.1167884644817	713.7236952188841	0.0	969.3694634860162	763.010867069774	0.0	972.9027767605094	755.493783008252	0.0	953.2250669495229	704.6918755544817	0.0	795.7683646205321	574.6623672375437	0.0	735.9909385383934	693.5078413000164	0.0	810.3672543610592	793.5691967507427	0.0	767.0276156724332	832.518161448679	0.0	778.2876749869525	832.6758669343792	0.0	829.0032462265426	805.9024130608269	0.0	728.291547203425	436.8202645364882	0.0	685.6653692625583	366.17472459019973	0.0	681.5431215319235	408.78714291137203	0.0	741.0720921307062	449.49615750229026	0.0	775.1223610049199	523.3995240500747	0.0	744.957030014753	583.2793565197002	0.0	737.7374257714167	451.93311698109244	0.0	736.7635202329844	530.3603250961547	0.0	690.8700578871994	589.9035589492652	0.0
628	10.466666666666667	779.6610651498994	582.1029592405863	0.0	784.1529671826488	576.6238501520372	0.0	766.0340315660583	698.4343748512275	0.0	890.7248598872773	710.9701982638999	0.0	920.8079250058403	759.4980252868897	0.0	925.5406428092745	751.4302284660708	0.0	910.0584535970476	702.4599387303862	0.0	776.7397060113042	576.3593915005869	0.0	729.2415486326718	699.6237568493129	0.0	810.1211430508853	795.286605160707	0.0	767.7311811758201	834.9471552041949	0.0	780.2745833114843	835.1323054889717	0.0	829.8458841882489	806.6810518570062	0.0	707.6402217172831	438.30123202607433	0.0	665.4504460157988	366.498169750882	0.0	660.74217826021	409.0999874888067	0.0	722.5057315640032	450.38736740578236	0.0	765.2801414112805	518.4330158424618	0.0	745.2197251599816	577.9121392075284	0.0	715.5576380417698	455.7196138176588	0.0	700.1597959092762	538.3518973700643	0.0	645.36824654564	584.9044679633971	0.0
629	10.483333333333333	758.7050503507135	584.3145311482547	0.0	757.4924030632369	579.465629477201	0.0	720.5193083459307	694.820433767069	0.0	844.8049383783456	712.0571030127038	0.0	865.4949817462762	760.1765842967259	0.0	872.0749176177228	751.5007968736977	0.0	864.7143846593483	705.6279463706604	0.0	757.9139400782467	577.9879059545165	0.0	723.6228346064569	704.7039375396525	0.0	810.8569101675089	795.9080170606189	0.0	769.4399432812813	836.6015364407609	0.0	782.8719375465148	836.6381448808119	0.0	831.6300215653773	806.29489739416	0.0	686.4866859208834	439.79361011730697	0.0	645.6097685644534	367.14037437211124	0.0	639.8096295565151	409.4818398049128	0.0	703.7065909396093	451.34981022779016	0.0	754.9439050944704	511.2574887202154	0.0	745.0348440798323	569.0942800996324	0.0	691.3512085425215	459.58417120376566	0.0	663.1511078134339	543.9045168402505	0.0	603.3899961244854	574.4320064673534	0.0
630	10.5	737.1751243800954	585.9004401042182	0.0	730.9833779871686	581.7285708084923	0.0	676.1809953546004	688.3460369899008	0.0	796.8583131138819	716.4084735961541	0.0	805.1829378370572	764.0224502172433	0.0	813.6751212925487	754.8190596713345	0.0	817.4026093440377	713.5319947182481	0.0	738.3824296026374	579.4202802935911	0.0	718.3990780936782	708.412780437705	0.0	811.3630888386316	795.6642157538449	0.0	771.483781672412	837.8957941512974	0.0	785.2483845331698	837.4353026178727	0.0	833.0337323987762	804.9681036029739	0.0	665.0023704915226	440.80220916030004	0.0	626.0625350797204	367.8133823335485	0.0	618.7711851496675	409.5673820776393	0.0	685.1751510533594	451.90207717383214	0.0	743.968999802961	502.06386116728504	0.0	743.0810252922217	559.0059126484692	0.0	665.1546867768762	462.91464620967247	0.0	626.6389979655302	546.7523670435664	0.0	565.9572485649146	560.1748501942235	0.0
631	10.516666666666666	714.5566353609704	586.6352792612807	0.0	705.0183657740151	582.9879291757665	0.0	634.6847781530269	679.928969086746	0.0	747.5140111314156	723.0759634724154	0.0	742.1894571304879	769.6215393157809	0.0	751.8034082302148	760.2568818145111	0.0	768.2081298223663	724.8742852861308	0.0	717.3922761374366	580.5013202732623	0.0	712.9124926690992	710.3193045373926	0.0	810.6888206322623	794.6232925277811	0.0	773.4370059636221	838.9740100265759	0.0	787.0096487906909	837.5983356356072	0.0	833.0534118902017	802.6880052937852	0.0	643.3703302469785	440.95246391538905	0.0	606.4412502704465	368.2373863229377	0.0	597.5644922353013	409.05102090951726	0.0	667.2556541239886	451.6678923722955	0.0	732.1716024592596	492.1369351016052	0.0	737.9669724721604	549.9240995646021	0.0	637.5778872571711	465.07084625455354	0.0	591.5695874689725	546.7825478785755	0.0	533.2878704223058	544.6985414980236	0.0
632	10.533333333333333	690.6105935388166	586.4239164791759	0.0	679.7481267187256	583.0184690846518	0.0	597.1934300968002	670.8905505833502	0.0	697.8887266511847	730.9431756568158	0.0	679.1332355398744	775.4470608909096	0.0	688.763822250221	766.5903614925647	0.0	717.9045510831106	737.8360464269662	0.0	694.580420069028	581.0606978396294	0.0	706.4478337982297	710.0487835321059	0.0	807.9256079061739	792.5467978811728	0.0	774.9536384471116	839.4721136812009	0.0	787.9067357715718	836.8985648215598	0.0	830.7768260013552	799.1877576066818	0.0	621.7277679277545	440.09460977727605	0.0	586.2950915936291	368.01789001541937	0.0	576.1159701466429	407.6955628989724	0.0	649.9790829111718	450.56029538601354	0.0	719.1758879800641	483.12938913668967	0.0	728.8350627230936	543.2943227907879	0.0	609.5903062075461	465.6087090868226	0.0	558.8142627470849	544.2628762053668	0.0	504.9505978153536	530.8668589308118	0.0
633	10.55	665.5220240619857	585.2740263537813	0.0	655.3054041250509	581.8176357423058	0.0	564.215430712582	662.606165872203	0.0	649.6836827305406	739.027416988941	0.0	618.8069476442552	780.2360643480845	0.0	627.9120180613755	772.5867023808264	0.0	668.2607162690882	750.5195423115099	0.0	669.9959869644839	580.9012283644279	0.0	697.9029879783653	707.6897798990525	0.0	802.0901345993526	788.9764382909198	0.0	775.5916393978079	838.6031872711277	0.0	787.523870782318	834.7789049985644	0.0	825.2489098451645	793.9851088940972	0.0	600.1311725282495	438.306562388796	0.0	565.4031891559208	366.81838401049646	0.0	554.458403065031	405.3995734045332	0.0	633.0602201465206	448.7782973726367	0.0	704.5684035668371	476.28826812613306	0.0	715.5981978236761	539.5258693879741	0.0	582.0335848319197	464.4622472961455	0.0	528.9757205923225	539.9492036756766	0.0	480.13803772367476	521.2089797102759	0.0
634	10.566666666666666	639.897707445645	583.2345100477406	0.0	632.0466860611344	579.5107997828778	0.0	535.7412539914994	656.2180245219153	0.0	604.9373274131603	746.7615714072257	0.0	564.3050193395107	783.609456305849	0.0	572.9586902759484	777.5378120863081	0.0	621.6535481907567	761.6904327385699	0.0	644.0147291665606	579.8679602487327	0.0	685.7666244121127	704.0602810335818	0.0	792.2486984900095	783.4721801610093	0.0	774.6476164554111	835.4686519491269	0.0	785.0862887260375	830.4456819586377	0.0	815.5484953250481	786.5310302436094	0.0	578.5351334843117	435.8291196741533	0.0	543.902629385901	364.5850073950831	0.0	532.7469285948196	402.2760754272057	0.0	616.0198202664162	446.67603939859174	0.0	688.1265052528449	472.29860116320566	0.0	698.5830376377512	538.4306980185088	0.0	555.2718231962215	461.94438011456174	0.0	502.2260398385515	534.9169429266733	0.0	457.86715173561583	517.3716245104806	0.0
635	10.583333333333334	614.465159850944	580.4691972454356	0.0	610.3254123144186	576.3532266336248	0.0	511.43841083499717	652.4055873959524	0.0	565.6923145714054	753.9827261849872	0.0	518.5978156130084	786.118888116504	0.0	526.977978677214	781.573771328333	0.0	580.5071567149791	771.0303999921697	0.0	617.2143883202632	577.9729631114017	0.0	668.5610326191634	700.5185266527465	0.0	777.7468621990458	775.8599484781433	0.0	771.0155573496369	829.3868225905109	0.0	779.4380813821646	823.1856181353884	0.0	800.9935558452496	776.5154593851574	0.0	556.7979766344689	432.9269878525863	0.0	522.1608788624864	361.5052987616264	0.0	511.13890375705523	398.5935065909798	0.0	598.3170966606676	444.6059992708015	0.0	669.8476944309153	471.40539071619537	0.0	678.160423793971	539.5419688758728	0.0	529.3120987710794	458.5452475758798	0.0	478.3347303369895	530.2197628947338	0.0	437.20876052494987	519.8105142229725	0.0
636	10.6	589.6994876630605	577.3189473594655	0.0	590.0686569548348	572.7422163369324	0.0	490.8105692206625	651.2828457683887	0.0	533.6083374355163	760.7169817809759	0.0	483.50812271202085	788.6397606034692	0.0	491.70545067173487	785.3043200246733	0.0	546.7847954796573	778.8107287184696	0.0	590.1957971791651	575.4145485685857	0.0	645.3751906189194	698.3605113349923	0.0	758.2249193124323	766.3922695810468	0.0	763.1602879869237	820.3022862234997	0.0	769.1845491017277	812.9184280285298	0.0	781.212369339398	764.2151684736515	0.0	534.7660955419659	429.8172516762199	0.0	500.5400257568705	357.83341189838825	0.0	489.6782371440059	394.6836036184479	0.0	579.4682262608047	442.79710709042575	0.0	649.8127638342465	473.46130677277404	0.0	654.6680132383307	542.1477314963483	0.0	504.1258879230576	454.7497963702738	0.0	456.8747475749568	526.5644427689138	0.0	417.67787665406667	527.8120459762346	0.0
637	10.616666666666667	565.6873644797462	574.1872711476816	0.0	570.7585954720256	569.0863303216138	0.0	473.36633099929895	652.5336983712928	0.0	509.51355757871465	767.0135944888866	0.0	459.170686683018	791.7908257151836	0.0	467.24140096391784	789.2626843276502	0.0	521.5163618490056	785.4831911055886	0.0	563.3488206313818	572.488000507594	0.0	616.1598677035768	698.1521334318588	0.0	733.395735035372	755.8026811741869	0.0	749.3542713037407	809.1439897074551	0.0	752.9846125461615	800.6236990265102	0.0	755.9680817156931	750.6762497600402	0.0	512.4408905404697	426.7799607949323	0.0	479.2365643488474	353.83772255707714	0.0	468.36902885824856	390.9554039023754	0.0	559.193159259833	441.34787533902147	0.0	628.0313973091746	477.9291446305379	0.0	628.4282762441424	545.3835918412528	0.0	479.74667924840213	451.00925138216235	0.0	437.4438379771966	524.1112386680448	0.0	399.5002624177621	539.7292867589784	0.0
638	10.633333333333333	542.228885137343	571.3858641152729	0.0	551.717277402097	565.6975122430161	0.0	458.73804572599806	655.7080183721307	0.0	493.16651338354575	772.7983539579265	0.0	444.3611007064974	795.6642446758642	0.0	452.22236119696515	793.5661419270107	0.0	504.5896227114289	791.3386023284017	0.0	536.7404190881189	569.5103713281362	0.0	581.6836547493843	699.4813293880271	0.0	702.9330382021518	745.2162743712264	0.0	728.0946005437014	797.7004403699912	0.0	729.7965678616433	788.1879456708878	0.0	724.9999311423298	737.553696692458	0.0	490.0683068539247	424.2335243235166	0.0	458.27803400577045	349.83013725700454	0.0	447.34121817635224	387.89019321071834	0.0	537.5287919416835	440.3296115292868	0.0	604.3791432903737	483.99427979858876	0.0	599.711054270147	548.4471401234357	0.0	456.1959264556197	447.71793525382526	0.0	419.8066949689124	522.4928669489767	0.0	383.3882342382089	553.2832289973426	0.0
639	10.65	519.004709715169	569.1330982646493	0.0	532.2693065525228	562.8668288561695	0.0	446.66941876693073	660.4046863785102	0.0	483.43852933523425	777.8006663864442	0.0	437.1633147402942	799.8973762664938	0.0	444.38336944732595	797.8965482620057	0.0	494.9462698764354	796.301839908104	0.0	510.273979464774	566.8145351940917	0.0	543.1693596333729	701.2537348040429	0.0	666.6719282011846	735.9192471850116	0.0	698.4539864015031	787.9896270708639	0.0	698.9593666620896	777.7320465775528	0.0	688.1504052031461	726.6512555765216	0.0	467.9880230302672	422.55200934846783	0.0	437.59688518774647	346.08208628461455	0.0	426.7625178857716	385.85012488044936	0.0	514.7848481938692	439.8227324668806	0.0	578.7175352452746	490.78953083875473	0.0	568.6616280399587	550.8199193096909	0.0	433.47739347575634	445.11759021194314	0.0	403.92039979029175	521.0343529495932	0.0	369.95400759128006	566.0089757525988	0.0
640	10.666666666666666	495.70699446007	567.6225927594302	0.0	511.850534305257	560.9184269892866	0.0	436.9071280174864	666.2085215002814	0.0	478.72029861627686	781.7030641609031	0.0	435.48107918613584	803.9894898767722	0.0	441.3076442216116	801.8074315443066	0.0	490.9293161336788	800.0263888306356	0.0	483.87759766978786	564.7369979170703	0.0	501.8811666754981	702.206254247523	0.0	624.8637836873472	729.0653498186415	0.0	660.1439267184257	781.5048501264098	0.0	660.2057501544205	770.8644820759844	0.0	645.6480252822276	719.4027118639813	0.0	446.36847366630434	421.8078634925287	0.0	417.10945930390477	342.71811850202386	0.0	406.5766180373699	384.84060486455667	0.0	491.37103672495334	439.797429948689	0.0	551.0332015079721	497.5197370230402	0.0	535.2459544845326	552.4483336330018	0.0	411.5783643969695	443.23694111923714	0.0	389.8103662316949	519.0138520777814	0.0	359.2396779475561	575.8937098457621	0.0
641	10.683333333333334	472.12176388257177	566.9931630160439	0.0	490.20675679010407	560.0564944987052	0.0	429.02950663953374	672.5844298579364	0.0	477.24633129210576	784.3162481791308	0.0	437.2942162382072	807.5571049361004	0.0	441.0852744875475	805.0983109260465	0.0	490.5763462429768	802.2268127953878	0.0	457.53558981383566	563.5216732573783	0.0	458.98344962321164	701.3293723802876	0.0	578.2237503190321	725.408347080859	0.0	613.3427253358248	778.7214516022129	0.0	613.638621562941	768.2070009206706	0.0	598.2394107123811	716.5724371285969	0.0	425.0890923499556	421.7205611708281	0.0	396.82334068715863	339.84719586692535	0.0	386.5203902261061	384.5017927251048	0.0	467.6077260743137	440.04012409007294	0.0	521.3822095000821	503.4469973998704	0.0	499.2811166260232	553.6389110345232	0.0	390.41057903525115	441.9072455310646	0.0	377.3789745959629	515.9002219619522	0.0	350.67235603289856	581.8506417304037	0.0
642	10.7	448.19598288084757	567.1956564199833	0.0	467.5026247987795	560.1758919761152	0.0	422.242878017195	678.8446699100284	0.0	477.277643747187	785.5453261630921	0.0	440.6805659310638	810.3565950032523	0.0	442.5488981691569	807.837704334777	0.0	491.8601301686414	802.8271188223827	0.0	431.32154051647836	563.1861976516658	0.0	415.606383630784	698.0440550944138	0.0	528.0303735233659	725.1768193744709	0.0	558.701970355455	779.1540344624793	0.0	559.7679851300823	769.4168586970037	0.0	547.2904958408045	718.3157086390797	0.0	403.86206998407795	421.8322356846642	0.0	376.84503353980705	337.71215413039437	0.0	366.37560157170816	384.36800322684934	0.0	443.6352818772635	440.2376777162795	0.0	489.81933981346464	507.9414307861608	0.0	460.57524078991923	554.536403794448	0.0	369.8467463983127	440.8416024746419	0.0	366.2687881825996	511.5327563019292	0.0	343.3363554779141	583.7767798167847	0.0
643	10.716666666666667	424.0125073641553	567.9489114968524	0.0	444.11640650715447	560.9249069566047	0.0	415.2860871905504	684.1255991274493	0.0	477.1428024578821	785.2740896920947	0.0	443.42307233700734	812.2392583504976	0.0	444.88041710016813	810.0467314898481	0.0	492.8099714630854	801.772132812866	0.0	405.4541051180258	563.5290208961954	0.0	372.8878258593679	692.245264835385	0.0	476.52543259347533	728.0806467995792	0.0	497.6795528006578	781.8411409679009	0.0	499.82912873944304	773.5888081831562	0.0	495.10369754387636	724.3227883078379	0.0	382.46769253354887	421.74949626502814	0.0	357.18454502467375	336.494425295172	0.0	346.05984236268245	384.1500450867161	0.0	419.534916839703	440.0880086679276	0.0	456.5011918300893	510.6305570180649	0.0	419.27131807074363	554.5315756299336	0.0	349.8701306147915	439.77063888359424	0.0	355.84252593281997	506.13878687886603	0.0	336.23512401411057	582.3372709555649	0.0
644	10.733333333333333	399.6055824082888	568.9284961272671	0.0	420.19934929906424	562.0253973778653	0.0	406.5349468195851	687.5456809568309	0.0	475.0620906493393	783.3928868211956	0.0	442.1749540330012	813.1347961566139	0.0	446.78385031203754	811.4546264665162	0.0	491.4849722927588	798.9765086263066	0.0	380.23288342672305	564.3603407050697	0.0	332.0206306701915	684.4606188043418	0.0	427.2570046732806	733.3163440714101	0.0	432.96321156948704	785.648134377479	0.0	436.3722812028316	779.4777999902885	0.0	445.2566647912982	733.685465884334	0.0	360.8716067694284	421.275410381986	0.0	337.6294300441465	336.090418717355	0.0	325.5431366679644	383.81103151221714	0.0	395.47049294947465	439.3961665076642	0.0	421.80519920091365	511.48441024410727	0.0	376.3897053852889	552.2040190572673	0.0	330.648413269651	438.5490364385773	0.0	345.31974086245134	500.2034704810803	0.0	328.43763011036145	578.6177971087626	0.0
645	10.75	374.84858481710603	569.9444543619743	0.0	395.46967680682195	563.43554009854	0.0	394.1243758216324	688.5570999508874	0.0	468.9228388712654	779.958809228019	0.0	431.96121352006594	812.8866324965803	0.0	445.9027158895471	811.4967099317299	0.0	485.8804492510852	794.5913714963715	0.0	355.89931266492	565.6256459566422	0.0	294.34564838186975	675.9466088525188	0.0	384.83926468422214	739.6136426457033	0.0	368.70795530479984	789.2288364793737	0.0	373.58545422046745	785.4535797171608	0.0	402.5035757350584	744.6757404523911	0.0	339.13828715113533	420.39513772167584	0.0	317.91364329164907	336.243941416016	0.0	304.8258988028937	383.44002221352474	0.0	371.5495163357317	438.1557305421034	0.0	386.29912643256046	510.7642092761507	0.0	333.8474514815841	546.236659585357	0.0	312.40749824489023	437.1705351094814	0.0	334.0176538832355	494.3381025629328	0.0	319.18094347098867	573.7955821163268	0.0
646	10.766666666666666	349.5831097300664	570.8720282284183	0.0	369.4541555143424	565.1175927597278	0.0	375.9575676638592	687.1209913114201	0.0	456.43401891626087	775.2264516441466	0.0	407.18541042830395	811.0233064812627	0.0	439.12611294857896	809.4319409282282	0.0	473.9102634115063	789.0328908584296	0.0	332.57192618505735	567.1703903335664	0.0	261.28197956107545	668.3593898175609	0.0	353.8823634470011	745.4896064035327	0.0	309.9280572608368	791.2342001998971	0.0	316.5336183175738	789.7195842678443	0.0	371.7209204658976	754.9670753435007	0.0	317.31402447407555	419.2266169369583	0.0	297.9270892785543	336.77005687254996	0.0	283.97586188433127	383.0976332403584	0.0	347.6462711180849	436.5355077112596	0.0	350.6064069912521	508.88343834778533	0.0	293.60636516622185	536.6103685044544	0.0	295.21642869061327	435.7121213016072	0.0	321.51998178888937	489.21229885139644	0.0	307.90747510116347	568.9189098115744	0.0
647	10.783333333333333	323.8095191197115	571.5399039781004	0.0	341.87409973737186	566.7686746377731	0.0	349.99446411245583	683.6932031827299	0.0	435.92888809289144	769.4062894060789	0.0	364.6239318259694	806.8150511764452	0.0	423.83987144765445	804.4949028440233	0.0	453.9224329335633	782.4960637651121	0.0	310.2085698643253	568.5438406816404	0.0	233.92794905582656	663.1005884889354	0.0	336.81516851569495	749.6952078331946	0.0	260.6510902547688	790.830438148437	0.0	269.2458352921094	790.8421652351303	0.0	355.5128948170557	762.3913297238553	0.0	295.449675106112	417.99615298949794	0.0	277.6822989381196	337.5922522895269	0.0	263.07859911050895	382.81549814554376	0.0	323.5673300277666	434.7769829461424	0.0	315.57252050303674	506.3004226586842	0.0	257.0500620054437	524.9000289315736	0.0	278.87414382758357	434.25859755269494	0.0	307.6393714175695	485.424381534351	0.0	294.2128717827514	564.7753101113475	0.0
648	10.8	297.80070422440656	571.7956358108394	0.0	313.02051537656854	567.891966142996	0.0	315.47301515976756	679.3597614556121	0.0	407.873894043197	762.3608207592617	0.0	308.3908288195212	799.655535786411	0.0	399.92968520498476	796.2005589725458	0.0	426.1900010547875	774.4249370547061	0.0	288.39764768213007	569.224278761579	0.0	212.20308186524926	660.6941038460666	0.0	330.03630612442134	751.7311437561796	0.0	221.48349623381606	787.9167144941878	0.0	232.4163940724686	788.1668230683772	0.0	350.11715759937096	765.8050234651934	0.0	273.68531487670595	416.96767690352726	0.0	257.1634805167504	338.7073232670239	0.0	242.13537874524638	382.67491278406214	0.0	299.3657801073893	433.10316847205627	0.0	282.84361125974937	503.5307136839348	0.0	225.12762289215436	513.7252653511289	0.0	262.82744159948584	432.899198441557	0.0	292.21422727097104	483.3656179888011	0.0	277.73339739800815	561.9213722158643	0.0
649	10.816666666666666	272.1210762912066	571.662917405073	0.0	284.20817557429825	568.1534318481788	0.0	275.40989235832456	675.9671715421632	0.0	377.0029439281455	753.5091399043934	0.0	253.65059066699482	789.4751035499389	0.0	372.585412568148	784.8347562599494	0.0	395.22577575120175	763.4500051515305	0.0	266.15551335299926	569.0209362876866	0.0	193.29821240016668	660.4696456482625	0.0	320.9579289727668	752.3055180871485	0.0	187.3478744512469	783.0012562195602	0.0	201.1887341194647	782.0025296165264	0.0	342.31205925588097	765.6790848331992	0.0	252.22760171619404	416.32789762041125	0.0	236.29064381015365	340.19035782144476	0.0	221.0577417774235	382.7799102526753	0.0	275.42069846493257	431.7305909537369	0.0	254.78050767885688	501.22920923629374	0.0	198.3625809128344	506.02138576359727	0.0	246.12106902511874	431.8063400223981	0.0	274.9371149574712	483.33133020520376	0.0	258.0582686334419	560.8098731225053	0.0
650	10.833333333333334	247.43619758935475	571.4213165019426	0.0	257.6397434490995	567.7141432266611	0.0	237.9435700126338	675.5139259858312	0.0	351.51436578340895	742.2048158673261	0.0	221.18640601578562	776.8490138577449	0.0	351.7370962130917	771.5860619644868	0.0	369.1897668818808	748.2610185853412	0.0	242.33088994617825	568.2440445089139	0.0	171.69253015475147	660.9985684154705	0.0	292.85494279371557	753.2164001687167	0.0	149.31662122405592	777.1688852136992	0.0	166.93792864394229	773.5964075942716	0.0	314.51289312027467	763.8535713856188	0.0	231.2231899340714	416.1707859696911	0.0	215.0347815919397	342.1543405292609	0.0	199.78727612729523	383.2018850250035	0.0	252.2825368636792	430.96301099942866	0.0	233.24602197060392	500.19646777058557	0.0	176.59597787927186	504.3958552640636	0.0	227.73457400172566	431.26326003828063	0.0	255.40080391728404	485.5973311176908	0.0	234.79526059553802	561.7948893211839	0.0
651	10.85	224.12078399142857	571.5131350939865	0.0	234.84132212994058	567.2641200606967	0.0	211.35434959244867	678.7960747769703	0.0	335.6376710534054	728.664157577234	0.0	222.22197972619512	762.8672789046282	0.0	343.01433967659705	758.019468681405	0.0	352.4817422285964	729.3012977978947	0.0	216.56206006552273	567.5919829761568	0.0	143.73297952136616	661.3661277819612	0.0	237.79232044730279	756.1398208685034	0.0	104.09287861200299	772.0476181925709	0.0	126.86751414881282	764.7482975186049	0.0	258.3927991030453	761.7846917968014	0.0	210.64352756545836	416.6029612348585	0.0	193.54170001198293	344.6068386502367	0.0	178.36216640983923	384.0201994490632	0.0	230.44028913085984	431.1855101671468	0.0	218.34947287991508	501.13127382264025	0.0	159.0901113253708	510.48065505385495	0.0	207.17364345726992	431.58164949208975	0.0	233.28296363418056	490.15650881121695	0.0	207.77175354740604	565.0090386696361	0.0
652	10.866666666666667	201.9860577995269	572.3283611360212	0.0	215.25238632031153	567.7194144456428	0.0	195.8431350119587	684.7474964627639	0.0	324.48718152252246	714.6146466300199	0.0	247.81049207638455	749.1311345689278	0.0	340.6023244363042	745.5756777217127	0.0	340.41503991862425	709.5320622757207	0.0	189.65155847119203	567.9018593855317	0.0	111.47963369257789	662.0268102895111	0.0	165.13160782372006	761.1771375031273	0.0	60.01783237133656	769.2364958120835	0.0	89.48509812239583	757.1030714629748	0.0	183.86316433891753	758.5232129858409	0.0	190.2392084153677	417.8001579674198	0.0	172.07323563135992	347.360027123641	0.0	156.82330794280125	385.35944359275777	0.0	210.01538461574802	432.683898523197	0.0	207.95473384659337	504.2123868169966	0.0	144.76131873615006	523.8983661727723	0.0	184.61308916413816	433.00463737304864	0.0	208.4442096192195	496.57191396192763	0.0	177.2063314336156	570.2438401427942	0.0
653	10.883333333333333	180.41217793140595	574.047998850351	0.0	196.97625458672374	569.7564029810649	0.0	183.56841369828365	691.2829176308956	0.0	309.86152289657326	702.6906985105932	0.0	275.82935369337974	737.7195270771523	0.0	333.7381311398135	735.5498338168857	0.0	325.0258372986049	693.0437616564874	0.0	162.81247603901244	569.793841521007	0.0	79.67371476354319	664.0235244214122	0.0	94.98083467531725	766.7282511702052	0.0	29.247735487064304	769.178086774368	0.0	65.26574874714339	751.5764163701854	0.0	112.0781815643281	751.3890393625769	0.0	169.61853295352535	419.9327552244659	0.0	150.77979474178224	350.12501899332887	0.0	135.13653784881134	387.3270920048916	0.0	190.62898954085446	435.5134823395291	0.0	198.60928676966915	508.97280784761347	0.0	132.47345456887422	541.4709279581916	0.0	160.48664132170754	435.6768476881881	0.0	180.91919307290314	504.1714381331949	0.0	143.7712388332264	576.8641494420542	0.0
654	10.9	158.76093582629943	576.5994335128122	0.0	178.39921318466259	573.4464300030634	0.0	166.71692805139733	696.4583565528587	0.0	287.3393889042282	695.1397827826761	0.0	287.8260807957251	730.6683815365868	0.0	316.0449479176413	729.1604892741663	0.0	302.25315893728094	682.9718075681665	0.0	136.84772538857885	573.3183232261655	0.0	51.406682912353304	667.5607158914894	0.0	43.73521069172254	770.580863936191	0.0	17.94998468728472	770.4570619212567	0.0	56.66834845324341	748.3226885908056	0.0	60.02769869787235	739.2155588861673	0.0	148.42532134590292	423.0297409174849	0.0	129.54413190722045	352.70186933404267	0.0	113.22633560164037	389.94177966645725	0.0	171.7078211639765	439.5432259067758	0.0	187.63251207256516	514.625771451065	0.0	121.67429282910508	558.455428615945	0.0	135.10123881318927	439.62553297410807	0.0	150.92103120949417	512.25371655354	0.0	108.67334326685544	583.7676803666552	0.0
655	10.916666666666666	136.69536207295243	579.6597977180442	0.0	158.79736980619248	578.2227807760828	0.0	142.4577652189049	698.9292381334267	0.0	256.4660300820153	693.0997199751389	0.0	277.2154281452813	729.1058178687286	0.0	286.432291990397	727.3327748971371	0.0	271.8676812538204	680.5481113830517	0.0	112.113260693911	577.8997154627481	0.0	27.849167619977045	671.7747104694247	0.0	17.02571526937214	770.9594515562692	0.0	24.78020618505369	770.7180921155823	0.0	59.10249715262381	747.1405942174634	0.0	33.26306187022424	724.3518255016537	0.0	126.47170403336612	426.88409732090355	0.0	108.06895303833777	355.13577850876476	0.0	91.05178279050257	393.14073299043594	0.0	152.84903074247325	444.5034422000555	0.0	174.1720599248433	520.4642005642844	0.0	112.33985015329894	571.1933342623399	0.0	108.66343703818676	444.6709529542577	0.0	118.9745325139725	520.2187698219734	0.0	73.9082968861525	589.4180990244051	0.0
656	10.933333333333334	114.28745865353918	582.7076309852501	0.0	138.16718099125453	583.1891160503766	0.0	112.1203375944199	697.9943671986125	0.0	218.59502900437008	696.5963355004402	0.0	246.00005561314654	732.729435268581	0.0	246.31670675702128	730.2704085833918	0.0	234.9801658108919	685.35867944044	0.0	88.8110638363392	582.6455122812977	0.0	9.329768169189537	675.516846425202	0.0	11.98840069445717	767.1607401719687	0.0	42.54928998928538	768.8127052662308	0.0	65.61705647599817	747.8580470225961	0.0	28.716155103138025	711.6626702934097	0.0	103.8386889287951	431.07195758195394	0.0	86.19713787702642	357.7384045512463	0.0	68.80322817040042	396.782544391243	0.0	133.89738818813947	449.965034211569	0.0	158.5251579886144	526.0513211115468	0.0	103.81028693613258	578.3222448852466	0.0	81.6271980358543	450.3324968310711	0.0	86.30517118438136	527.5859332678275	0.0	42.580353406580286	591.9761062694666	0.0
657	10.95	92.12835860196691	585.1529948155282	0.0	117.05967697339523	587.5285677789125	0.0	79.18016090319374	693.5540494706781	0.0	175.90790199339406	704.6987499434454	0.0	199.92242514151064	739.982530308337	0.0	198.3567887945898	737.1506700548777	0.0	193.12547699353374	695.9583727630271	0.0	67.24183960456484	586.7350839510201	0.0	-4.275772711849699	677.7257598403746	0.0	20.62760601826433	760.0324465579032	0.0	60.34428917476076	765.909543980367	0.0	69.63364614842004	750.3796589143884	0.0	38.24106153021019	705.9246367608089	0.0	81.07778012338552	435.0179468359339	0.0	64.3776479811828	360.8561872004795	0.0	47.29215392556646	400.54211662325895	0.0	115.00366789888685	455.3519385767239	0.0	141.4551767216424	531.1137858965727	0.0	94.59999823243433	580.1033240533193	0.0	55.14485544895863	455.8433813711295	0.0	55.391349739135805	533.8231839556421	0.0	18.913300623885107	589.660449912437	0.0
658	10.966666666666667	71.5414785581185	586.5403077389876	0.0	96.69272470446393	590.6871416153974	0.0	48.05151021114551	685.9243116450801	0.0	131.42693174614018	715.5787652155755	0.0	146.44347705526405	748.491746677395	0.0	146.69117898376118	746.0595593709861	0.0	148.65118076465362	710.232188724739	0.0	48.19696572073759	589.5666184245464	0.0	-13.179285935884625	677.3494211428939	0.0	32.221862356319626	752.0098291736548	0.0	68.24440361783462	764.1122952632372	0.0	66.67840602387211	754.371665225318	0.0	50.66629172563332	709.1241972699285	0.0	59.568756190289	438.0193646399258	0.0	44.17458447666911	364.44507615962675	0.0	28.415634984403173	403.79804859936934	0.0	96.96750068561964	459.9797506214223	0.0	124.4056825159534	535.1900480593347	0.0	84.05577780355897	577.4742246543611	0.0	31.456927384481304	460.2758120819574	0.0	30.26572748229554	538.245874411634	0.0	7.614533619879394	581.3929352781787	0.0
659	10.983333333333333	54.90547173535072	586.5045398922293	0.0	79.36833826156337	592.086541266816	0.0	23.593396575789576	675.4442210413351	0.0	89.71153304206211	726.4759830530602	0.0	94.41183640208264	755.3417855459322	0.0	97.61475493719709	754.0446471724518	0.0	105.70941397737197	725.3488688361849	0.0	33.579695073891386	590.4964019795225	0.0	-16.66208590589402	673.5115497882584	0.0	38.45038902246831	745.5326030898221	0.0	63.48686253530395	763.8863862129634	0.0	56.36872953450954	758.6496814737444	0.0	56.89633900523111	719.1583241379371	0.0	41.99121330501045	439.22002759802194	0.0	28.653812236900077	367.75894931198025	0.0	15.457295541680395	405.6489272164946	0.0	81.82542022034258	462.99021058458476	0.0	110.00494672968388	537.3106648141317	0.0	73.89159388231117	571.4323580988205	0.0	14.067647215935994	462.6254413859638	0.0	16.24565013573371	539.9961999593212	0.0	12.819641033129674	567.2260690756981	0.0
660	11.0	46.165765768935394	584.2278619589956	0.0	69.06062450778607	590.5524722894507	0.0	11.14391993800486	661.981473150753	0.0	57.57564940485739	733.6698681316502	0.0	53.87497052677283	757.3448230080929	0.0	59.6657028827962	757.4416685630151	0.0	71.12819546768078	737.6477087034573	0.0	27.19808777352862	588.3517811771789	0.0	-11.860742142914024	665.5183634586213	0.0	39.56032943177663	740.3401665890909	0.0	53.16264700211467	762.8265183251409	0.0	44.332978015871944	760.54142153361	0.0	56.62836534312767	730.83249775658	0.0	32.694990054004016	437.5389373179659	0.0	22.3749291551511	369.3556277717827	0.0	12.873496579417042	405.04478551830886	0.0	73.3313794412854	463.1748970757042	0.0	102.28573466400863	535.8845090407004	0.0	68.40913525978239	562.4004627972585	0.0	7.756476557795747	461.71686901889694	0.0	19.027271036242674	537.8108349320844	0.0	37.04201757508203	548.0001103800531	0.0
661	11.016666666666666	50.98737854035861	578.0504583806511	0.0	71.48917972850475	584.1613973813246	0.0	16.339602836967217	644.6337637691506	0.0	43.65763650463983	732.788863865227	0.0	34.73494724631751	751.4135015381609	0.0	42.224969158920274	752.564110105161	0.0	54.11505179819736	743.0948296866615	0.0	34.989304713604334	581.3115804782528	0.0	6.209045731642161	652.3076984059811	0.0	44.70169014977754	732.633815282451	0.0	50.464098119855464	756.4929836509081	0.0	41.510408741074095	755.8210680914563	0.0	59.19780880262898	738.0075557056117	0.0	37.45316617928381	431.6871699460826	0.0	30.745569581147485	367.4210373374429	0.0	25.459099255940345	400.98119737869973	0.0	76.77849229572088	458.9297633260231	0.0	106.38856321811245	528.8643151874647	0.0	73.75188639926894	549.6719527078793	0.0	18.246963685468092	456.1427500567751	0.0	43.00190877664886	529.8841670851594	0.0	80.11080184631649	524.7342927700371	0.0
662	11.033333333333333	75.17979612614107	566.0435935674802	0.0	92.4743851097187	570.986797135044	0.0	43.64581693152037	622.0296879866311	0.0	55.677072628498	719.9253757461076	0.0	43.889404785437485	735.1284940586796	0.0	52.40472267874534	736.5820528491678	0.0	63.38048095078737	738.4602615213632	0.0	63.160649398758686	567.5741127394782	0.0	42.658679731279065	632.278345630409	0.0	65.60525851080439	717.1946722675343	0.0	67.53547311409706	740.1460900191089	0.0	59.31595980749873	739.8455452227814	0.0	77.13531584800198	735.637142632185	0.0	61.756219198087194	420.5135219348495	0.0	58.43843703697871	360.4053792287423	0.0	56.99681081139551	392.74785431127435	0.0	97.45876684970648	448.6796466795456	0.0	127.16634100684871	514.3866680149623	0.0	95.94527132397744	531.7663184185523	0.0	50.62633094618995	444.6234156326809	0.0	89.16371506585989	514.4053511171745	0.0	138.80968379912306	498.46542161144384	0.0
663	11.05	121.40587555640549	547.2408392943396	0.0	134.71487608450283	550.2949917382364	0.0	93.92366788778932	593.325012717754	0.0	96.35631306583788	693.4229922585996	0.0	82.3128472037624	707.7144811765617	0.0	91.73167462476424	708.5924636565987	0.0	102.50507380811098	722.6426304126844	0.0	114.51376596683828	546.4536438363592	0.0	99.63254711300716	604.3268755828663	0.0	109.36714828151696	690.57377099101	0.0	109.9705749518145	710.8403431103966	0.0	103.64128167961547	709.8529299735429	0.0	118.33537707479458	721.4710575970331	0.0	107.8324696369655	403.6577605904577	0.0	107.00621721292221	347.76768659517705	0.0	108.43356887862123	380.25116640993895	0.0	137.8468323453275	431.7592122726056	0.0	166.68257441106275	491.793194458396	0.0	137.86084075046432	507.74478429743874	0.0	106.53165404357102	426.7459994782084	0.0	154.2906764804317	490.6529170869112	0.0	208.14700988977157	470.2530506312281	0.0
664	11.066666666666666	187.11133084256042	522.3641593180523	0.0	195.8047460585035	523.1162027956675	0.0	163.3326721338898	559.0835040610616	0.0	161.67804852382204	654.8908701408602	0.0	144.6971708067568	670.7298346990987	0.0	155.34570081574356	670.2682717460872	0.0	167.74096636545576	697.158412239326	0.0	186.28999959407267	518.951231327675	0.0	174.54397602355073	569.0803175299646	0.0	175.3485164204168	652.9283071912605	0.0	175.559550579445	669.0893196002445	0.0	172.44754513745355	666.7193383708511	0.0	182.52297108862325	696.635506874447	0.0	172.90630022039866	381.9553183665024	0.0	173.49829823537206	330.28329701573506	0.0	176.7411836064108	364.20816215049456	0.0	195.7636783902214	408.99966862760186	0.0	222.66187629960032	462.216326517992	0.0	197.4363029982274	478.1737232893439	0.0	182.53859604369316	403.4273190653712	0.0	232.3939567103328	459.706645587954	0.0	283.1681923652334	441.06812456968396	0.0
665	11.083333333333334	265.7381081616138	493.4636725416848	0.0	269.44325762951564	491.76438883573786	0.0	244.81149346473595	521.2048849539891	0.0	243.0932140621826	608.3749610752315	0.0	222.11143779016308	627.5421056302225	0.0	234.442402201254	625.2330142761822	0.0	250.2788245080866	665.3153632601137	0.0	271.5387036002633	487.3356447981626	0.0	261.1433342357448	528.8922443085585	0.0	257.03244370710695	607.4289323295142	0.0	256.8594781803298	618.5352307579137	0.0	258.0274871435791	614.4519613458943	0.0	263.1475480363177	664.5521078011608	0.0	250.45221343387456	357.1618130368495	0.0	251.59091328573615	309.65681250900866	0.0	255.84125305215545	345.9458784930989	0.0	265.38625760964214	382.4123390877466	0.0	289.5175636888167	428.1460528917851	0.0	268.8323132068603	444.93708691757075	0.0	271.48108248513785	376.616758644652	0.0	316.8558362319274	424.08718482437126	0.0	359.7015991629213	411.80450923583635	0.0
666	11.1	349.24716200635777	463.1430394444538	0.0	347.90898793024036	459.04134920058596	0.0	330.3192882013549	482.3191759327225	0.0	330.80846977605864	558.7945904487091	0.0	305.02015387208485	582.2135318539057	0.0	319.36331781861963	577.8368890711054	0.0	339.8445163492445	630.9492584974672	0.0	361.7631684066315	454.3796618831231	0.0	351.6976615369506	487.0013443955744	0.0	345.50566310076994	558.6023434961828	0.0	344.61201158716864	564.2755596403076	0.0	350.6140091494091	558.4221842279	0.0	351.0892335171224	629.3680009019602	0.0	332.60016288890625	331.402969017766	0.0	333.7361932094532	287.91793483669034	0.0	338.4957102128987	327.02590974341496	0.0	339.51195947293274	354.47726326569807	0.0	360.4428311696972	392.60552312363336	0.0	344.7670708587191	410.5651003780136	0.0	364.85816571755856	348.67645636788063	0.0	401.4269105259502	386.916593392197	0.0	434.032972349213	383.4688424437331	0.0
667	11.116666666666667	429.5656499333317	434.1111613902207	0.0	423.481504437342	427.8157679519629	0.0	411.9683896593291	445.3937470769123	0.0	415.50175988572636	511.04660732920513	0.0	384.6644631600739	538.8580839578377	0.0	401.11106370129875	532.4563357030098	0.0	426.63313164073656	597.729640912996	0.0	448.40283163785614	422.9424354862677	0.0	438.2238107253219	446.9431533931969	0.0	431.5577332693892	511.26117617152966	0.0	429.6285536343727	511.6841864039635	0.0	440.4487899495447	504.1956110656593	0.0	436.92000929415315	595.0827766238405	0.0	411.4866481368954	306.8726925395152	0.0	412.3588326710284	267.095351467848	0.0	417.37384697054733	309.04321440065956	0.0	410.89738368081674	327.7308663827641	0.0	428.61331935673604	358.6974272578624	0.0	417.8776165038273	377.83050945401624	0.0	454.14146648586063	322.0321839635963	0.0	480.1420204834567	351.43050890201494	0.0	502.27281211398616	357.3743184470709	0.0
668	11.133333333333333	499.17604880196285	408.9750625435335	0.0	489.0116048804014	400.8381948613056	0.0	482.4329184766552	413.4882363702562	0.0	488.88520263874113	469.6519777624484	0.0	453.40583329439164	501.3715175228027	0.0	471.77899374585013	493.2076750712194	0.0	501.9621659660943	568.9252059901073	0.0	523.4435728248841	395.7806421812235	0.0	513.0461356607628	412.2359265783685	0.0	506.6090295010182	469.99548376897985	0.0	503.53127023608744	465.86167239388004	0.0	518.6144146551616	457.00851501699213	0.0	511.9015907836664	565.2352672010344	0.0	479.7935978081536	285.6953855881023	0.0	480.34043069086033	249.08689731638935	0.0	485.5006405793146	293.53797198615376	0.0	472.80652085755435	304.58635060158736	0.0	487.6735030461219	329.402661993813	0.0	481.2878126880385	349.5236765805971	0.0	531.3029303755284	299.0178610886351	0.0	547.1918594058925	320.75386488498594	0.0	560.1275738580795	335.14378268099813	0.0
669	11.15	552.2190033970442	389.8144652788926	0.0	538.9514442037266	380.30234567923713	0.0	535.9883887088939	389.1556084403828	0.0	544.7097511208045	438.1123566663675	0.0	505.54667260216416	472.8326793022475	0.0	525.4443105653056	463.3282120777151	0.0	559.3155057144596	547.0023345950302	0.0	580.6120523748788	375.1008129127013	0.0	570.0374896368368	385.74481102680596	0.0	564.0101119269336	438.4218697564644	0.0	559.9051406005927	430.8154180379251	0.0	578.2776594188532	420.9553092046775	0.0	569.294771283533	542.4724384324714	0.0	531.8143611950507	269.57771354575266	0.0	532.0848080634617	235.3796538198335	0.0	537.3397227969309	281.74696892258453	0.0	519.9974773224156	286.9553120167587	0.0	532.667581037565	307.10183393406874	0.0	529.631485786483	327.93734546751256	0.0	590.0204612320891	281.4995961166513	0.0	597.8136190777659	297.389283097858	0.0	603.7808232174082	318.29026345626454	0.0
670	11.166666666666666	586.4256501621076	377.44802041542204	0.0	571.15657430457	367.0627602087466	0.0	570.4580595754452	373.4301502006753	0.0	580.6340498634222	417.7776527715134	0.0	539.015589153416	454.4356337287346	0.0	559.9269903780572	444.069618953127	0.0	596.2433892303563	532.888944091842	0.0	617.4766936918431	361.7654546734633	0.0	606.7987932435103	368.62179239324234	0.0	601.1285722234261	417.990426515934	0.0	596.2740565278931	408.1452647343706	0.0	616.7882237208429	397.65484804958413	0.0	606.4261265341651	527.799632378898	0.0	565.3476139216008	259.1863134790077	0.0	565.4318020251571	226.54651398101876	0.0	570.7469389448985	274.15007309598457	0.0	550.4373132232964	275.5835154843817	0.0	561.679086926345	292.7233093894794	0.0	560.8212808975746	313.9920378612711	0.0	627.8557226226001	270.2051141795929	0.0	630.2553835615735	282.31803692785763	0.0	631.7802741071043	307.4306247546964	0.0
671	11.183333333333334	604.0039170152448	371.08580575160096	0.0	587.7054335840625	360.26026852492936	0.0	588.1301988951163	365.32416618886157	0.0	599.042792767461	407.33171704156985	0.0	556.1122631920806	444.9853112541473	0.0	577.5639990396465	434.1788789188144	0.0	615.1778704506663	525.6533374501987	0.0	636.419974721438	354.9117498974072	0.0	625.6985336409512	359.7952868600816	0.0	620.2646900207378	407.44723465647013	0.0	614.9692536577536	396.45217877832573	0.0	636.5966192282349	385.65001136822224	0.0	625.5790893031367	520.2675210318533	0.0	582.5711016551816	253.84666602423366	0.0	582.5557750105467	222.01100891730562	0.0	587.902549526199	270.24947161560215	0.0	566.0840279118305	269.7377670695678	0.0	576.5849224801452	285.3347979483861	0.0	576.8578607855004	306.8077961295475	0.0	647.2812905443213	264.4015736443412	0.0	646.8071170923337	274.56921433513577	0.0	646.0865880779227	301.8495570155557	0.0
672	11.2	609.9751343352308	368.91882007130846	0.0	593.3262281619064	357.9504854293254	0.0	594.1000745003536	362.5505273399689	0.0	605.2540138128487	403.78665640952005	0.0	561.8373878796658	441.77825144325817	0.0	583.4883476220858	430.8242385530197	0.0	621.5758324616095	523.2092159506149	0.0	642.8541617844252	352.5829647329011	0.0	632.1256093792119	356.77501952324826	0.0	626.8145041756488	403.8310006414267	0.0	621.3242977143044	392.4456684922118	0.0	643.3401210408858	381.54731042693663	0.0	632.1427809900728	517.7167862786254	0.0	588.4147305496068	252.03300915687035	0.0	588.362602888685	220.47320920375535	0.0	593.7206259706403	268.927045225539	0.0	571.4024529392127	267.75030621778757	0.0	581.6461574338934	282.8252303995982	0.0	582.3123676255682	304.3529873871268	0.0	653.866106072569	262.43049281623564	0.0	652.3336945713929	271.9338258778554	0.0	650.8803801795623	299.95337417775704	0.0
673	11.216666666666667	609.5438942525793	369.0683393398371	0.0	592.9193612605118	358.11853485300816	0.0	593.6285084268042	362.7263689858739	0.0	604.7541560858759	404.0469893942551	0.0	561.3235464451863	442.0138541803979	0.0	582.9792446702277	431.0730766769922	0.0	621.0724702187885	523.4025067394853	0.0	642.388613705785	352.7504347870018	0.0	631.6699045905576	356.96640092828	0.0	626.4015090902456	404.0501693169653	0.0	620.8705428466006	392.693357231927	0.0	642.8709545829516	381.8137057112529	0.0	631.7386568811344	517.9115696052711	0.0	587.9840699162903	252.16415819762702	0.0	587.9309975290689	220.5876995949051	0.0	593.2887804899782	269.0256240225106	0.0	571.0224236746384	267.89168508394283	0.0	581.2780036417213	283.00674808182004	0.0	581.9269810355561	304.512851114634	0.0	653.3736747355755	262.5732073050109	0.0	651.8180794763647	272.12030547530543	0.0	650.454042302446	300.08994242065825	0.0
674	11.233333333333333	606.5859898201608	370.1337652305116	0.0	590.1339984189062	359.26408890741396	0.0	590.6250942432644	364.0723874624297	0.0	601.6188286756183	405.80783394041504	0.0	558.3729031821729	443.60695300681743	0.0	579.9517215076742	432.7421475134386	0.0	617.8559957703976	524.632369029848	0.0	639.2003765198572	353.90317134433184	0.0	628.4958551970024	358.43199044970953	0.0	623.2256104326219	405.793317956865	0.0	617.728562942911	394.6302625487203	0.0	639.5509217729201	383.8117273389995	0.0	628.5671941834102	519.1864930898461	0.0	585.0795254656031	253.06280214047862	0.0	585.040538770419	221.35343338272673	0.0	590.3934293514307	269.6842578003181	0.0	568.3925309245747	268.873791818345	0.0	578.767851770088	284.2502307279973	0.0	579.2347629831921	305.7089235621413	0.0	650.0925027708556	263.5500535533117	0.0	648.947225261613	273.4213736941466	0.0	647.987777737824	301.02878756308945	0.0
675	11.25	603.3826947548183	371.2897629802134	0.0	587.1180331678269	360.5040320460762	0.0	587.3866082539442	365.5387306719019	0.0	598.2415679138131	407.71224333969724	0.0	555.2125438502428	445.330137589617	0.0	576.701184087917	434.54621774731777	0.0	614.3870880028331	525.9582700283983	0.0	635.7479487936859	355.15156780296246	0.0	625.0555902158768	360.02859104565044	0.0	619.7656061831048	407.6943288643826	0.0	614.3248168862829	396.7412983015567	0.0	635.9495123376738	385.98507010200274	0.0	625.1087581489661	520.5591631192782	0.0	581.9371646685458	254.03619141387668	0.0	581.9145028673479	222.18181479129603	0.0	587.2620608224797	270.39675067636176	0.0	565.5430405106276	269.93850480402955	0.0	576.050311434324	285.59694249080775	0.0	576.3160733600469	307.0100357590008	0.0	646.5447748981222	264.60804252983297	0.0	645.8778881037866	274.8317009091097	0.0	645.3443549117508	302.04551511173986	0.0
676	11.266666666666666	600.9412643792432	372.1711381571271	0.0	584.8199195568734	361.4483013236929	0.0	584.9241696804826	366.6601867738327	0.0	595.67572982515	409.1603147014738	0.0	552.8184744145034	446.6410237424201	0.0	574.234945977552	435.9170367557365	0.0	611.7491757519763	526.9660194133704	0.0	633.1167769612379	356.10254559200126	0.0	622.4324865556653	361.2495812501891	0.0	617.1207158489068	409.14542748424105	0.0	611.7318110868025	398.35327737804243	0.0	633.2028557429613	387.64345224162344	0.0	622.4642107396662	521.5919490607764	0.0	579.543793289826	254.7787373726762	0.0	579.5335827679513	222.8135545614626	0.0	584.8774468649901	270.94013908826355	0.0	563.3706790967871	270.7513369444674	0.0	573.9793141867915	286.62376946091615	0.0	574.0899303605709	308.0034815887834	0.0	643.8426240427357	265.41497917627225	0.0	643.5527555198764	275.9070975249824	0.0	643.3398053303913	302.82011021633747	0.0
677	11.283333333333333	599.4710603039479	372.70116365431716	0.0	583.4369437833974	362.0156013860795	0.0	583.4452310363508	367.33859709501274	0.0	594.1372308734149	410.02622000930546	0.0	551.3869290352269	447.42617393153614	0.0	572.7566797622261	436.7352727376604	0.0	610.1646899165476	527.5704520380214	0.0	631.532423031404	356.67404422272847	0.0	620.8523741463094	361.98800693133035	0.0	615.5238698610843	410.0155069713437	0.0	610.1738225643732	399.32196361596687	0.0	631.5486946051574	388.6401860861016	0.0	620.8677786120329	522.1884845984493	0.0	578.1041367313193	255.227288726109	0.0	578.1007293714074	223.19543779781154	0.0	583.4432415453058	271.2686949529318	0.0	562.062107046334	271.2431541842095	0.0	572.7320888666262	287.24301899735906	0.0	572.7477218882053	308.6019414695988	0.0	642.2157533069601	265.90216468572703	0.0	642.1586393946947	276.55495231690713	0.0	642.1376693601243	303.28584291044103	0.0
678	11.3	598.7956693958373	372.9429026191685	0.0	582.8031320498243	362.27403796948886	0.0	582.7695705376242	367.6537272591649	0.0	593.4380299761262	410.4139139524067	0.0	550.7392938682857	447.7799070482694	0.0	572.0834128816672	437.0992722449605	0.0	609.4406823181463	527.845207058036	0.0	630.804718571669	356.9345391178369	0.0	620.1262433602955	362.33067377032836	0.0	614.7876332478526	410.4057676204859	0.0	609.4644351235397	399.7604954507402	0.0	630.7898319410936	389.09263403814697	0.0	620.1328020070038	522.4200190510655	0.0	577.444891944721	255.4357418272339	0.0	577.4431639600865	223.37360029071843	0.0	582.7865829239287	271.4221238024025	0.0	561.4605851018844	271.4729174048946	0.0	572.1587829612869	287.5290571316576	0.0	572.1289404973321	308.8759740991838	0.0	641.4677429419206	266.12813977165445	0.0	641.5200726646246	276.85273761883116	0.0	641.5881056778784	303.4985416540668	0.0
679	11.316666666666666	598.6277516243299	373.00016988982486	0.0	582.6477938975781	362.33506077210365	0.0	582.6060162691765	367.7365859931696	0.0	593.2740464988999	410.49525228595377	0.0	550.5903309645975	447.85750878603034	0.0	571.9223757727453	437.17208024257747	0.0	609.2652868535907	527.9096339998354	0.0	630.6239574731964	356.9962114060514	0.0	619.9455875395153	362.42026069990766	0.0	614.6023605091777	410.4873419391597	0.0	609.2977513244465	399.85856755716554	0.0	630.6032552178893	389.19607114471194	0.0	619.9497482745161	522.4139269446271	0.0	577.283913535499	255.49117957873432	0.0	577.2803182327059	223.42210963399654	0.0	582.6262788581972	271.46411797441493	0.0	561.3105812450793	271.53574417685496	0.0	572.0156428116125	287.6025373658938	0.0	571.9720548003559	308.9422475426504	0.0	641.2802928093598	266.1876003421962	0.0	641.3606545468963	276.9269192583124	0.0	641.4531183423554	303.549531688835	0.0
680	11.333333333333334	598.7134930858647	372.9657432856056	0.0	582.7311739595114	362.29805662432216	0.0	582.6972846589465	367.70229482311356	0.0	593.3752887312478	410.4264618975762	0.0	550.6875508095842	447.79915236364394	0.0	572.0155590791429	437.10286597921333	0.0	609.3629095237022	527.8698113194025	0.0	630.7165475007672	356.95911358083697	0.0	620.0376712354138	362.3823040134228	0.0	614.6933465885294	410.4173758164874	0.0	609.4004777099614	399.78836185844085	0.0	630.7024564830855	389.1266697121695	0.0	620.0431306735738	522.301641470672	0.0	577.3713611156816	255.46942861526796	0.0	577.3645464040465	223.4050123034008	0.0	582.7134141883619	271.4496807320222	0.0	561.3863909830961	271.51399908541197	0.0	572.0876189587208	287.5693143067991	0.0	572.0467027396555	308.90492165201056	0.0	641.3732130058822	266.1631931008877	0.0	641.4400444515485	276.8892858677219	0.0	641.5244671350936	303.52006934262016	0.0
681	11.35	598.8846025303648	372.9030823676891	0.0	582.8929901806166	362.23082311157657	0.0	582.87151340133	367.62532310202823	0.0	593.5585831373663	410.3200192222036	0.0	550.8597491021355	447.70385158815174	0.0	572.1908666390996	437.00092820547195	0.0	609.5494643716902	527.7978295752193	0.0	630.901016017149	356.89146987764195	0.0	620.2214418128945	362.29832738371874	0.0	614.8777264199841	410.3107842792583	0.0	609.5854214515225	399.6720677539975	0.0	630.8956026920853	389.0077214598253	0.0	620.2280854966775	522.2081388609136	0.0	577.5401215822939	255.41859551689356	0.0	577.531683286782	223.36213059237824	0.0	582.8815724974036	271.41286969179646	0.0	561.538495755008	271.4589502554014	0.0	572.232574454882	287.4981499015115	0.0	572.2016744180244	308.83477476885145	0.0	641.5621910897036	266.1077408708268	0.0	641.6032713681661	276.81400814238316	0.0	641.6658375536766	303.46518385923076	0.0
682	11.366666666666667	599.0580299128102	372.84680406225465	0.0	583.051862568311	362.1701162477945	0.0	583.041320159651	367.53896888072813	0.0	593.7258714778734	410.24686399564695	0.0	551.0149578092237	447.63102159312626	0.0	572.3608570870718	436.93826389869025	0.0	609.7313894252866	527.7324576266064	0.0	631.0876830551983	356.8302028458108	0.0	620.4072547845323	362.2053471351057	0.0	615.0645536666595	410.2424575627976	0.0	609.7498801490651	399.5834889735516	0.0	631.0849563971012	388.91100532532624	0.0	620.4102044276617	522.2607208584626	0.0	577.7051228791942	255.35866076108854	0.0	577.7006658883894	223.30856635563768	0.0	583.0461435073647	271.3663397643834	0.0	561.6933776686776	271.3900834759184	0.0	572.381124782453	287.4205092229156	0.0	572.3650808808499	308.7695452923819	0.0	641.7586573426998	266.04388913079276	0.0	641.7803979979954	276.73773549572456	0.0	641.8122779380644	303.4140209072492	0.0
683	11.383333333333333	599.2131123403208	372.81068120989625	0.0	583.1839508626977	362.13026683759233	0.0	583.1807804113457	367.44599767177556	0.0	593.8405312199797	410.24891631700933	0.0	551.1181854860815	447.6120471324504	0.0	572.499536639408	436.96119759219886	0.0	609.8809955914182	527.6884189170212	0.0	631.2540358433749	356.7896073682444	0.0	620.5723682988474	362.10741853726387	0.0	615.230302558217	410.259456063936	0.0	609.8520808893093	399.56204552592453	0.0	631.2414303639165	388.87143606056884	0.0	620.5612402558587	522.594279495755	0.0	577.8410725249507	255.28868194101435	0.0	577.8512047534465	223.24093209454688	0.0	583.1821270856934	271.3067193675669	0.0	561.8331766264594	271.30309254538076	0.0	572.5171913662347	287.34033666684564	0.0	572.5233619790204	308.72297522707055	0.0	641.9442660655773	265.97188887756516	0.0	641.9639005872481	276.6696405328471	0.0	641.950994363597	303.3769522881398	0.0
684	11.4	599.3628097878795	372.79635352593124	0.0	583.29703741919	362.11262327329445	0.0	583.2977656937175	367.3336283739319	0.0	593.9011013149948	410.34828200932236	0.0	551.1671296358256	447.66035961062045	0.0	572.614671051413	437.09734812102545	0.0	610.0068232720446	527.6666224013134	0.0	631.4137926463809	356.77089541966245	0.0	620.7301778084341	361.99167659020964	0.0	615.3879928047959	410.3889108430775	0.0	609.8858592423503	399.62491968563376	0.0	631.3737573305787	388.90104263924434	0.0	620.6894785148868	523.3301284499256	0.0	577.9555876352414	255.1974472141903	0.0	577.9957706490735	223.14709648763693	0.0	583.2973133749172	271.2231139528936	0.0	561.969949641316	271.1824046358978	0.0	572.6532204563161	287.2474011631461	0.0	572.6936630812587	308.69510252826734	0.0	642.137863726625	265.88083565355015	0.0	642.1780935911427	276.60406195525366	0.0	642.096651994898	303.3536846421108	0.0
685	11.416666666666666	599.5252112722608	372.79955378481816	0.0	583.4065452976994	362.11246064021736	0.0	583.4086536795252	367.19105712939506	0.0	593.9211891629797	410.54494132563366	0.0	551.1741740818196	447.7735990888693	0.0	572.7226427084335	437.3491484525139	0.0	610.1265040817725	527.6618492439636	0.0	631.586354383366	356.7692487810518	0.0	620.8999147179586	361.846741585826	0.0	615.556809320972	410.63263322326327	0.0	609.863178302241	399.7693226803289	0.0	631.5001235302416	388.99488611840104	0.0	620.8123695338846	524.5064775457806	0.0	578.0645465790832	255.07680574492775	0.0	578.1519451999945	223.01918241835517	0.0	583.4076132065103	271.1085816134218	0.0	562.1199520927471	271.01789562380804	0.0	572.8050883174091	287.1323379416363	0.0	572.894408040249	308.6804710475338	0.0	642.3610923066408	265.7623293918109	0.0	642.4446222868305	276.53301329969133	0.0	642.2656172694452	303.3398228945514	0.0
686	11.433333333333334	599.695538453963	372.8130110035866	0.0	583.5142338047575	362.1225090626716	0.0	583.5162519436691	367.03022795198723	0.0	593.917588287283	410.79922613950254	0.0	551.1566649403096	447.9253017979601	0.0	572.8267004042489	437.66961906305835	0.0	610.2430145568226	527.6670571520141	0.0	631.7669184333788	356.7775440381792	0.0	621.0771185705995	361.68413533032066	0.0	615.7325995455157	410.94412387534265	0.0	609.8071164640235	399.9616518597162	0.0	631.6232272513212	389.126273624243	0.0	620.9323729928789	525.945285921082	0.0	578.1704924250934	254.9384770017464	0.0	578.3153742554185	222.87081083748888	0.0	583.5153403126121	270.9754902377288	0.0	562.2780824299406	270.82706788277034	0.0	572.966710564836	287.0038648329728	0.0	573.1136395209613	308.6735274134965	0.0	642.6023371670027	265.62727368062133	0.0	642.7427780696244	276.45845291462695	0.0	642.4488258791256	303.3313614027182	0.0
687	11.45	599.8179251933484	372.8265272012862	0.0	583.5887300847842	362.13362345951896	0.0	583.5899937144338	366.90992394241954	0.0	593.9052546691457	411.0006343006985	0.0	551.1341386153846	448.0472623789422	0.0	572.8976305207008	437.9221021271291	0.0	610.3233062675511	527.6748431933279	0.0	631.8964684278731	356.7872711473194	0.0	621.2040948662377	361.56282647325867	0.0	615.8584664331397	411.1896893238625	0.0	609.7538324282482	400.1149863291899	0.0	631.7077544230458	389.23256155566946	0.0	621.0150674467819	527.0604961764533	0.0	578.2431922313947	254.834294146243	0.0	578.4326082474655	222.7584591016186	0.0	583.5895543547085	270.87462628794844	0.0	562.3918769748922	270.6825203880094	0.0	573.0837946445217	286.9083065450453	0.0	573.2746691994685	308.6716912091914	0.0	642.7783817229625	265.52581452420105	0.0	642.9643184610554	276.40464170826624	0.0	642.5827826544873	303.32748189774316	0.0
688	11.466666666666667	599.7603043270166	372.8255033067403	0.0	583.5493032469798	362.13381779464476	0.0	583.5496568338307	366.95894818023714	0.0	593.896622963429	410.9327272090929	0.0	551.129687023573	448.00879344800717	0.0	572.8579810936141	437.8357927484569	0.0	610.2806718216541	527.6771781141542	0.0	631.8351334037918	356.7878208823943	0.0	621.143750267928	361.61270845037734	0.0	615.7987826531162	411.1052955188274	0.0	609.7592639520732	400.06283183499306	0.0	631.661781595091	389.19750757621347	0.0	620.9710213666613	526.6559598595135	0.0	578.2036179955444	254.87602951418006	0.0	578.3769924516905	222.80264811637477	0.0	583.549790102771	270.9141888968894	0.0	562.3382477492908	270.73920196810883	0.0	573.0301230860556	286.9481677099847	0.0	573.2041757156849	308.67680712711245	0.0	642.6991987000413	265.5667373552162	0.0	642.870428151826	276.42915355338386	0.0	642.5228492622416	303.33211794553864	0.0
689	11.483333333333333	599.3044689882312	372.78984276190596	0.0	583.2598449079802	362.1073618490845	0.0	583.2594325075484	367.3859829181828	0.0	593.9026851933326	410.25669463571666	0.0	551.1718941374235	447.60674040414096	0.0	572.5763821564028	436.98509013086755	0.0	609.9682303207766	527.6647411966379	0.0	631.3516739376789	356.7657048649865	0.0	620.6692877074472	362.0445397471751	0.0	615.3289520791756	410.2765419588237	0.0	609.9035925367115	399.5467598661106	0.0	631.3299743734492	388.84277572138507	0.0	620.6490950585605	522.834233182799	0.0	577.9180938665697	255.24391242216126	0.0	577.9391597874392	223.19712937390054	0.0	583.2600643280546	271.26803743109826	0.0	561.9142673470458	271.24624059518976	0.0	572.5980341842427	287.28994687144524	0.0	572.6190886444474	308.6953061410572	0.0	642.053659180874	265.92576786983227	0.0	642.0737064433931	276.6272886726778	0.0	642.032373537711	303.35429228248626	0.0
690	11.5	598.1754768046576	372.69590425690734	0.0	582.5478249976376	362.03613407100653	0.0	582.5470151913116	368.45254142243357	0.0	593.9335437745787	408.55320810013734	0.0	551.293100492209	446.59018057069477	0.0	571.88612295909	434.84234983477273	0.0	609.1993988165227	527.62733038285	0.0	630.1546906260969	356.70564804428665	0.0	619.4948484538495	363.1225613780785	0.0	614.1657412296901	408.1900884433855	0.0	610.2832149279183	398.2483946087161	0.0	630.5153930945193	387.949844705569	0.0	619.8575366307892	513.235243325483	0.0	577.217063440673	256.16337554323354	0.0	576.8553018820204	224.18400617916032	0.0	582.5478800802549	272.1533827789365	0.0	560.8645217745733	272.51497815563107	0.0	571.5261997858291	288.14242421091257	0.0	571.1639827669271	308.7367361445807	0.0	640.4509336570051	266.8228588444483	0.0	640.0888879443826	277.119346853047	0.0	640.8141280744577	303.4065035387343	0.0
691	11.516666666666666	596.1462879289912	372.52487571384876	0.0	581.2705559113106	361.90588545388204	0.0	581.2699820367436	370.37459354368156	0.0	593.996451502851	405.47862608043164	0.0	551.5191075057418	444.75345784738886	0.0	570.6495168436148	430.9744460584958	0.0	607.819449082019	527.5569553406881	0.0	628.0035852389346	356.59583615686915	0.0	617.3843979465742	365.0650359776887	0.0	612.0751166841826	404.4250849484938	0.0	610.9767882531504	395.90850461395877	0.0	629.0553782934156	386.3418395876765	0.0	618.4376673541984	495.91842037882907	0.0	575.9603978355736	257.82029440560933	0.0	574.9076502545726	225.96281210069216	0.0	581.270535085307	273.74922702464494	0.0	558.9784083575782	274.8020922068761	0.0	569.5988747683429	289.6779732644742	0.0	568.5456086260676	308.80965743389606	0.0	637.5688062565525	268.43947410848733	0.0	636.5161474785886	278.0050752159462	0.0	638.6230227199372	303.4997133235477	0.0
692	11.533333333333333	593.2568996927394	372.2810005646322	0.0	579.4533498243572	361.72005807390224	0.0	579.4539969472672	373.1154183048067	0.0	594.0897296380463	401.0957310842952	0.0	551.8455257933715	442.13360265889173	0.0	568.8917797536097	425.4588682591578	0.0	605.8547462250723	527.4551399963864	0.0	624.9408821807558	356.43954940638804	0.0	614.379668858078	367.83487652079333	0.0	609.0980313927166	399.05825877056867	0.0	611.9713420715593	392.5788475214382	0.0	626.9795573327606	384.0566100391484	0.0	616.41747685461	471.2267390429402	0.0	574.1733892198587	260.18243612047206	0.0	572.134833330423	228.4988659432547	0.0	579.4533093367031	276.0244354446553	0.0	556.2938446652324	278.0632017265365	0.0	566.8539551142669	291.86701417842903	0.0	564.8153804635381	308.91358107355046	0.0	633.4647518212814	270.74437195077775	0.0	631.426408435369	279.26809085941295	0.0	635.5025720263703	303.6331714111446	0.0
693	11.55	590.0008382103833	372.0071040165271	0.0	577.4069253150074	361.51155378192135	0.0	577.4101445749427	376.2088378252729	0.0	594.1972034761834	396.15565927078455	0.0	552.2171404158868	439.1788167296031	0.0	566.9146377310218	419.23867177860416	0.0	603.6397619512245	527.3393466380367	0.0	621.4899073198964	356.2650230623739	0.0	610.9941035543234	370.96099267167205	0.0	605.742621244133	393.0091941359144	0.0	613.0986229807502	388.83604834857545	0.0	624.6439628443632	381.49330661919834	0.0	614.1421696204087	443.3767217446701	0.0	572.1622074236875	262.8471923313912	0.0	569.0108362670348	231.35981572083824	0.0	577.4068879437929	278.5910981741601	0.0	553.2704837038892	281.74266758184837	0.0	563.7600993791082	294.33682635725773	0.0	560.6099959824453	309.03207173600396	0.0	628.8406726444755	273.34499489656264	0.0	625.6895070444496	280.6943127948529	0.0	631.9861774486259	303.78564539720617	0.0
694	11.566666666666666	587.1197923755427	371.7667760735808	0.0	575.5979942976068	361.3290102595219	0.0	575.6052696323092	378.9528504042399	0.0	594.2947065780838	391.78552832359475	0.0	552.5505622641707	436.5622706255114	0.0	565.1706741486493	413.73056392427145	0.0	601.6779412446169	527.235980030203	0.0	618.4369941477825	356.1136528760659	0.0	607.9991627899357	373.733967472962	0.0	602.772834081672	387.65789235470936	0.0	614.1046172693677	385.54106203389057	0.0	622.5826843365328	379.2454931315958	0.0	612.1304157571515	418.70606434749794	0.0	570.3862899976524	265.2089318517163	0.0	566.2477101478545	233.8953088383941	0.0	575.5979544839952	280.86573534070334	0.0	550.5983055204349	285.0044545743327	0.0	561.021715276788	296.52642775787695	0.0	556.8866341839454	309.1395503100662	0.0	624.7508151172935	275.65057628620184	0.0	620.6123958817284	281.9608814435432	0.0	628.8751741120465	303.9241652646488	0.0
695	11.583333333333334	585.1053171361275	371.60149247090624	0.0	574.3352673856994	361.2038909085042	0.0	574.3475169121539	380.87982790320956	0.0	594.3655505287555	388.73161596133303	0.0	552.7890683436428	434.73076898667165	0.0	563.9585452882797	409.87474004267955	0.0	600.3037382374938	527.1633618804996	0.0	616.3030760989279	356.0118227253882	0.0	605.9058769140998	375.68123374660274	0.0	600.6954167638266	383.91812137768477	0.0	614.8182724880244	383.2579657626452	0.0	621.1481065272	377.69879629423383	0.0	610.7254998035902	401.4235891719852	0.0	569.1488651320883	266.86510942841943	0.0	564.3169639080946	235.67299280478974	0.0	574.3351983150607	282.4604777355778	0.0	548.7334817142132	287.2924401132291	0.0	559.1058014030332	298.0625777036691	0.0	554.2804252896981	309.2181745842093	0.0	621.8933314738431	277.2680657848615	0.0	617.061567675769	282.852282774983	0.0	626.7004546719529	304.02565401133023	0.0
696	11.6	583.9921700111587	371.5122910951849	0.0	573.6387584657919	361.1363085974945	0.0	573.6549704101594	381.94971449898713	0.0	594.4063293333162	387.0451651169967	0.0	552.9241509650318	433.7180876628702	0.0	563.2951691174687	407.7419043698173	0.0	599.5429761325776	527.1249327561384	0.0	615.1243770946672	355.95840618447477	0.0	604.7496409524721	376.76232824282334	0.0	599.5473795388932	381.852750893701	0.0	615.219249238352	382.00841332031416	0.0	620.3603178638779	376.8586118029871	0.0	609.9502528708543	391.85384184706106	0.0	568.4676450271149	267.78368374761675	0.0	563.2507827759945	236.65828435089801	0.0	573.6386214539691	283.3443691109361	0.0	547.7050896777899	288.5611994105443	0.0	558.045927562149	298.9146031907978	0.0	552.8385758214843	309.2641389538256	0.0	620.3160232992931	278.16515886937157	0.0	615.0993265445167	283.34876754911784	0.0	625.499071137125	304.0849421595779	0.0
697	11.616666666666667	583.5426697939132	371.47456772013084	0.0	573.3550938155059	361.1061833114894	0.0	573.3702553555315	382.3726860215055	0.0	594.4201076363418	386.3616857560459	0.0	552.9730417652621	433.31282467127073	0.0	563.0257476076032	406.88668853115547	0.0	599.2388947354755	527.1159027778917	0.0	614.6476147309237	355.9336080156967	0.0	604.2816887081792	377.1896906322622	0.0	599.0862110067898	381.0158038193007	0.0	615.3713738628411	381.47815162341885	0.0	620.0375839522032	376.48872988082525	0.0	609.635416807848	388.0226618249517	0.0	568.1875575432446	268.15096422675816	0.0	562.8185747682413	237.05110263999774	0.0	573.3548539016535	283.69690643503776	0.0	547.2853526108329	289.06574429272956	0.0	557.6177252093289	299.25320195657525	0.0	552.2592138955082	309.28006392930115	0.0	619.6775849993367	278.5216261425395	0.0	614.308847797381	283.54407959532887	0.0	625.0131970596473	304.1049269991246	0.0
698	11.633333333333333	583.4639750820406	371.45597758810175	0.0	573.2938761589546	361.0869319499619	0.0	573.2965562585617	382.4019265142168	0.0	594.4089585538286	386.23052592708	0.0	552.9533684470684	433.25564279873265	0.0	562.9544129568042	406.76308091736354	0.0	599.2001450978416	527.1304515234756	0.0	614.5602155594225	355.9101305207909	0.0	604.1949481178523	377.21926376373614	0.0	599.0137359503357	380.8560409075927	0.0	615.3462921601343	381.2651085332103	0.0	619.9513109938495	376.2803432176436	0.0	609.5712955455504	387.5190288351884	0.0	568.1145636271317	268.1931782340004	0.0	562.7353409577196	237.09446982082898	0.0	573.2935293524398	283.7363246773419	0.0	547.1910968954878	289.11527200383455	0.0	557.5455965421588	299.2851232011034	0.0	552.172299547025	309.2666585846311	0.0	619.5558815385984	278.55524567970065	0.0	614.1770034991046	283.5496271446935	0.0	624.9247442585356	304.0858607911803	0.0
699	11.65	583.5131833936042	371.4259406916145	0.0	573.2945025874811	361.05312550245685	0.0	573.2651860566609	382.2367048992623	0.0	594.3713508620805	386.2751524879925	0.0	552.87297774428	433.3336123851775	0.0	562.9090159330697	406.9234045918584	0.0	599.2712921418102	527.1638338494993	0.0	614.6019622836354	355.85995421841665	0.0	604.2336495342287	377.0525526604277	0.0	599.0837426713008	380.9131776838651	0.0	615.190322170348	381.00836760117977	0.0	619.9031223758559	375.9445121766605	0.0	609.5817723471274	388.38335471485874	0.0	568.0821654878016	268.09174675592584	0.0	562.7630332969238	236.98380174086782	0.0	573.294118532001	283.63817742747125	0.0	547.18274953269	288.9569158887021	0.0	557.6025368589825	299.1752193081877	0.0	552.274434334101	309.2198494342259	0.0	619.5977708545581	278.4397308352424	0.0	614.27902332052	283.4502125654307	0.0	624.969103296498	304.0218039132703	0.0
700	11.666666666666666	583.5326297479374	371.3616170163862	0.0	573.2511234644334	360.98612668310807	0.0	573.1634591760584	381.9996460493482	0.0	594.3042503232487	386.2494864874694	0.0	552.7327131493781	433.40907274337167	0.0	562.7688872336865	407.0795943411144	0.0	599.3533553004168	527.2102324502981	0.0	614.6033543514077	355.7609492504678	0.0	604.231177965585	376.81363974210655	0.0	599.1364764603512	380.88664975527576	0.0	614.9247932674588	380.457567613583	0.0	619.7575673982318	375.2743960455049	0.0	609.551148846759	389.3691068372811	0.0	567.9789622351244	267.9598412743455	0.0	562.7462256590944	236.84202734836887	0.0	573.2509004609409	283.5129042442472	0.0	547.1020875261565	288.74521774049276	0.0	557.6428732248867	299.0262790511895	0.0	552.3709442288992	309.13350386431335	0.0	619.5717087997133	278.2834825514406	0.0	614.339204292383	283.2955759228813	0.0	624.9740772032997	303.9045112241288	0.0
701	11.683333333333334	583.455111310233	371.25521805497704	0.0	573.1218659888427	360.88169565271403	0.0	572.950160962899	381.755056646903	0.0	594.2100199012654	386.0517323959679	0.0	552.540518574543	433.41802032367616	0.0	562.4834847675226	407.10032351353556	0.0	599.3999890403603	527.2573833929404	0.0	614.4931922419801	355.6076761428606	0.0	604.117939991261	376.5676448471474	0.0	599.1003804234655	380.6520403283605	0.0	614.5716728127875	379.54025987811207	0.0	619.4625643481891	374.2227212574769	0.0	609.4324998417751	389.9002938344365	0.0	567.7641873161732	267.85029294885834	0.0	562.62093570322	236.72826644694553	0.0	573.1221812425898	283.41340152467546	0.0	546.8876624944298	288.5564283303868	0.0	557.6050679835903	298.8893465752849	0.0	552.3750334622546	309.00822637806334	0.0	619.3807794150506	278.1404030188586	0.0	614.2372302279895	283.1135419688318	0.0	624.8672428199691	303.73545647759835	0.0
702	11.7	583.3063838379173	371.1260380072551	0.0	572.9401771512789	360.7621800898373	0.0	572.677123057887	381.54506318019435	0.0	594.1080455235735	385.7378812129313	0.0	552.335475493863	433.3624441757568	0.0	562.1015642487247	406.9950383992036	0.0	599.4070967051389	527.2794745244763	0.0	614.3046104783291	355.42932640174985	0.0	603.9279365518656	376.35711851413964	0.0	598.9891051666002	380.27673012005977	0.0	614.1984588194819	378.4654383008977	0.0	619.0796638621323	373.0241345693129	0.0	609.2572121447137	389.94840634091275	0.0	567.4895047545664	267.7741972589869	0.0	562.4232312368305	236.65762031444916	0.0	572.9415928388979	283.3524516933168	0.0	546.5944452084482	288.41911942900504	0.0	557.5100313863011	298.7854879468241	0.0	552.2984174664816	308.86653355659024	0.0	619.0758375962885	278.032699071563	0.0	614.0081676882245	282.93483886422393	0.0	624.6814600059513	303.546388595207	0.0
703	11.716666666666667	583.2165619611247	371.0375173450441	0.0	572.83467069926	360.6929624207095	0.0	572.522270942088	381.42903395541964	0.0	594.0496454623226	385.551649805022	0.0	552.2182528993142	433.3085725171653	0.0	561.8172145930818	406.9094693522706	0.0	599.4049672445836	527.2311059035123	0.0	614.1915844076482	355.31418023421855	0.0	603.8157357996839	376.2416744788922	0.0	598.9066711052592	380.05533228848964	0.0	613.9745056424628	377.8668901099004	0.0	618.830649238203	372.35998920006926	0.0	609.1531422651235	389.94124863981193	0.0	567.3323319151318	267.7192559842784	0.0	562.3081463438227	236.6199033909464	0.0	572.8378287953725	283.319144738781	0.0	546.4267950527068	288.3449599809573	0.0	557.4659451729892	298.728083489929	0.0	552.2495685895816	308.7729629631858	0.0	618.88469771056	277.97415804916153	0.0	613.8573583128713	282.82249277807273	0.0	624.5708157482449	303.4263471847236	0.0
704	11.733333333333333	583.4348756030444	371.11443123386516	0.0	573.0498291133929	360.7977725262176	0.0	572.8220882060515	381.5153792045525	0.0	594.1315296109042	385.95834155382875	0.0	552.3783923565326	433.39083423290333	0.0	562.0200998566053	407.131348507257	0.0	599.4543507340444	527.0473971776426	0.0	614.448611403765	355.4332763236402	0.0	604.0763527590012	376.3298621183213	0.0	599.0579206974681	380.5499041106103	0.0	614.2219115431218	378.9368672138044	0.0	619.1455090572078	373.5096494558138	0.0	609.3642562285161	390.7167286589627	0.0	567.6286386383316	267.66428224267844	0.0	562.5708781434221	236.5930009114247	0.0	573.0551451033251	283.29058964969005	0.0	546.7721522176465	288.3519034873466	0.0	557.6754839328271	298.739964825335	0.0	552.4376630946055	308.8533716265644	0.0	619.2458252670212	277.98792712074464	0.0	614.1827097951737	282.89778693760945	0.0	624.8298018846734	303.5471556463852	0.0
705	11.75	584.3235337253536	371.54749847258796	0.0	573.9430521898257	361.2599845000163	0.0	574.0692550897024	381.9724546448307	0.0	594.497571082545	387.63665947981195	0.0	553.0982677006289	433.80950568601213	0.0	563.3112469403133	408.0801282716992	0.0	599.6414768657769	526.6582393623141	0.0	615.5046752228072	356.0456369411175	0.0	605.1390224776286	376.78995453336086	0.0	599.7449934229378	382.5794302426701	0.0	615.4266127111277	383.4265133978473	0.0	620.6684371515245	378.35480516518174	0.0	610.2474703409648	393.45023185246635	0.0	568.8710403762822	267.5907584682437	0.0	563.6410525433826	236.5514709472521	0.0	573.9501214561458	283.239807146524	0.0	548.1964398956337	288.47568390006717	0.0	558.425718063041	298.86152562124477	0.0	553.1627507506028	309.3003402066202	0.0	620.8033823405117	278.11479665948934	0.0	615.566204920676	283.34938044621686	0.0	625.8868598811887	304.1694404319617	0.0
706	11.766666666666666	586.2872812705318	372.5629986527658	0.0	575.9151945341018	362.28796158545333	0.0	576.8163258722507	382.99848730727564	0.0	595.3116777446913	391.347130919758	0.0	554.699941851162	434.798541905613	0.0	566.4142640787486	410.2308615923372	0.0	600.0617415539857	526.0268768407855	0.0	617.8400869541733	357.45442253113555	0.0	607.4833856774561	377.8195567310715	0.0	601.3140074759201	387.06037816959844	0.0	618.1518988470102	393.3027391314866	0.0	624.145496240064	389.0107814074605	0.0	612.203944614449	399.41420632984983	0.0	571.613100429502	267.4941647289521	0.0	565.9985024415756	236.4735325631511	0.0	575.9218904863226	283.1431448665889	0.0	551.3332513453093	288.7654399409355	0.0	560.0258441626879	299.1450641526258	0.0	554.75612267698	310.34200961782864	0.0	624.2867340344604	278.4071748905979	0.0	618.665200749135	284.4033927332971	0.0	628.2209240809133	305.598342169229	0.0
707	11.783333333333333	589.5809804240533	374.32644079196155	0.0	579.2176847869507	364.0151646222191	0.0	581.4070478857836	384.72348371645546	0.0	596.6787818677382	397.56904743075074	0.0	557.3898063883986	436.5311072852424	0.0	571.8838194237786	413.90498000452675	0.0	600.7782923722556	525.2217820583711	0.0	621.75787832942	359.8721998965171	0.0	611.4097761335606	379.547036569442	0.0	604.0033633044206	394.56794642494157	0.0	622.7762749357236	409.7829624151558	0.0	630.0902385559729	406.7854926943544	0.0	615.4879402841899	409.3838636057053	0.0	576.201400383996	267.39734426545976	0.0	569.9422146014964	236.35031090471858	0.0	579.2190996232459	282.99131929457377	0.0	556.5767849505974	289.257551512544	0.0	562.6476049850492	299.6287325569755	0.0	557.423217892499	312.14313382826504	0.0	630.1714342271772	278.9020911792372	0.0	623.9104624775259	286.2238189402656	0.0	632.1327610800922	308.0468589622358	0.0
708	11.8	593.940801566853	376.7488705241323	0.0	583.5825388119132	366.30708483294296	0.0	587.4615642127444	387.01681021244826	0.0	598.4920077068834	405.8038055270246	0.0	560.9579035301225	438.92987500134376	0.0	579.5094681069515	418.8626367629367	0.0	601.7423404223784	524.5219672244419	0.0	626.9451967261333	363.153738267803	0.0	616.59927487097	381.8386200421815	0.0	607.6460030498091	404.4950635798806	0.0	628.9794409730853	431.48594165386976	0.0	638.1251909877499	430.1847755965265	0.0	619.8393464989155	422.51698723286114	0.0	582.26137659154	267.3655248037241	0.0	575.1481946062496	236.2003653424856	0.0	583.570235373132	282.80728216809734	0.0	563.4938617375184	289.92132904970964	0.0	566.0279398415223	300.2831664524602	0.0	560.9444935060818	314.60683831634344	0.0	638.0229516973762	279.5663656505295	0.0	630.9216257402754	288.71217845078905	0.0	637.3068021326916	311.36505665941934	0.0
709	11.816666666666666	598.318100350438	379.33532751193655	0.0	587.9556133360139	368.62067024615635	0.0	593.5061458181477	389.3455455345347	0.0	600.3212128815934	414.0706710513827	0.0	564.5583237848239	441.5165407593017	0.0	587.8329168100372	423.9962500229555	0.0	602.7341278441817	524.4499593610171	0.0	632.156661368264	366.59177458766493	0.0	621.7966453853834	384.1568631200932	0.0	611.4435920025475	414.4450662062868	0.0	635.3585942834835	453.1069453959684	0.0	646.4838646635673	453.4833064277407	0.0	624.2175391976401	435.5601838971575	0.0	588.3272930181432	267.5041531413068	0.0	580.3520373007335	236.07797753750893	0.0	587.9181195856215	282.6566430113633	0.0	570.4015342192495	290.61722411265544	0.0	569.2657957144561	300.9705070993929	0.0	564.4606832982374	317.22049401088015	0.0	646.0143004934642	280.2551053784904	0.0	638.0761991686885	291.3515278952127	0.0	642.4952283562981	314.8336307910323	0.0
710	11.833333333333334	601.3325457255603	381.3959429573325	0.0	590.9515037708414	370.23770549612453	0.0	597.6081120889344	391.00237424343436	0.0	601.5970032821859	419.7569671618885	0.0	567.0700963304091	443.61258963613955	0.0	594.76291473438	427.8024236024514	0.0	603.4565595293432	525.5434972984143	0.0	635.752890929542	369.2190844246457	0.0	625.3515183172922	385.79033766040243	0.0	614.3074390586851	421.2621977862615	0.0	640.0293373582559	467.7078329805511	0.0	652.7677525573313	469.1947083180012	0.0	627.2498547197632	444.2622224591573	0.0	592.476580269285	267.9100861937776	0.0	583.8967032948523	236.04905682464207	0.0	590.8774943093297	282.618811858418	0.0	575.0942720896921	291.15596231490053	0.0	571.2127603547235	301.5028607047758	0.0	566.8431235654477	319.27412851405165	0.0	651.7135754140538	280.7733934664809	0.0	643.2078524077783	293.42633581894495	0.0	646.0568824751093	317.4714364569079	0.0
711	11.85	602.1886683328398	382.5013209326173	0.0	591.7742984826285	370.7380898400093	0.0	598.6617866668004	391.56920470655626	0.0	601.9845469188284	421.3420054460715	0.0	567.8310526521021	444.7755585275847	0.0	598.9608693338445	429.3668959560199	0.0	603.7253210352894	527.9743270824794	0.0	636.7896059107009	370.44852102412904	0.0	626.3139619525853	386.32096925307525	0.0	615.5769209495198	423.1198269649335	0.0	641.8720568346598	471.32687272500107	0.0	655.5348973103888	473.0471006590331	0.0	628.1397707246952	446.1980413105915	0.0	593.6126438335749	268.6018378673733	0.0	584.8395900844623	236.143449212272	0.0	591.6602058003208	282.72953961804694	0.0	576.315161684625	291.41983958758533	0.0	571.2360411747643	301.76196815975504	0.0	567.4431503706503	320.330864187772	0.0	653.7045066827847	281.00235830083284	0.0	645.0467679883092	294.4964132104269	0.0	647.0475774803973	318.6864365167262	0.0
712	11.866666666666667	600.9795608483046	382.633621209741	0.0	590.5260622632454	370.15117298345234	0.0	596.8279790496443	391.05836621933406	0.0	601.5036871828536	418.96976382097057	0.0	566.8734634204819	444.93619189425067	0.0	600.3461059088912	428.69350647704835	0.0	603.5231984082399	531.3545094141681	0.0	635.3768076836276	370.2896491834276	0.0	624.802925217295	385.77008751147713	0.0	615.2648975768194	420.22015570401	0.0	640.9450661340309	464.5066033551191	0.0	654.833607301064	465.64194560615385	0.0	626.9638684933898	441.7062040691209	0.0	591.8959349498078	269.48957606098764	0.0	583.3280156696857	236.32641212621024	0.0	590.3894439502645	282.9468209547248	0.0	574.2575895929949	291.3891123039909	0.0	569.471757042581	301.72529842548164	0.0	566.349355143063	320.38872210964485	0.0	652.1423849335524	280.93074499753044	0.0	643.7141185293347	294.55895447149476	0.0	645.5838936913286	318.49827410896137	0.0
713	11.883333333333333	598.2726146856642	381.96773839661347	0.0	587.7971691342283	368.73175788136126	0.0	592.9788333523476	389.67937511657806	0.0	600.3536472491746	413.6761664268022	0.0	564.580243268593	444.1769412273515	0.0	599.4933079202448	426.25483474398015	0.0	602.8990370129312	534.7374482367875	0.0	632.1828533829355	369.05509997219383	0.0	621.5221317956963	384.37053741868795	0.0	613.7353739934789	413.86845943012366	0.0	637.9085192129852	450.2230950157785	0.0	651.472101231306	450.2371279014031	0.0	624.2542921092077	432.6314223585953	0.0	588.1740552091759	270.3800707135034	0.0	580.1140978924991	236.49536196184715	0.0	587.6952814799688	283.1476088578551	0.0	569.9267091096273	291.06019152171007	0.0	566.4951066593366	301.3858203660777	0.0	564.0672051779574	319.6660378914922	0.0	648.04394446737	280.57802782762394	0.0	640.0913158699802	293.8304467178938	0.0	642.355280343235	317.24383190149166	0.0
714	11.9	594.6897242211243	380.6436756728564	0.0	584.2502595316042	366.7367789234844	0.0	588.1325896868394	387.60843151333773	0.0	598.7398184473432	406.6178725634388	0.0	561.3475111497236	442.5142214302592	0.0	596.9827119751108	422.5429092903752	0.0	601.8730032128988	536.6171581195766	0.0	627.9312331178331	367.0566576966114	0.0	617.2699431080816	382.3406204490011	0.0	611.3732912871221	405.54296051100056	0.0	633.4367927396877	431.79221188256383	0.0	646.2653381356412	430.50333617375054	0.0	620.5790078818839	421.05916600134805	0.0	583.3974694754846	270.9785182442557	0.0	576.0559595699244	236.48026645259128	0.0	584.29910312437	283.1290047953873	0.0	564.4853221168887	290.36678828288825	0.0	562.9944337263302	300.67562091767206	0.0	561.1948189048339	318.3764059022705	0.0	642.5532538937017	279.91961129164605	0.0	635.1706146647166	292.51814779962507	0.0	638.1290685385669	315.2707398394297	0.0
715	11.916666666666666	590.7468499527068	378.6827662471404	0.0	580.4589597578708	364.3486150526604	0.0	583.2308959785767	384.9139649815049	0.0	596.8180241420026	398.80564152009475	0.0	557.4815437892448	439.8487250567268	0.0	593.1445223006738	417.92953391778434	0.0	600.4188075550431	534.9763736246915	0.0	623.2066176085141	364.4911325118809	0.0	612.7529976564114	379.80899288139256	0.0	608.4671947308433	396.55826453696676	0.0	628.0016642767191	412.06215919247694	0.0	639.7504198907696	409.65489642953844	0.0	616.3893901073798	408.83730998188696	0.0	578.3797884600123	270.8988368190844	0.0	571.9098183111462	236.05245620830814	0.0	580.8410196440304	282.619399193496	0.0	558.9867893987008	289.1591785913376	0.0	559.6491327522325	299.44829650171323	0.0	558.3001542166146	316.64170127383204	0.0	636.6436939865354	278.86549401748994	0.0	629.7998426634717	290.7318909039611	0.0	633.5598868009861	312.8179887593291	0.0
716	11.933333333333334	586.8574083474579	376.0304387551619	0.0	576.8987197081547	361.7064861979182	0.0	579.098726228355	381.61371930841636	0.0	594.7249503732811	391.16179245537484	0.0	553.2693478892236	436.0852807992895	0.0	588.1177498082925	412.7617720517848	0.0	598.5209004308261	527.6448601882943	0.0	618.4596816194713	361.47109508596395	0.0	608.579258038495	376.85864336451874	0.0	605.2472359429901	388.0913327979675	0.0	621.9264703721204	393.378717859554	0.0	632.2519330320106	390.38432459772105	0.0	612.0484044475438	397.559198140425	0.0	573.7561317616344	269.73351738145595	0.0	568.2799528309691	234.97106600846735	0.0	577.8382592163707	281.33436388871684	0.0	554.3134452925624	287.2551075234071	0.0	557.1007628366918	297.5336478778919	0.0	555.9049529725617	314.51317919171095	0.0	631.0805302286402	277.2986147096268	0.0	624.6687696982115	288.50744013153565	0.0	629.184955633247	310.0328681348109	0.0
717	11.95	583.4081924922345	372.7179930413785	0.0	573.9894096751583	359.01099930267196	0.0	576.4243667282439	377.846273956863	0.0	592.6645781563025	384.7184306413626	0.0	549.1626116309563	431.4292011329459	0.0	582.1600509917845	407.61859625012573	0.0	596.3062330989458	513.2921033149328	0.0	614.1071628654274	358.1630528018215	0.0	605.3064530255085	373.66338133749224	0.0	602.0242688894791	381.335851285279	0.0	615.6232641120137	377.82391092193643	0.0	624.1967423551971	375.03947738925217	0.0	607.9572973933676	388.6837180819777	0.0	569.9997512045667	267.2449618518606	0.0	565.5975881214948	233.1033396532964	0.0	575.6653127189383	279.1202700439352	0.0	551.1401722729245	284.58424959402197	0.0	555.9000958085253	294.8856756796903	0.0	554.4766900429552	312.07729648103464	0.0	626.4757109541534	275.18537174332505	0.0	620.3887909245263	285.9199668595567	0.0	625.4902229787616	307.0805849199362	0.0
718	11.966666666666667	580.8427389921349	369.09146289250185	0.0	572.1302555308904	356.65589980858965	0.0	575.6881481314845	374.09924456912273	0.0	591.0134032061285	380.8172456191666	0.0	545.9966135775517	426.780483846528	0.0	576.0827028808163	403.6235792585285	0.0	594.2147768361875	492.9209983792025	0.0	610.6494827556629	354.97386045592475	0.0	603.4737158682352	370.6649926093412	0.0	599.365144958897	377.6333173742058	0.0	609.9013406275235	367.42389192167343	0.0	616.5379883766244	365.7269197420415	0.0	604.7084596120081	383.60652939958004	0.0	567.4251847889229	263.65136878744653	0.0	564.0729551819657	230.60117995525337	0.0	574.509548414737	276.1646348715999	0.0	549.8469286332685	281.3949137034131	0.0	556.3921368069266	291.7914585643568	0.0	554.3856264955251	309.60260758194823	0.0	623.336281348844	272.7321656389974	0.0	617.5706559144752	283.2427272052462	0.0	622.9737236582308	304.29209116115123	0.0
719	11.983333333333333	579.7201396479579	365.94001753772784	0.0	571.7345452815223	355.3035156704085	0.0	577.1420456368409	371.3310893613139	0.0	590.3827318596069	381.2340851277174	0.0	545.1103746230516	423.94703360786804	0.0	571.5048407048582	402.62009638282973	0.0	593.0905818307793	470.6797035432172	0.0	608.7539573124294	352.65805460857615	0.0	603.6331526913195	368.6692714787621	0.0	598.1978102531864	378.56728394000777	0.0	606.1461723221225	364.3321728080405	0.0	611.0098860307504	364.4406254946217	0.0	603.1887789252357	383.7360867156726	0.0	566.2194441206901	259.7780489616224	0.0	563.6956007761978	227.9933197071826	0.0	574.3697188852653	273.1062577572205	0.0	550.4974975134227	278.36501958664564	0.0	558.6636702175758	288.9824536130367	0.0	555.8935269387285	307.6237031617079	0.0	622.1177820093357	270.4689352861098	0.0	616.8857878778408	281.0378737500866	0.0	622.1957562912725	302.2514600787131	0.0
720	12.0	580.6949320988689	364.35698695211096	0.0	573.2470131751505	355.80345521080926	0.0	580.902050898604	370.81077598979596	0.0	591.5551875875442	388.06259288150113	0.0	548.1869785799884	425.36079880426144	0.0	570.613408860082	406.9528671590002	0.0	594.053889543768	452.88600611257874	0.0	609.2292694574714	352.2105541194536	0.0	606.3620648571796	368.7242026096071	0.0	599.7128881302275	385.91487330234736	0.0	606.1428573176672	370.875788962682	0.0	609.912269412993	373.1813460008604	0.0	604.5255999138608	390.53308801842064	0.0	566.5265090172692	256.8584708989769	0.0	564.3437764448639	226.0592162092248	0.0	575.1508172455085	270.88537227992185	0.0	552.9717067614206	276.4623346293519	0.0	562.6381433966253	287.48900475243113	0.0	559.2065476241668	306.8568725790656	0.0	623.2708744642356	269.1418191809369	0.0	619.0648892672826	280.0659897680384	0.0	623.7775404829231	301.7190788799738	0.0
721	12.016666666666666	584.2921946355256	365.3011491215991	0.0	577.0131033585511	358.86926054877205	0.0	586.9559128648807	373.599416017484	0.0	595.2041863890239	402.9720760276516	0.0	556.6151528438813	433.1415806904163	0.0	575.3124856898049	418.59255932115053	0.0	598.0705770305361	445.47583310040216	0.0	612.7544977685653	354.4754534011303	0.0	612.0787842974601	371.6992648430803	0.0	604.9308461567003	401.0415394137092	0.0	611.3826890031075	388.81943203746437	0.0	615.2485150788882	393.35624846170924	0.0	609.7179328991944	405.04998994730283	0.0	568.4611991125679	256.0208995388527	0.0	565.897170432125	225.50151943429685	0.0	576.7607675943385	270.3513568423883	0.0	557.0758245680224	276.5481670887038	0.0	568.1531819989356	288.2206552358351	0.0	564.4446531475145	307.9111981188857	0.0	627.114365249321	269.4050454607433	0.0	624.6487238379335	280.98039102092866	0.0	628.1957330703917	303.3320803556723	0.0
722	12.033333333333333	590.4824353603531	369.01173761844177	0.0	582.9642312747102	364.58105912245117	0.0	594.94784190157	379.8234862808071	0.0	601.4414882612857	425.8569929768561	0.0	570.4786248813105	447.76227490431535	0.0	586.0253438557546	437.75651043777987	0.0	605.325931555918	451.04019007946357	0.0	619.3803651270327	359.5795068263749	0.0	620.6131427591819	377.6737589075745	0.0	614.0135203097403	423.6854629939883	0.0	622.0167581182158	417.70496545861425	0.0	627.442449636902	424.2164517945242	0.0	618.9916103061634	426.83562253717173	0.0	571.9726990910821	257.6885654491335	0.0	568.2458808179916	226.55778162230396	0.0	579.1140692117154	271.79483827871485	0.0	562.4741647458275	278.8773874609997	0.0	574.8746754246922	291.4251317731593	0.0	571.4374990078015	310.8867527854757	0.0	633.4792538706248	271.427062711594	0.0	633.4656999984335	283.90607761472523	0.0	635.3517376964073	307.1632038162617	0.0
723	12.05	598.4179187729045	374.70419213871213	0.0	590.4044508033882	372.1029630375041	0.0	603.9887956757939	388.28368621846664	0.0	609.545258830372	453.9939187246774	0.0	587.9659526845057	467.30543018290456	0.0	601.0490104363655	462.0975395378049	0.0	614.8719904830466	467.3967561532813	0.0	628.221158336669	366.6227484945206	0.0	630.9198275653091	385.60027274725473	0.0	625.8561899765971	451.17332056159046	0.0	636.2690744989014	453.7546938741186	0.0	644.6177001507263	461.7875360220348	0.0	631.3968953411687	453.20791855947965	0.0	576.7241887834845	261.2923999760387	0.0	571.2518938099431	228.8135699095782	0.0	582.0944639427454	274.72188303564116	0.0	568.5863706722084	282.8470467155042	0.0	582.1895979452661	296.41094418128205	0.0	579.5616687814809	315.16326887123375	0.0	641.467197138569	274.69216158375133	0.0	644.2987774624105	288.2175936815459	0.0	644.2965392177407	312.4806211717407	0.0
724	12.066666666666666	606.6464044206398	380.8627882974713	0.0	598.1606122021481	379.93171437698425	0.0	612.7717457463943	396.8300163720556	0.0	618.156788623007	482.68702317057233	0.0	605.862715928772	488.07778233486715	0.0	617.1475352348509	487.34512895352543	0.0	624.9184857588155	488.90062212580796	0.0	637.6921188242928	373.96729873385937	0.0	641.2988791545193	393.61920731351086	0.0	638.3965785411102	479.01267212923335	0.0	650.9673342181076	490.7050458930449	0.0	663.2072167815378	499.6791254257028	0.0	645.0713210180693	479.8369778163809	0.0	582.1524314170914	265.55581821267583	0.0	574.7423824956534	231.39313570909712	0.0	585.547889512166	278.08409163978996	0.0	574.6389478134095	287.24372033257464	0.0	589.2635880172033	301.8132136838157	0.0	587.8412966488949	319.6136496600057	0.0	649.6474398682832	278.20193894162145	0.0	655.1648223619991	292.75583465753596	0.0	653.4552358453103	317.9818608054672	0.0
725	12.083333333333334	613.6454378354015	385.9112111454829	0.0	604.9743325286587	386.49636167828	0.0	619.938634647066	403.26311711875684	0.0	625.7719507566107	506.93737629212313	0.0	620.7775280293247	506.0822406278324	0.0	630.9280527275599	508.90531581411045	0.0	633.537304518398	509.22798355481603	0.0	646.0910002750809	379.9214870304795	0.0	649.9792754121133	399.8211209441856	0.0	649.3794192251976	502.450294044008	0.0	662.8247284711907	521.9742559856275	0.0	679.3912148191126	531.2433856169457	0.0	657.8849583283004	502.26155332314795	0.0	587.6171916038983	269.11800737848444	0.0	578.5032220664745	233.3823490300801	0.0	589.2739525282584	280.7862588476865	0.0	579.8485455412463	290.8011938556415	0.0	595.2486780096898	306.20240116880547	0.0	595.2355152080743	323.0995033674868	0.0	656.5603365253779	280.93322507879554	0.0	664.0329293624308	296.3324951452436	0.0	661.1963222477332	322.34548739902357	0.0
726	12.1	618.3330736636563	388.8419489572058	0.0	609.8688683238389	390.7323717173263	0.0	624.4756608317256	406.2301828441869	0.0	631.1912324116064	523.0747571592332	0.0	630.3377744724849	518.3867268907601	0.0	640.122528935182	523.3895772512273	0.0	639.3256566316205	523.6998851158689	0.0	652.126342820424	383.3983713927188	0.0	655.7001346830334	403.0030728713051	0.0	657.0638833742133	518.011086693414	0.0	669.6858393489508	542.7645297276936	0.0	690.4135696904757	551.7208794476184	0.0	667.9779959623394	517.3907046480753	0.0	592.4914702120033	271.0980197687193	0.0	582.2297880921915	234.2225297814962	0.0	592.97574522398	282.154719119885	0.0	583.6132409611146	292.7200979326684	0.0	599.5156339937354	308.6564920000082	0.0	600.9149207676002	324.95111266275677	0.0	661.2058149549688	282.2740511020485	0.0	669.5433650536261	298.2147127189887	0.0	666.3845498471057	324.76683822300964	0.0
727	12.116666666666667	620.2692037543633	389.4710770916242	0.0	612.2874396987634	392.31293950421264	0.0	625.8766813322411	405.603776566081	0.0	633.6920771641514	529.4151379653807	0.0	633.6775244536391	523.665641453212	0.0	644.0969042660375	529.2270118559575	0.0	641.6707133188439	530.1493734238696	0.0	655.1154230430881	384.18506489793066	0.0	657.9450425314022	402.9862732395062	0.0	660.4980370428817	524.1190313963901	0.0	671.0383051907303	550.8915961806006	0.0	695.0931745861539	559.1011103617349	0.0	673.9422952339513	524.1045736701349	0.0	596.1691059066695	271.3214524571204	0.0	585.4813257366436	233.8723739607658	0.0	596.215042205058	282.1278292069934	0.0	585.5823430924758	292.87897526849235	0.0	601.7474314807295	308.99422580699036	0.0	604.3630862148214	325.1658237989587	0.0	663.234174818445	282.2035554408694	0.0	671.3016032140241	298.3245735954944	0.0	668.6002399965224	325.17847461289955	0.0
728	12.133333333333333	619.4768624060708	388.2135303033764	0.0	611.9781077451725	391.44430090832986	0.0	623.995851031128	402.1411534933818	0.0	632.9066161808377	525.7128108774962	0.0	631.0210856794865	521.7725141863515	0.0	643.4016212825381	526.1730824056126	0.0	640.537784458935	528.321271880168	0.0	654.8206031726438	382.70027896668967	0.0	656.7304767126815	400.3307591754175	0.0	659.3119920010789	520.5675470188066	0.0	667.5575298674248	546.0560306126555	0.0	693.4035053400631	553.3439109540451	0.0	674.7169056950264	522.6856555800489	0.0	598.062140371249	270.1357075763477	0.0	587.7182739324161	232.66988798420334	0.0	598.451668276613	281.0920520247877	0.0	585.5776433929502	291.65144451689804	0.0	601.8407892395126	307.57497901174474	0.0	605.2842171525983	324.22029527405016	0.0	662.758445845305	281.12934520069876	0.0	669.6022878460853	297.0578557408952	0.0	667.9360268255892	324.04264798613906	0.0
729	12.15	616.2205764653247	385.6912414319986	0.0	608.9185160114304	388.56127810734614	0.0	618.9350288337872	396.8841837324867	0.0	628.7562788894726	512.5728219802552	0.0	623.1235938704996	513.2261212522376	0.0	639.0561119710314	514.7656563884952	0.0	636.210792564201	518.9991989477086	0.0	651.3005067785269	379.5895476686792	0.0	652.358801000112	395.8522146014306	0.0	653.5470301825047	507.9546799941407	0.0	660.3826912203808	529.0644553498347	0.0	685.9335168524536	535.5022679837308	0.0	669.6971090978581	514.0890004667483	0.0	597.732597577414	268.0702670655761	0.0	588.4753512086972	231.06612954665093	0.0	599.2183767558478	279.56751710118726	0.0	583.5619824338232	289.57470748339887	0.0	599.8361652394973	304.95135063443456	0.0	603.5724034423848	322.71881022514526	0.0	660.1068539753032	279.57888256376856	0.0	665.0360895527278	294.95901652494484	0.0	664.7328706099105	321.9811494173113	0.0
730	12.166666666666666	611.0341271835355	382.51167386896407	0.0	603.4905032336035	384.24581395628155	0.0	611.2332129164757	390.8165645102558	0.0	621.6860411150778	491.7811618349173	0.0	611.258255696315	499.34848263044745	0.0	632.2567004378895	496.59154803641115	0.0	629.3490979410313	503.87215021333935	0.0	645.0611251760524	375.52668845348484	0.0	645.48828247819	390.3785887446716	0.0	643.9058508157995	488.002095928855	0.0	650.8324399591684	502.2378877356015	0.0	673.9275972343694	508.04982292976774	0.0	659.3170392753627	499.95810577085433	0.0	595.1885139406791	265.62255802749297	0.0	587.6289137410408	229.43488720948469	0.0	598.3887179528567	277.98346925687923	0.0	579.7905953929769	287.142663906581	0.0	596.0453843382679	301.6802244295021	0.0	599.5131831758241	321.146508928298	0.0	655.8051755188418	277.9810650763923	0.0	658.4131934892278	292.52071905521393	0.0	659.5797437992329	319.54563280552304	0.0
731	12.183333333333334	604.8045112386156	379.2145532498429	0.0	596.6300938731385	379.2536609332327	0.0	602.0450898372054	384.78648877499273	0.0	612.854747575626	466.7223974092321	0.0	597.3699396291812	482.5096499906379	0.0	624.3597490399517	474.64006024825466	0.0	621.1027511372381	485.6471348586296	0.0	637.2070468408929	371.1831258810252	0.0	637.2584234434947	384.711870210102	0.0	631.9845240612211	463.9593536971684	0.0	640.4044669879809	469.9418248202054	0.0	659.4627348920204	475.3854626612069	0.0	645.4407657960253	482.8502200486447	0.0	591.0585944432612	263.19303426277827	0.0	585.539453000199	228.0069708842416	0.0	596.3194872638953	276.6000039231767	0.0	574.9339228844336	284.7460995786151	0.0	591.1696148149638	298.28132133183897	0.0	593.9409183169955	319.7877364319443	0.0	650.6350002430069	276.59256431062647	0.0	650.822921714825	290.1287281884143	0.0	653.3896622571502	317.154227442324	0.0
732	12.2	598.6332526421683	376.2562949143157	0.0	589.6352839079043	374.42716865244665	0.0	592.931305189382	379.5000344726562	0.0	603.8906469259275	441.79648985131684	0.0	583.8008718640639	465.7266541041954	0.0	616.7540818683743	452.78561335211737	0.0	612.9238298242684	467.6021677610768	0.0	629.2256101120822	367.1907454408566	0.0	629.108410008907	379.5947267706755	0.0	619.9580033455004	440.0473031523221	0.0	630.6505116373523	437.83767360007334	0.0	645.1155945908552	443.1197941619596	0.0	630.8898621332058	465.8634482740319	0.0	586.3916624551628	261.08309164498894	0.0	582.9006084389642	226.89249821671513	0.0	593.7001881868737	275.53332365415343	0.0	569.9373369263329	282.6748585525126	0.0	586.1644304261054	295.21641196386435	0.0	588.0507322141582	318.7594232436727	0.0	645.5248300101471	275.52581277158777	0.0	643.5062827332371	288.06717023551386	0.0	647.2667018565476	315.1011622012335	0.0
733	12.216666666666667	593.5081653966251	373.9663780468305	0.0	583.7205039132959	370.48564147973764	0.0	585.3418923038014	375.4643325484802	0.0	596.3249190301017	421.0257509652169	0.0	572.625771654674	451.7318730898558	0.0	610.5711853356137	434.56475733458285	0.0	606.1235611754257	452.6395037143411	0.0	622.4928284276865	364.0413385663934	0.0	622.3387707096243	375.6011506556865	0.0	609.8492016019495	420.1234519187122	0.0	622.8495966795382	411.09592269724953	0.0	633.1947695134381	416.34506569864703	0.0	618.3812902578138	451.7454221223841	0.0	582.2247205276133	259.48975409894615	0.0	580.4222969688475	226.12499148366737	0.0	591.2371635085015	274.8103807056887	0.0	565.6906161168872	281.1161446200065	0.0	581.9180612758627	292.8316329450298	0.0	582.9714545352605	318.0781281850823	0.0	641.2909791591982	274.80486699728027	0.0	637.5356315875857	286.5186344723965	0.0	642.1894854808098	313.56638504683735	0.0
734	12.233333333333333	589.9748511927071	372.47854872816674	0.0	579.5873675146319	367.80594144522803	0.0	580.0963443342574	372.8701030165658	0.0	591.0423973270829	406.66549488016847	0.0	564.9690590584789	442.0504788003447	0.0	606.3815162862962	421.95968812365265	0.0	601.4299732940541	442.34886442813735	0.0	617.7968068287081	361.95986407110945	0.0	617.6711803201725	372.9832382770361	0.0	602.815240152842	406.3501476066617	0.0	617.6308006538502	392.6125823760889	0.0	624.9759104788403	397.8890945269553	0.0	609.5343424794563	442.0053400380059	0.0	579.2024021798666	258.47659923315905	0.0	578.5649375246637	225.6803471798228	0.0	589.3888927692157	274.3989189384577	0.0	562.7122118219282	280.12789702906997	0.0	578.943620283715	291.2744941033242	0.0	579.3709079322077	317.7010496309186	0.0	638.3777850770152	274.395717381548	0.0	633.4757301995783	285.5383504527188	0.0	638.6938949666747	312.59898757918967	0.0
735	12.25	588.0172941770794	371.7111379405905	0.0	577.2650410461331	366.3457956817722	0.0	577.1836190987018	371.54952762528467	0.0	588.0747182007627	398.68586833344733	0.0	560.7551017371221	436.66366961826856	0.0	604.1014323873355	414.9470521564795	0.0	598.82561357833	436.67302147710296	0.0	615.1628856640743	360.86256491227437	0.0	615.0859618835589	371.61622111035024	0.0	598.8802050383606	398.6979030365968	0.0	614.8381477109987	382.3443609652844	0.0	620.424458007366	387.6638145558519	0.0	604.4994450197115	436.60034462877286	0.0	577.4394253647281	257.96769256872204	0.0	577.445650242807	225.48626211218811	0.0	588.2727499753379	274.2236353780747	0.0	561.0322734511708	279.6332826630061	0.0	577.267162531247	290.46658637564656	0.0	577.3145623831117	317.54810602277627	0.0	636.7664840986856	274.2222521285832	0.0	631.2614563540126	285.0486658472382	0.0	636.759956287018	312.1175064967864	0.0
736	12.266666666666666	587.2391621052719	371.44950525860526	0.0	576.3180107058209	365.7843980320984	0.0	576.0217709170574	371.1135491916218	0.0	586.8641117918918	395.4968882117636	0.0	559.1009420546984	434.5039376423193	0.0	603.2243813655479	412.13676690765504	0.0	597.7871383600635	434.4399657674441	0.0	614.0919883029333	360.46895686543144	0.0	614.0593898966172	371.13614562028744	0.0	597.2880906721795	395.6408195012049	0.0	613.8032075794307	378.24240247569463	0.0	618.6176636441895	383.5988361379859	0.0	602.3986015692533	434.4432615670611	0.0	576.6727775304269	257.80502827318526	0.0	576.932643213724	225.4488194414876	0.0	587.759166659329	274.19348584732256	0.0	560.3424436599214	279.4766264999472	0.0	576.5792449506795	290.1874496220031	0.0	576.4501065250287	317.5292053859654	0.0	636.1276305369931	274.193226427978	0.0	630.4079774655642	284.89434546268706	0.0	635.9931439107752	311.96678999036783	0.0
737	12.283333333333333	587.155346469994	371.46287850558724	0.0	576.1903426887231	365.7410699977293	0.0	575.8896745081241	371.1520760135145	0.0	586.7029662426637	395.1339240417234	0.0	558.9444868857549	434.2564756399994	0.0	603.1646761938133	411.8141148606668	0.0	597.6728322181361	434.20971777717614	0.0	613.9516345960866	360.4675875443124	0.0	613.948287943099	371.14605464707375	0.0	597.0863710474939	395.29346675451785	0.0	613.7642505329972	377.7779297862611	0.0	618.422565389364	383.16155496782096	0.0	602.0694772267457	434.2089481686476	0.0	576.521689090241	257.8266274483561	0.0	576.8096649632109	225.48335829538294	0.0	587.6356140415397	274.2302468042738	0.0	560.2447649239356	279.4993443618087	0.0	576.4837352696271	290.19696526213346	0.0	576.3122483658252	317.56990452599473	0.0	636.0617199562241	274.23052130076826	0.0	630.3417047482062	284.91773593410886	0.0	635.9128576376053	311.99240908285907	0.0
738	12.3	587.3719750283749	371.57084636759413	0.0	576.4217288456025	365.9078402157694	0.0	576.195523756316	371.34703560500304	0.0	587.0097340271374	395.9933651586757	0.0	559.4298997665534	434.85601891263326	0.0	603.463822604887	412.58658460909385	0.0	597.9623456430284	434.7951390581204	0.0	614.2205822601347	360.6129192946035	0.0	614.2277958879489	371.3356600522067	0.0	597.4907874571063	396.11630430246004	0.0	614.1159447061895	378.88867614842826	0.0	618.9145485086235	384.29739911445347	0.0	602.5384092058127	434.831579485919	0.0	576.656419716249	257.9095099280486	0.0	576.885550035816	225.528542888648	0.0	587.7159219749716	274.28073055635844	0.0	560.408433548887	279.5815557390125	0.0	576.6540678205185	290.30576016641413	0.0	576.5162047750046	317.6213069814835	0.0	636.2470892095935	274.28115138951506	0.0	630.6013966002778	284.9998845208172	0.0	636.1300411841036	312.0808564969509	0.0
739	12.316666666666666	587.6359263609345	371.6569088798871	0.0	576.710593689905	366.0842435345445	0.0	576.5523154952112	371.49362824387356	0.0	587.4086343391976	397.0380443481821	0.0	560.0106634424056	435.6244260116219	0.0	603.8414799335723	413.56356970684527	0.0	598.322740060579	435.40722409986114	0.0	614.5595444858616	360.7472227191562	0.0	614.5572475533706	371.50695698053147	0.0	597.9900821934026	397.1127019059387	0.0	614.4696061575663	380.24265655308574	0.0	619.4932883499771	385.6881262328331	0.0	603.1643122156006	435.63995948504504	0.0	576.8539821257845	257.97672960614665	0.0	577.0327653269171	225.54567982417885	0.0	587.8784860783913	274.3149921460251	0.0	560.61619766695	279.64864848803785	0.0	576.8788852754419	290.39022775785327	0.0	576.8159457121602	317.65719694553627	0.0	636.4799056378697	274.31535983798915	0.0	630.8905199923038	285.0669033670904	0.0	636.3956496082299	312.1650376744263	0.0
740	12.333333333333334	587.8189451275128	371.6597089728626	0.0	576.8998797230233	366.1655861555646	0.0	576.758035401496	371.4840027488569	0.0	587.7086873782838	397.7371227839986	0.0	560.4121634524867	436.22474070583405	0.0	604.1674234278208	414.2986682056439	0.0	598.5867872510556	435.62142913668885	0.0	614.7936762219609	360.78885426958425	0.0	614.7609161826978	371.5582447385867	0.0	598.3197577501022	397.77170544237754	0.0	614.625447574446	381.15972907227376	0.0	619.84892002296	386.6677466978123	0.0	603.6125078946604	436.30689864758784	0.0	576.9940439092221	257.98954220360275	0.0	577.1852728095861	225.5141612133632	0.0	588.0628276216036	274.32006643343277	0.0	560.7546496766286	279.663359143151	0.0	577.0506360150987	290.3842403733659	0.0	577.0899190636618	317.66728547770816	0.0	636.6594489612394	274.32031297814495	0.0	631.0575990265168	285.0819970186775	0.0	636.58430721286	312.2145883577739	0.0
741	12.35	587.8824003268953	371.5632647211693	0.0	576.939951677172	366.1210665223383	0.0	576.7505467526266	371.29091332980005	0.0	587.8502036148442	397.9286565010207	0.0	560.5534782885994	436.55538598638765	0.0	604.4064225081922	414.6567421210923	0.0	598.7041552116134	435.3071594196832	0.0	614.8682115770652	360.7157694297835	0.0	614.7854069154109	371.46288432959904	0.0	598.3973430510754	397.9373650470294	0.0	614.5278227187488	381.43277753180456	0.0	619.8872939462631	387.035977492218	0.0	603.7738505680876	436.7354969374937	0.0	577.0346957582501	257.93896667557584	0.0	577.3183893994393	225.43025958104923	0.0	588.2462561788365	274.29506887185687	0.0	560.7875846107415	279.617226128059	0.0	577.1354085058679	290.2700834807831	0.0	577.2989057927059	317.65178809958155	0.0	636.7559325219738	274.2951988842711	0.0	631.0585813838851	285.0368873980169	0.0	636.6585196208132	312.22370562815996	0.0
742	12.366666666666667	587.848413901272	371.3978848272901	0.0	576.8595901777313	365.9821455400257	0.0	576.5767881468153	370.9718197713862	0.0	587.8571287242039	397.71058454513883	0.0	560.4837049956252	436.65324731981127	0.0	604.5638627107251	414.6961891252645	0.0	598.6992780664929	434.6015072359661	0.0	614.812000734722	360.5601243325695	0.0	614.6684454031915	371.26260221174095	0.0	598.2715229572087	397.7062624680428	0.0	614.2426485823136	381.1842366892575	0.0	619.6755574600263	386.9031336042905	0.0	603.6953062699587	436.9500644579113	0.0	576.9914452322994	257.84431749532484	0.0	577.4240667006786	225.31301531671403	0.0	588.4133592693408	274.2503785862373	0.0	560.7347747885335	279.52874148255614	0.0	577.1456310082563	290.0810737437741	0.0	577.4411592653823	317.6196265337148	0.0	636.781464919868	274.2504254137036	0.0	630.9312561899092	284.94988180271207	0.0	636.6387076602543	312.20292065236913	0.0
743	12.383333333333333	587.7867187514447	371.25450524980363	0.0	576.7563865491271	365.8476239562516	0.0	576.3899550884353	370.69787456957647	0.0	587.8099736087809	397.3983128117233	0.0	560.3527068129823	436.6321060197576	0.0	604.6431198974486	414.60064149770824	0.0	598.648501908163	433.9525887501532	0.0	614.7218205153498	360.4183297136615	0.0	614.5312317942504	371.08062893366673	0.0	598.1041618635962	397.38977786144176	0.0	613.9688102177065	380.8071397068161	0.0	619.4294658460913	386.61545749088737	0.0	603.5473561082937	437.0183883407242	0.0	576.9286797385544	257.76042117593664	0.0	577.4881237296577	225.21735489719623	0.0	588.5250112315549	274.21113179509445	0.0	560.6644177077349	279.4498564079221	0.0	577.1240247942709	289.9187542775137	0.0	577.5157014952417	317.59037515010675	0.0	636.7719660044803	274.2111316471844	0.0	630.7917484375062	284.87221425174397	0.0	636.5883182012254	312.1765620623042	0.0
744	12.4	587.8145035319609	371.30583737227124	0.0	576.8023098984601	365.8994305916069	0.0	576.466635684242	370.7951070252507	0.0	587.8374934362652	397.5353609774602	0.0	560.4102034304584	436.65534653604425	0.0	604.617495750412	414.6558160060736	0.0	598.6742125923577	434.2044799627741	0.0	614.7637539732224	360.46999943359805	0.0	614.5883808732715	371.146155001438	0.0	598.1782203174627	397.52738985653	0.0	614.0709171450608	380.97429336852	0.0	619.5316993101683	386.74801559654827	0.0	603.6228152852443	437.00791310582326	0.0	576.9616165595833	257.78947428022184	0.0	577.4728597311092	225.24992504550707	0.0	588.4923524032307	274.2228870124655	0.0	560.6964360080432	279.4770056246116	0.0	577.138034012483	289.9772749146059	0.0	577.4973209642882	317.59820700597913	0.0	636.7794963864386	274.2228675092471	0.0	630.8467344472475	284.8988722342973	0.0	636.6117233979802	312.18427633076215	0.0
745	12.416666666666666	588.0969595252026	371.81642497522046	0.0	577.246743943903	366.410304265704	0.0	577.2153711861586	371.7639874221554	0.0	588.1136502127539	398.90050734831607	0.0	561.0068535712368	436.92527743923256	0.0	604.4185939550971	415.241169982432	0.0	598.9429985928502	436.637230305602	0.0	615.1744494062146	360.9871192448542	0.0	615.1531964473772	371.80621395000844	0.0	598.9023194682793	398.89491975190964	0.0	615.0954466030141	382.6454549727853	0.0	620.5415191882872	388.10472355437514	0.0	604.3371051495582	436.9677433747765	0.0	577.2572123374969	258.0868278204455	0.0	577.3090813432459	225.5765594721971	0.0	588.1649335440617	274.3545293313856	0.0	561.0043109111868	279.7565160591721	0.0	577.2776888840187	290.5548990079416	0.0	577.3256492468449	317.69403929069597	0.0	636.8693418920807	274.3545070939142	0.0	631.3998208885376	285.1739182889828	0.0	636.8539038298709	312.2821803738551	0.0
746	12.433333333333334	588.8278134866163	373.11026306132277	0.0	578.3863965999593	367.71060627951204	0.0	579.1271062538101	374.2181461820364	0.0	588.8374189353749	402.4149441629718	0.0	562.5531928243588	437.661192630965	0.0	603.9468707132577	416.78670917084526	0.0	599.6464264357508	442.8095606024542	0.0	616.2328566511832	362.30094982819696	0.0	616.5999645068762	373.48352374481925	0.0	600.7616467367288	402.41184813472114	0.0	617.704546031646	386.9532189965153	0.0	623.1274207846316	391.6240767130237	0.0	606.1783121722854	436.9261611786024	0.0	578.0136316105467	258.84216415233334	0.0	576.9048962366008	226.40191110235816	0.0	587.3497426137669	274.6901227922184	0.0	561.7941374005627	280.4669152786917	0.0	577.645195924034	292.017380996543	0.0	576.913726091742	317.93966208208394	0.0	637.1129284323976	274.6901054165262	0.0	632.8150745423115	285.8730847528848	0.0	637.4835359706001	312.5365525227168	0.0
747	12.45	590.162429287308	375.45217792154415	0.0	580.4607533955984	370.0690886352457	0.0	582.5998462856461	378.65938682932835	0.0	590.1665373902322	408.82028197913144	0.0	565.3782040295991	439.0324273994045	0.0	603.1154918801003	419.63183343208476	0.0	600.9367437329952	453.99236172562024	0.0	618.163196730074	364.6816141083908	0.0	619.2313346537618	376.52279985548086	0.0	604.147465801601	408.81904983558405	0.0	622.4369532024729	394.8084094562714	0.0	627.8300879768267	398.0571169324021	0.0	609.5381722962921	436.8952164913627	0.0	579.3906397351013	260.21032786737226	0.0	576.1827010169675	227.89379873156167	0.0	585.8859699442909	275.29828044677924	0.0	563.2321522218076	281.75389292084276	0.0	578.3212950368802	294.6638411999243	0.0	576.1859445049897	318.3853881833824	0.0	637.5656779854817	275.29826975593534	0.0	635.387373480003	287.13976903764086	0.0	638.6354059844233	313.000721192842	0.0
748	12.466666666666667	592.075211127403	378.7962874776866	0.0	583.4299652084275	373.43986819600576	0.0	587.566398841274	385.00061015622225	0.0	592.0759496114276	417.9933320598927	0.0	569.4275879944832	441.01363698386245	0.0	601.9411852736923	423.7228299686344	0.0	602.7893941794342	469.9680466749283	0.0	620.9285244223094	368.0825645676665	0.0	622.9964737328446	380.8645401216453	0.0	608.9946953807042	417.99320176950215	0.0	629.2003374569538	406.06002617792484	0.0	634.5586541098547	407.2805162309312	0.0	614.3528038345739	436.8769982489072	0.0	581.3621091610578	262.16445698365425	0.0	575.1573082386532	230.02284593207338	0.0	583.8029592703019	276.16692724309394	0.0	565.290777660533	283.5921644856515	0.0	579.2933246166776	298.44245929422914	0.0	575.1573664309956	319.02229736749155	0.0	638.2191614247989	276.16692219089214	0.0	639.0668040175157	288.94908061047613	0.0	640.2874794303387	313.6655001318821	0.0
749	12.483333333333333	594.2378938902489	382.5712813986979	0.0	586.7853224908979	377.2464669224344	0.0	593.1766881835562	392.15856383719273	0.0	594.2370181665702	428.36131311058284	0.0	574.0061961465466	443.261248671504	0.0	600.621676136074	428.3546672589181	0.0	604.8856650321719	488.0059230059652	0.0	624.0545722313196	371.9224519115935	0.0	627.2505247911209	385.7665432904333	0.0	614.4726395930843	428.36167279726186	0.0	636.8379510870997	418.77830158849474	0.0	642.1607874052195	417.7102739692451	0.0	619.7962283374123	436.86890767713305	0.0	583.5902440687692	264.3705875480939	0.0	574.0027043773126	232.42557855551337	0.0	581.4550812128322	277.1475657929803	0.0	567.6172604807645	285.66752738852705	0.0	580.3938470534096	302.70779628088377	0.0	574.0014439688224	319.74141553578795	0.0	638.9602403219277	277.1475644416782	0.0	643.2234108200159	290.99175938804007	0.0	642.1559699219825	314.41682036830707	0.0
750	12.5	596.1567908540176	385.9180755552114	0.0	589.7616617752565	380.62194615291156	0.0	598.1522202305267	398.5043806237975	0.0	596.1553989801037	437.5588086971065	0.0	578.0686649373746	445.25855977900494	0.0	599.4544973211059	432.4670028507899	0.0	606.7462419782978	503.9991758225936	0.0	626.8279832547263	375.3270956007129	0.0	631.0236596799359	390.1127943801283	0.0	619.3318772145635	437.55927357530555	0.0	643.6103616202163	430.0609519340966	0.0	648.903446749574	426.9642393350316	0.0	624.6258652219963	436.86710050309864	0.0	585.5667736495517	266.3265886821047	0.0	572.9803290854813	234.55547932342424	0.0	579.375068564645	278.01700579571684	0.0	569.6809962623086	287.5075754900848	0.0	581.370977146802	306.4892704167065	0.0	572.9789075222957	320.3790070311876	0.0	639.6187819163412	278.01700637793743	0.0	646.9098680855354	292.8028341715933	0.0	643.8140943959266	315.08328433434326	0.0
751	12.516666666666666	597.5033784731492	388.2653785538306	0.0	591.8498896342749	382.9896834512379	0.0	601.6425069914923	402.9548777681466	0.0	597.5019687700321	444.01190980085426	0.0	580.919347291567	446.661226535639	0.0	598.6371769506252	435.3538092545373	0.0	608.0520559295817	515.216365250763	0.0	628.774067231876	377.71512002229457	0.0	633.6706734812478	393.16108542849963	0.0	622.7410967892572	444.0122926709062	0.0	648.3606570533898	437.9767522520017	0.0	653.633689146104	433.45701765540787	0.0	628.0147600623029	436.8682528383031	0.0	586.953462808311	267.69854481674383	0.0	572.2638204382557	236.04916042634844	0.0	577.9169443088318	278.6268451082928	0.0	571.1289393986461	288.7981563134942	0.0	582.0569930626461	309.14145148651335	0.0	572.2628061427062	320.82620258216895	0.0	640.0814458970236	278.6268464211969	0.0	649.4960004238461	294.07309690481657	0.0	644.977818408332	315.5508818018596	0.0
752	12.533333333333333	598.2504883898633	389.56687105430996	0.0	593.0081660067021	384.3026907665577	0.0	603.5779842115265	405.4222789603526	0.0	598.2491609758738	447.5909603700484	0.0	582.5006832749546	447.43959032620813	0.0	598.1848088975322	436.95570611751197	0.0	608.776471362709	521.4353769980762	0.0	629.8536450840131	379.0392759892464	0.0	635.1386576194927	394.85110590035697	0.0	624.6319223790146	447.59120613795636	0.0	650.9946007136903	442.36644288401374	0.0	656.2569938637289	437.0572250505656	0.0	629.8945188764632	436.8701730069574	0.0	587.7224517501218	268.45935631486407	0.0	571.8667927349298	236.8772599621172	0.0	577.1088588152023	278.9650508769412	0.0	571.9320519346246	289.51376783821246	0.0	582.4377902621637	310.61203225521183	0.0	571.8663656937214	321.07416203667714	0.0	640.3385250972065	278.96505228561335	0.0	650.9302341817461	294.7774455538965	0.0	645.623566092759	315.81024164675034	0.0
753	12.55	598.5486250596389	390.08557416983206	0.0	593.4701076296457	384.82611986310076	0.0	604.3494404503078	406.405391136643	0.0	598.5473216429239	449.01791062398087	0.0	583.1313928142595	447.7499667150459	0.0	598.0051529220951	437.5949026975533	0.0	609.0653840934523	523.9131291422437	0.0	630.2843132070954	379.56707321521316	0.0	635.7238828552817	395.5244425968924	0.0	625.3858074431257	449.01803363515234	0.0	652.0442958660548	444.1158251978116	0.0	657.3028067915152	438.4913603411022	0.0	630.6441062130428	436.8717915818812	0.0	588.0289259822896	268.7626961832203	0.0	571.7086972286787	237.20722185305812	0.0	576.7870723793858	279.099924999324	0.0	572.2523202726461	289.7989982622534	0.0	582.5898852799271	311.1981844172793	0.0	571.7088120067075	321.17298730143574	0.0	640.4414514472879	279.09992626121135	0.0	651.5020542107802	295.0581900417673	0.0	645.8813341252168	315.91367538286875	0.0
754	12.566666666666666	598.5809305094966	390.14111902924924	0.0	593.5199087382947	384.88231319603256	0.0	604.4322076347394	406.510457398885	0.0	598.5796736366239	449.1714375761831	0.0	583.1994792490029	447.78358570405845	0.0	597.9865501397833	437.6642675152707	0.0	609.0965949289233	524.1779234238543	0.0	630.3308564804153	379.6236570384697	0.0	635.7867736594063	395.5963987057151	0.0	625.4669235287507	449.1714770057611	0.0	652.1567303634728	444.30346548559953	0.0	657.4151957504606	438.6447931592896	0.0	630.7249051018704	436.87291703982936	0.0	588.0618096108951	268.79527895280347	0.0	571.691946557481	237.2424831771453	0.0	576.7529114854323	279.1144337299389	0.0	572.2868305716141	289.8295676571834	0.0	582.6065093417011	311.26099557187575	0.0	571.692411619178	321.18357307977135	0.0	640.4529210317263	279.1144347678006	0.0	651.5635289957875	295.08828117423946	0.0	645.9093415705132	315.9248224313246	0.0
755	12.583333333333334	598.4944538542024	389.9900803729088	0.0	593.3858102566759	384.73006492296975	0.0	604.20818802905	406.22431143227016	0.0	598.4935747980027	448.7577985101756	0.0	583.0167797988867	447.6949893860571	0.0	598.0394542185719	437.4799529893894	0.0	609.0131769563926	523.4576896147493	0.0	630.2059445409022	379.47005188766593	0.0	635.6169124455828	395.4006190058154	0.0	625.2482703129062	448.75779321372534	0.0	651.8515952536434	443.7970563112027	0.0	657.1116112801365	438.23076007241553	0.0	630.5078309586164	436.87396719174154	0.0	587.9730545336021	268.70689750618607	0.0	571.7384025901185	237.14634119431926	0.0	576.8470398609871	279.0751045748739	0.0	572.1939054063398	289.74652816764643	0.0	582.5625629230371	311.0902515029238	0.0	571.7388769467235	321.1548078100362	0.0	640.4232128932593	279.07510526104056	0.0	651.3974159345984	295.0065461977383	0.0	645.8346167400307	315.89479625456454	0.0
756	12.6	598.3814866717041	389.79355512854715	0.0	593.2111899009808	384.53188939948575	0.0	603.9175801228706	405.85291756131573	0.0	598.3818178863165	448.22147507096213	0.0	582.7794590933072	447.58247491237364	0.0	598.1076086273679	437.241282981963	0.0	608.9053545839712	522.5250038604485	0.0	630.0431695607679	379.27016423883595	0.0	635.3964118987307	395.1469778887318	0.0	624.9644777340982	448.22145320414023	0.0	651.4556279108484	443.1438085283912	0.0	656.7174353746291	437.70040982825043	0.0	630.2263734531281	436.87573384880614	0.0	587.8584415073703	268.5914675924804	0.0	571.7992210294037	237.02133461596733	0.0	576.9695338431267	279.0236009359444	0.0	572.0730561691478	289.6384343901586	0.0	582.5050789786926	310.867804621101	0.0	571.7991622878358	321.1173956281209	0.0	640.3837324972462	279.02360092053476	0.0	651.1813852456258	294.9001397226717	0.0	645.7368560577848	315.8557111236317	0.0
757	12.616666666666667	598.2866759241056	389.6295943576929	0.0	593.0655690028907	384.36654146683617	0.0	603.6772064625437	405.54485607768896	0.0	598.2896326714666	447.77892906312843	0.0	582.5829326047498	447.4950516623793	0.0	598.1636770695276	437.0456824855425	0.0	608.8172593068234	521.7559847527838	0.0	629.907295803499	379.10341944767504	0.0	635.2138133330668	394.93760072411806	0.0	624.7296784311117	447.77890653296134	0.0	651.1276145576767	442.6115095275669	0.0	656.3908300472398	437.2760407251962	0.0	629.9942910076294	436.8791277896848	0.0	587.7647872183702	268.4943334624866	0.0	571.8509654238461	236.91715752990984	0.0	577.072092981143	278.979984399398	0.0	571.972596618761	289.5481796359633	0.0	582.4568260528816	310.6816509775012	0.0	571.8495939565414	321.0862219760579	0.0	640.3494817838543	278.9799830201569	0.0	651.0016490320447	294.81127337060207	0.0	645.6545750473402	315.8231457569486	0.0
758	12.633333333333333	598.2230102615572	389.5209805666556	0.0	592.9692787518902	384.25702275233084	0.0	603.5214648245469	405.34372170100517	0.0	598.2304073962312	447.49410264864116	0.0	582.4553075884355	447.44796301863147	0.0	598.199634057118	436.92217932766465	0.0	608.762054105701	521.2616187795314	0.0	629.8172562542503	378.99301088015693	0.0	635.0951673356266	394.8025914428853	0.0	624.5774941383714	447.49408556733533	0.0	650.9142226261035	442.2801187039419	0.0	656.1783087902462	437.02503267803905	0.0	629.8452183679464	436.8847868710773	0.0	587.7060295229621	268.4286270218208	0.0	571.886947647772	236.84832395656443	0.0	577.1406957185528	278.9500290611868	0.0	571.906695950636	289.4882773813617	0.0	582.42443861109	310.5574022534132	0.0	571.8833257017895	321.0656391420169	0.0	640.3246991939307	278.9500254046018	0.0	650.883458997124	294.7522597576626	0.0	645.5989534365762	315.8016627740601	0.0
759	12.65	598.1873958774613	389.46213550746006	0.0	592.9173496614782	384.1977147933976	0.0	603.4416882556321	405.23861032201427	0.0	598.2007663445703	447.3508290653627	0.0	582.3895647624638	447.4367605049359	0.0	598.217584149349	436.86334136113226	0.0	608.7363095607368	521.0136007425573	0.0	629.7684463359559	378.93326248451376	0.0	635.0339404207468	394.7343045454916	0.0	624.4994810420271	447.3508171848322	0.0	650.8037353379591	442.1285949575956	0.0	656.0682364047558	436.9287490329312	0.0	629.7706316558216	436.89242121051086	0.0	587.6785156420092	268.3912408150299	0.0	571.9086918155609	236.81126108058714	0.0	577.1787480830651	278.93240475063544	0.0	571.8718467957877	289.4556755106137	0.0	582.4063420876338	310.4888581069108	0.0	571.9020480833404	321.05458038260167	0.0	640.3085265140528	278.93239797574086	0.0	650.820578729524	294.72009958530015	0.0	645.5673607303867	315.7901497191036	0.0
760	12.666666666666666	598.1721576704778	389.43876766383147	0.0	592.8969319420086	384.17418966587945	0.0	603.4143765923559	405.2005534532893	0.0	598.1913127376428	447.30449142881685	0.0	582.3666857667334	447.44600081330236	0.0	598.2232348427716	436.847713381998	0.0	608.7300424860213	520.9340182290088	0.0	629.7490097036764	378.9096014360839	0.0	635.0125160729742	394.7118301020245	0.0	624.472714234232	447.30448117509087	0.0	650.7647196123312	442.0951976193481	0.0	656.0293361584509	436.92844882009445	0.0	629.7468910992392	436.8998406894223	0.0	587.6716870245568	268.37469031138244	0.0	571.9194539059026	236.7967640873286	0.0	577.1946842690033	278.9240773769438	0.0	571.8587970265663	289.44259007112464	0.0	582.3986037194302	310.46046595884906	0.0	571.9098903223901	321.05028406558245	0.0	640.2994553172379	278.92406743437	0.0	650.7966781341006	294.7071540133551	0.0	645.5533978341487	315.7857059885935	0.0
761	12.683333333333334	598.1719971534372	389.43951066890224	0.0	592.8975870546135	384.1749420694165	0.0	603.4173384855977	405.203610615548	0.0	598.1926849818607	447.3112254736532	0.0	582.3689249227833	447.4525833496407	0.0	598.2222275185902	436.85208600540204	0.0	608.7321366839785	520.9459635941731	0.0	629.7494920841852	378.9103806775928	0.0	635.0145464442537	394.7148809977606	0.0	624.4755679969857	447.31121235733656	0.0	650.7682839028333	442.10965423692915	0.0	656.032860661735	436.94744764393397	0.0	629.7504800629786	436.9018016582459	0.0	587.6738628866325	268.37436749495714	0.0	571.9200997500013	236.7973444271912	0.0	577.1945118175133	278.9236847791166	0.0	571.8595117720178	289.4429414815845	0.0	582.3984709241868	310.4607811855165	0.0	571.9097542203295	321.0504875656825	0.0	640.2983122609492	278.923673610292	0.0	650.7978632820804	294.70749017209874	0.0	645.5530331616766	315.785929103455	0.0
762	12.7	598.1871471592509	389.461046866359	0.0	592.9158091582416	384.19655287928725	0.0	603.4364650799718	405.2338686927987	0.0	598.1980494716938	447.33995989688054	0.0	582.3854091207633	447.4261576330657	0.0	598.2186433937968	436.85629853390594	0.0	608.7324284826307	520.99435134543	0.0	629.7671028997398	378.93207894299945	0.0	635.030172429456	394.72954558078777	0.0	624.4943435100049	447.33994071742796	0.0	650.7975068920754	442.105247442234	0.0	656.0619874837361	436.8979328208758	0.0	629.764265779163	436.8891608019807	0.0	587.6744745709594	268.39186612549946	0.0	571.9071306333085	236.8104469222772	0.0	577.1784712862848	278.9331254947797	0.0	571.870183461787	289.4551984452819	0.0	582.4059788000062	310.4884836880672	0.0	571.9016751815885	321.0543845041404	0.0	640.3097860250749	278.9331186142456	0.0	650.8181168162675	294.7196874705849	0.0	645.5674207039829	315.7899102796506	0.0
763	12.716666666666667	598.2233796186752	389.5082688288486	0.0	592.9552187236736	384.243857954959	0.0	603.4664517903913	405.2901296461497	0.0	598.2034611766024	447.37396864618347	0.0	582.4127017261295	447.3306387412825	0.0	598.2148212868086	436.84424559590184	0.0	608.7222336479896	521.0486689618998	0.0	629.8058762724335	378.9794738398256	0.0	635.0565349781654	394.7489763518992	0.0	624.5239735398783	447.3739440873793	0.0	650.8483010357226	442.0221485991548	0.0	656.1126809933862	436.68535617384373	0.0	629.7783771859902	436.84933557221075	0.0	587.6646137691755	268.43489813060086	0.0	571.8728779157416	236.838572736166	0.0	577.1410454509382	278.95746058334663	0.0	571.8914415301579	289.48245100683914	0.0	582.4239704506888	310.55243870690987	0.0	571.8828430951293	321.0626599667504	0.0	640.342215448497	278.95746856225446	0.0	650.8596195565631	294.7469035809748	0.0	645.6028625830966	315.79827521719085	0.0
764	12.733333333333333	598.2888246606807	389.5900497064118	0.0	593.0230295460776	384.32571033065045	0.0	603.5078928250056	405.3786797178067	0.0	598.2072654181572	447.40727813477565	0.0	582.4521984069057	447.13204990517596	0.0	598.211783486851	436.8045544118826	0.0	608.6950617152108	521.0971336855707	0.0	629.8732093694413	379.06139375247136	0.0	635.0952713473702	394.7714074839994	0.0	624.5651579510164	447.4072560870052	0.0	650.9246191216192	441.8134708191738	0.0	656.1889113011825	436.225504131222	0.0	629.7886440718859	436.76964313715	0.0	587.6377101959554	268.51352741975194	0.0	571.8084665563605	236.88674800499325	0.0	577.074274800915	279.0028023269065	0.0	571.9264148071875	289.5299763759916	0.0	582.456522154356	310.6660293364913	0.0	571.8492749891433	321.07674281112503	0.0	640.4048306315358	279.0028410743112	0.0	650.9289861923324	294.7944448215849	0.0	645.6677158703194	315.8124267876386	0.0
765	12.75	598.386863571886	389.7101325098423	0.0	593.1224621809218	384.445856614356	0.0	603.5619402044839	405.50281267900516	0.0	598.2092893520511	447.43919607896316	0.0	582.5051906222346	446.81836476459705	0.0	598.2098196891877	436.7337133767903	0.0	608.6489863352688	521.1381518666692	0.0	629.972371870428	379.1815805736767	0.0	635.1477213148902	394.79688364404296	0.0	624.6190763136245	447.4391952747157	0.0	651.0291474361474	441.46405920663614	0.0	656.293363646232	435.4894147667416	0.0	629.7944760665416	436.6454425251718	0.0	587.5918500629857	268.63169312251523	0.0	571.7106386862469	236.957120235546	0.0	576.9750600033427	279.07148339792616	0.0	571.9767064496791	289.59996719593397	0.0	582.5054108256066	310.83469700018946	0.0	571.7994875637328	321.09722017168696	0.0	640.5012196170028	279.0715713506986	0.0	651.029362387616	294.86449828705867	0.0	645.7654049634717	315.83294605043153	0.0
766	12.766666666666666	598.504288465126	389.8523768250882	0.0	593.2405005471861	384.5881707753281	0.0	603.6228934594965	405.64692231579784	0.0	598.2101862778545	447.4684979438666	0.0	582.5657859382912	446.43559183926465	0.0	598.2089972083436	436.6433818246412	0.0	608.5916073006467	521.1719120528256	0.0	630.0903424925418	379.3239119967034	0.0	635.207977326189	394.8233000055413	0.0	624.6800204310009	447.46855019430257	0.0	651.149609103687	441.02863053899773	0.0	656.4137573089781	434.5870331605739	0.0	629.7971039898906	436.4945987679881	0.0	587.534689668006	268.7729948361307	0.0	571.5934007520952	237.04027254085756	0.0	576.8572111609926	279.15385449896417	0.0	572.0360845374242	289.6829564177283	0.0	582.5642163682799	311.03542829365915	0.0	571.7405482035678	321.12130197534117	0.0	640.6179689123858	279.15400416233393	0.0	651.1479135986434	294.94755441290084	0.0	645.8826818181834	315.85704518343937	0.0
767	12.783333333333333	598.5951764245344	389.9610038012966	0.0	593.3315033556214	384.6968866681243	0.0	603.6691702872275	405.75598600737834	0.0	598.2110210802053	447.48790574278587	0.0	582.6120817058085	446.13904022974936	0.0	598.209501385772	436.5718557064488	0.0	608.547506427199	521.193134223853	0.0	630.1814685193242	379.43262656162767	0.0	635.2541551383778	394.84209477399685	0.0	624.7263884314232	447.4880532744023	0.0	651.241411634721	440.6885719260005	0.0	656.5055068965673	433.8873360231724	0.0	629.7984427607494	436.3778120662081	0.0	587.4908683320582	268.8812986478363	0.0	571.5040417323806	237.1036428989321	0.0	576.7677279468169	279.21702237583685	0.0	572.0821619717187	289.74630824959416	0.0	582.6102656016221	311.1890374175813	0.0	571.6962324805176	321.1394555026659	0.0	640.7088467534761	279.21722370893474	0.0	651.2392540834768	295.0108906254489	0.0	645.9735653295045	315.8751944556071	0.0
768	12.8	598.564229537347	389.92042804215475	0.0	593.300411111447	384.6564164852729	0.0	603.6544597521022	405.7150009555262	0.0	598.2130181394435	447.47956202538893	0.0	582.5974096372448	446.2471315755944	0.0	598.2117643022327	436.5966218247716	0.0	608.5661994855452	521.1855813067918	0.0	630.1506857587252	379.3921386504187	0.0	635.239696615481	394.83434528345936	0.0	624.7118413060545	447.4798445412922	0.0	651.2103340595781	440.81273974204765	0.0	656.4744208444056	434.14494236416044	0.0	629.8004590636564	436.4198685567386	0.0	587.5099166997477	268.8407665774963	0.0	571.5396396703952	237.07973045042016	0.0	576.803439390891	279.1932231005104	0.0	572.0678984477969	289.72245972185203	0.0	582.5962604364912	311.1317471337494	0.0	571.7153223668984	321.13199883509384	0.0	640.6782895223428	279.1934180065329	0.0	651.2085409225517	294.98680875994694	0.0	645.9427126036403	315.867712354338	0.0
769	12.816666666666666	598.2591490817243	389.5462922591086	0.0	592.9950790227178	384.2823699414098	0.0	603.5036445056375	405.33989044214456	0.0	598.2173061339333	447.41318174425265	0.0	582.4462861983823	447.26562205382555	0.0	598.2163377571545	436.84013953135525	0.0	608.7255476116984	521.119748163886	0.0	629.8458301343805	379.0180577121944	0.0	635.0893312097356	394.7691219126439	0.0	624.5612115247551	447.4136069037596	0.0	650.9046448514596	441.9849072617445	0.0	656.1688260835101	436.5569711292432	0.0	629.8047618112482	436.8192334024109	0.0	587.6696175378445	268.46697049884096	0.0	571.8542608605524	236.8608716036423	0.0	577.1182469286822	278.97465708450886	0.0	571.9176221578527	289.5037055363266	0.0	582.4463272839836	310.6025398356136	0.0	571.8751202457556	321.06763481549973	0.0	640.3738011501032	278.9747090258655	0.0	650.9037282749597	294.7674345864229	0.0	645.6377978967791	315.80330026073943	0.0
770	12.833333333333334	597.4895234708713	388.60888039551867	0.0	592.2251770063523	383.34495168728387	0.0	603.122019203737	404.4009643967058	0.0	598.2244663010792	447.25019438698683	0.0	582.0636565325232	449.82394029343675	0.0	598.2234455123508	437.4546741476861	0.0	609.1215945623027	520.9567954817662	0.0	629.076484810357	378.080588827289	0.0	634.7082634423848	394.6075822565873	0.0	624.1796970588694	447.2506873045187	0.0	650.1339629027859	444.93038754907735	0.0	655.3984253569672	442.6120442013819	0.0	629.8121046633147	437.82313245783797	0.0	588.065787237437	267.53030380509966	0.0	572.6390957571462	236.31295133604868	0.0	577.903254829012	278.42719241315854	0.0	571.5362182649486	288.95590177223744	0.0	582.0651777575823	309.27627858403855	0.0	572.2712654518522	320.9075259864505	0.0	639.6047897421423	278.4268640771986	0.0	650.134391802052	294.21847756476717	0.0	644.8683863353803	315.64312200236833	0.0
771	12.85	596.097424417118	386.9193586290064	0.0	590.8328230441144	381.6551935656957	0.0	602.4302402331047	402.70933001462373	0.0	598.2337249338736	446.9588523101933	0.0	581.3699293617656	454.4400577786832	0.0	598.2321569665152	438.56592208367744	0.0	609.8319940696894	520.6635853132477	0.0	627.6845371659238	376.39077099124387	0.0	634.0170512425562	394.31789939910186	0.0	623.4877869240719	446.95918717592707	0.0	648.7399583637023	450.24534544139493	0.0	654.0049740072004	453.53362107351523	0.0	629.8215607168595	439.63531771286534	0.0	588.7756610128013	265.8421528481358	0.0	574.0501114840863	235.3258286039742	0.0	579.3143974387558	277.4407401000607	0.0	570.844019686733	287.96887538576254	0.0	581.3729542436818	306.8857115871548	0.0	572.98111796922	320.620070867585	0.0	638.2130752198025	277.43970516520517	0.0	648.7422787242555	293.2297626171839	0.0	643.4765029015799	315.35558849583117	0.0
772	12.866666666666667	594.1070677851327	384.51175302785583	0.0	588.8422887037303	379.2469452408875	0.0	601.4386274387573	400.29914166230054	0.0	598.2417588108549	446.5457754482055	0.0	580.375477687946	461.0236172861834	0.0	598.2392156640389	440.15354475829895	0.0	610.8393136690815	520.2443422705223	0.0	625.6938064710799	373.9824760429105	0.0	633.0258180278361	393.90655828929005	0.0	622.4955581195037	446.545508507452	0.0	646.7462352060643	457.8247492076122	0.0	652.0121054300068	469.10421350289437	0.0	629.8293092261224	442.22104816043503	0.0	589.7812119858786	263.4367237581366	0.0	576.055881547711	233.9196823308235	0.0	581.3202412743374	276.0355151338899	0.0	569.8510982985122	286.56275247301704	0.0	580.3794930449607	303.47894402922014	0.0	573.9870708329547	320.21192810606397	0.0	636.2224640536534	276.0334449520626	0.0	646.7509462950813	291.82176196387786	0.0	641.4862596565118	314.94739304888964	0.0
773	12.883333333333333	591.8521407566269	381.79828555025506	0.0	586.5873663483096	376.5322674380373	0.0	600.3102322104348	397.5832981525257	0.0	598.2413553533889	446.0831690657728	0.0	579.2440457843272	468.4523906363454	0.0	598.2377900674617	441.949450810659	0.0	611.9653098218619	519.7684119668827	0.0	623.4373793206265	371.26781048003375	0.0	631.8972381539829	393.4452927706248	0.0	621.365788261505	446.0816186918701	0.0	644.4860484055314	466.3748988319372	0.0	649.7529480991931	486.6632390368162	0.0	629.8273048146456	445.1410487270345	0.0	590.9035714464624	260.72612080288866	0.0	578.3075582965564	232.33571736555336	0.0	583.5719357202997	274.4526210186593	0.0	568.7204288899064	284.9786518950425	0.0	579.2475135080897	299.6391448923506	0.0	575.1109371097283	319.7545452952505	0.0	633.9660447118529	274.4493961216222	0.0	644.4931495168838	290.23655602782355	0.0	639.2311540309839	314.49005094747633	0.0
774	12.9	589.8331887873115	379.3991002207726	0.0	584.5687781595859	374.13128569104447	0.0	599.2892365349645	395.18356473933636	0.0	598.2206317577128	445.68098531687156	0.0	578.2215878247443	475.04056584167387	0.0	598.2168310752485	443.55132941840424	0.0	612.9410984206934	519.3437622391366	0.0	621.4151155234342	368.86697339343635	0.0	630.8749022706836	393.0429825861344	0.0	620.3424874200424	445.6773391972481	0.0	642.460322745964	473.9533103636376	0.0	647.728004808776	502.2149421774283	0.0	629.802620373827	447.7362161823367	0.0	591.8735664086283	258.32969908379283	0.0	580.280104468919	230.9364574646276	0.0	585.5444318275067	273.05418920691676	0.0	567.6965257610855	283.5789817224173	0.0	578.2213723487092	296.24330733375086	0.0	576.0843564545781	319.35551714789364	0.0	631.9436723036359	273.050274947192	0.0	642.4684823950406	288.83837625303715	0.0	637.2114525176756	314.0912609514269	0.0
775	12.916666666666666	588.3748416663102	377.72832805686045	0.0	583.1113857890929	372.4584703576229	0.0	598.5302674413084	393.5169141281151	0.0	598.1641540009772	445.4173298379974	0.0	577.4659616142907	479.6728822538178	0.0	598.1622977789661	444.6962317698616	0.0	613.5804417403722	519.0499145848585	0.0	619.9511991914428	367.19452783701587	0.0	630.112716476812	392.7759180587786	0.0	619.5804701592092	445.4109900360528	0.0	640.99577306437	479.2758759036254	0.0	646.2631285682756	513.1130657429031	0.0	629.7389405089313	449.57375667171215	0.0	592.5056734178168	256.65969383207596	0.0	581.6178001053001	229.96348550407774	0.0	586.8819871350714	272.0809650463783	0.0	566.9351289477137	282.6052135659681	0.0	577.4569948322328	293.87614710204116	0.0	576.7224115091706	319.0882787225086	0.0	630.4795187055706	272.0779393178714	0.0	641.001194019363	287.8714135919822	0.0	635.7514728282181	313.8245821660889	0.0
776	12.933333333333334	587.4890423668073	376.82215986599886	0.0	582.227334604825	371.55099631644646	0.0	598.0327210190752	392.62344534906987	0.0	598.0579527461657	445.30818184462913	0.0	576.9812256057724	482.27148925648686	0.0	598.0620920359694	445.37113666540824	0.0	613.8561848267982	518.911501599637	0.0	619.0579909789327	366.2877268378304	0.0	629.6095262767519	392.65770256478373	0.0	619.0800695672518	445.2994605720103	0.0	640.1091438741139	482.25607709587547	0.0	645.3737002417738	519.1708401940763	0.0	629.6223537165163	450.62965574805867	0.0	592.7754137440145	255.7489729784115	0.0	582.2819396155253	229.43648861670823	0.0	587.5458735513974	271.5512807268524	0.0	566.4379428628777	282.0770098828141	0.0	576.9569917902957	292.5867988567807	0.0	577.0003657096327	318.96168084607393	0.0	629.5859450348669	271.55238515813915	0.0	640.1044589339122	287.35844316153543	0.0	634.8629724562172	313.698956524944	0.0
777	12.95	587.0151402474777	376.49068459502683	0.0	581.7559606612583	371.2208548809706	0.0	597.7166437169177	392.3171505769339	0.0	597.900715841953	445.3289036381553	0.0	576.6925194962071	483.3684442472163	0.0	597.9167430301978	445.7046520324344	0.0	613.8479197374695	518.9243382296322	0.0	618.5770666613993	365.9585532032071	0.0	629.285613741316	392.6615727811722	0.0	618.7634735160252	445.3201138373757	0.0	639.6479730660866	483.51453914616695	0.0	644.9055700918408	521.6602646440547	0.0	629.4538099784506	451.11721965604517	0.0	592.7680578532986	255.4030332646485	0.0	582.4343771636467	229.24151182820748	0.0	587.6979494722823	271.3494728771191	0.0	566.1287422055177	281.88062020888515	0.0	576.6472112886134	292.1043040934901	0.0	577.0013414721581	318.94276012071987	0.0	629.1045820326706	271.3598606080178	0.0	639.6219386531506	287.18774574887976	0.0	634.3855461612918	313.6813720618646	0.0
778	12.966666666666667	586.7902808482229	376.49445171367006	0.0	581.5338733633339	371.2314787335233	0.0	597.517532191313	392.35989359805586	0.0	597.722634130308	445.43566300840877	0.0	576.5381556439014	483.6004934535901	0.0	597.7570333133237	445.8366449462498	0.0	613.6863357378654	519.0802019138205	0.0	618.3507172681941	365.97022650440886	0.0	629.0784719392309	392.74360771281135	0.0	618.5698390479386	445.432452512989	0.0	639.4604059854944	483.79870198901244	0.0	644.7055143423582	522.1315647603591	0.0	629.2695987268914	451.2820427436325	0.0	592.6235335422324	255.3777705043529	0.0	582.3061235944537	229.2339502305319	0.0	587.5693009709672	271.3294993551637	0.0	565.9477794936514	281.8720681337359	0.0	576.4714601367555	292.0888997053864	0.0	576.8599691135882	318.9819730385751	0.0	628.8778898034599	271.35558583990405	0.0	639.3997198838659	287.21342906589086	0.0	634.15747049733	313.72192984131226	0.0
779	12.983333333333333	586.7473461066113	376.6240468361319	0.0	581.4924970807091	371.37682805832407	0.0	597.4477660673854	392.53642859425787	0.0	597.6104701154705	445.56564386746925	0.0	576.5259762362883	483.4594587243489	0.0	597.666918695826	445.8470876867684	0.0	613.5431525134361	519.3652937447124	0.0	618.3206740232683	366.1161373168114	0.0	629.005443504784	392.8459191703814	0.0	618.5164938450237	445.5780475702992	0.0	639.4899203148349	483.6949618118778	0.0	644.7173081722565	521.8374452585056	0.0	629.1678738474776	451.29436161814095	0.0	592.5253841266971	255.46201658345217	0.0	582.1500908858314	229.28568747169015	0.0	587.413043394792	271.36340923091973	0.0	565.9115856493804	281.92448355050044	0.0	576.4510933120378	292.24707381057436	0.0	576.750342777773	319.0209017709229	0.0	628.8479452146586	271.4104744860666	0.0	639.3849862258847	287.29839775010254	0.0	634.1141658321501	313.7613454210248	0.0
780	13.0	586.9605301176338	376.7178939365374	0.0	581.7032865394783	371.4976858978663	0.0	597.6306324224897	392.6658426323729	0.0	597.7313143027347	445.62375697328247	0.0	576.7598860066912	483.2079424732991	0.0	597.8042919237638	445.72572679027326	0.0	613.6444751999517	519.7339665110227	0.0	618.573166537862	366.2360077204183	0.0	629.1987237261236	392.88728844738426	0.0	618.7315584256022	445.6658781451493	0.0	639.813390448666	483.52684525549097	0.0	645.0219664105218	521.5395033015386	0.0	629.3324865335843	451.20497443273564	0.0	592.7100721213586	255.50061615449684	0.0	582.2414091775643	229.29772691983098	0.0	587.504690112339	271.3561483822002	0.0	566.1434276113721	281.940798608235	0.0	576.7141270440744	292.3601650287514	0.0	576.8956014712892	318.9904898201271	0.0	629.1015300737558	271.42327066169304	0.0	639.6698670686242	287.32191310401157	0.0	634.3341154970975	313.7290237383062	0.0
781	13.016666666666666	587.646368693956	376.65364752210735	0.0	582.3787230893554	371.47006382119685	0.0	598.3017583194609	392.5863744932316	0.0	598.3376325235482	445.46810112848834	0.0	577.4328377082197	482.8810443241928	0.0	598.4029523572779	445.3711454958014	0.0	614.2761083526387	520.0624699719378	0.0	619.3366174551596	366.20429149972944	0.0	629.9065828885584	392.7522842778762	0.0	619.4520563919631	445.5546801929149	0.0	640.6291032769752	483.3447762086047	0.0	645.8285194690696	521.4929414134888	0.0	630.0347135289809	450.9385887901569	0.0	593.4634375217043	255.39325056868114	0.0	582.8806838016657	229.19979679698562	0.0	588.1454154084299	271.2479610786961	0.0	566.8688216957373	281.85306315581136	0.0	577.4875420535642	292.27574825138925	0.0	577.5675863582643	318.8102659318753	0.0	629.8677596797287	271.3197975292802	0.0	640.4859119178648	287.17525465295876	0.0	635.0395823547032	313.54233283372093	0.0
782	13.033333333333333	589.1070467556754	376.34243004685214	0.0	583.8164019377805	371.1948204879488	0.0	599.756081638971	392.146855112366	0.0	599.7236903799052	444.9122272545805	0.0	578.7685638252707	482.3276244146001	0.0	599.7277613325874	444.62111060552303	0.0	615.7404834057619	520.0948427357348	0.0	620.9169690215847	365.92010422483486	0.0	631.4373855678191	392.2941457484617	0.0	620.9650834986602	445.0499132795448	0.0	642.1822242794404	482.95127906557013	0.0	647.4018497955935	521.4766094797654	0.0	631.5803035901895	450.31622588386915	0.0	595.0629194825485	255.09647660249632	0.0	584.3513819954636	228.95442356438008	0.0	589.6193331032023	271.0209399215378	0.0	568.3547584715379	281.6255593368333	0.0	579.0308781819557	291.9011305656758	0.0	579.0372508023813	318.40080379874604	0.0	631.453155664029	271.05724158065937	0.0	642.133429092151	286.7671600783174	0.0	636.5382179460141	313.11959089852	0.0
783	13.049999999999999	591.5827936576358	375.74800008770364	0.0	586.253666752808	370.61127568538564	0.0	602.203480255923	391.2340533203548	0.0	602.0926714576448	443.76903198173466	0.0	580.8831627847362	481.2812843569207	0.0	601.945703864725	443.32941399515045	0.0	618.2185921579764	519.40754722274	0.0	623.5360590467612	365.3217130581903	0.0	634.0075573793085	391.37153388618646	0.0	623.4554208985356	443.94052690345836	0.0	644.5993157781899	481.95050300174114	0.0	649.8970868981451	520.8207180788128	0.0	634.1586682167999	449.1179841158214	0.0	597.6202244645984	254.64649281806052	0.0	586.7820910076713	228.5775077855501	0.0	592.0554417945442	270.7196853225653	0.0	570.7582254243531	281.2734246580996	0.0	581.4769449037775	291.22641320762847	0.0	581.4322530532638	317.7225110806653	0.0	634.0794807979528	270.6461769782743	0.0	644.811082807614	286.0577382207939	0.0	639.0715140336675	312.42019474010226	0.0
784	13.066666666666666	594.9730879426227	374.94483581035786	0.0	589.5931251200752	369.75110430726295	0.0	605.4937739989109	389.8601762891194	0.0	605.2943091861757	441.96529306795	0.0	583.5392868848605	479.48146226725856	0.0	604.8775146831581	441.5110448567714	0.0	621.4957632006956	517.4411087019455	0.0	627.0333413398702	364.4421009472583	0.0	637.4525213229551	389.9417944612141	0.0	626.7223969373697	442.1065941848438	0.0	647.6032614633518	479.8525277393119	0.0	653.0684485549676	518.4687822882862	0.0	637.5535921929983	447.2121930172345	0.0	600.789384367726	254.2082878010213	0.0	589.8758004943708	228.18019703512755	0.0	595.1563031757305	270.4874109511173	0.0	573.8502974194108	280.9014406614966	0.0	584.5479206666587	290.391433604336	0.0	584.4665028799856	316.8513352021376	0.0	637.5845763913092	270.1959385731653	0.0	648.3078115017673	285.13396003980716	0.0	642.5292016839743	311.52275680001355	0.0
785	13.083333333333334	598.4088884127866	374.2164034924215	0.0	592.9813905511331	368.83845960744816	0.0	608.6983343539514	388.32277863567583	0.0	608.4203342076381	439.7497450098551	0.0	585.7941325602025	476.88094658672543	0.0	607.6223205594742	439.5686769597451	0.0	624.5435424261109	513.670665270999	0.0	630.4181292928831	363.5115928983292	0.0	640.7879242332936	388.2274350293882	0.0	629.7583764385004	439.72554331047684	0.0	650.1114146826978	476.2930668161233	0.0	655.8508439115507	513.1864605063399	0.0	640.7075686846669	444.77835117787504	0.0	603.3462476772539	254.14045215075237	0.0	592.5074034644891	228.02555912210045	0.0	597.7946284094676	270.6064453782641	0.0	576.6124382743546	280.75689701850104	0.0	587.1484531787003	289.79243020305813	0.0	587.0429969524466	316.09169270145435	0.0	640.9734720550698	269.97747760794914	0.0	651.549197429911	284.3271059500127	0.0	646.0121922751928	310.74152138772763	0.0
786	13.1	599.7313414681186	374.1718102970163	0.0	594.2953749927316	368.4219103322387	0.0	609.6116828532181	387.4208261546547	0.0	609.3199131995623	437.98926008299225	0.0	585.614133577903	473.9674634788345	0.0	608.1200147309504	438.57785525050133	0.0	625.0324086209581	507.99906063753485	0.0	631.3401613122995	363.0926775200389	0.0	641.6888707987856	386.9486585985866	0.0	630.2614384732251	437.57995162038486	0.0	649.8012800193865	471.4355988596778	0.0	655.8944807673537	504.0851985603443	0.0	641.2163093616568	442.6274110059335	0.0	602.7375013642485	255.04084088552682	0.0	592.2772909783404	228.57545561062372	0.0	597.5658038880672	271.5143006342216	0.0	576.780986614977	281.27338966761465	0.0	586.920639690173	290.19436184259666	0.0	586.8154218554372	316.10326937794895	0.0	641.8879508994631	270.4788746033745	0.0	652.0755133193726	284.3464742185172	0.0	647.3020487039823	310.75692988187757	0.0
787	13.116666666666667	595.0762011492096	375.82056130701733	0.0	589.731938467702	369.48702462868647	0.0	604.3808050744695	388.6553832439345	0.0	604.2379949719021	438.4831490849573	0.0	579.6566111249324	472.1793059797628	0.0	602.8488359485816	440.5347162007851	0.0	618.9996763942296	501.4303828044081	0.0	625.6998964025075	364.194513904277	0.0	636.1066920467106	387.56220624476776	0.0	624.3029264863933	437.40846842720896	0.0	642.8729673790518	466.5847131766117	0.0	649.2813602554644	491.6321967350107	0.0	634.9845110509729	442.5595098105958	0.0	594.8548882382739	257.70581711170144	0.0	585.2588341505627	230.47708648920357	0.0	590.5346289918721	273.74409806723526	0.0	570.5596275267154	283.0580777379174	0.0	579.9933109735229	292.7690948321401	0.0	579.9406556169537	317.97682155479043	0.0	636.2168221789464	272.40082808639437	0.0	645.6869618497293	286.3591337302223	0.0	642.4423369786648	312.69339993906084	0.0
788	13.133333333333333	578.9813530857272	380.4914038901169	0.0	573.9115181298836	373.4429249553805	0.0	587.6838355667388	394.2563180215549	0.0	587.9877852373344	444.11498084645336	0.0	563.5962836219636	474.2923364155437	0.0	587.0481493453202	448.35470977978537	0.0	601.1127156012321	496.9816894949189	0.0	607.8474068603344	368.25782353378975	0.0	618.4670707551198	392.3584290069339	0.0	606.5851633483151	442.13090283060234	0.0	624.4389709298833	464.9277517781657	0.0	630.8630782313185	479.2143478522663	0.0	616.4972645282008	447.58457875650413	0.0	574.5048427502829	262.90123071373716	0.0	566.385226135681	234.40893666230897	0.0	571.6226867974774	277.7174434176034	0.0	552.9244336828259	286.7470521691641	0.0	561.3635772989678	298.92117896713773	0.0	561.4577983741715	323.1359491845294	0.0	618.2971733958401	276.5064370426116	0.0	626.7211993193064	291.883593533529	0.0	625.860028379944	318.017454476859	0.0
789	13.15	545.8205657200048	389.4344669531653	0.0	541.289267624748	381.76392732192363	0.0	554.19411320345	406.6611330039383	0.0	555.3766199734546	458.28161391683534	0.0	533.4614013166403	484.08354250058886	0.0	556.0829329893029	465.15517584200273	0.0	566.2156654954416	499.7622192499796	0.0	572.1442002001933	376.78810756175193	0.0	583.2132696281509	403.9871229253155	0.0	571.9711525130784	455.33422153197563	0.0	590.0710028054391	471.4163061285612	0.0	595.8314219216759	473.70794596210527	0.0	580.4154276419239	461.3812843993328	0.0	537.101000893409	270.9686835796849	0.0	531.0372758487738	240.77639088233232	0.0	536.1985636413735	283.4552752643033	0.0	519.127007226685	292.7169038570141	0.0	526.463755043299	309.7906337786455	0.0	526.8421260881885	332.9004745957992	0.0	582.4810985831307	283.2990424606861	0.0	589.687673556809	302.32532457006613	0.0	591.8375416867868	328.08705989175155	0.0
790	13.166666666666666	492.69983339717504	403.1631525309976	0.0	489.01503998403535	395.222950849317	0.0	501.34530954886316	427.2756198274233	0.0	503.90737377252407	483.18209787519277	0.0	487.6552378076023	504.4741552918993	0.0	507.85761753227854	492.6510179888084	0.0	512.0514845845528	514.554575085428	0.0	515.8866160581545	390.5769759370176	0.0	527.6924396923582	424.12081123752637	0.0	518.1751143456081	479.4806554969435	0.0	538.1496561478209	490.3850610322523	0.0	542.284757869429	482.29554206466025	0.0	524.3755032543561	486.45710980726943	0.0	481.1087458603839	281.5963919335314	0.0	477.4913842064632	249.46968962169407	0.0	482.52789248122946	290.52144168564257	0.0	467.18292970484333	300.8476240212323	0.0	473.57524410657624	325.64278547616635	0.0	474.3988790068748	347.789955475516	0.0	526.0621474677725	292.73122024853683	0.0	532.1268151105083	318.2467585051041	0.0	537.4550102584977	343.4342215185095	0.0
791	13.183333333333334	421.53396172727065	421.06984377057694	0.0	418.9954319782228	413.30886533635	0.0	431.2063287471801	455.4743890165761	0.0	435.62675403888534	518.2479417753912	0.0	427.9491455459683	535.4878615830467	0.0	444.3437130490736	529.9021312859545	0.0	441.0042592218106	542.5233350251804	0.0	441.26520114373056	409.1172268611125	0.0	454.093118583622	452.26636450482926	0.0	447.4691363132391	514.1631799080158	0.0	471.0937224038666	522.5429194492482	0.0	472.7404264404189	507.55997647264394	0.0	450.76459519394587	522.3741386742846	0.0	409.2122124312764	293.9969402772815	0.0	408.22110974145636	259.9147760353009	0.0	413.0722184530789	298.30214610845667	0.0	399.3244056279032	310.56006766393534	0.0	405.10611495742194	345.6744917697997	0.0	406.5366478206617	367.1338796351841	0.0	451.23028786940046	304.2209378171574	0.0	456.39269857845454	338.97597566124557	0.0	464.6865730076507	363.36616848243204	0.0
792	13.2	338.1809019833922	441.68947155580696	0.0	337.0572837028824	434.4200753878561	0.0	349.5879137678312	488.88992359288335	0.0	356.28633419531576	560.3837500482704	0.0	358.4704439366042	574.2710004369096	0.0	370.71253506274473	573.7026141301258	0.0	359.18157960394825	580.7507411367294	0.0	354.39309133617724	430.8100124902634	0.0	368.49542527298655	485.9883067027758	0.0	365.7440308955051	556.2837654242696	0.0	394.33526275123717	564.6792796013161	0.0	393.17990275799394	546.4224773632352	0.0	365.7480159303752	565.947539160484	0.0	327.14183905463506	307.2401101379106	0.0	328.8273146104083	271.31629302404065	0.0	333.4123635253346	306.27050409453096	0.0	321.00324481869757	321.0502849349015	0.0	326.5254453546423	368.38899785564814	0.0	328.72876953219196	389.35874250650386	0.0	364.0902302062266	316.9275715167255	0.0	368.59633231582296	362.93324467711807	0.0	379.52564006108815	386.2669030496325	0.0
793	13.216666666666667	250.166790108314	463.21370126484504	0.0	250.71192016161183	456.46144797660304	0.0	263.8990882036604	524.400534732129	0.0	273.2797932029269	605.3267799184489	0.0	284.1126115708771	616.6218917188588	0.0	293.4701833514172	619.8372846358571	0.0	274.35947774929446	624.2482213075114	0.0	263.02947108276817	453.5759686790464	0.0	278.6313523029328	521.977504419369	0.0	280.46267836977194	601.4885087311002	0.0	314.54564323407993	611.6091112812654	0.0	311.1307998771334	592.8013882330848	0.0	277.1470835200113	612.7217633661036	0.0	241.8005267317394	320.4224061872503	0.0	246.15326351422678	282.83403651160273	0.0	250.3610356441012	314.01775651402045	0.0	238.95967773976028	331.48567852608	0.0	244.50093842910843	392.0623980785221	0.0	247.68758072895892	412.5207765841379	0.0	272.377644334182	329.9998518259936	0.0	276.38546399182695	388.1993321462289	0.0	289.70564699980343	410.15335335356053	0.0
794	13.233333333333333	165.31946849341108	483.78236631128215	0.0	167.79406927564884	477.2435711574152	0.0	181.87677155029516	558.7621903932865	0.0	194.40234412189673	648.5921703768446	0.0	209.9201003457822	658.1527771154387	0.0	219.40239703119363	663.8979219814345	0.0	194.73085066815548	667.6544887842367	0.0	175.25181440753278	475.25049504065277	0.0	192.5648981591866	556.7761961781088	0.0	199.47252368470856	645.1928361994815	0.0	238.70184960285474	657.760344443335	0.0	234.52168281697618	640.0101001622638	0.0	193.20105968830794	658.0172660561223	0.0	160.31020165796338	332.68385867324633	0.0	167.27167142324586	293.6277006486085	0.0	170.9609730147853	321.18073492004146	0.0	160.16781711525957	341.10115248467935	0.0	165.9194861174842	414.9286864316503	0.0	170.3984013336262	434.59630853004415	0.0	184.1344174618506	342.66710287806677	0.0	187.70481958324183	412.7907499627846	0.0	203.348907365599	432.980707641333	0.0
795	13.25	91.19744537964439	501.6199329421943	0.0	95.84953653966683	494.7262791225158	0.0	111.00435464269268	588.8816359272284	0.0	127.22132707564073	685.9426646142606	0.0	141.32034043248004	694.8389461148428	0.0	155.13163222007017	701.7048631939911	0.0	128.1461142060436	706.0370560765402	0.0	98.89220012328508	493.79728245070135	0.0	118.0953592967713	587.1162653901424	0.0	130.4113562896618	683.0831135165487	0.0	173.66044005123737	697.9499910080889	0.0	170.9404220866194	681.8827044198389	0.0	121.92438433703839	697.4324652256722	0.0	89.61594029307672	343.2317236355399	0.0	99.03003761488392	302.88113379782027	0.0	102.06093824664228	327.4043017474663	0.0	91.41699452778593	349.2989775494233	0.0	97.49577368112224	435.19940495644136	0.0	103.69968633287664	453.61387909187476	0.0	107.16333945572737	354.2588880966911	0.0	110.30871432156727	434.70984006237757	0.0	128.40286450240458	452.7793479055596	0.0
796	13.266666666666666	33.98409627872628	515.3330293324766	0.0	40.94386693643749	507.4711029334869	0.0	57.305990870545855	612.2788534321155	0.0	77.73867253740477	714.132373729404	0.0	84.29281668565265	723.6804673518088	0.0	106.12865865396789	730.074230422588	0.0	80.46811457157352	735.672023094965	0.0	40.36283091101167	507.7030167064459	0.0	61.514200140792695	610.4507526528199	0.0	79.3747641520251	711.8589829573255	0.0	125.04621508216451	728.263273507177	0.0	125.96317162098953	713.7073814333214	0.0	69.66277608451509	727.5819848212153	0.0	35.426513127213894	351.52065884793825	0.0	46.946985705568494	309.9521662255981	0.0	49.26486519759622	332.406127350666	0.0	38.335906796771845	355.87850221054345	0.0	44.788838198682505	451.22761764172503	0.0	53.21440822711321	467.9733787529093	0.0	47.892001526706714	364.28724918231217	0.0	50.667849342906216	452.11509627291804	0.0	71.48096989880479	467.9719393953968	0.0
797	13.283333333333333	-3.534096247930391	524.4347201953428	0.0	5.5860933091750375	515.2959457945672	0.0	23.249803561873527	627.8958365726975	0.0	48.13044303973673	732.0519011724263	0.0	44.50282722257693	743.6796112306331	0.0	74.84015779466523	748.0273099627544	0.0	53.04703007188625	755.0756511039451	0.0	2.5171960373840987	516.5881977474662	0.0	25.429590146366266	625.8071153460127	0.0	48.626748609602856	730.3648876616085	0.0	95.20655807622207	747.2898729919366	0.0	100.65126721333448	733.3617087836899	0.0	38.638297874279026	747.2391511973121	0.0	0.21090283873832316	357.5788274245507	0.0	13.249033509555126	314.6524925657963	0.0	14.985761181499434	336.1424310485296	0.0	3.5279236733734516	361.30260134058744	0.0	10.345227078574887	462.00279878391393	0.0	21.350273236050864	477.03397050525626	0.0	9.262979798582982	372.64167373017665	0.0	11.869223147574798	463.8479936290294	0.0	35.68146420949037	477.9441336784542	0.0
798	13.299999999999999	-23.120295819100008	529.5877173891821	0.0	-12.322319203235335	519.3999584259791	0.0	6.723176017971719	636.5261015360912	0.0	35.701771681363475	741.126241849493	0.0	25.23783184894714	756.2060686520337	0.0	59.495255651999294	757.2432169751697	0.0	42.058094538408206	765.3454401775379	0.0	-16.523816267935835	521.4021109885714	0.0	7.708211967114195	634.1451017379726	0.0	35.51872585016184	739.9987784999769	0.0	82.06192902630241	756.586457009443	0.0	91.01091830954554	741.5925829211535	0.0	25.817499655523832	757.7742468040263	0.0	-17.925652847633906	362.10162863929736	0.0	-4.087363091281846	317.35252276096867	0.0	-2.6208676166187383	338.87872696861086	0.0	-14.533874224436904	366.54932537418904	0.0	-7.330011963362525	467.68620946703254	0.0	6.132634347646148	481.4613979101201	0.0	-10.470435998758175	379.6672199019393	0.0	-7.663529663981702	470.0207799625731	0.0	19.234507761948755	483.3324769645691	0.0
799	13.316666666666666	-29.654371079853835	532.1303396164427	0.0	-17.91458172957671	521.5372384347938	0.0	2.646791524087563	640.1924420218904	0.0	34.73787718123252	744.1863897203607	0.0	25.810455109837267	763.9023894961856	0.0	55.27386636587448	760.9200074340315	0.0	41.359333099023786	769.1364907526653	0.0	-21.868760418920093	523.7682588893122	0.0	3.1813301512327916	637.596649534926	0.0	34.32873764382431	743.6204934056157	0.0	80.4621371169239	759.5118330977724	0.0	90.93169721244398	740.7025094918126	0.0	24.94846266983482	762.0674707612894	0.0	-23.86740264539721	366.00291786394666	0.0	-9.871412032608983	318.6982121625496	0.0	-8.330025663362665	340.99142301494163	0.0	-20.319833600176356	372.40739714216676	0.0	-12.509431534414825	469.5371197482569	0.0	2.4807896218144045	482.8655775499683	0.0	-16.304096734523316	385.8469958742228	0.0	-12.848875864849594	471.954526259562	0.0	16.843618279076143	485.57492323876966	0.0
800	13.333333333333334	-28.44638493096553	533.3350250633341	0.0	-16.649573276581126	523.0315677740709	0.0	5.618503908982079	641.0428327339681	0.0	39.47211552148717	743.9664854706696	0.0	42.28687789211339	768.716400692799	0.0	57.104225078346374	762.1073429495411	0.0	45.92743512606387	769.2301479738426	0.0	-19.139094913182646	525.0797436063137	0.0	6.398167864307794	638.3235752736117	0.0	39.228174956006484	744.0302686373356	0.0	84.82167995390645	759.483942023606	0.0	95.50235534415661	733.0223905945679	0.0	29.814225447052944	762.9414453959614	0.0	-22.943948771376945	369.8180857270994	0.0	-9.288408714657447	319.27619249063724	0.0	-7.423597495921367	342.7371707846342	0.0	-18.928703896363228	378.8877099645235	0.0	-9.982456170031744	469.2455648527357	0.0	4.846324022484498	483.1229979990226	0.0	-13.826378748409525	391.3912071875708	0.0	-9.304989645638559	471.4658978980377	0.0	22.484961184219312	486.1779143129674	0.0
801	13.35	-23.593382943867407	534.0174377489867	0.0	-12.606649141601013	524.4403046049138	0.0	11.431474386988551	640.6738215808366	0.0	45.76275883529087	742.4451137213339	0.0	70.00436208477532	770.2139819303338	0.0	61.95374739763835	762.7663183061046	0.0	52.876263841889966	767.7671615196035	0.0	-12.726249531899548	526.0677108912314	0.0	13.182926301517892	637.898438631971	0.0	45.97521059698239	743.2050894316051	0.0	91.01920941426708	758.9243582574817	0.0	101.70321005729406	720.8279269592955	0.0	36.05765839846232	762.373487149397	0.0	-19.238614050350215	373.5648332681277	0.0	-6.33868460293582	319.5577904063167	0.0	-4.015326705049597	344.27327519339036	0.0	-14.463880249380532	385.39036120114343	0.0	-3.655474290621239	468.3999313949077	0.0	9.23290252958055	483.9680656634288	0.0	-7.524472035789955	396.23962261280997	0.0	-1.5951596823230525	470.23495689031927	0.0	31.412059823176527	486.31319053562027	0.0
802	13.366666666666667	-17.66977610408933	534.5197668935172	0.0	-8.160885504623023	525.7679647766078	0.0	17.301978577141412	640.005469374898	0.0	51.28550727773694	740.8395188629835	0.0	104.43740066671658	765.0733449439898	0.0	69.23324953600537	763.672191367573	0.0	60.99104561823147	766.0954910859855	0.0	-5.345526559444469	526.8946528110249	0.0	20.919812618982828	637.2229378872105	0.0	52.17728059630236	742.2292727595434	0.0	96.89207566871413	759.0114926219514	0.0	107.58949565931891	707.8195910459892	0.0	41.415812637052106	761.4754804493907	0.0	-15.116079828033984	377.0467667009281	0.0	-3.320218987234449	319.9195788003862	0.0	-0.4648755104919049	345.77381344079026	0.0	-9.500280723402332	391.3655718350936	0.0	3.770717241362663	468.214068527374	0.0	13.563570754765177	486.75473668613165	0.0	-0.27687027795656305	400.3703449381641	0.0	7.238703613911818	469.5217918033315	0.0	40.79067213236178	486.71774879005426	0.0
803	13.383333333333333	-11.933407293630632	534.8637476701587	0.0	-4.424684536248849	526.7929948820554	0.0	21.533812286842657	639.4453080982036	0.0	55.04596301378983	739.757323506338	0.0	139.88782571552312	748.153346382301	0.0	79.5078084283204	764.8229668064539	0.0	70.50835467294792	764.8470297249523	0.0	1.6842105885291434	527.4527837173531	0.0	28.288273713873014	636.6849791751961	0.0	56.909527015137584	741.5279361962317	0.0	101.6445277570351	759.9332275669481	0.0	112.02616897119286	699.1839646817359	0.0	45.238435425443605	760.7505023120123	0.0	-11.523138248113018	380.12079816236553	0.0	-1.0598475154667386	320.5367781922821	0.0	2.3942905047536236	347.38957307714264	0.0	-5.357483825672415	396.6400530444993	0.0	10.57284598102001	469.2296748338796	0.0	16.554591093805442	492.1622554262838	0.0	6.540679500347282	403.93239248211603	0.0	15.492589312253887	469.96731215962416	0.0	49.34741742446227	487.68299809732935	0.0
804	13.4	-6.716929344042173	534.9358574710623	0.0	-1.7522804111658448	527.2797500482943	0.0	23.204148192033983	639.1263500986764	0.0	56.74767668233969	739.3866042844617	0.0	170.27495959154817	714.8188753219191	0.0	92.7995181093802	765.9060559035825	0.0	82.71867380582775	764.1638319371631	0.0	7.9577951976264325	527.5820328037356	0.0	34.82812762781084	636.3783871903815	0.0	60.1525153674389	741.1948989922682	0.0	105.06740308700263	761.3499843861509	0.0	114.80858405918984	697.2156854583816	0.0	47.76563487290363	760.3514172830235	0.0	-8.539766863108309	382.68320771913267	0.0	0.5499235291853172	321.32605430819063	0.0	4.687202206897325	349.1029175265014	0.0	-2.6089193704356983	401.1533844296932	0.0	15.716342531266914	471.2506932555856	0.0	16.907394483032054	499.9391911002218	0.0	12.648671149431697	407.0391994601717	0.0	22.48906833752017	471.4713272753705	0.0	56.66898951669218	489.1170432378331	0.0
805	13.416666666666666	-1.9591388038959083	534.6530915399447	0.0	-0.05905290162382015	527.1301200609811	0.0	22.01567532589158	639.0512424236903	0.0	56.28116517707504	739.6497709685304	0.0	190.96853373129784	664.5924874768564	0.0	107.39758462646411	766.5067524124203	0.0	98.4644140499854	764.0092589314031	0.0	13.551098948432317	527.2085221717473	0.0	40.49519432346936	636.2736052739041	0.0	62.23650973101257	741.2101456021373	0.0	107.23870454604413	762.8404556382518	0.0	116.34866532417564	698.7516251592539	0.0	49.42142930705939	760.2583975650753	0.0	-5.850345728717178	384.5989174830674	0.0	2.099518330680616	322.09046722442866	0.0	6.989608694391435	350.7190573172923	0.0	-1.3622676132746026	404.72304530194737	0.0	18.75472342165458	473.7105169615738	0.0	14.172319989728974	509.0223724932473	0.0	18.308504279251522	409.5961616387338	0.0	28.255691614272095	473.46320677105166	0.0	62.74436488349041	490.7106939902056	0.0
806	13.433333333333334	2.4052955040511534	534.0476038211943	0.0	0.9287140960513145	526.4901391777255	0.0	18.18881470036082	639.136307022748	0.0	53.50106873236281	740.2675433182196	0.0	198.18983083872885	607.0923630227244	0.0	118.9490156260536	766.3276084504346	0.0	115.76950444231223	764.2858346844365	0.0	18.673004577704173	526.4523321576299	0.0	45.33245002916198	636.2914024307142	0.0	63.4740242804414	741.4846732650609	0.0	108.49447624746833	764.1492693338881	0.0	117.14758974261868	700.9863078310361	0.0	50.441753528109274	760.3739787426081	0.0	-3.0963620647791834	385.7617287507633	0.0	4.202967576475827	322.6518713239247	0.0	9.876311213662728	352.0256755849608	0.0	-1.3642008726258044	407.1835461343685	0.0	19.746068589943796	476.10082135346346	0.0	9.503100721303367	518.1946200986105	0.0	23.825383890136028	411.44048465583137	0.0	33.13987242781066	475.40935516772055	0.0	67.79173539149772	492.14166636009276	0.0
807	13.45	6.386138717240568	533.2151189365235	0.0	1.5365610701166632	525.7004896889686	0.0	12.611040686631421	639.264519309675	0.0	48.30135421284012	740.8465399339167	0.0	188.23479401298695	564.5442918010224	0.0	120.8129300556387	765.5809048642963	0.0	128.7959318388823	764.7117008632413	0.0	23.45943187945394	525.6048691047148	0.0	49.364162332358696	636.3432640699532	0.0	64.09819122958744	741.8788370616851	0.0	109.25194400104233	765.1799559162769	0.0	117.46797396570445	706.4805257468569	0.0	50.96571348591289	760.5726392222991	0.0	-0.0914332878188528	386.16323502834166	0.0	7.069966976541219	322.77979919043145	0.0	13.594835027700947	352.89612447368154	0.0	-2.098116819733361	408.5744693653925	0.0	18.961500898211995	478.08334192575217	0.0	4.655449901045202	526.4561169036922	0.0	29.332346934624034	412.54555311675443	0.0	37.50353544173625	476.98897412303523	0.0	72.119600742347	493.1965812471478	0.0
808	13.466666666666667	10.058151768866951	532.2778219397921	0.0	2.1046432362234286	525.1114535277159	0.0	6.9097833856080655	639.429031592448	0.0	40.71689501885935	741.0149308481849	0.0	159.75321031680053	559.0552120009755	0.0	108.26970425048927	764.9278781227887	0.0	131.1698505986081	764.672723852806	0.0	27.976544284385998	524.9686573600485	0.0	52.65584825760198	636.4125144902048	0.0	64.325919742004	742.2673521881225	0.0	109.75467048124996	765.9107155185089	0.0	117.34613695516327	718.1250990869853	0.0	51.17722407720877	760.7524587271721	0.0	3.1619950358371054	385.90740646645725	0.0	10.540765157725062	322.28512920065674	0.0	18.046293918778556	353.3020129519281	0.0	-3.016203331077756	409.07743305241655	0.0	16.62620622077087	479.42095656100605	0.0	0.7819805198778769	532.952510428232	0.0	34.81358440167466	413.017904926023	0.0	41.62958481823853	477.9484861436263	0.0	76.01646441611854	493.80646470141306	0.0
809	13.483333333333333	13.582173572591499	531.4054089259723	0.0	2.8805464597210992	524.9240227945213	0.0	2.7383754917930303	639.8315614046548	0.0	31.10740362607428	740.4633913390601	0.0	117.99053238710131	593.1220343763825	0.0	83.55138902882322	764.8114128625263	0.0	120.18534900265995	763.2329866145348	0.0	32.32176078402614	524.7128574065898	0.0	55.34418513252531	636.5860469337678	0.0	64.3448103506931	742.5896712514309	0.0	110.06039424821965	766.3708331419119	0.0	116.80308508560911	733.3186274428497	0.0	51.215952759345384	760.8995185239369	0.0	6.6033797156958	385.1989122113473	0.0	14.439368394822813	321.31633222405253	0.0	22.980545514454263	353.3245241796413	0.0	-3.8166011629706174	408.8352247747445	0.0	13.021341741771359	480.0380688372378	0.0	-1.773037525976261	537.3319001088474	0.0	40.20574301132767	412.9735479167804	0.0	45.72112437840521	478.1021281328347	0.0	79.77784251272801	494.042204287574	0.0
810	13.5	17.067796360948865	530.7615523636084	0.0	3.9377389174962527	525.1812546535448	0.0	1.0143758836285288	640.6838906430552	0.0	20.53640871475322	738.9076725693734	0.0	73.92107384171862	648.3321404658818	0.0	54.45995585835923	765.0224493075934	0.0	96.58803633569426	759.4060226091427	0.0	36.58468132105635	524.8757478221814	0.0	57.577025241125234	636.9642392866915	0.0	64.28079470093921	742.8529641727653	0.0	110.23836541910339	766.6448754559168	0.0	115.87011027276932	746.9220771444733	0.0	51.14068571804873	761.0986944426503	0.0	10.19921056501635	384.27368442274326	0.0	18.647939806211955	320.2363080576437	0.0	28.172817784815095	353.08861051139866	0.0	-4.433997953804727	407.9824601789884	0.0	8.624577089279391	480.1076708263463	0.0	-3.243374711938846	539.9554258388487	0.0	45.461702303157494	412.52845787671174	0.0	49.87861729323028	477.52943193648565	0.0	83.70172084548612	494.03243014177497	0.0
811	13.516666666666666	20.526664458562344	530.456170441219	0.0	5.2511943982780345	525.8153079011562	0.0	1.9113546647448654	641.9241180811534	0.0	10.520516785792616	736.1221777263066	0.0	36.98564846541208	702.1660464619904	0.0	27.92267490962663	764.9236270776767	0.0	64.21364824222893	752.540798398792	0.0	40.73519691474791	525.409437438979	0.0	59.48097749361258	637.5605564588526	0.0	64.2167696788145	743.064309725795	0.0	110.37969264533972	766.850853474622	0.0	114.56794928892432	756.2390189491458	0.0	50.99928858080454	761.4109335714408	0.0	13.942689332861569	383.34098012392803	0.0	23.00304309108205	319.2775300291863	0.0	33.46941209971623	352.6717614544927	0.0	-4.8568074097475655	406.74526387044796	0.0	3.9871290313972545	479.9365483573619	0.0	-4.10751852862774	541.445237014875	0.0	50.557477184856914	411.8720281471266	0.0	54.13004170730397	476.5835195619687	0.0	87.94426658721986	493.8728579699225	0.0
812	13.533333333333333	23.929005205213997	530.524744739121	0.0	6.757503684662608	526.6875506760585	0.0	5.109226643956157	643.213437299421	0.0	2.093474069000105	732.0970237492797	0.0	10.773443269076747	741.5623421760672	0.0	6.6786283304526775	764.0597404953452	0.0	30.51026125475717	742.8309430417553	0.0	44.654921089173094	526.1904412373586	0.0	61.182337742804165	638.25554014003	0.0	64.20379457383785	743.1686086809779	0.0	110.47370279012739	767.0717490683663	0.0	113.04389079000146	761.2972024255492	0.0	50.85353020709519	761.7742699434325	0.0	17.865822269785223	382.57740838338015	0.0	27.352515820164037	318.47603741253164	0.0	38.76173946795959	352.14746927767317	0.0	-5.042419005430265	405.3422904466539	0.0	-0.3776703205331857	479.7562759497628	0.0	-4.713247502166413	542.2965646793551	0.0	55.50909580936524	411.23993110116123	0.0	58.522201522688654	475.6379046852092	0.0	92.45365355677382	493.63453853678203	0.0
813	13.549999999999999	27.227658698677885	530.8405818515707	0.0	8.371214856390862	527.6677059774313	0.0	9.972599860642907	644.1519083077977	0.0	-4.481035619590146	727.2678690587702	0.0	-5.0743668082621	764.2120278180265	0.0	-8.965000536393935	762.6759340351297	0.0	2.79749084971074	731.815681457661	0.0	48.269856811104574	527.0855833796354	0.0	62.819848819292254	638.8263250388123	0.0	64.24234675309152	743.1280077917219	0.0	110.51167965607834	767.2956247223384	0.0	111.58143215152965	763.2571205202285	0.0	50.79742146877638	762.1056132292563	0.0	22.022861290757618	382.08416196047125	0.0	31.65156102056432	317.72630918390547	0.0	43.987483590432774	351.6686062196151	0.0	-4.901205650955396	403.89801246259384	0.0	-4.040686669497657	479.6477776603308	0.0	-5.088813623266102	542.8033731841213	0.0	60.37346879607692	410.80267962456367	0.0	63.120867523978006	474.8860724216428	0.0	97.06712205604447	493.3793945736189	0.0
814	13.566666666666666	30.409755499546254	531.1157583962034	0.0	10.07451233677247	528.6169179435777	0.0	15.810310155292049	644.5009422173802	0.0	-9.21114575043714	722.589616744247	0.0	-12.1997458130641	773.6632562465973	0.0	-19.026984587646062	761.6266505559065	0.0	-15.696727832544806	722.0787562343039	0.0	51.63283156964563	527.9659058393389	0.0	64.52910872637375	639.0920609082914	0.0	64.29976348687802	743.0062573130524	0.0	110.58887256738197	767.4504748138977	0.0	110.4583784175627	763.4609318662136	0.0	50.91750223771655	762.3944391143406	0.0	26.426736939199664	381.82881747820267	0.0	35.97566512390464	316.9231616042215	0.0	49.132838167072315	351.4053526690522	0.0	-4.335496703826077	402.4965290334783	0.0	-6.733820907551829	479.58982840738616	0.0	-5.126954859313273	543.1352797724718	0.0	65.20471282168367	410.58560490780854	0.0	67.91608806527411	474.31287327606964	0.0	101.62927640409455	493.1289613554023	0.0
815	13.583333333333334	33.503407943155594	531.0778088808198	0.0	11.931664311580649	529.327477720541	0.0	22.146029506926098	644.2421980695416	0.0	-12.078559088268806	719.1791627363929	0.0	-12.731677594726303	775.1651708626027	0.0	-23.834682714638323	761.7323278909669	0.0	-25.415027264081026	716.0951090461034	0.0	54.87465247193208	528.6443249793108	0.0	66.39446406800424	639.0478519147279	0.0	64.36850768886156	742.8834949771675	0.0	110.75754062131455	767.514459847652	0.0	109.81577561001362	762.9669559037127	0.0	51.21177197433563	762.6276178022856	0.0	31.017034805334603	381.65905503060054	0.0	40.432391241322414	316.0756372025433	0.0	54.19030799329363	351.39781928702746	0.0	-3.2937964500121404	401.2166798104015	0.0	-8.38877737607732	479.4837710006064	0.0	-4.858147813324967	543.3437554586972	0.0	70.00514111447625	410.4887024600905	0.0	72.79109704328194	473.7770175681492	0.0	106.05597706273736	492.86395579608967	0.0
816	13.6	36.52337812375149	530.6355237417009	0.0	13.984852669887388	529.6353294640895	0.0	28.773143723093142	643.4719301046346	0.0	-13.045196901442594	717.7704331768894	0.0	-8.975590501395533	773.5935034233785	0.0	-24.392163670421013	763.3161291425798	0.0	-28.536915797052167	715.1337415570188	0.0	58.11046989768558	528.9500003686968	0.0	68.41446135548898	638.8312669590205	0.0	64.47307980740344	742.7763806023272	0.0	110.93297539449786	767.5650449617947	0.0	109.59070835622596	762.4218576940024	0.0	51.62087114490964	762.7401903039645	0.0	35.68149794554294	381.40144712630723	0.0	45.0372567884485	315.20783759479093	0.0	59.12152865842005	351.5381241480599	0.0	-1.795609089508139	400.101848962592	0.0	-9.151268111955375	479.16424606206573	0.0	-4.44151928949889	543.2861872911411	0.0	74.72347612460256	410.39147091154496	0.0	77.60632104332348	473.15495244289207	0.0	110.34785780868644	492.5431048130486	0.0
817	13.616666666666667	39.50313312247954	529.8765177390508	0.0	16.229006837240675	529.5243705495498	0.0	35.602030092213816	642.3141113950187	0.0	-11.933464659086786	718.5483781262088	0.0	-2.6669821381979713	772.2844399548615	0.0	-21.59278964406797	766.2580429984664	0.0	-27.34029951661789	718.8252274192874	0.0	61.427831954697034	528.861704478032	0.0	70.51241788213481	638.5849788023388	0.0	64.62468446692846	742.705418526218	0.0	111.03353206121324	767.6935253759552	0.0	109.6144275400438	762.1152713241781	0.0	52.12375075733385	762.6811452746398	0.0	40.295650548836086	380.98743504827536	0.0	49.725078561489084	314.3188545094734	0.0	63.885896651732146	351.6903405133851	0.0	0.06406647262718623	399.1458970157576	0.0	-9.26537215657807	478.4832460681328	0.0	-4.010923050459874	542.7627458065334	0.0	79.32459092877151	410.23934016402205	0.0	82.30797208418875	472.43725322105314	0.0	114.56491661560712	492.1070068344776	0.0
818	13.633333333333333	42.5088445117208	528.9265896138886	0.0	18.64020327622617	529.0495558892186	0.0	42.5025090373292	640.9146405622781	0.0	-8.413986981532611	721.3810940352176	0.0	5.514776062171771	772.5776059500868	0.0	-15.41363076387334	770.1179499313353	0.0	-23.15188099052451	725.7029368024753	0.0	64.87577931801638	528.4724853008336	0.0	72.56805802274339	638.3764133850999	0.0	64.8187604164703	742.7260746327988	0.0	111.12685432679996	767.9135889848299	0.0	109.78599001371168	762.086617403034	0.0	52.768182926432644	762.4501429345762	0.0	44.74802393616462	380.4928693659478	0.0	54.44244135366882	313.4853720122607	0.0	68.5055082828605	351.78304925756146	0.0	2.1512429945308327	398.32917242318274	0.0	-8.883139003283658	477.394886225979	0.0	-3.6365886414262096	541.7105621627448	0.0	83.8379569139626	410.04202239357767	0.0	86.94655448680729	471.71721240431174	0.0	118.79037117272723	491.50185805577956	0.0
819	13.65	45.56565466553497	527.8513620484159	0.0	21.196434943356525	528.2620521728579	0.0	49.24042452861441	639.4324302121589	0.0	-2.366933282118108	725.9612847458918	0.0	15.497254366393856	774.2859216782488	0.0	-5.647797174786959	774.2444612237767	0.0	-16.534543445301072	734.2615768123214	0.0	68.41198914324566	527.8668925388192	0.0	74.47720045128824	638.2087504914363	0.0	65.07560246085119	742.8444609735329	0.0	111.34484902688493	768.2017789600047	0.0	110.09728147128595	762.2490815228324	0.0	53.632925521991595	762.0739981242834	0.0	48.974814128489385	380.0529966212358	0.0	59.14956413007557	312.83756559315873	0.0	73.06359566965209	351.81744310456844	0.0	4.348396493080174	397.6703385463463	0.0	-8.088708815813686	475.92326583175395	0.0	-3.3806250684449477	540.1470378467211	0.0	88.31954440904342	409.8434382894902	0.0	91.60475950144681	471.12173752135556	0.0	123.1349423587965	490.72374635037323	0.0
820	13.666666666666666	48.669410654389715	526.7032733586665	0.0	23.949198903670844	527.2366532481818	0.0	55.516080270569944	637.9997511187975	0.0	5.903553156323996	731.6822117485084	0.0	27.22642396355502	776.6021196314672	0.0	7.1691040290607155	778.0518941462578	0.0	-7.934892282429052	743.3625686388134	0.0	71.9536248597589	527.1071623646267	0.0	76.21278402408821	638.054084838637	0.0	65.44314770110626	742.9996007840713	0.0	111.66971007869357	768.6015776515356	0.0	110.500639337284	762.5277881534572	0.0	54.73372127866732	761.6369788813605	0.0	52.997176067214596	379.7563471139777	0.0	63.75599232412953	312.40295786865073	0.0	77.62000105630847	351.8116960208155	0.0	6.610239869345392	397.2416390252592	0.0	-7.003287136890022	474.1233753285828	0.0	-3.2667097177637734	538.0978583713346	0.0	92.78500295834209	409.7139879322217	0.0	96.3414014911547	470.73332942828796	0.0	127.78386058343577	489.8451933336909	0.0
821	13.683333333333334	51.840546008427715	525.6031293164758	0.0	27.003249262936706	526.1294639079903	0.0	61.09209519233021	636.718769605303	0.0	15.890018943266869	737.6412071901226	0.0	40.549055906270084	778.7150715047923	0.0	22.080108998075122	781.1521570128089	0.0	2.1734662402986653	752.0310207759599	0.0	75.48038384889794	526.3230562396385	0.0	77.82538698898105	637.8854866070805	0.0	65.93503784608149	743.1634011784814	0.0	111.88019513684465	769.2082545667691	0.0	110.79531085825126	762.9409100575488	0.0	55.89876194149208	761.3504571741122	0.0	56.895668396694354	379.627508501899	0.0	68.12339776614138	312.0847269118765	0.0	82.15283200671199	351.75391024169323	0.0	8.980341834401285	397.1244898964288	0.0	-5.720446986410005	472.1818109878823	0.0	-3.185179029155033	535.7470545330265	0.0	97.2016754247497	409.71604294319656	0.0	101.20072095065362	470.56155766935274	0.0	132.96488249246036	488.9917331128323	0.0
822	13.7	55.09387735787878	524.7410765150709	0.0	30.37759636599961	525.1917004453685	0.0	65.9141328737805	635.6866142415766	0.0	27.125727747781752	742.9878913905526	0.0	55.22691010261925	780.0381649289711	0.0	38.24847249053736	783.308026053079	0.0	13.45866475275949	759.4984078008766	0.0	79.02049210095679	525.7419819793492	0.0	79.3884292199959	637.7243868691353	0.0	66.4660230819047	743.4098950140939	0.0	111.70646676088757	770.0441010939984	0.0	110.6880829304089	763.5736985517868	0.0	56.73778139680092	761.506497157843	0.0	60.74781746061938	379.6685718314578	0.0	72.15971325110692	311.8272679561006	0.0	86.59590993572438	351.63920533960464	0.0	11.523673562327916	397.3571443295328	0.0	-4.262771006467421	470.46240730187105	0.0	-2.954972836679575	533.5381715479197	0.0	101.55181732054042	409.8559469786236	0.0	106.224415103185	470.5796104524905	0.0	138.75491689733119	488.2710273389688	0.0
823	13.716666666666667	58.43349544259023	524.3148539755654	0.0	33.997651967293564	524.6836285821233	0.0	70.11569371666366	634.9582260366128	0.0	39.229167316923665	747.2334757285848	0.0	70.93836103220455	780.3025494936777	0.0	54.994595718710144	784.4294941429804	0.0	25.778466769446474	765.3768821435128	0.0	82.59921189911294	525.5791690731426	0.0	80.92808895655887	637.6593550404797	0.0	66.85485947748437	743.8455854449791	0.0	110.98504886162729	771.0287336149139	0.0	109.96607824134665	764.4943339705894	0.0	56.80671981281134	762.268382860601	0.0	64.59735550432099	379.85661694409447	0.0	75.8904323908874	311.7108262207468	0.0	90.9153060038395	351.51268244477706	0.0	14.249603524772983	397.9198492683273	0.0	-2.689069422295904	469.3180024975002	0.0	-2.500533538325682	531.9789505509641	0.0	105.85341598999644	410.0965307260957	0.0	111.40772242373652	470.7323640434303	0.0	144.90163032344893	487.72099355488723	0.0
824	13.733333333333333	61.897399981978296	524.4273429253453	0.0	37.79107564469459	524.7308305222122	0.0	73.90618027221362	634.4793290186647	0.0	51.89419042092647	750.2547930616543	0.0	87.25016155611806	779.5869087549571	0.0	71.71959187311593	784.5842746628396	0.0	39.05296670764511	769.6339977626488	0.0	86.23504117806155	525.8957667128556	0.0	82.39717698069438	637.7571582381379	0.0	66.90657522334736	744.429669357443	0.0	109.71331398412907	772.0218130008993	0.0	108.61609494535985	765.6438540138595	0.0	55.91078736446239	763.4725723744397	0.0	68.44628572033398	380.13752661991913	0.0	79.44036293159954	311.84596260527564	0.0	95.11688992073556	351.4480872571666	0.0	17.119929510267006	398.73501260554525	0.0	-1.0887617469974342	468.91696508094765	0.0	-1.8340470533800517	531.3643764394978	0.0	110.11140435949949	410.39337842929086	0.0	116.67124984289276	470.91254607159766	0.0	150.91311704600486	487.3129409450586	0.0
825	13.75	65.54002143946909	524.999584773406	0.0	41.689598194144224	525.2630752981225	0.0	77.43315354034817	634.1341455711179	0.0	64.89305759813396	752.2064623379048	0.0	103.63898070568155	778.2237945523287	0.0	87.9762918624139	784.0136258570877	0.0	53.11427285264164	772.5569961727197	0.0	89.93006127170828	526.5697255647294	0.0	83.7256469888792	637.9505178854076	0.0	66.57223096273778	744.8994778294375	0.0	108.13127753050063	772.7888627829511	0.0	106.92246963050667	766.7621186512555	0.0	54.34227782933541	764.6966628111179	0.0	72.25397948322295	380.49361620523007	0.0	82.95144716030482	312.23607108478484	0.0	99.18853971143686	351.5214879390059	0.0	20.10459382301131	399.6730248476604	0.0	0.5600474702885503	469.2621022190962	0.0	-0.8958601125964951	531.7310081343925	0.0	114.30296321804562	410.68706195321664	0.0	121.91445129875963	471.02980381126014	0.0	156.36887159329325	486.98688108590795	0.0
826	13.766666666666666	69.38500987841428	525.844221009304	0.0	45.633768284714904	526.1247662334016	0.0	80.74899802939755	633.9091073529745	0.0	78.02217800182986	753.4176180055861	0.0	119.59963758365305	776.5523930849205	0.0	103.60135001025027	783.0265677319726	0.0	67.68196893288906	774.6719704451447	0.0	93.67299634218125	527.4217600167027	0.0	84.87187305033856	638.1140033262819	0.0	66.06233085677988	744.9862672210761	0.0	106.74963359474488	773.038693669002	0.0	105.46209150682601	767.4805097576138	0.0	52.79229022855343	765.6006708001752	0.0	75.95438924077797	380.9735452070525	0.0	86.4892494794426	312.7812440072955	0.0	103.09335946136822	351.7895699355783	0.0	23.190822421934104	400.5926948065904	0.0	2.3557594807959172	470.2213244105128	0.0	0.41890322952524145	532.9868325890392	0.0	118.39541741844678	410.90861284934664	0.0	127.05587096779965	471.11781126247894	0.0	161.15956948607695	486.710199453355	0.0
827	13.783333333333333	73.43534560076898	526.8507801420672	0.0	49.670663613623425	527.238218215467	0.0	83.90846433170506	633.9590366480231	0.0	91.01320873964856	754.1567361149021	0.0	134.6215145377473	774.6618377708954	0.0	118.55886822415812	781.7332468192992	0.0	82.4510886909734	776.4112290581378	0.0	97.47689863095911	528.3768498152351	0.0	85.85829148782098	638.250600471466	0.0	65.7016152844278	744.6741391762126	0.0	106.0696259171465	772.6840809096276	0.0	104.75379643433482	767.6006065426599	0.0	51.87406853242488	766.1660812532589	0.0	79.49813789565839	381.6102131992352	0.0	90.0259841476293	313.40401731946184	0.0	106.83336835272466	352.2493287039922	0.0	26.38255631873526	401.4065868979362	0.0	4.3331749287858	471.5368892036472	0.0	2.129138946110499	534.9817200884899	0.0	122.34702818273684	411.0424699197801	0.0	132.01102959747342	471.2819339749195	0.0	165.46552207492192	486.51012627591007	0.0
828	13.799999999999999	77.69472405175922	528.0391766246305	0.0	53.95510038003546	528.6249881841353	0.0	87.04697402628706	634.4697282653133	0.0	103.51850738239892	754.4932971073863	0.0	148.15861255807158	772.4256756609715	0.0	132.5822275005506	780.0129072232235	0.0	97.10017791068083	777.8492149131125	0.0	101.38639750529443	529.4912196715575	0.0	86.8365943670614	638.4903749789206	0.0	65.66071848946173	744.1475635786808	0.0	106.26090020329131	771.9960058648641	0.0	104.887025749939	767.2828764231288	0.0	51.69408531970909	766.5551868971615	0.0	82.91003203132132	382.3691471433313	0.0	93.5091686306859	314.12234041934187	0.0	110.48294124407906	352.84085224016974	0.0	29.74535081364034	402.12361583785406	0.0	6.508900748215105	472.96123927838784	0.0	4.185366844782067	537.4992911900895	0.0	126.13155809904345	411.15931662802177	0.0	136.71109990174918	471.56175087659926	0.0	169.5589639986524	486.42966954904944	0.0
829	13.816666666666666	82.14543025640734	529.439450252392	0.0	58.589513191617904	530.2928609130354	0.0	90.35679082437964	635.4897170533985	0.0	115.17669677709021	754.4680695202305	0.0	159.84543131872834	769.8352654751877	0.0	145.18175003199724	777.8556383187283	0.0	111.15607403235104	778.8927361604982	0.0	105.43928669454522	530.8420702464354	0.0	88.06299162791387	638.9245753962134	0.0	65.89662485166325	743.5510718751411	0.0	107.16912746399171	771.317366333074	0.0	105.6266887698281	766.8302181461561	0.0	51.944943460319486	766.8279430752876	0.0	86.29753188769288	383.1944513557574	0.0	96.91608583727096	314.9731568825249	0.0	114.13463774086745	353.5121624251457	0.0	33.37989215952267	402.84349368597816	0.0	8.968553440309297	474.39762140339553	0.0	6.553462685176877	540.2808887460415	0.0	129.78219868624012	411.3516872142991	0.0	141.16570468002584	471.9265021444394	0.0	173.65032522966496	486.47389356123114	0.0
830	13.833333333333334	86.73226687305349	530.9759198404296	0.0	63.510562612664714	532.1288063231841	0.0	94.02991749722861	636.8648715816769	0.0	125.68263290262391	754.26845232027	0.0	169.6695000494091	767.2360568031992	0.0	155.9865715948151	775.6137303845878	0.0	123.95763614198455	779.5918205824065	0.0	109.63624998812611	532.3940870287413	0.0	89.75924437481119	639.5002981047801	0.0	66.28384230619145	742.8791754837571	0.0	108.49498283142303	770.7270036136476	0.0	106.7189506483768	766.3371231068205	0.0	52.292674518637945	766.8545751076323	0.0	89.77389599551155	384.0441296089137	0.0	100.2560062921786	315.92324962532274	0.0	117.8271181216266	354.2485015659145	0.0	37.3058826244251	403.68274217853127	0.0	11.796207783038481	475.85913147226313	0.0	9.227896365887034	543.0856608875793	0.0	133.36555213956254	411.6408287374961	0.0	145.43704522825826	472.3493653337189	0.0	177.82781742717657	486.6258131982521	0.0
831	13.85	91.38382791649634	532.4656815336069	0.0	68.54273704057461	533.8896509700498	0.0	98.20701119796166	638.2557183037165	0.0	134.82089752630682	754.1512265320603	0.0	177.85101164203493	765.2389912888393	0.0	164.9089295572829	773.8874052947988	0.0	134.85128415568232	780.1191677063646	0.0	113.94206331322454	533.9501940427139	0.0	92.05135690758262	640.0426711682242	0.0	66.73917666407945	742.0485379850766	0.0	109.94455171426402	770.1227497767526	0.0	107.95704612150622	765.6999728028632	0.0	52.57601813903301	766.4323760164899	0.0	93.37989369823894	384.8832269158223	0.0	103.55974031026402	316.89891332403215	0.0	121.5400919030423	355.029468763553	0.0	41.44081575563848	404.67154139267416	0.0	15.01193339450788	477.3631908874268	0.0	12.219809902085828	545.7348853528879	0.0	136.9099063580039	411.9743056734359	0.0	149.5513878492529	472.8159618375338	0.0	182.0280172754459	486.889160325724	0.0
832	13.866666666666667	96.04420975660805	533.6999587892933	0.0	73.51793281323356	535.3007166057573	0.0	102.93698953611893	639.2777983824232	0.0	142.48836688561602	754.2981829023634	0.0	184.66407028341308	764.449172684595	0.0	172.07255115880736	773.2509981572146	0.0	143.44038638580273	780.592375087856	0.0	118.30330380499824	535.2411661745705	0.0	95.00713253047508	640.3938397979498	0.0	67.27339364367434	741.0161746693751	0.0	111.31272735108529	769.4716217730228	0.0	109.13479107334533	764.869379998513	0.0	52.800576408579204	765.4433845044534	0.0	97.08488888108005	385.689517317292	0.0	106.86885080532849	317.8454345135197	0.0	125.22312761776791	355.79700526597225	0.0	45.67058277150576	405.7494404276013	0.0	18.607047725868444	478.912460971239	0.0	15.556144527505342	548.1408230707489	0.0	140.40896823495038	412.30687251705996	0.0	153.5113921081559	473.29995964516195	0.0	186.10448387106598	487.27854937702426	0.0
833	13.883333333333333	100.68772639618426	534.554470117074	0.0	78.33542832582984	536.2055267275061	0.0	108.16964041335896	639.7358169364853	0.0	148.72599446325515	754.8088568601596	0.0	190.4114949338031	765.1751829184377	0.0	177.78714138755453	773.9962117399792	0.0	149.7070664058203	781.0450864092863	0.0	122.65854313318621	536.0978383279759	0.0	98.66914485072374	640.5665863804604	0.0	67.97229694202653	739.8272369704332	0.0	112.49257787291772	768.8729714837066	0.0	110.11785143394894	763.9697128126834	0.0	53.1050702112397	763.8986481799278	0.0	100.84665086178158	386.4553812318257	0.0	110.22089290300707	318.7010926011632	0.0	128.81579138105468	356.48089230345244	0.0	49.877891310113384	406.86104169992717	0.0	22.56205266817198	480.50754297166634	0.0	19.268782849641845	550.3065210286369	0.0	143.88674722921263	412.6429349953222	0.0	157.35761528940736	473.773954001261	0.0	190.0109659159605	487.7839382444529	0.0
834	13.9	105.30756588315197	535.0665496922628	0.0	82.96571715351256	536.6517414541739	0.0	113.78764394899493	639.7327924899537	0.0	153.70817740825856	755.7395017483592	0.0	195.44030582424386	767.2914796343828	0.0	182.5308483786809	776.0074318981575	0.0	153.96039417707553	781.4706950796184	0.0	126.95569392392967	536.5593394022007	0.0	103.06127753565563	640.7502723853629	0.0	68.95238019565575	738.5523228665843	0.0	113.46048061870971	768.4753377138608	0.0	110.92730643856908	763.2136298595401	0.0	53.696591385859556	761.8384645471557	0.0	104.65612007165721	387.16063890174576	0.0	113.63850702230754	319.35805057872096	0.0	132.29239337202756	357.0256021127903	0.0	53.98021801166484	407.9829866378204	0.0	26.83609358251633	482.1096273625392	0.0	23.35657115253044	552.2656558600376	0.0	147.39732024553916	412.9928402307733	0.0	161.12920372828395	474.2262957974933	0.0	193.89716224052995	488.378549780593	0.0
835	13.916666666666666	109.91805162877445	535.393572102906	0.0	87.45872485138989	536.8182877868867	0.0	119.64774574520438	639.5740178302018	0.0	157.66916710046584	757.0520885868312	0.0	200.01523587551102	770.375716437846	0.0	186.71367410395752	778.8706406919594	0.0	156.66240179028327	781.8481415323965	0.0	131.21654965534444	536.8094646678297	0.0	108.18630127609437	641.1796014784785	0.0	70.33940837596982	737.1676243035804	0.0	114.23378398914524	768.3737835250868	0.0	111.66616810115228	762.7393826501733	0.0	54.73024468203554	759.2427554707717	0.0	108.51459709069444	387.7602086325559	0.0	117.12022742708174	319.7247420376276	0.0	135.71679033862603	357.3756503566748	0.0	57.99930526437269	409.04326053571697	0.0	31.38366822245536	483.6086405695313	0.0	27.75413699407239	554.0056231625233	0.0	150.95692772554568	413.30951127245623	0.0	164.80983814059073	474.635221874657	0.0	197.97561896426689	489.0716146423366	0.0
836	13.933333333333334	114.57286480994088	535.6734462038613	0.0	91.9410842433647	536.865998001177	0.0	125.59928071220862	639.5990071258057	0.0	160.81797007507106	758.5725902377109	0.0	204.16204099092442	773.923749463396	0.0	190.43093004935028	782.0748902190384	0.0	158.250324338974	782.1857544799669	0.0	135.55974839665544	537.0099282664279	0.0	114.0636230334647	641.9996324953806	0.0	72.24540043777537	735.544866682508	0.0	114.80578258742526	768.5513638901616	0.0	112.38501051859299	762.5346770978515	0.0	56.24495751289539	756.0517128956669	0.0	112.38688392415128	388.20674602603856	0.0	120.64687538624253	319.80530791117104	0.0	139.21074988888526	357.48588508174197	0.0	62.03490311006734	409.8964570859804	0.0	36.17419776326371	484.8768256481557	0.0	32.37566569701384	555.4726829373437	0.0	154.52808193995017	413.4894403731505	0.0	168.35356457405567	474.95040010465976	0.0	202.32214455234907	489.94132618493177	0.0
837	13.95	119.34061173248918	535.9105702953503	0.0	96.5629793605634	536.8623884303101	0.0	131.49915401712545	640.0402587745155	0.0	163.29392280500463	760.065765123089	0.0	207.73145291697608	777.44644952776	0.0	193.57156610841292	785.1408461369243	0.0	159.05686803316513	782.4909337338484	0.0	140.0930804751316	537.1832091962298	0.0	120.78557144415406	643.2017623511147	0.0	74.7340550746334	733.5968512022798	0.0	115.14018913201762	768.9067602321296	0.0	113.06980941145129	762.5066647397446	0.0	58.228835485915496	752.2264010192621	0.0	116.21330431210495	388.46487192376406	0.0	124.21994190934352	319.65160131730806	0.0	142.83973263979433	357.37902828982646	0.0	66.14474262128157	410.42625154910303	0.0	41.16819821671239	485.84491455719365	0.0	37.187657351620096	556.6652878963703	0.0	158.07807654624384	413.4355489320675	0.0	171.7360803226914	475.137292685023	0.0	206.86010419213503	491.0790479741692	0.0
838	13.966666666666667	124.25336473644285	535.9904065686723	0.0	101.41118667994336	536.7954650599592	0.0	137.24226651975098	640.9567064080244	0.0	165.19019454446382	761.3411303331367	0.0	210.6184213335052	780.5299055929555	0.0	196.08028672710188	787.6944433913383	0.0	159.33122023093247	782.7058313781189	0.0	144.82106819101617	537.2375031859759	0.0	128.496571907188	644.651944756901	0.0	77.82468188896199	731.3671642855332	0.0	115.23804110900896	769.3354141852041	0.0	113.73205588138117	762.5752482376583	0.0	60.7047296513168	747.7692331352825	0.0	119.96173280872176	388.49812076845205	0.0	127.87663424762357	319.28934763012177	0.0	146.57378103285765	357.140431294555	0.0	70.28583108349976	410.63179541515757	0.0	46.28449119519396	486.5183672177132	0.0	42.20880927293944	557.6630592866882	0.0	161.6131729055303	413.1014043901913	0.0	174.9862966055096	475.21658008984866	0.0	211.47796415655793	492.5187939355831	0.0
839	13.983333333333333	129.26765327915365	535.8116645253779	0.0	106.4360208804206	536.620026599529	0.0	142.76648874528752	642.2625101408873	0.0	166.60619491510755	762.3095072845032	0.0	212.86001951126863	782.9180004829145	0.0	197.97155490134116	789.5234979587614	0.0	159.26851798815508	782.7646262381538	0.0	149.6673980649857	537.0956261819227	0.0	137.29682296235947	646.1647247750557	0.0	81.51585608679592	728.9608466569275	0.0	115.24465871329402	769.770485172424	0.0	114.49360694745505	762.672437113736	0.0	63.728142250585066	742.7254471105738	0.0	123.64679795003083	388.2797214776139	0.0	131.64502657338352	318.76112449310966	0.0	150.37243689806914	356.8297855314473	0.0	74.39140178020526	410.58170512841434	0.0	51.41672335214231	486.95939089002957	0.0	47.464690701119316	558.52305567249	0.0	165.14591002277757	412.48102363199695	0.0	178.13818980712097	475.23457058502186	0.0	216.04807357719915	494.2572704240015	0.0
840	14.0	134.26161197827548	535.3932220549084	0.0	111.47827236920607	536.3118228660128	0.0	148.00516175102493	643.7941264427975	0.0	167.66450572728047	762.9941792452822	0.0	214.56911786814757	784.5474414070918	0.0	199.21529808668024	790.6144210987975	0.0	159.02389096097505	782.688653036012	0.0	154.51377266632437	536.7733315126047	0.0	147.14254613769918	647.519563892414	0.0	85.77323894340638	726.4587575920737	0.0	115.51854968093697	770.1637472777795	0.0	115.61006713846947	762.7151665091404	0.0	67.3469419854533	737.2323630928938	0.0	127.31382725533689	387.83967208755377	0.0	135.51622621937338	318.1597413537239	0.0	154.24031105330022	356.43109393178855	0.0	78.47058586283767	410.3238358030213	0.0	56.47943040277715	487.25929597379115	0.0	52.97258497085208	559.1971567037647	0.0	168.6621387747431	411.5963689632894	0.0	181.14704443445905	475.2147127733194	0.0	220.383466839515	496.2816510450944	0.0
841	14.016666666666666	139.09409241259047	534.8495808229532	0.0	116.40919327045205	535.9161593536281	0.0	152.8439605180541	645.3334234948234	0.0	168.48773795696272	763.4796206478281	0.0	215.85221907683086	785.5136489904501	0.0	199.7826638834942	791.1332048336826	0.0	158.75576479863145	782.597590179006	0.0	159.22626052783406	536.3544574830709	0.0	157.80158910607918	648.4240158931904	0.0	90.53266521477877	723.910007746464	0.0	116.50710176422788	770.4423523143272	0.0	117.37010413940547	762.6130067500562	0.0	71.58957427724174	731.5703108260049	0.0	131.01870165002478	387.25475019953467	0.0	139.4720668906787	317.54311102578384	0.0	158.1771959201795	355.8922018390792	0.0	82.59179484372073	409.8890805741693	0.0	61.43548942140856	487.48689246721455	0.0	58.750966465816475	559.5717098392033	0.0	172.13315647879307	410.5233354896625	0.0	183.9385651333775	475.17043508074534	0.0	224.30232469639765	498.54732295323936	0.0
842	14.033333333333333	143.67308737806326	534.2711742508114	0.0	121.2222000150661	535.5178699110945	0.0	157.1472735948573	646.6138052047702	0.0	169.16839038331798	763.8342354925031	0.0	216.7572659497379	786.0037371357338	0.0	199.73020805340136	791.321250097171	0.0	158.6339011919038	782.6486048250059	0.0	163.702384813841	535.913252589802	0.0	168.90578527222425	648.5649496890128	0.0	95.756521509464	721.3862445872403	0.0	118.53915340376035	770.5152490305082	0.0	119.95362918010521	762.2722005123452	0.0	76.44921563614436	726.1451165302686	0.0	134.80039644481187	386.5742401447108	0.0	143.52202918092138	316.88776450631264	0.0	162.14257705283592	355.18764550357884	0.0	86.80680715593152	409.3484655471109	0.0	66.31052227547107	487.64133022858084	0.0	64.82275334300299	559.577059393059	0.0	175.5353592181706	409.3945831220895	0.0	186.5313551974852	475.15736383072783	0.0	227.7340894432055	500.99569511009724	0.0
843	14.049999999999999	147.99722451037397	533.6472840605719	0.0	125.99695914285766	535.1316549924206	0.0	160.83634305134385	647.4240170361614	0.0	169.75743933889464	764.1110650129743	0.0	217.2595787588586	786.2300572597596	0.0	199.14942338196673	791.3845578492628	0.0	158.76169051959232	782.9438825730173	0.0	167.93410472333773	535.4416157324939	0.0	180.02911763791627	647.8113932341453	0.0	101.45149836085169	719.0425645535832	0.0	121.80070554066464	770.3814606142574	0.0	123.44671816945822	761.6033339173139	0.0	81.83736063504472	721.4311748190104	0.0	138.65904146397773	385.80566919856443	0.0	147.7013558101937	316.18896802587705	0.0	166.09932938751743	354.3428760230488	0.0	91.14464924380668	408.78749971040986	0.0	71.2275326156609	487.66845027397505	0.0	71.21754496479522	559.2774778159743	0.0	178.84667903334747	408.3275151340913	0.0	189.03202307930977	475.2606196729878	0.0	230.73921919082827	503.59978790626775	0.0
844	14.066666666666666	152.1687958905057	532.9363958048124	0.0	130.82855652780697	534.7122272908308	0.0	163.9335042478074	647.74167935427	0.0	170.27469072570779	764.381938699898	0.0	217.3265784930891	786.3635176094128	0.0	198.12417389383396	791.4507970373917	0.0	159.1299778187464	783.4590399131667	0.0	172.0393763140191	534.9004944232942	0.0	190.72677791306268	646.3613843364658	0.0	107.63390242588667	717.1120973544057	0.0	126.3976830430276	770.1794517643986	0.0	127.92863865605435	760.5660318711543	0.0	87.59700581479677	717.8876113918267	0.0	142.57463287705698	384.96588968483525	0.0	152.01011590387543	315.5253988377504	0.0	170.05899428202582	353.41342264001185	0.0	95.64448861867308	408.22998568861846	0.0	76.422483676337	487.53440995724804	0.0	77.98306618328444	558.8266233577069	0.0	182.05821293594084	407.3627271250228	0.0	191.53577744574056	475.51559230060207	0.0	233.44986355820794	506.3541972802034	0.0
845	14.083333333333334	156.32399509859968	532.1914699914156	0.0	135.76490964822287	534.3317399750407	0.0	166.51261456839362	647.7003739430493	0.0	170.72711164195613	764.703279890931	0.0	216.98731577576507	786.4661283173182	0.0	196.79652258586344	791.5814296194569	0.0	159.68399978590654	784.0552808522924	0.0	176.17414771936149	534.3801554582906	0.0	200.64967335864563	644.5951105815595	0.0	114.37874996081467	715.844963143818	0.0	132.32741117298235	770.0654478596806	0.0	133.44049060530241	759.2541240525863	0.0	93.67245827400882	715.8844390492745	0.0	146.5439809745127	384.10100957513345	0.0	156.37866094580212	314.94981130195725	0.0	174.08686599951866	352.45935453369117	0.0	100.33857627668175	407.6467578359141	0.0	82.13000287088495	487.2661597552748	0.0	85.17281038796779	558.3110506932547	0.0	185.21903094666868	406.49024828930334	0.0	194.0895095747278	475.87227295848146	0.0	235.9524952904545	509.2523258800348	0.0
846	14.1	160.5439415621386	531.5676366803983	0.0	140.77646673339743	534.2316944028885	0.0	168.63435803156295	647.452463952727	0.0	171.12269887613706	765.0661390611663	0.0	216.3111628914743	786.5056430954173	0.0	195.41578160061428	791.8032726502045	0.0	160.36965169141527	784.5535927167483	0.0	180.4015889268896	534.1244480233468	0.0	209.70716173019713	642.8110926605475	0.0	121.8965074806684	715.4309038050587	0.0	139.52278959302342	770.1156317798573	0.0	139.98882084076035	757.9478380483438	0.0	100.29201016486319	715.6769174428516	0.0	150.58874257535416	383.26010652450645	0.0	160.73781901213167	314.3954968425775	0.0	178.26188220187285	351.54815123636433	0.0	105.20788984131904	407.02400782129763	0.0	88.37520631066499	486.9093808000301	0.0	92.78326380396534	557.6786795480692	0.0	188.4391394419307	405.69667113287153	0.0	196.7434701446867	476.2459044986923	0.0	238.19755136026666	512.2761419415937	0.0
847	14.116666666666667	164.86461002403786	531.2125098183402	0.0	145.78300393957352	534.6089726009	0.0	170.3714187761633	647.1608504443163	0.0	171.48150623019956	765.4080690746976	0.0	215.34889877448353	786.4553969054865	0.0	194.24246785823956	792.0863494351246	0.0	161.07057148704607	784.8067078777933	0.0	184.70035933792747	534.3254573928776	0.0	218.07176402320104	641.1579932489093	0.0	130.42183840350512	715.9180962941477	0.0	148.02803159981957	770.3613831118726	0.0	147.7032601310392	757.0298436049046	0.0	107.90026732689962	717.3371745635776	0.0	154.73678717439876	382.4574427229124	0.0	165.11019243587862	313.76667254301	0.0	182.61019272010452	350.74646098574135	0.0	110.19037142839676	406.3759796498662	0.0	94.91304103778597	486.4851950855358	0.0	100.70109859774051	556.8417791162499	0.0	191.82094694879538	404.959479314812	0.0	199.58671239752175	476.5913871514069	0.0	240.05599180900407	515.3682866758008	0.0
848	14.133333333333333	169.32869467319102	531.1905606995922	0.0	150.70507654756983	535.4092647097599	0.0	171.8514611553418	647.0689748204406	0.0	171.8246970242853	765.6729420657653	0.0	214.14165510114213	786.3519130972603	0.0	193.39373362501303	792.3210721710456	0.0	161.6081781687093	784.7712673258096	0.0	189.07130281903355	534.9309867850709	0.0	226.0458029674356	639.6896785347253	0.0	140.03831842628614	717.190031226918	0.0	158.01772287241286	770.7873967457224	0.0	156.9389153654218	756.7994878777104	0.0	116.93235761639896	720.6675820177466	0.0	159.00158213989656	381.6651808711998	0.0	169.60795783269793	313.04327008581197	0.0	187.08536452406736	350.0953362836316	0.0	115.22949239026403	405.7231959286808	0.0	101.40825400934706	486.01491160484284	0.0	108.74564677780282	555.8355078414342	0.0	195.40394091358846	404.2513694639677	0.0	202.68934469586972	476.9381180223559	0.0	241.43865748824527	518.4671615394857	0.0
849	14.15	173.99052013566362	531.5056938221352	0.0	155.52301024704283	536.3892846584718	0.0	173.21368361765244	647.4072038638791	0.0	172.1284131112007	765.8553839334102	0.0	212.7898425780599	786.2798706832509	0.0	192.86220732692135	792.4088152638919	0.0	161.8818443544443	784.5242422621283	0.0	193.59486194237994	535.6799272041101	0.0	233.91215827244517	638.3803211972157	0.0	150.7153730097538	719.0294503463424	0.0	169.60003802341677	771.2459655663267	0.0	168.1871091597683	757.3423119598825	0.0	127.7247888784509	725.2308194464396	0.0	163.3696971974642	380.86299069184986	0.0	174.33833289589757	312.229798025532	0.0	191.6218569202909	349.62805815433717	0.0	120.26553852853387	405.1062771638055	0.0	107.64524900578871	485.5517203045593	0.0	116.76988802057366	554.8373923978722	0.0	199.1818298375481	403.6034385517138	0.0	206.03502859802646	477.37162278385745	0.0	242.34440314326315	521.6133656982286	0.0
850	14.166666666666666	178.86005431586545	532.1102883669018	0.0	160.27873359070364	537.3254664366228	0.0	174.53810741203347	648.2325449601093	0.0	172.32345077450555	765.9930469086383	0.0	211.4498135962068	786.3249156459034	0.0	192.62527130831128	792.340552438131	0.0	161.95818437784004	784.1806988787401	0.0	198.39433741389223	536.2703858291396	0.0	241.79973800352644	637.1571946456975	0.0	162.4295815997775	721.242258795199	0.0	182.67702139995566	771.5297824315063	0.0	181.74521354031486	758.5512912257318	0.0	140.4512705675499	730.4178525099501	0.0	167.80461384241715	380.1029515163245	0.0	179.31008277047843	311.31490153389035	0.0	196.2136875621256	349.4013572395538	0.0	125.20999866762544	404.5931366822455	0.0	113.59735861901845	485.1626121360501	0.0	124.7057643967903	554.01232234697	0.0	203.14537030846103	403.10536249157786	0.0	209.5350828565625	477.9745918674463	0.0	242.83067653168123	524.9364203125491	0.0
851	14.183333333333334	183.8522996787123	532.8415993048799	0.0	164.9854971034895	538.0780484194626	0.0	175.84600720052313	649.4297687157583	0.0	172.38299047597746	766.1267024662396	0.0	210.252619562346	786.5176141472357	0.0	192.64407865927802	792.1672617468879	0.0	161.99083270193944	783.8243028576247	0.0	203.53864960406696	536.4665115664789	0.0	249.64104183604167	635.9763070063866	0.0	175.09801098339892	723.7695020485871	0.0	197.01002122491562	771.6183709332031	0.0	197.33595553595626	760.2033738177477	0.0	154.85900531969006	735.5693050738571	0.0	172.27017114122864	379.5076155538043	0.0	184.43126289110765	310.36721055384965	0.0	200.92891095444676	349.46379404397027	0.0	130.02255788257256	404.2335268720965	0.0	119.38322032290209	484.880507556831	0.0	132.5413264959803	553.3719448755381	0.0	207.28983917913905	402.7979472436848	0.0	213.0655336327158	478.7432941485492	0.0	242.95888137852032	528.4787297684733	0.0
852	14.2	188.83141989768512	533.433970170816	0.0	169.57378646280293	538.5200476783763	0.0	177.13891205136767	650.7658877590186	0.0	172.3718931782281	766.2615466543054	0.0	209.28779916326286	786.8288411264939	0.0	192.87402271688475	791.9731285766964	0.0	162.05794795411606	783.5049370470958	0.0	208.96591014404066	536.1389178267574	0.0	257.2472105227877	634.8426079939999	0.0	188.45697938365313	726.6425483072017	0.0	212.39565915375658	771.7043946549162	0.0	214.20887326289142	761.9908831767452	0.0	170.1545387345619	740.2921798349945	0.0	176.75409308382436	379.18207602287487	0.0	189.60933473924416	309.5345226376539	0.0	205.83963413360505	349.77167875639634	0.0	134.77546552974286	404.0192049624553	0.0	125.15975997160908	484.676422526625	0.0	140.2945711277179	552.7896778008445	0.0	211.59702414172813	402.6319191683829	0.0	216.4938719985734	479.5343380755989	0.0	242.8100414671236	532.0684346530215	0.0
853	14.216666666666667	193.66968273865876	533.708611736916	0.0	173.93345381722438	538.5733631926093	0.0	178.40295302661985	651.9300101492015	0.0	172.3754307597688	766.368614601845	0.0	208.64825067269464	787.230460913802	0.0	193.3196412055284	791.8745151563708	0.0	162.09874830549342	783.2563283945915	0.0	214.4764319957488	535.332980841702	0.0	264.40829665213823	633.7595864778698	0.0	202.1998633259849	729.8199801154569	0.0	228.75232855548407	771.9291761716377	0.0	231.65907665256057	763.6044525935167	0.0	185.4742510247378	744.638562906146	0.0	181.27652750130113	379.1368391761707	0.0	194.8288936148247	308.8619071037159	0.0	210.97682358810923	350.1525650328774	0.0	139.56922766099652	403.9130096604095	0.0	131.017730962961	484.5062428505925	0.0	148.02102194176587	552.1338461349334	0.0	216.01726435162638	402.556135466695	0.0	219.73998205655872	480.1316630519472	0.0	242.54684840134686	535.3421693981651	0.0
854	14.233333333333333	198.269840152207	533.7413252703452	0.0	177.97950197326443	538.3149971384117	0.0	179.6035358014963	652.6891468475515	0.0	172.42274676411947	766.427270638969	0.0	208.45342246673565	787.7131482265938	0.0	194.02750051074986	791.9708321276511	0.0	162.02633854205112	783.1059890813899	0.0	219.81867142760677	534.3054903984124	0.0	270.9681855567547	632.7214151435115	0.0	216.2344363846172	733.123299781174	0.0	245.99185476114604	772.2111713979051	0.0	249.2909579001352	764.846299034019	0.0	200.50498810397534	748.8236629263902	0.0	185.88479356693458	379.30434194964226	0.0	200.1124749579381	308.24252155640664	0.0	216.33975161489616	350.39402278686293	0.0	144.44274970066522	403.9073046622557	0.0	136.96684409145954	484.3796320247715	0.0	155.83066995814602	551.3866023784582	0.0	220.4820395604402	402.5835531770733	0.0	222.83374678741953	480.39560324850606	0.0	242.40987836629967	537.8683567553471	0.0
855	14.25	202.63745144753543	533.7730769307984	0.0	181.71654254125613	537.9290867241626	0.0	180.71344406881346	653.0554338970776	0.0	172.50253751301284	766.449893432192	0.0	208.81286883949318	788.2206497332394	0.0	195.03376513293307	792.2630217982481	0.0	161.85524899555588	783.0544835769622	0.0	224.86152661214982	533.4008929114575	0.0	276.86935490022796	631.7623692838803	0.0	230.67358994405498	736.3109886278354	0.0	263.86748804757536	772.3385397050024	0.0	266.91258962791784	765.6134455838759	0.0	215.51480500807193	752.8716703482579	0.0	190.63316723916617	379.6120886900447	0.0	205.46695714356744	307.6157914766184	0.0	221.88438156450596	350.40044956291155	0.0	149.3963755341952	404.0356081976677	0.0	142.99488146825473	484.3440122232655	0.0	163.84366852559245	550.639653511	0.0	224.963030418967	402.76232769593156	0.0	225.91652912408415	480.3481994722107	0.0	242.70213150816454	539.3956389966676	0.0
856	14.266666666666666	206.90620606076064	533.9926495030037	0.0	185.2596224661655	537.5793356952414	0.0	181.7537264619174	653.220429631967	0.0	172.60932151102455	766.4633091799161	0.0	209.7219906790354	788.6350354419486	0.0	196.28012093779142	792.6384717803464	0.0	161.69846482131737	783.0519587531369	0.0	229.6853816793244	532.8660207590249	0.0	282.15261094021685	630.9748704271882	0.0	245.6196442115461	739.1791479194092	0.0	282.07657601644064	772.1419215254489	0.0	284.45051957657046	765.8425428108719	0.0	230.92762750631726	756.5922572776635	0.0	195.55174513197915	380.0285491235739	0.0	210.88728058664137	307.0946033669445	0.0	227.52309111806514	350.26686500392435	0.0	154.43502852363847	404.3504250693092	0.0	149.11441282018868	484.4265333115941	0.0	172.09758640859746	549.9998987833652	0.0	229.51577465816723	403.1309458290817	0.0	229.18936622619736	480.14406828470516	0.0	243.7654956565602	540.0800626141764	0.0
857	14.283333333333333	211.22268440219963	534.461767204771	0.0	188.76855152404272	537.3795243026844	0.0	182.8070901029094	653.3075250873123	0.0	172.75548010575224	766.4840499268793	0.0	211.00244347741102	788.875021821189	0.0	197.56479937970786	792.9775955808452	0.0	161.67472203827128	783.038327455444	0.0	234.4657994677914	532.804060394803	0.0	286.9097621584585	630.5067794112387	0.0	261.0262546380367	741.5963727265462	0.0	300.4244285750864	771.5031089079084	0.0	301.92693653728077	765.5069164073357	0.0	246.99721021707825	759.7529016336565	0.0	200.62846558886082	380.56132107210044	0.0	216.37586411940475	306.8337175421408	0.0	233.19460265885078	350.1829717601101	0.0	159.56833284477182	404.8972276043418	0.0	155.3475972502294	484.631737766338	0.0	180.5217000455291	549.5238920570108	0.0	234.24877851224434	403.71795912102516	0.0	232.80695178868885	479.9746734411512	0.0	245.84600027932225	540.364340036761	0.0
858	14.299999999999999	215.66229986067896	535.1633712219158	0.0	192.38403481147517	537.3951535820197	0.0	184.00710175304638	653.2545648847123	0.0	172.95744413057915	766.5051273866484	0.0	212.35306453378783	788.9609413244608	0.0	198.58520780665248	793.2503356195739	0.0	161.82065103104867	782.9917784754086	0.0	239.3154292686761	533.2205898697861	0.0	291.2269989032409	630.5353813660365	0.0	276.66491040658184	743.4729664419895	0.0	318.7442624309109	770.2336629499396	0.0	319.3179592862088	764.5673452733497	0.0	263.69618338691754	762.2040467534373	0.0	205.8389687517759	381.242918583515	0.0	221.94949661231223	306.8866712638492	0.0	238.92270863299046	350.2852944434361	0.0	164.8016511276557	405.6606770156033	0.0	161.68192830541574	484.96162669690943	0.0	188.9909542994454	549.2259854764416	0.0	239.2346360414799	404.56142143422926	0.0	236.78191722553214	479.970843550658	0.0	248.9577573149412	540.6087452387293	0.0
859	14.316666666666666	220.2504571777243	536.034115406951	0.0	196.21406935730434	537.6253872609534	0.0	185.51700176370633	652.981160189165	0.0	173.21800341750242	766.4998720278084	0.0	213.45053508774654	788.9527651270257	0.0	199.0490731451024	793.4424144349216	0.0	162.09731973445096	782.8968688693217	0.0	244.26137350359969	534.033421003555	0.0	295.17140417833497	631.1918558247407	0.0	292.1536518924752	744.7635691058099	0.0	336.7254043880744	768.1165739116161	0.0	336.3934721510722	762.9274469083435	0.0	280.7346462598738	763.9080997470663	0.0	211.20084692575273	382.09004001450785	0.0	227.6224106452129	307.2607781256267	0.0	244.77320075962712	350.62380940238666	0.0	170.14530345337772	406.5344616361768	0.0	168.06454031113012	485.39302531257306	0.0	197.37547385207054	549.0862337939747	0.0	244.44936188740618	405.6826143569645	0.0	240.99608314879907	480.15158568072144	0.0	252.89343664058248	540.8978185711624	0.0
860	14.333333333333334	224.99385357379455	536.9977298522326	0.0	200.3384036377284	538.0521357718851	0.0	187.47680462240908	652.6000336860034	0.0	173.53027840189876	766.4504387171991	0.0	214.09033520616012	788.8963364003095	0.0	198.853312139053	793.4761252582332	0.0	162.4728064157831	782.7033112040972	0.0	249.31841052248927	535.1089962265708	0.0	298.81910973383754	632.514022148057	0.0	307.0420932368025	745.5177202718015	0.0	353.9013462446612	765.1119845377284	0.0	352.7295484051385	760.507794135786	0.0	297.6483037103963	764.9385549746318	0.0	216.76714691493353	383.0391408606731	0.0	233.40165352117833	307.9798903941434	0.0	250.76847630652554	351.17913300196733	0.0	175.63793992106923	407.3833802211979	0.0	174.43614331396068	485.859281416432	0.0	205.58198230267064	549.0260816955326	0.0	249.80961732874593	407.0249640112886	0.0	245.2931604735877	480.4451283680457	0.0	257.3458143701148	541.1271109888598	0.0
861	14.35	229.92358790507288	538.0113273900444	0.0	204.84213828817045	538.6943747796242	0.0	189.95796761757194	652.3512931643722	0.0	173.8951161045388	766.3346992677232	0.0	214.28261798394254	788.8625390558464	0.0	198.17639487669172	793.3168907334792	0.0	162.93649559689936	782.3439550618157	0.0	254.5524619671409	536.3542849241242	0.0	302.2789478664417	634.4296580312014	0.0	320.8709873923027	745.8853242166205	0.0	369.7761215576579	761.4379930376199	0.0	367.85610841969225	757.3930460608067	0.0	313.8336140858968	765.4936338396296	0.0	222.561876894013	383.96793320202084	0.0	239.3124437291262	308.9982007997986	0.0	256.87306451202227	351.83565241209783	0.0	181.34078740556302	408.13395356125665	0.0	180.76575942351846	486.29875039064405	0.0	213.57913840246675	548.9375001435126	0.0	255.26354672979312	408.4617425200033	0.0	249.59997865345167	480.7755400557042	0.0	262.07723661765436	541.1980819362686	0.0
862	14.366666666666667	235.1185805712599	539.0662736063863	0.0	209.82223912110302	539.5511580793288	0.0	192.98731982689344	652.3697651337901	0.0	174.30884293595602	766.086936020942	0.0	214.18054805166773	788.9403882394018	0.0	197.33479613651397	793.0508065904563	0.0	163.4414268615542	781.7693440024996	0.0	260.0501424010958	537.7327159778489	0.0	305.70421527526037	636.7129516147768	0.0	333.1966419652195	746.0703100173223	0.0	383.9021224195881	757.5405668027853	0.0	381.3473703052323	753.9521605023386	0.0	328.55472510314837	765.8628316870338	0.0	228.55764114510106	384.8101043990704	0.0	245.39800539000913	310.16127819348026	0.0	263.036792766942	352.4301476841014	0.0	187.293619569208	408.8093055996335	0.0	187.0562415344346	486.71514046500397	0.0	221.37256781763514	548.7748893635247	0.0	260.8329266815896	409.87884885202635	0.0	254.00576568629123	481.1307379337909	0.0	267.0379095912981	541.1630558251447	0.0
863	14.383333333333333	240.64195569886581	540.1421085679165	0.0	215.33140998530772	540.5226928425783	0.0	196.59561658551672	652.6269657809535	0.0	174.7503300297086	765.633750139424	0.0	213.93510472118794	789.1444717132181	0.0	196.5850483296515	792.7739190855882	0.0	163.9101594575037	780.9680896883449	0.0	265.8197374547293	539.1656607172536	0.0	309.29635474588054	639.0039075559646	0.0	343.66291771777685	746.2972067768571	0.0	395.8686196568903	754.0941603644601	0.0	392.79630086420326	750.8301136382579	0.0	341.07863630455796	766.3080517012919	0.0	234.71114754512666	385.59173068920614	0.0	251.69030738559152	311.33365984328094	0.0	269.21556459946373	352.9048656692798	0.0	193.49797134135196	409.47818389302296	0.0	193.30184004529795	487.14891942852717	0.0	228.97221475047658	548.5934284038195	0.0	266.56340039235636	411.2097628691184	0.0	258.65297273273325	481.52761829527566	0.0	272.30776361231176	541.1859997639215	0.0
864	14.4	246.51113739246935	541.1864651792544	0.0	221.37526467542276	541.4312565728787	0.0	200.8298728475083	653.0479312030454	0.0	175.2136947527048	764.9285376462873	0.0	213.6019147082746	789.3952571544983	0.0	196.05428611005325	792.4982705027826	0.0	164.28311028960644	779.9484688385127	0.0	271.77631470705523	540.462940948892	0.0	313.2722792006861	640.9530768425717	0.0	352.0814285841848	746.7844637785164	0.0	405.3208602482613	751.8945303583233	0.0	401.8198405016412	748.7838740830884	0.0	350.89729199482605	766.9721591244073	0.0	240.986454546945	386.3628408318082	0.0	258.2065857381831	312.48606176248023	0.0	275.37213422590514	353.36096779829506	0.0	199.9509137395136	410.16143168989174	0.0	199.46319936460614	487.59364568951116	0.0	236.37919521163704	548.4955291528573	0.0	272.45910254262753	412.4023132718147	0.0	263.56643040099885	481.9511177933398	0.0	277.968633569741	541.3567054249685	0.0
865	14.416666666666666	252.77640389170122	542.2094472013566	0.0	227.96775070133813	542.142562109798	0.0	205.73326990048426	653.5895717567253	0.0	175.72453962832873	763.9110611281645	0.0	213.12192487723095	789.6056495089109	0.0	195.74509024559666	792.1996224750395	0.0	164.51583120897516	778.69292569748	0.0	277.8446227304775	541.412040889469	0.0	317.7894115697779	642.3608468670293	0.0	358.447537695094	747.6856451066697	0.0	412.00707708080216	751.5852832933191	0.0	408.185280096228	748.4698420649482	0.0	357.89419442294917	767.8951452987935	0.0	247.3583972635508	387.1778549831979	0.0	264.9620446649853	313.6003179288881	0.0	281.48640428916804	353.92464377792686	0.0	206.6725780808995	410.82613889970395	0.0	205.5232013566984	487.9949078104114	0.0	243.57979565339855	548.567958673561	0.0	278.4829757751666	413.4187017943738	0.0	268.69116851512854	482.3895744614437	0.0	284.06427061450273	541.6217180681857	0.0
866	14.433333333333334	259.5410572565811	543.3937201875142	0.0	235.1137505277325	542.694880376682	0.0	211.29789161346434	654.2308639784735	0.0	176.29959453533579	762.4990684608367	0.0	212.40199818153008	789.7441262201627	0.0	195.57818193114517	791.8897955635427	0.0	164.56641249025066	777.1681138457006	0.0	284.0322325601076	541.957546953696	0.0	322.86463993759037	643.2109084519142	0.0	362.96121329242726	749.0282459905662	0.0	415.90125173304824	753.3806062227831	0.0	412.00700468868877	750.2184897874733	0.0	362.40700898459977	769.0672419851517	0.0	253.825297905151	388.1111449182018	0.0	271.95305239663816	314.57877580093714	0.0	287.5733751401024	354.6124849163241	0.0	213.67608561977391	411.46365625794664	0.0	211.54411805968925	488.3187581139711	0.0	250.5642524676005	548.8491660814896	0.0	284.58657506806895	414.2747040599651	0.0	273.9926793347755	482.8974140990243	0.0	290.5723427410363	541.9044924345721	0.0
867	14.45	266.8411224894397	544.9729649866476	0.0	242.74028051479468	543.263269589328	0.0	217.40291739837085	654.9466497854444	0.0	176.92004724033072	760.6713035226888	0.0	211.4355816952504	789.8216214282486	0.0	195.4747966676415	791.6048414897177	0.0	164.42241260112615	775.3919944689367	0.0	290.38277962931807	542.2468120280154	0.0	328.36762750148745	643.6356304220049	0.0	366.09178250162495	750.7157425608814	0.0	417.4666662098814	756.9340791639456	0.0	413.87792348339474	753.8159156604728	0.0	365.16780557882504	770.4492783907415	0.0	260.4029584528835	389.20492374370485	0.0	279.1399440249414	315.3281127789028	0.0	293.6896018675654	355.36319643974196	0.0	220.9217899431516	412.1038164100631	0.0	217.63812634067577	488.57111549709936	0.0	257.37510216223376	549.3154922708629	0.0	290.72621091444006	415.03574055140854	0.0	279.42961440357317	483.54453530965185	0.0	297.3800812144106	542.1767205309998	0.0
868	14.466666666666667	274.52719262800053	546.9250132559132	0.0	250.67395889984883	543.9388509490866	0.0	223.81530353113442	655.700359328634	0.0	177.55741409868997	758.5627539241192	0.0	210.32667869612027	789.8640432405296	0.0	195.39420440238553	791.3511224399272	0.0	164.14514105059257	773.4641279425136	0.0	296.8879884997907	542.4638184654806	0.0	334.1078372228527	643.8493018334918	0.0	368.57362835378234	752.5878365209812	0.0	417.79279679111454	761.4457905333875	0.0	414.80044333642843	758.482809441411	0.0	367.14415439348727	771.9629927279818	0.0	267.09177632701403	390.41725423206407	0.0	286.466985189188	315.89579546977484	0.0	299.88965963181124	356.1329432666629	0.0	228.33124105432464	412.7650407694912	0.0	223.86746452675055	488.7819320805298	0.0	264.1356048197018	549.8896845810481	0.0	296.896020536739	415.76981503611285	0.0	284.9498025788781	484.3112361582878	0.0	304.35249462670686	542.4340149723379	0.0
