Coordinates
version=1
nRows=869
nColumns=24
inDegrees=yes

Units are S.I. units (second, meters, Newtons, ...)
If the header above contains a line with 'inDegrees', this indicates whether rotational values are in degrees (yes) or radians (no).

endheader
time	right ankle	left ankle	right knee	left knee	right hip	left hip	right shoulder	left shoulder	right elbow	left elbow	right foot	left foot	right shank	left shank	right thigh	left thigh	pelvis	trunk	shoulders	head	right arm	left arm	right forearm	left forearm
0.0	1.9428564918627302	-1.5039451690000933	2.1591447396736965	18.956115398340195	2.69001057555772	35.92563224748741	-2.014693997332852	18.965787167047573	36.65272155202488	13.189977988558404	-11.632824372573221	-8.248217415268908	-103.57568086443585	-87.13702985117271	-101.41653612476217	-68.1809144528325	-0.38034885031232823	75.89345329968	-7.616568507248423	56.45695753237153	-106.12124069765277	-85.14075953327236	-69.46851914562787	-71.9507815447139
0.016666666666666666	2.393376960369002	-5.337448586118971	2.9375598947695516	18.61899665107175	2.9747756429548824	35.4530891887056	-2.209667274860331	18.927950995512386	36.24675285713827	14.001950598001098	-11.49637530615578	-8.91921925961122	-103.8897522665247	-87.09287547707622	-100.95219237175515	-68.47387882600447	-0.46204860754909216	76.07303198528986	-7.351035497464546	55.55362986275591	-106.1366352895704	-84.9990170191977	-69.88988243243212	-70.99706642119658
0.03333333333333333	2.741941620361309	-8.207308062200633	3.5162190667319275	18.3390433083554	3.185532922861449	35.083969249578644	-2.355840599631298	18.883774886515756	35.93318805378581	14.64364334445625	-11.381208268482824	-9.398478194363717	-104.12314988884407	-87.04753780375037	-100.60693082211213	-68.70849449539499	-0.4821078645649919	76.2075362550263	-7.125856145917912	54.79212457368994	-106.14830434460494	-84.90868885845788	-70.21511629081911	-70.26504551400161
0.05	2.971779127055016	-9.801078510498193	3.8364858226222203	18.119830828281923	3.3122335912483503	34.859437901523364	-2.4474733110022697	18.812215555338465	35.7852336065468	15.09011997639691	-11.275775749525145	-9.559174224449155	-104.24755487658011	-86.98369557196483	-100.41106905395789	-68.86386474368292	-0.44139148952374474	76.27669735479365	-6.9610218095064225	54.24565848522629	-106.17077595620854	-84.91108708986782	-70.38554234966175	-69.82096711347089
0.06666666666666667	3.1313049544299165	-10.498258044204519	3.9735326683693835	17.925561403050665	3.3878624465327007	34.73869499799231	-2.5153121226725217	18.70097279017589	35.82564898865655	15.410443121587893	-11.15844640326884	-9.383286158501607	-104.2897513576987	-86.89094754092042	-100.31621868932935	-68.96538613786977	-0.3758416124086694	76.29591886413789	-6.857499576216768	53.88728230894411	-106.21939325853457	-85.00310834568619	-70.39374426987803	-69.59266522409825
0.08333333333333333	3.2310070958344372	-10.806483437265793	4.014790015807713	17.73976308105847	3.440748486660916	34.663093586389266	-2.577724594521683	18.579409522795665	36.00405825709623	15.614201650047375	-11.056023724204694	-8.954106688387787	-104.28703082003908	-86.78965878556154	-100.2722408042314	-69.04989570450306	-0.3111408280688086	76.28701070910765	-6.805010248772537	53.646614279717234	-106.29071388541398	-85.13357976809667	-70.28665562831776	-69.51937811804925
0.1	3.216040550783294	-10.912435730637736	3.994661887109156	17.59407683649429	3.4882524234285097	34.6240938967108	-2.6164381972965662	18.50317161876932	36.217103950647385	15.615736874209823	-11.040128022447867	-8.4145878318467	-104.25616857323111	-86.71974204933402	-100.26150668612199	-69.12566521283969	-0.25768334810183413	76.25024089044948	-6.786409271471862	53.4879713176038	-106.36619730684704	-85.2465874907812	-70.14909335619966	-69.63085061657132
0.11666666666666667	3.053788788537325	-10.826872422950267	3.9450646646561056	17.534177966852422	3.549533082793947	34.63677220349273	-2.6037928027057102	18.499371834582945	36.354709151385244	15.375279914959338	-11.156903003241297	-7.962022507532649	-104.21069179177857	-86.71256597327616	-100.2656271271225	-69.17838800642369	-0.21788232323630718	76.18483979008353	-6.788524963724799	53.40227691417446	-106.41895301262213	-85.31578837533353	-70.06424386123689	-69.94050846037413
0.13333333333333333	2.7965659884373695	-10.661077478305971	3.9258552443569448	17.572328521158724	3.63593216782438	34.6872811586948	-2.5304319001398072	18.543200982287843	36.327340461992975	15.012477393092741	-11.380709248823173	-7.83102924158118	-104.1772752372605	-86.77239952319188	-100.25141999290358	-69.20007100203313	-0.1903676445575655	76.11264783927203	-6.809584679187643	53.36304174126213	-106.41778406086773	-85.34415117844013	-70.09044359887476	-70.33167378534733
0.15	2.541503489389429	-10.514464502211425	3.9566407546675855	17.67707771402451	3.728874488062999	34.74776111203128	-2.401151385598955	18.596863509239924	36.08278793290923	14.690176269634165	-11.629349558337266	-8.109196366935995	-104.17085304772665	-86.8724033831153	-100.21421229305908	-69.19532566909078	-0.17434827364533412	76.0569132188779	-6.8485455269811135	53.35464555734845	-106.344238166721	-85.34622327188217	-70.26145023381179	-70.65604700224796
0.16666666666666666	2.3759433209904604	-10.313287063068843	3.982891654558001	17.80270624610899	3.79274255373018	34.816689824550835	-2.234114792210608	18.65192783743961	35.63908004984502	14.4376542965374	-11.80084309301553	-8.596906880332124	-104.17678641400593	-86.97265373473627	-100.19389475944794	-69.16994748862729	-0.17216566887033302	76.01336268682184	-6.891093297681764	53.41527976814325	-106.22075210538871	-85.33470947573853	-70.5816720555437	-70.8970551792011
0.18333333333333332	2.355933736171213	-10.01722443172826	3.9634809893466865	17.930914078972986	3.8193329442103416	34.910722491344146	-2.0695702138847216	18.71350848257551	35.08161719841378	14.200633400630622	-11.823860327165093	-8.999919593459786	-104.17979406333625	-87.05583760582874	-100.21631307398957	-69.12492352685577	-0.18954362078761466	75.96435398180004	-6.917085762358737	53.593119167837656	-106.10521623208463	-85.3221375356244	-71.02359903367085	-71.12150413499377
0.2	2.4701754338980173	-9.815922528863275	3.9466345165341	18.07819831450024	3.8465824298187483	35.03292137012814	-1.9581592379779633	18.767172321846637	34.520514704420215	14.000231889238437	-11.722704158170464	-9.171302747316517	-104.19287959206844	-87.13810444972518	-100.24624507553432	-69.05990613522494	-0.23452087624015738	75.90717249464686	-6.926054976789268	53.88511167894426	-106.05098674333105	-85.32565518350644	-71.53047203891084	-71.32542329426799
0.21666666666666667	2.6204341372632265	-9.891460350749744	4.00815163571435	18.254170445807702	3.92483880273476	35.17467991297967	-1.9333894703504917	18.791217540919863	34.06209754210729	13.90982526937674	-11.616956236122045	-9.113358804243228	-104.23739037338522	-87.23356807323366	-100.22923873767087	-68.97939762742597	-0.31462498956371165	75.84592245959429	-6.943314492638186	54.24600531787483	-106.08746701075614	-85.36285999948578	-72.02536946864886	-71.45303473010902
0.23333333333333334	2.6782982419234953	-10.153638248295431	4.147984829838171	18.432287373935875	4.060346829286019	35.3261152818084	-1.9987202026671054	18.773201919538458	33.77749203273059	13.931217213443738	-11.62992402425206	-8.886223013721715	-104.3082222661755	-87.32675635775084	-100.16023743633735	-68.89446898381499	-0.4306450827874182	75.77941573437656	-6.994716931228795	54.61209544540629	-106.2193044682905	-85.44738234608491	-72.44181243555988	-71.51616513264116
0.25	2.588734928271644	-10.416586026253894	4.294394217544126	18.584286533739807	4.189519746056986	35.45865651388042	-2.1447226881454986	18.684299605821536	33.66713007166601	14.01922456772653	-11.789871762617203	-8.60199676689026	-104.3786066908888	-87.39936223926105	-100.08421247334469	-68.81507570552127	-0.5643299080737869	75.72626778059825	-7.088052472299972	54.89684173864389	-106.4184549075472	-85.58943261358013	-72.75132483588116	-71.5702080458536
0.26666666666666666	2.4179471842257216	-10.669688185232094	4.380237841497241	18.712731399428197	4.222876669503479	35.52397357478759	-2.365237695262408	18.48248623981854	33.67124517305772	14.168399366320731	-12.009627164581056	-8.446769084470944	-104.42757434880674	-87.45897100145359	-100.04733650730951	-68.74623960202541	-0.667344856385623	75.72978682318694	-7.215755149980253	55.01039068848775	-106.63545087207542	-85.78772693699445	-72.96420569901768	-71.6193275706737
0.2833333333333333	2.2624749273857137	-10.996675114240524	4.377647952215425	18.81912614831534	4.128962297022848	35.49913900815546	-2.6331076031000205	18.182850386123366	33.709261820394985	14.368094547558275	-12.18380275175925	-8.553365611637444	-104.44627767914494	-87.51757916411225	-100.0686297269295	-68.69845301579691	-0.6819513920720797	75.80240797604758	-7.356972152381753	54.92949973810077	-106.83069962705241	-86.01474163782899	-73.12143780665741	-71.6466470902707
0.3	2.14766523366721	-11.376719662649277	4.289142242366797	18.870716386366	3.9604490785507265	35.40907171029135	-2.883507425338718	17.874524430399426	33.70679076468864	14.54578986227711	-12.28209731419218	-8.85282093996399	-104.42976254785937	-87.56271406011795	-100.14062030549255	-68.69199767375196	-0.5946694192559425	75.89893061595664	-7.474286006161418	54.743020347173335	-106.98457680938205	-86.22654495364388	-73.2777860446934	-71.68075509136675
0.31666666666666665	2.0646238858585484	-11.709924093021717	4.144966326407895	18.834315663117916	3.796323755946758	35.29602149954655	-3.0607037434445563	17.638432895897708	33.62943682131951	14.634988259022633	-12.317910689698166	-9.166968318790248	-104.3825345755567	-87.57218616866693	-100.2375682491488	-68.73787050554903	-0.45335136758705463	75.96610799490439	-7.526092628807111	54.59877615349427	-107.09459574854014	-86.39545910919786	-73.46515892722063	-71.76047085017521
0.3333333333333333	2.025869352828239	-11.930093523188038	3.9982001877990268	18.737904663989198	3.6921923838773765	35.208807740886215	-3.1648868460674398	17.496601231439744	33.52021708230083	14.647732189044104	-12.301476650552582	-9.384677545149472	-104.3273460033808	-87.55043512256212	-100.32914581558177	-68.81253045857292	-0.31905376405432007	75.9786618005408	-7.4968703250466655	54.60622582922669	-107.1862250455266	-86.5247369680194	-73.66600796322577	-71.87700477897529
0.35	2.038098693384536	-12.010201704850285	3.8969941455299493	18.6703497714606	3.6766850174776033	35.20949442990938	-3.231570918631632	17.43221447223176	33.47261445461747	14.657154361713793	-12.25423690490145	-9.481058355537902	-104.29233559828594	-87.53288181178482	-100.39534145275599	-68.86253204032421	-0.2203178720824004	75.92797352976633	-7.411736587328206	54.77318200268917	-107.30359738886526	-86.63981199800185	-73.83098293424777	-71.98265763628807
0.36666666666666664	2.07419696488958	-11.946047202199818	3.860996968986808	18.70682610389701	3.7444172890165697	35.33281567242117	-3.2793271333104066	17.406091103854315	33.530760775777914	14.733451282358669	-12.220980235680981	-9.467329091982187	-104.2951772005705	-87.55260795207612	-100.4341802315837	-68.84578184817909	-0.1527628224331643	75.82140247939965	-7.322093823601199	55.0165013256083	-107.45792465391071	-86.77250641674597	-73.92716387813277	-72.03905513438731
0.3833333333333333	2.0883171725664544	-11.793325939422044	3.8920632462764964	18.849756981730565	3.8535462384553325	35.54366467507287	-3.2955837780314807	17.373445262926904	33.6386082238128	14.884142327404533	-12.25882082296275	-9.397838240987735	-104.34713799552914	-87.61471329436569	-100.45507474925265	-68.76495631263509	-0.10189442818490746	75.69137901229195	-7.279096377440024	55.2536178619341	-107.60420476573951	-86.93517572478109	-73.96559654192666	-72.05103339737656
0.4	2.0356620540972314	-11.66720670816293	3.987685489749712	19.048730309936627	3.9592697548755464	35.76544113047891	-3.2736965786505636	17.31980159004302	33.710822583824104	15.037788122615504	-12.413297448244352	-9.372311567787996	-104.44895950234151	-87.70383294692506	-100.46127401259182	-68.65510263698843	-0.06130662899129735	75.57945623253256	-7.312195974355245	55.46422863485276	-107.69424034611798	-87.10074217742435	-73.9834177622938	-72.06295405480881
0.4166666666666667	1.8907786671011404	-11.647134055774083	4.122719696379145	19.249794837850885	4.047564118756084	35.94478928352891	-3.230127311865322	17.27083297012859	33.71385016049338	15.097606318255856	-12.679705690471286	-9.453133147592407	-104.57048435757235	-87.80033433427126	-100.44776466119322	-68.55053949642038	-0.03470421851662575	75.50467122005062	-7.42306533941693	55.650669320522795	-107.72545609181469	-87.22449580982071	-74.01160593132121	-72.12688949156482
0.43333333333333335	1.6854885145665315	-11.707590841472914	4.248766676752865	19.41581537997297	4.1358934788341815	36.081569454164686	-3.1735616146843575	17.257267134766614	33.665112839198635	15.03001294398401	-12.978154387759822	-9.598556131521523	-104.66364290232629	-87.88501563021589	-100.41487622557344	-68.46920025024292	-0.02770731089588585	75.44923029559232	-7.5846196758267554	55.800267518366844	-107.72433131909203	-87.29350256964099	-74.0592184798933	-72.26348962565694
0.45	1.5239159218613263	-11.770511561167817	4.328748823818432	19.525533529816542	4.245134839146175	36.201250488730935	-3.107583105443841	17.280291182437644	33.61175670327058	14.883374767515914	-13.178361641088735	-9.717920104748472	-104.70227756295002	-87.94294661936335	-100.37352873913159	-68.41741308954681	-0.042029413176157604	75.38133642172218	-7.746904824396233	55.91997519184268	-107.72624668372164	-87.33837239584011	-74.114489980451	-72.45499762832414
0.4666666666666667	1.5154083251088795	-11.779370997321736	4.347083490597662	19.560623266668745	4.370448644584899	36.30559137119488	-3.0650383924925695	17.322902033946164	33.62709960429483	14.705248805190342	-13.173898134408404	-9.749718369597199	-104.68930645951725	-87.96770350897836	-100.34222296891959	-68.40708024230959	-0.07405581842806797	75.28732838649546	-7.865246177672296	56.05794289687416	-107.77771000599708	-87.38976957955832	-74.15061040170222	-72.68452077436791
0.48333333333333334	1.673030293708376	-11.70892169529421	4.298635020245236	19.50477647497882	4.4882842694065515	36.37199680885755	-3.0800016691776917	17.381071697052306	33.77118998382595	14.484298327746846	-12.964409234870299	-9.669970133907942	-104.63743952857865	-87.95986844386124	-100.33880450833341	-68.45509196888239	-0.11466717879164001	75.17291122225998	-7.928170472276306	56.2468715998044	-107.90709044691766	-87.44601708068765	-74.1359004630917	-72.96171875294074
0.5	1.895646541642288	-11.561364480086159	4.186411466066778	19.370989954703354	4.577679070915592	36.395994729626395	-3.140518785017834	17.458170534300617	34.028101799585905	14.20085953082144	-12.662833956779966	-9.486365128435175	-104.55848049842223	-87.92474332834799	-100.37206903235544	-68.55375337364462	-0.15251825829743115	75.05025189672891	-7.955368952481126	56.458735457850715	-108.09026688828888	-87.49157756897043	-74.06216508870295	-73.29071803814892
0.5166666666666666	2.051732921661933	-11.396520845374893	4.026884321145438	19.207141283719046	4.6194891620413285	36.393458216255006	-3.2200471542474145	17.536960704063453	34.3153407981738	13.902128628409734	-12.413935884402132	-9.268284567823365	-104.46566880606403	-87.87195671442394	-100.43878448491859	-68.66481543070489	-0.18006033950490719	74.94172635304002	-7.975366425026469	56.646996540926374	-108.27832080120734	-87.52131294289649	-73.96298000303352	-73.61918431448669
0.5333333333333333	2.0634177456567198	-11.323504881430171	3.860895680878185	19.068928718195856	4.6086060431647855	36.37665220742885	-3.3166252518533716	17.586115474074756	34.55828671724802	13.687786283129517	-12.314027016016626	-9.140609707984327	-104.3774447616733	-87.8174316347269	-100.51654908079513	-68.74850291653101	-0.19565420961199997	74.87484487604003	-8.00889707698451	56.798703413581286	-108.44178037581328	-87.53903964988517	-73.88349365856524	-73.8512533667556
0.55	1.9299961721226484	-11.388474957571386	3.735121311813445	18.99397515578603	4.58055291124418	36.36417730439999	-3.4238827028985486	17.60209433948394	34.736957329072034	13.604094886699343	-12.375479020804	-9.168885733341142	-104.30547519292658	-87.78070464374338	-100.57035388111318	-68.78672948795729	-0.2008879974610247	74.84909320764257	-8.0670935657367	56.929921503407904	-108.57478949525589	-87.54881245287342	-73.83783216618384	-73.94471756617403
0.5666666666666667	1.7068317619124702	-11.521983270808654	3.6602376419836324	18.976664976619606	4.588207755646904	36.37852888551925	-3.5202725558807417	17.619549432959577	34.89043133451075	13.58395625122929	-12.535692928464778	-9.290413187521311	-104.24252469037718	-87.76863089514083	-100.58228704839358	-68.79196591852117	-0.1981607152611271	74.82950519595943	-8.152831705209696	57.057560756668344	-108.69076735992122	-87.5509453710809	-73.80033602541046	-73.96698911985159
0.5833333333333334	1.4769594104189148	-11.652474704913722	3.613950006656805	18.971208582085527	4.646617328697991	36.41411544544214	-3.611866823514374	17.668574033727904	35.099521266173795	13.529544816186046	-12.700417025590664	-9.419503194352146	-104.17737643600951	-87.76713689469412	-100.56342642935273	-68.79592831260852	-0.19096901590234006	74.78995624194918	-8.250107519484573	57.18120143540683	-108.8219105815651	-87.54146972432281	-73.7223893153913	-74.01192490813676
0.6	1.32702548484059	-11.771881552632928	3.582488977339286	18.943687506976325	4.729275910600886	36.44605359925234	-3.731922208267549	17.750172330075817	35.43136001389504	13.417324497893762	-12.790586962893938	-9.533873900475722	-104.11761244773446	-87.76203328872009	-100.5351234703952	-68.8183457817437	-0.18415268588061773	74.73560061900383	-8.313001203510707	57.28664936089133	-108.99632158926363	-87.51422705092025	-73.56496157536859	-74.09690255302651
0.6166666666666667	1.2781300197058616	-11.858705407624022	3.5702326921843586	18.90712753279587	4.81083242137363	36.47161557107459	-3.8791273178010437	17.856249471684205	35.85824338140072	13.284521529570128	-12.803075412395023	-9.61602048587372	-104.08120543210082	-87.7573171230114	-100.51097273991648	-68.85018959021549	-0.18116444811312027	74.67819483870981	-8.290592142806101	57.36471472054487	-109.20093247909114	-87.46555568960589	-73.34268909769042	-74.1810341600358
0.6333333333333333	1.250441276669295	-11.846673557486849	3.5741187150995715	18.890712646488325	4.882015937944736	36.50667189458162	-4.003895815840551	17.976068219184878	36.25453186187115	13.16851612641228	-12.81847250725374	-9.607539879498518	-104.06891378392298	-87.76085175867486	-100.49479506882341	-68.87013911218651	-0.18179682372857187	74.62318899323178	-8.175709838437076	57.419647155121474	-109.38070682260869	-87.40074278758325	-73.12617496073754	-74.232226661171
0.65	1.2102306679558146	-11.71715492543261	3.587396020576574	18.896349816262884	4.931799659739687	36.54216684623727	-4.075360674939037	18.073337431412458	36.510409036277984	13.120461466649013	-12.85975865017946	-9.485748342447488	-104.06998931813524	-87.76857592732395	-100.48259329755865	-68.87222611106105	-0.1840031258556858	74.5856070427016	-8.01257634848646	57.461066758146025	-109.48975363223737	-87.34105552588586	-72.97934459595939	-74.22059405923686
0.6666666666666666	1.2779502981718076	-11.554333342773287	3.613472375643698	18.912881934464515	4.944054984866939	36.54575566761736	-4.116104195716472	18.09133785835128	36.618869433769724	13.223295767537236	-12.802693927383663	-9.33270042300612	-104.08064422555545	-87.77835310162581	-100.46717184991172	-68.86547116716129	-0.18659061193163562	74.58877316522127	-7.861784298323646	57.49911831907716	-109.52733103049513	-87.31988897642736	-72.9084615967254	-74.09659320889013
0.6833333333333333	1.5411609531590411	-11.435625416147616	3.6406254847322836	18.95598266538357	4.915673022069589	36.519396224876935	-4.148795710516713	18.011695918581974	36.642144316716504	13.506902585990323	-12.54948268306965	-9.23791178772312	-104.09064363622868	-87.80227761407258	-100.45001815149635	-68.846294948689	-0.18981128273027603	74.63430882643398	-7.772484107421694	57.54842650340019	-109.51448688408267	-87.35399525498397	-72.87234256736615	-73.84709266899362
0.7	1.887703730862894	-11.33112411787687	3.6480456233559106	19.0522203242103	4.870529250520689	36.511732060362355	-4.148970656103057	17.884651096317416	36.630671535713326	13.880676281701492	-12.196171353973051	-9.177975332989279	-104.08387508483594	-87.8468469758486	-100.43582946147998	-68.79462665163832	-0.1948833206578855	74.69364128799924	-7.764264722853956	57.61641337535911	-109.45532936810375	-87.42170761568326	-72.82465783239041	-73.54103133398175
0.7166666666666667	2.1669587269679984	-11.195573989472758	3.654400123706467	19.1884350813368	4.8459703124712705	36.55336308600101	-4.084788776781385	17.775053204081733	36.60087737919405	14.216499528731067	-11.899391922296358	-9.088568053122321	-104.06635064926435	-87.89299283336489	-100.41195052555784	-68.70455775202811	-0.20331565766644477	74.7420791619708	-7.820959510392879	57.687501958237505	-109.34270961481052	-87.48286763394738	-72.74183223561647	-73.2663681052163
0.7333333333333333	2.3757444270966945	-11.054307268201415	3.708324755071629	19.319634824457207	4.867090641904116	36.62636951816718	-3.9766147939335728	17.714451836616238	36.57820092435681	14.445961896616534	-11.686506068880632	-8.968588613517744	-104.06225049597731	-87.9142816890998	-100.35392574090565	-68.5946468646426	-0.21588039036869122	74.77898361719016	-7.910534145297741	57.74469513831924	-109.19763117674336	-87.50656454619352	-72.61943025238658	-73.06060264957699
0.75	2.565954565330266	-10.913668248719132	3.8259283520657155	19.432736351911164	4.9400315749020125	36.71678187535986	-3.875357515694474	17.718158565330388	36.602057109973835	14.542532352636925	-11.51418313203226	-8.823862744667949	-104.08013769736249	-87.91019539675008	-100.25420934529677	-68.47745904483894	-0.23153132106675378	74.80575907980115	-7.998626431007142	57.79703493363669	-109.06959843589325	-87.47608235486838	-72.46754132591947	-72.93355000223146
0.7666666666666666	2.706651644590781	-10.724345726603346	3.9666789365245516	19.55432503723537	5.0503851158440725	36.83870983303269	-3.8044281836700025	17.79928968267003	36.6720220710389	14.490919955433231	-11.396263841378572	-8.626581708410951	-104.1029154859693	-87.9022368694915	-100.13623654944477	-68.34791183225617	-0.24734233712258047	74.81337833471109	-8.047755229089109	57.86557691603101	-108.99104984895882	-87.38733198261879	-72.31902777791997	-72.89641202718556
0.7833333333333333	2.7472406958199493	-10.521427047440364	4.079191278905094	19.683055669752648	5.159128678239648	36.9771522511284	-3.7580639737340453	17.94226618841671	36.72975414450975	14.325703715647352	-11.368776581075947	-8.42328449954184	-104.11601727689583	-87.90185809485465	-100.03682599799077	-68.21880242510204	-0.2596826253892601	74.80404532376953	-8.034695234575594	57.95316514017715	-108.95401864996442	-87.25368848781369	-72.22426450545474	-72.92798477216633
0.8	2.6953334845546704	-10.455212438298787	4.154241790264734	19.774460733778188	5.223072649993342	37.07008167717923	-3.724274995046091	18.092863981740404	36.70676308784724	14.152235761919174	-11.434471585697587	-8.358227056661569	-104.12980507025219	-87.90301498657978	-99.97556327998751	-68.12855425280162	-0.2654798977421049	74.80136407001912	-7.970348595231015	58.0418214757033	-108.92291092502688	-87.10577194824043	-72.2161478371797	-72.95353618632123
0.8166666666666667	2.5674876038628227	-10.588892445851787	4.220119517604646	19.804298374525978	5.2297801572240665	37.08083935831283	-3.6812597251910644	18.200326949980173	36.579391182758165	14.075210662943169	-11.596207372650412	-8.485706922662262	-104.16369497651317	-87.89681463234577	-99.94357545890858	-68.09251625781981	-0.2629590099264607	74.82664438386735	-7.890001436906483	58.12720649662828	-108.85461534132365	-86.97302866615246	-72.27522415856555	-72.89781800320928
0.8333333333333334	2.3614322843740885	-10.803484385415269	4.311389828713507	19.78739545670237	5.203131842172507	37.02417583580187	-3.6056453991153	18.245673040327002	36.378110715011495	14.12233360295877	-11.86208973313443	-8.681968011510017	-104.22352201750847	-87.87848365186798	-99.912132188795	-68.09108819516564	-0.25177774170066636	74.88473596903248	-7.8200801193074705	58.23558165449162	-108.72090943008276	-86.8695909906405	-72.3427987150713	-72.74725738768174
0.85	2.0846739484025805	-10.983295513604958	4.460947222075342	19.739225470642758	5.1793490050206605	36.90961708674431	-3.504383300973977	18.225396452847853	36.15857302214161	14.26186808193917	-12.217129214051546	-8.833108877649739	-104.30180316245409	-87.84981332929785	-99.84085594037877	-68.11058785865514	-0.23249989340304755	74.97979505460053	-7.755964738443111	58.38403547999444	-108.52458824637338	-86.79480849255158	-72.36601522423177	-72.53294041061244
0.8666666666666667	1.7519433976326875	-11.15187304524177	4.693027680934885	19.68046772197789	5.18898527974927	36.73928410231323	-3.413055132030751	18.150956110292963	35.97492087819465	14.452982292079678	-12.634378697852151	-8.975336409559924	-104.3863220954848	-87.82346331396383	-99.69329441454992	-68.142995591986	-0.20684808610200478	75.11772030570074	-7.6809474449603785	58.55709638969936	-108.29533482632996	-86.73132358400625	-72.32041394813528	-72.27834129192662
0.8833333333333333	1.3661236696325032	-11.350034874091186	4.98304231247259	19.662067123666343	5.241473691833212	36.558783556608574	-3.358986946949393	18.053511665345876	35.869258792915055	14.650013791721486	-13.090376643076697	-9.16825017642915	-104.45650031270917	-87.81821525912753	-99.47345800023656	-68.15614813546122	-0.18014410397261305	75.28506830793015	-7.592550230093674	58.743578935081835	-108.07391863901923	-86.66142002672393	-72.20465984610414	-72.0114062350025
0.9	0.9417716610108813	-11.528871539651686	5.242054907160641	19.722119756181584	5.309083615822669	36.43404027333409	-3.3477191517643363	17.95760346253388	35.85892813439683	14.796694550299122	-13.540701158772187	-9.366452579546573	-104.48247281978304	-87.83758101129253	-99.24041791262238	-68.11546125511097	-0.16363546980349675	75.45049847155488	-7.489716652432285	58.9588960973573	-107.89722068020944	-86.5918980659112	-72.0382925458126	-71.79520351561212
0.9166666666666666	0.5843149256164754	-11.639809964199205	5.3850138933941505	19.827409735360185	5.3416983282714945	36.37648743053261	-3.379737586414951	17.863450909299516	35.91984926829189	14.85911507830605	-13.864003518869673	-9.495735163244838	-104.44831844448612	-87.85592518419102	-99.06330455109195	-68.02851544883085	-0.17375302950192895	75.59499712063648	-7.357252166422289	59.21433595866613	-107.78474046577846	-86.54155197006395	-71.86489119748654	-71.68243689175793
0.9333333333333333	0.4991355388584422	-11.709855332030418	5.39242600601122	19.89345652037725	5.296540106582886	36.3292182200715	-3.456338931148925	17.75413252312144	35.99183986152749	14.86317559521573	-13.867721260009244	-9.54506453694693	-104.36685679886764	-87.83520919974505	-98.97443079285641	-67.94175267936781	-0.22754999138777876	75.72902910056062	-7.192816734400426	59.485733865386386	-107.72730983058828	-86.51683837631788	-71.73546996906077	-71.65366278110217
0.95	0.805344196964343	-11.792729312109543	5.280445704612548	19.854475260392217	5.141207197394531	36.22575909872935	-3.5650927310080793	17.608742212009933	36.00654071531259	14.869130413807053	-13.455936579011865	-9.543487742309447	-104.26128077597616	-87.750758430421	-98.9808350713636	-67.89628317002881	-0.3330637863887018	75.87795773124179	-7.032165767550743	59.71598250562823	-107.68713499976626	-86.51330005674821	-71.68059428445366	-71.64416964294116
0.9666666666666667	1.3839439859130294	-11.919848144782488	5.067204638619557	19.70862312418104	4.853720567955368	36.04417198010285	-3.6806023042507237	17.416528843592427	35.927171709654075	14.908952558370043	-12.770642251638503	-9.525401453360471	-104.15458623755147	-87.60555331096549	-99.08738159893193	-67.89693018678446	-0.47553957411152625	76.05889783311264	-6.915995331321951	59.839754296309565	-107.62170447113803	-86.52457332329485	-71.69453276148394	-71.6156207649248
0.9833333333333333	1.9882522854929816	-12.086091858935756	4.808145306413185	19.516345027199275	4.455592693224024	35.80959982472414	-3.790391937643472	17.18771787178497	35.78560915638746	14.97485148427867	-12.092708610937589	-9.521245342014671	-104.08096089643051	-87.43515348571651	-99.27281559001733	-67.91880845851725	-0.6092416749276122	76.27159171675858	-6.842007094262319	59.82188718689682	-107.51880022088484	-86.54069041145635	-71.73319106449736	-71.5658389271777
1.0	2.4190264148841036	-12.247523544997318	4.607065685191461	19.364574674065366	4.034024614423959	35.576457308295346	-3.900006735883408	16.959124114984434	35.65767473709604	15.044660048624362	-11.657518856895019	-9.539145109749784	-104.07654527177907	-87.29162156678161	-99.46947958658762	-67.92704689271625	-0.6743914121509513	76.49649579898838	-6.775522284640936	59.6960632386804	-107.40351093689499	-86.5443800860271	-71.74583619979893	-71.49972003740274
1.0166666666666666	2.5998072740306175	-12.34403834818309	4.541936783983594	19.312985839876937	3.6990705415440224	35.407419170752256	-4.005844901548096	16.78495354455421	35.5783604407232	15.0782005560425	-11.543809677112796	-9.550355724781124	-104.14361695114336	-87.2063173778285	-99.6016801671598	-67.89333153795157	-0.6407327146741364	76.69924929129617	-6.699474127497486	59.551864328926094	-107.3065956102519	-86.51579716414955	-71.72823516952869	-71.43759660810706
1.0333333333333332	2.5655429044384586	-12.340015141181846	4.597905588370283	19.357242326511916	3.5057142746842462	35.32895614924738	-4.090271804281301	16.703315018599902	35.51218316135119	15.014897231480901	-11.670239927229407	-9.511892835859417	-104.23578283166782	-87.17187769524632	-99.63787724329757	-67.81463536873441	-0.5330004654368601	76.85640848201818	-6.631500403141575	59.45313315162358	-107.23386332226309	-86.44027649938185	-71.7216801609119	-71.42537926790096
1.05	2.397107596980527	-12.272811702322729	4.69711129452968	19.446260728144413	3.421749921846876	35.301870067050885	-4.150488778773781	16.7053438216492	35.41661136198756	14.825948507773196	-11.895661214815885	-9.434609802387701	-104.29276881179638	-87.1617981002071	-99.59565751726672	-67.71553737206268	-0.4045781905362791	76.98259256088639	-6.589724559125994	59.3823839035721	-107.16789621788735	-86.31206361746435	-71.75128485589981	-71.48611510969116
1.0666666666666667	2.199761509689806	-12.25329024906324	4.785163722995992	19.532124378835878	3.38092507287283	35.26119739477361	-4.206243379204357	16.743371129387416	35.299100595256554	14.565585271555436	-12.088236499213956	-9.407976591978422	-104.28799800890373	-87.15468634284284	-99.50283428590774	-67.62256196400696	-0.29572036659511625	77.11624064121938	-6.569337650476363	59.284115518147956	-107.09000273798492	-86.14038822939314	-71.79090214272838	-71.5748029578377
1.0833333333333333	2.0698228501331233	-12.36001736372645	4.859309599351439	19.599506859953394	3.345288471432877	35.179775621805895	-4.27444569616837	16.767220779081164	35.193366687964726	14.324030756846959	-12.165861887948516	-9.50141221217837	-104.23568473808159	-87.14139484831055	-99.37637513873017	-67.54188798835716	-0.22113310396257924	77.2783363898369	-6.56250489013319	59.13155493424206	-106.9961093063314	-85.95444283108189	-71.80274261836666	-71.63041207423493
1.1	2.0112500198089087	-12.55179797532374	4.92320039901023	19.663178622837716	3.2976403392879745	35.07633048136861	-4.346386762432886	16.75430817877325	35.09475405920357	14.13463619005286	-12.152804168168132	-9.67714024517933	-104.16405418797699	-87.12534226972387	-99.24085378896677	-67.46216364688615	-0.18043512994612243	77.46150587174519	-6.5678956750474855	58.936042375123094	-106.88488089068764	-85.78418594948151	-71.79012683148403	-71.64954975942867
1.1166666666666667	1.9710344884456221	-12.7129193416927	4.962063501029075	19.73943353819367	3.221009440283108	34.973545692056874	-4.387009088775574	16.717107057670724	34.95781954898454	13.974473573405152	-12.121782293666072	-9.830569909287396	-104.09281678211164	-87.1176505675025	-99.13075328108259	-67.37821702930881	-0.1689769984749636	77.64823727863424	-6.573282046063068	58.741865499915775	-106.73877181014127	-85.63465566369497	-71.78095226115667	-71.66018209028985
1.1333333333333333	1.932999295597658	-12.721798496542156	4.959605747976947	19.805663363654272	3.1170181450701047	34.86808955525093	-4.364379485733326	16.673950808786213	34.767836347688956	13.837413380287272	-12.090944499718498	-9.840728497405795	-104.0239437953161	-87.11893000081261	-99.06433804733918	-67.31326663715832	-0.18218508528194644	77.81864380759066	-6.549594357501497	58.62917223226898	-106.5457356781426	-85.50740538362307	-71.7778993304536	-71.66999200333584
1.15	1.9001138481514557	-12.490618820245887	4.903866134824087	19.80609574068395	3.006310319175332	34.7428906694155	-4.2911476923337855	16.61306761709588	34.57256287635552	13.751843295103056	-12.043238508574806	-9.599620432612058	-103.94335235672621	-87.1090016123459	-99.03948622190214	-67.30290587166192	-0.2146508245031804	77.95420345892248	-6.474312295677275	58.669725906204704	-106.33694423341126	-85.4327289239816	-71.7643813570557	-71.68088562887857
1.1666666666666667	1.8747834334386106	-12.03176202882053	4.790170884849558	19.7040781819349	2.898366700993138	34.58926920506549	-4.228890028094498	16.51472404475676	34.43923397787525	13.729079558771943	-11.968011753274897	-9.097562008549083	-103.84279518671347	-87.06579997972644	-99.0526243018639	-67.36172179779152	-0.2579501081086726	78.0490089971429	-6.364205199027223	58.8625464138727	-106.17988103095155	-85.4362669581003	-71.74064705307627	-71.70718739932836
1.1833333333333333	1.8906268179471861	-11.52131534231092	4.659152739413806	19.510469813613543	2.8032901534490366	34.412702063344305	-4.238122870078221	16.400934309014673	34.41038852552321	13.736037424248842	-11.857852486343338	-8.511699810899916	-103.74847930429048	-86.99038446859493	-99.08932656487666	-67.47991465498139	-0.2990680661212044	78.10738328167425	-6.264188589794673	59.13193184593404	-106.13073958840393	-85.49168240931107	-71.7203510628807	-71.7556449850622
1.2	1.9705374050250404	-11.240720069865375	4.608512668056084	19.27988311543627	2.7627692423394086	34.23785025114759	-4.323121987684524	16.32649148814651	34.479162764667265	13.724353330084357	-11.742489637200396	-8.150036550655111	-103.71302704222538	-86.90931648079737	-99.10451437416928	-67.62943336536111	-0.31615547023244495	78.13271638349123	-6.1987206768451895	59.39075119866556	-106.19040560419322	-85.54079212836223	-71.71124283952597	-71.81643879827786
1.2166666666666666	2.057567055592207	-11.323626489852856	4.705236154603468	19.090467662377375	2.8061891910539214	34.10367025207535	-4.436502099281105	16.318441501997576	34.5850227266749	13.662885131884236	-11.708464007178929	-8.177407999370146	-103.76603106277108	-86.85378150952356	-99.0607949081676	-67.7633138471462	-0.2726570805086783	78.13301590077839	-6.156895990359632	59.60391988577052	-106.30348619850263	-85.54854259722397	-71.71846347182775	-71.88565746533973
1.2333333333333334	2.064698560939741	-11.599717183062006	4.909656831655762	19.007145410232702	2.8921512544804506	34.032638263642184	-4.535235958401772	16.343630304937694	34.65841811576536	13.548413024553492	-11.820209464887583	-8.441626778300487	-103.88490802582726	-86.84190959524247	-98.97525119417149	-67.83476418500979	-0.11737941863398138	78.13259755134797	-6.11340396044661	59.78898899646279	-106.40263840705371	-85.52377214371425	-71.74422029128839	-71.97535911916077
1.25	2.006606479747022	-11.822321518898226	5.143826918122763	19.047604964809	2.9500301677948846	34.00269170066143	-4.6207410040322925	16.334067283034425	34.681926405472645	13.416672723801819	-12.017792438822243	-8.697836951285161	-104.0243989185692	-86.8755154323889	-98.88057200044643	-67.82791046757991	0.20213886127283587	78.16939783175859	-6.039024300511332	59.96875533178974	-106.4513431722736	-85.49653488520688	-71.769416766801	-72.07986216140507
1.2666666666666666	2.020941787478316	-11.924738986993967	5.383839481143745	19.16813987685193	2.9543530562687144	33.95957711458258	-4.723171136123835	16.23181473912371	34.689250285512074	13.348323045507634	-12.133637524160113	-8.858394636026071	-104.15457931163839	-86.93365564903269	-98.77073983049462	-67.76551577218079	0.7060992862293691	78.27490711323658	-5.909816189805817	60.14915818716708	-106.44826402288714	-85.4932781476396	-71.75901373737511	-72.14495510213197
1.2833333333333332	2.206280890801968	-11.949946894178694	5.611836855469433	19.290178350793298	2.9137966369518478	33.868244215933125	-4.846931875628351	16.023842101179675	34.697769083117656	13.420293306389281	-12.047608244313205	-8.927729945636543	-104.25388913511513	-86.97778305145769	-98.64205227964568	-67.68760470066445	1.340191075929132	78.44415108340239	-5.733793952694688	60.33767912306504	-106.40278079222585	-85.53200681541783	-71.70501170910822	-72.11171350902856
1.3	2.507161557520924	-11.904443328822113	5.7482759318784815	19.358364912637636	2.82233245561508	33.744264270399626	-4.9559744374951356	15.746550532534638	34.683886157667466	13.631587810496637	-11.787262376799607	-8.887024429117616	-104.29442393432049	-86.98258110029506	-98.54614800244201	-67.6242161876575	1.976966813067445	78.63151954194285	-5.549516980598051	60.55101625982588	-106.32445489555218	-85.62192992552241	-71.64056873788473	-71.99034211502578
1.3166666666666667	2.820637347038493	-11.805692393786838	5.733982953314208	19.373539372032038	2.6798753397547097	33.632213023190936	-5.026930553983967	15.458139430691393	34.64267754153139	13.901081219273244	-11.446768011283131	-8.760316487390432	-104.26740535832158	-86.95462409360314	-98.53342240500739	-67.58108472157117	2.487952750908226	78.78670225523787	-5.384758574623283	60.803379392009965	-106.240228298746	-85.75515831407066	-71.59755075721463	-71.85407709479742
1.3333333333333333	3.1088648566478216	-11.75094339190923	5.623779196640172	19.37399927765278	2.5390720212320073	33.57533506387771	-5.068965190545476	15.218338203776636	34.6079064348416	14.125049909510535	-11.09302875257164	-8.66679403949585	-104.20189360921941	-86.91585064758628	-98.57811441257927	-67.54185136993355	2.816387016614171	78.88281356618872	-5.250755504702417	61.11732779959632	-106.1861516243567	-85.89884823003459	-71.57824518951509	-71.77379832052407
1.35	3.3427484984141693	-11.796553637044621	5.505667396340451	19.391791221722666	2.4593911361435077	33.59349079180989	-5.083650928357649	15.068515623161083	34.59120444204936	14.229693348210894	-10.784414650420462	-8.675740955595213	-104.12716314883458	-86.87918731855038	-98.62149575249416	-67.48739609682775	2.9803519214344902	78.91911311136231	-5.169929494069626	61.5233024105314	-106.16453781699528	-86.01237126547655	-71.57333337494588	-71.78267791726566
1.3666666666666667	3.4396208904487766	-11.861621004926196	5.3816929143139625	19.422046581903718	2.4218337880277256	33.65736172666895	-5.060193273925801	14.99833407018544	34.558179445773305	14.199051900016217	-10.597709703509727	-8.703777327833258	-104.03733059395847	-86.84215632290694	-98.65563767964451	-67.42010974100324	3.0325313566571896	78.92252853232772	-5.1573712760217365	61.99381329009301	-106.13766474159803	-86.07913739748676	-71.57948529582467	-71.88008549747056
1.3833333333333333	3.3134174258243263	-11.885342149598442	5.218773171578151	19.430611444369728	2.3585227971792175	33.69714983344894	-5.00986024038597	14.956959284739678	34.4805230190174	14.060295523256398	-10.608465365292163	-8.680436177236759	-103.92188279111647	-86.79509402763826	-98.70310961953831	-67.36448258326854	3.027200229305012	78.93836758328243	-5.181787336406689	62.41359114716739	-106.0714926571035	-86.1046731319778	-71.59096963808605	-72.04437760872143
1.4	2.9392864339039866	-11.955355435267245	5.0479917637458644	19.394193630412975	2.2413921724624015	33.65942853207521	-4.961133894356296	14.900766211525994	34.36507137651346	13.859476567058419	-10.864380915358245	-8.687188291583725	-103.80366734926221	-86.73183285631646	-98.75567558551631	-67.33763922590349	3.0046565135566965	79.00293224202122	-5.1842873479485885	62.684950276601256	-105.95820165233503	-86.09630154645271	-71.59313027582154	-72.2368249793943
1.4166666666666667	2.366949923516948	-12.144517064485253	4.9140024825080015	19.32634352025293	2.074003238696769	33.54444355894511	-4.916415234746702	14.81202392514929	34.20949520959281	13.652737375783747	-11.348150158008547	-8.801517863507279	-103.71510008152545	-86.65700079902201	-98.80109759901742	-67.3306572787691	2.9863969062378404	79.12489916228571	-5.134911531970668	62.8337492318284	-105.79151607246094	-86.0630769125649	-71.5820208628681	-72.41033953678115
1.4333333333333333	1.712780514926369	-12.365695159251775	4.805987574552798	19.255343874904028	1.8541547048357723	33.3820631779188	-4.84386552172419	14.7027100466749	33.978575699790255	13.470009877718272	-11.95121991495657	-8.951143416402866	-103.66400042988288	-86.58544825715109	-98.85801285533006	-67.33010438224704	2.9760126406317746	79.28783243983406	-5.043385000006111	62.95209563473733	-105.55603308189008	-86.00945751349093	-71.5774573820998	-72.53944763577266
1.45	1.14320662732631	-12.521741171516755	4.728891963468179	19.189962171905037	1.617660361149423	33.19439616066597	-4.723364985124504	14.615556625161355	33.66370243615371	13.288181200118427	-12.50380252567383	-9.053084733437178	-103.64700915300008	-86.53134356192042	-98.91811718953188	-67.34138139001533	2.9618562516815743	79.4642224493186	-4.919276209674935	63.06919541934345	-105.25914253580586	-85.92022092551996	-71.59544009965212	-72.63203972540153
1.4666666666666666	0.8236245293988322	-12.649973093656595	4.750345647861727	19.128030448704298	1.4482816174667632	32.99477505922784	-4.582810142451851	14.598831666699462	33.3247797021309	13.062536207738216	-12.84384266098265	-9.148631643119558	-103.66746719038143	-86.49865854946296	-98.91712154251968	-67.3706281007586	2.919900086614665	79.63459684001346	-4.762302089866468	63.14563433935535	-104.94821330243835	-85.766571493287	-71.62343360030742	-72.70403528554878
1.4833333333333334	0.8126311964556069	-12.800221955039722	4.895324424366595	19.07920962715673	1.3792122978915187	32.79976680724184	-4.475023837129831	14.67501401289317	33.034666327311875	12.764871365540223	-12.905537924702225	-9.281721769637375	-103.7181691211578	-86.48149981459765	-98.82284469679117	-67.40229018744084	2.8183517940344904	79.7979430053172	-4.589763460172745	63.17632252953365	-104.67708083181256	-85.52704298178956	-71.64241450450066	-72.76217161624932
1.5	0.9994220417996607	-12.913465224705284	5.088059514716055	19.047937864869056	1.3565031238769654	32.62101674140238	-4.425149040243586	14.836046009331822	32.81849953672966	12.398906224331558	-12.773210618623056	-9.38146261775561	-103.77263266042269	-86.46799739305031	-98.68457314570661	-67.42005952818118	2.627857405717736	79.95892373041632	-4.433521524815381	63.223553300883715	-104.4662253098272	-85.2050302602518	-71.64772577309752	-72.80612403592022
1.5166666666666666	1.2074407316577789	-12.916919949620116	5.263859736397581	19.0186691627424	1.3405110413466268	32.46048304119208	-4.412261838513586	15.061292513977184	32.67394933616501	12.00833824913417	-12.603297529922807	-9.36249563770009	-103.81073826158055	-86.44557568807994	-98.54687852518296	-67.4269065253375	2.337123607521238	80.11261043347031	-4.304914646319084	63.345734532630985	-104.2996514050432	-84.82609705255246	-71.62570206887818	-72.81775880341826
1.5333333333333332	1.3465998427392196	-12.826623720519331	5.448301753103644	18.98485612626388	1.3618536959127003	32.32421898448612	-4.400913156393646	15.32343976612863	32.61228543310382	11.673367254467031	-12.487233551841209	-9.2346461996866	-103.83383339458041	-86.40802247916722	-98.38553164147676	-67.42316635290332	1.963131462755701	80.25261466261045	-4.186802470052718	63.555446656144305	-104.14829849378312	-84.42394557126087	-71.53601306067928	-72.75057831679379
1.55	1.4206561714087802	-12.68878468272611	5.669201749359788	18.968408745097104	1.4393132665878723	32.22349725508392	-4.37203575644089	15.573023925995503	32.648406977136496	11.482502209515765	-12.426356622886663	-9.050820484262854	-103.84701279429542	-86.36203580153668	-98.17781104493564	-67.39362705643958	1.5472812426911196	80.38287568847642	-4.064702275220934	63.849368005205456	-103.9891600679644	-84.04410038552804	-71.3407530908279	-72.56159817601221
1.5666666666666667	1.4465879268193649	-12.505944114517215	5.861780713256909	18.98821513563246	1.511495014793304	32.15116232249863	-4.319061527932889	15.748588417805184	32.761744064115	11.485632929671244	-12.391168847575246	-8.830468003582087	-103.83775677439459	-86.3245238890648	-97.9759760611377	-67.33630875343238	1.1445648835632394	80.51252892406893	-3.942940953814424	64.2254019368758	-103.80653260386389	-83.73888265812583	-71.04478853974888	-72.25324972845453
1.5833333333333333	1.4307140416656556	-12.313581804700382	5.936692942627722	19.019400085602193	1.4984843032097577	32.06421842378431	-4.247535696806	15.822278176570592	32.89897329024791	11.663960763458197	-12.3566998229064	-8.617968691672392	-103.78741386457203	-86.30438688697194	-97.85072092194434	-67.2849868013698	0.8140464609478223	80.65079477484585	-3.82667388114666	64.65031276446398	-103.59674092196008	-83.52692704858352	-70.69776763171217	-71.86296628512527
1.6	1.391655685910781	-12.263860516522165	5.902053444878321	19.011726922533043	1.3885916738521298	31.911856705952573	-4.185741620686287	15.816392580304786	33.02641048441013	11.94722892198006	-12.314084494300337	-8.556009142287587	-103.70574018021107	-86.29214862576536	-97.80368673533279	-67.28042170323236	0.6066672314593918	80.80772159081502	-3.7105888013554873	65.04952365407918	-103.3780200298712	-83.37588582888013	-70.35160954546107	-71.42865690690004
1.6166666666666667	1.3695374075558044	-12.47712043652807	5.827478789871382	18.955855112913515	1.2107610729528773	31.68890929898055	-4.165788060267329	15.766616990045843	33.1506299211285	12.257652826788446	-12.2566557018533	-8.75354164295166	-103.62619310940903	-86.27642120642354	-97.79871431953771	-67.32056609351005	0.5410338303691933	80.99052460750936	-3.5940243788002038	65.36880941699071	-103.17526345275789	-83.24285840244472	-70.0246335316294	-70.98520557565627
1.6333333333333333	1.393804465371912	-12.861100904192757	5.740991726300586	18.894793064975072	0.9729979519415773	31.43899836985546	-4.1933560595819	15.686369866960643	33.283224338169305	12.54980855935443	-12.176923499042752	-9.119629789368044	-103.57072796441457	-86.25852888517524	-97.82973623811407	-67.36373582020019	0.5737486531022723	81.19726580994431	-3.4936592045735875	65.61685436595647	-102.9960902496375	-83.11636432309497	-69.71286591146823	-70.56655576374054
1.65	1.4355053424959332	-13.223098048448513	5.659925175975205	18.855258114434513	0.7003644698873375	31.201070407272862	-4.24864758908899	15.573792027812488	33.41204653271411	12.830269910674874	-12.111162343142992	-9.464392735161246	-103.54666768563882	-86.24129468671269	-97.8867425096637	-67.38603657227819	1.3557721636663544	81.41289302044892	-3.4276199109149834	65.81391003410656	-102.83575456863998	-83.01331495173852	-69.4237080359259	-70.18304504106365
1.6666666666666667	1.4188574253494137	-13.467728228015096	5.641307826145462	18.820825370065705	0.47214942237454965	30.985819251792897	-4.302888013200478	15.440029205903166	33.49914535583264	13.135534134286285	-12.135920902684562	-9.688354270550994	-103.55477832803388	-86.22062604253586	-97.9134705018885	-67.39980067247015	2.1297926401189375	81.61438007573692	-3.4028356320468145	65.94543768175978	-102.6885079374635	-82.94559071835985	-69.18936258163085	-69.81005658407358
1.6833333333333333	1.2802896031019955	-13.579739885358933	5.705814814518712	18.791629179554732	0.3436431003112949	30.810009550207052	-4.3222663427339745	15.31102520810807	33.50000424265355	13.491014712722054	-12.297825851301111	-9.777303254902336	-103.57811545440302	-86.19756336954336	-97.87230063988437	-67.40593418998861	2.4380660618323438	81.78405625980429	-3.428369959827468	66.01142065447726	-102.53821008292964	-82.90491853208756	-69.03820584027605	-69.41390381936552
1.7	1.0201923007656084	-13.54794058656586	5.7857242795586	18.798516354803702	0.2809111905264178	30.702012395957702	-4.278281591717811	15.20457599784434	33.40393829243402	13.87922856737027	-12.567228141213366	-9.727051898358685	-103.58742044197889	-86.17911131179278	-97.80169616242033	-67.38059495698906	2.682881351990361	81.91739264705319	-3.504733176161408	66.08256578857423	-102.36088894466458	-82.8780313551024	-68.95695065223053	-68.99880278773212
1.7166666666666666	0.7264486285588316	-13.419730437762556	5.821380762244014	18.84252601445579	0.23363447169945234	30.662070057282488	-4.167881084909777	15.135625753843598	33.24496304928663	14.215746611152358	-12.844647178478098	-9.583535911428246	-103.57109580703685	-86.16380547366566	-97.74971504479286	-67.32127945920983	2.8370111239636944	82.01665048350763	-3.5923774775545496	66.25416382933652	-102.15123060140212	-82.8477237626487	-68.90626755211545	-68.63197715149634
1.7333333333333334	0.5143686117452827	-13.333911292010342	5.846771215319061	18.88095888330487	0.21831390531885506	30.659093295792673	-4.018946964342322	15.129777631571535	33.07238872259535	14.382642512307426	-13.031016449505973	-9.472704630773592	-103.54538506125118	-86.13879333876322	-97.69861384593213	-67.25783445545831	2.9104055935378152	82.08307224874896	-3.6364881758803955	66.5576708606888	-101.93587471559333	-82.78715011967942	-68.86348599299797	-68.40450760737203
1.75	0.4097978035377147	-13.37936803709884	5.9116652089381025	18.874869990746113	0.2542666371489525	30.655062928583558	-3.877451476335775	15.184313282341442	32.92003296416044	14.329391506791541	-13.120713825298504	-9.47228815630845	-103.53051162883615	-86.09292011920957	-97.61884641989805	-67.21805012846342	2.9295424906849163	82.12688694295295	-3.6244227365180475	66.94542585103437	-101.75056453338279	-82.68879977470553	-68.83053156922236	-68.35940826791402
1.7666666666666666	0.34431036765593775	-13.48901494021365	5.9787775067631985	18.82508392339948	0.27565718467014816	30.613900814109048	-3.775789240606095	15.23421415067728	32.77122120451439	14.134687074512966	-13.183006334551285	-9.524394429618235	-103.52731670220714	-86.03537948940453	-97.54853919544395	-67.21029556600503	2.920951058753085	82.17580361988584	-3.5854356838875763	67.33104857686834	-101.59998562072019	-82.58998222943681	-68.82876441620584	-68.45529515492387
1.7833333333333332	0.2831462735848152	-13.568787142346448	5.981980554793626	18.763079430217893	0.2037437761059244	30.5156409947862	-3.7141392244044678	15.201884250766566	32.57076042101337	13.95071780052947	-13.240702602791426	-9.561837675466665	-103.52384887637618	-85.99305053312015	-97.54186832158256	-67.22997110290225	2.9043006044528834	82.25438790231148	-3.5427858436290496	67.63260403811385	-101.45975132209294	-82.54372784692191	-68.88899090107961	-68.59301004639246
1.8	0.27471002804831784	-13.62496204279865	5.922636081370621	18.71373804109883	0.046772533115090595	30.367833227726614	-3.686468466948311	15.062878317927254	32.306248989824134	13.889445483300351	-13.236741823356006	-9.606455159319646	-103.51145185140427	-85.98149311652094	-97.58881577003365	-67.2677550754221	2.891059067417081	82.36441169685122	-3.4907281926713862	67.81545931885593	-101.32205677009706	-82.5727099852215	-69.01580778027294	-68.68326450192117
1.8166666666666667	0.35023125951795236	-13.689491456207984	5.820358180516183	18.682004158782824	-0.1558040840579707	30.193831868229434	-3.7034472096159607	14.838630822999153	32.03393650664437	13.974130747020025	-13.130083493393274	-9.681816235098433	-103.48031475291118	-85.99232477889039	-97.65995657239499	-67.31032062010757	2.885595372081897	82.49584751166293	-3.416379712993712	67.89711567237306	-101.207599697953	-82.66552166533789	-69.17366319130863	-68.6913909183179
1.8333333333333333	0.4631383084426076	-13.733778743335202	5.655672824860842	18.673219439901967	-0.404530548354528	30.022637763177627	-3.7750305916659133	14.569934283822908	31.816010790536975	14.162354896746386	-12.959361465282889	-9.746656820569656	-103.42249977372545	-86.0128780772344	-97.7668269488646	-67.33965863733245	2.8872043112208035	82.63770359948987	-3.323975926645944	67.91708107808877	-101.13732699217601	-82.79236211668723	-69.32131620163904	-68.63000721994084
1.8499999999999999	0.5736840843298762	-13.721629031948893	5.445053426881872	18.690045679573046	-0.6827030933468314	29.88052203796467	-3.8913902920554064	14.318737674665146	31.67566634901812	14.363998112032315	-12.781769133350728	-9.758849371009175	-103.35545321768055	-86.03722033906023	-97.91039979079868	-67.34717465948721	2.8928529945778845	82.77230330254808	-3.2295230880911063	67.92159266327664	-101.1190869895073	-82.90895902278677	-69.44342064048917	-68.54496091075444
1.8666666666666667	0.7275883022329053	-13.67493920539558	5.2788186242343915	18.707172307489856	-0.9142893265060813	29.77756973914553	-4.029042438147257	14.147590448248565	31.602529966584854	14.466555965461655	-12.587704661105914	-9.726726786338274	-103.31529296333878	-86.05178758094263	-98.03647433910437	-67.34461527345282	2.899857745411622	82.87781498740162	-3.148553356664136	67.9519436790724	-101.15122745074561	-82.97459456434979	-69.54869748416071	-68.50803859888812
1.8833333333333333	0.9789005995495691	-13.622706659005077	5.21231233082296	18.696101592931917	-1.039865273885662	29.71905973775361	-4.1589564227390765	14.084603600288624	31.570116572670486	14.406684251094312	-12.335633328018726	-9.66210483704308	-103.31453392756826	-86.03939817803794	-98.1022215967453	-67.34329658510606	2.9069199988968633	82.93764367714029	-3.1015404043105352	68.0245463694057	-101.22131274559874	-82.97775272257104	-69.65119617292822	-68.57106847147672
1.9	1.2762368665350736	-13.540218182761036	5.195444776144193	18.67598995137038	-1.0723364354389269	29.724980705970882	-4.244415839883521	14.11461802689332	31.546884427400315	14.226659402721557	-12.048680538521102	-9.548363621633614	-103.32491740505614	-86.00814543887252	-98.12947262891196	-67.33215548750218	2.913454292343772	82.9428638065269	-3.1179002791329307	68.11709213043908	-101.30155203335656	-82.94251816657972	-69.75466760595623	-68.71585876385815
1.9166666666666667	1.4943122227493058	-13.418330208552408	5.169695834407775	18.70200653815172	-1.0369656982747106	29.814219697705695	-4.25575245887604	14.187546956986338	31.50749160872772	14.024402419821868	-11.814960675911236	-9.408728414976515	-103.30927289866048	-85.99039820642406	-98.13957706425275	-67.28839166827238	2.9183943647938877	82.89738863402191	-3.2137787827536206	68.17146220860295	-101.35836382485407	-82.9150644089917	-69.85087221612635	-68.89066198916981
1.9333333333333333	1.5495430966221966	-13.330421987050718	5.169709717496542	18.806449925523513	-0.9137304259830847	29.980309786012494	-4.202257830859717	14.250338078786543	31.448799950638954	13.843053909013545	-11.711593583510396	-9.334258663214726	-103.26113668013252	-86.00383667616396	-98.09142696263604	-67.19738675064048	2.9201093945188203	82.82230346334703	-3.369992634841216	68.13639388072015	-101.37995436751264	-82.9273584578664	-69.9311544168737	-69.08430454885284
1.95	1.4661130004767475	-13.33332233768821	5.259216074438853	18.96177866596689	-0.6915805261955925	30.19199425198018	-4.12443028607632	14.286955849773229	31.380308289436368	13.655201422489677	-11.739584205131138	-9.358007356648374	-103.20569720560782	-86.02468501896011	-97.94648113116901	-67.06290635299325	2.9186004359821656	82.74509939502656	-3.5413069391364855	68.0182325712416	-101.3793308910497	-82.9679447552002	-69.99902260161336	-69.3127433327105
1.9666666666666666	1.3355295928717237	-13.369198287069517	5.415300961796854	19.0913829948482	-0.4340786538665193	30.40062726673153	-4.0506950434535005	14.316294766901416	31.303260247235926	13.439878259161059	-11.830141320020083	-9.376245312414632	-103.16567091289176	-86.00704702534506	-97.75036995109491	-66.91566403049688	2.9166982414848355	82.68370870277154	-3.674263091471839	67.85785545484894	-101.36698634068188	-82.99999653032701	-70.063726093446	-69.56011827116592
1.9833333333333334	1.2050821985730207	-13.354650907271509	5.557175236032167	19.121583854292858	-0.2209003134411934	30.55688326073014	-3.9903967111230685	14.362558877620984	31.233333193318195	13.205579352941049	-11.934936715597093	-9.281294865530995	-103.14001891417007	-85.92664395825943	-97.5828436781379	-66.80506010396658	2.9167839081705917	82.63805663530322	-3.725416179476839	67.67123430897247	-101.35234007581977	-82.99938448707577	-70.11900688250162	-69.79380513413469
2.0	1.0583671442402007	-13.29571166845427	5.643399747954412	19.029654717456012	-0.0628552422768501	30.643860684608534	-3.949261141049764	14.434898863841564	31.203346650233794	12.970682649241292	-12.05416741739458	-9.087785272705288	-103.11253456163475	-85.79207360425097	-97.46913481368034	-66.76241888679495	2.91806739710871	82.59372042859646	-3.6956026154149066	67.45882709250941	-101.35554071245323	-82.97138070756196	-70.15219406221948	-70.00069805832062
2.0166666666666666	0.9005887105681114	-13.239253691495357	5.6575582779208204	18.840517415638356	0.05649601756685303	30.686260862593187	-3.9213487954327206	14.514831045297825	31.203705132904265	12.791397944963046	-12.163065413940709	-8.856102108695406	-103.0636541245088	-85.6168484172	-97.40609584658797	-66.77633100156163	2.9194890799114916	82.53740813584511	-3.644141445518817	67.26065351061946	-101.38394065958754	-82.94776081885703	-70.18023552668329	-70.15636287389393
2.033333333333333	0.7737610263485704	-13.178669624124568	5.561783443627883	18.590371491179702	0.11623554297858608	30.71660532515062	-3.899217225544319	14.562402815308808	31.18488408969507	12.755817131251666	-12.204037068386633	-8.584685984239595	-102.97779809473519	-85.40601636011498	-97.41601465110729	-66.81564486893527	2.922433805832851	82.46774980591405	-3.6360965372400154	67.14853946045164	-101.4314674196302	-82.96984737877709	-70.24658332993513	-70.21403024752536
2.05	0.6960339365631802	-13.11766973296099	5.349757878704241	18.31459544195267	0.11387779766783923	30.75097943844188	-3.9097866959973584	14.554597079691579	31.144072731336987	12.878212911902946	-12.149983893141666	-8.291423485140259	-102.84601782970482	-85.17375375217921	-97.49625995100058	-66.85915831022653	2.9275110605608266	82.38986225133154	-3.674033367876401	67.1490687761808	-101.51992444466576	-83.05554066897685	-70.3758517133288	-70.17732775707384
2.0666666666666664	0.6474653064505116	-13.169362239145867	5.090017159260991	18.065597800205957	0.11979598849789108	30.807170284187375	-3.997976237664135	14.51809067717779	31.13521774335988	13.050545150666938	-12.016477165516214	-8.121511056368103	-102.66394247196668	-84.95214881722218	-97.57392531270571	-66.88655101701622	2.931665162516123	82.30627869879636	-3.7132485837189924	67.21764747813172	-101.69169753886771	-83.17563062402581	-70.55647979550785	-70.12508547335882
2.0833333333333335	0.5916583636622557	-13.412108662589334	4.849044816918116	17.908070131541933	0.18686557386650499	30.91076469799324	-4.166013872621363	14.50716168732017	31.171361758271118	13.145690911133636	-11.849560770880823	-8.188453987629513	-102.44121913454302	-84.77634532504011	-97.59217431762492	-66.86827519349819	2.931987085443451	82.22096010850852	-3.7331429659229878	67.30466520734618	-101.94505376411279	-83.27187820417129	-70.77369200584168	-70.12618729303759
2.1	0.5003264251141305	-13.707070257522565	4.628397213829299	17.88365298057189	0.267630098343732	31.06649802122495	-4.361446278106673	14.545979071780128	31.18284598238248	13.121414933329328	-11.714915947448633	-8.378700473946708	-102.21524237256271	-84.67163021642408	-97.58684515873341	-66.78797723585221	2.929594753404337	82.14552474292279	-3.7496667939818584	67.40709725341429	-102.21592153518384	-83.30849618529706	-71.03307555280135	-70.18708125196768
2.1166666666666667	0.4031444932532235	-13.862348773554391	4.438337676345617	17.98055707301515	0.31083430554650177	31.251296700401937	-4.514264761626548	14.606921512376525	31.088302742156756	13.018417847160215	-11.63933388389063	-8.506584152512348	-102.04247837714381	-84.6442353789579	-97.60414070079818	-66.66367830594277	2.9269167514910635	82.08502499365525	-3.765745710463589	67.53084549955837	-102.42923976797125	-83.30805349396819	-71.34093702581448	-70.28963564680795
2.1333333333333333	0.3851194742401076	-13.889946327878448	4.347082402872249	18.132084848225908	0.3561674591522209	31.437477694901798	-4.56894356786547	14.651138903279582	30.862429401395108	12.906975768764777	-11.579793516398047	-8.558551528120683	-101.9649129906381	-84.66860520024218	-97.61783058776585	-66.5365203520163	2.924360014731123	82.02600195308186	-3.7579462410650084	67.63853880931161	-102.54294161478356	-83.3228591436385	-71.68051221338844	-70.41588337487373
2.15	0.48903836010230867	-13.925410609762054	4.3680235930797195	18.25262607997301	0.42811060780916843	31.592526890017226	-4.5246022086016735	14.668561976363309	30.54263317425586	12.841854404776392	-11.48848311523975	-8.623118289789339	-101.977521475342	-84.69770768002724	-97.60949788226227	-66.44508160005425	2.9221652260642617	81.96239150992847	-3.713307373215706	67.67652371596604	-102.56221069867316	-83.36904651370813	-72.01957752441726	-70.52719210893179
2.1666666666666665	0.6678000912846209	-13.998770609197159	4.384649931900679	18.284194232746753	0.4366529643799686	31.66658747567913	-4.450346756279236	14.669209521233123	30.201326549507975	12.839830749860894	-11.36216390471349	-8.698344394742179	-102.02996399599806	-84.69957378554497	-97.64531406409736	-66.41537955279824	2.92233689376833	81.91803297152256	-3.6425020609755308	67.62335172714359	-102.53231378475661	-83.41275750724421	-72.33098723524859	-70.57292675738336
2.183333333333333	0.8432923855921179	-14.034991437718933	4.291880959020094	18.220442498643262	0.3059910641697278	31.626923942557738	-4.405423802189606	14.66384199148055	29.892950687837057	12.872063863433752	-11.226882885611841	-8.712795370158053	-102.07017527120391	-84.67780393243906	-97.77829431218382	-66.45736143379582	2.925557814236039	81.91571462364637	-3.5621605131907925	67.4826653445193	-102.48970917854317	-83.42044338487297	-72.59675849070605	-70.54837952143927
2.2	0.9441294003531102	-13.996472867689118	4.134562017349943	18.100069743322045	0.10748390303936228	31.50165763354945	-4.364848136894859	14.656680775871047	29.61345456325506	12.891947506180689	-11.141022764887003	-8.652959028391253	-102.08515216524007	-84.65648616070207	-97.95059014789015	-66.55641641738005	2.92878186927812	81.94192594907042	-3.4930602340098833	67.27356375811806	-102.42292218782435	-83.40139327505841	-72.80946762456925	-70.50944576887777
2.216666666666667	0.9266073966435363	-13.878995783868731	4.002857503286143	17.976763932106948	-0.04834331964562304	31.359840975404783	-4.275351573246792	14.635870590225217	29.333535144428424	12.897584467873463	-11.161719840692392	-8.533045154975067	-102.08832723733589	-84.65404937110627	-98.08546973404977	-66.67728543899933	2.9293723928246074	81.96287358559579	-3.4701169639476044	67.06115345074251	-102.31247798765092	-83.40125582417886	-72.97894284322246	-70.50367135630545
2.2333333333333334	0.8266824592890933	-13.638503273486588	3.8880633303204144	17.884963346216022	-0.15476280280094576	31.255190580314498	-4.1448381543144635	14.576531340736175	29.05303750548013	12.936274741725626	-11.256885669598416	-8.309018035154272	-102.08356812888746	-84.67051476166762	-98.19550479856707	-66.78555141545161	2.928673605345622	81.9592580042338	-3.5195133412254584	66.94491964434718	-102.18558015008058	-83.4642106550299	-73.13254264460042	-70.5279359133043
2.25	0.7309455972211418	-13.298593918458613	3.7610079540584764	17.841716022074312	-0.23587672947014007	31.212225444636314	-4.03125894445249	14.463052758409095	28.792027519242087	13.03447960219747	-11.33409662264738	-7.996242032236522	-102.06504221986846	-84.69764811377786	-98.30403426581	-66.85593209170355	2.9278803948966123	81.93184246366006	-3.614990457713323	66.9632314167641	-102.09941648079236	-83.60510477793075	-73.30738896155026	-70.57062517573328
2.2666666666666666	0.6829254098006108	-13.05539940848441	3.681920103982363	17.881444016493038	-0.2339287989507078	31.258581783255636	-3.9786734856631094	14.310537607013197	28.577185737791158	13.156449662756208	-11.34837935462908	-7.793717503218434	-102.03130476442962	-84.73831809473398	-98.34938466044727	-66.85687407824093	2.9241486568773096	81.88454413850336	-3.6923665301889494	67.06111652300918	-102.09412934715968	-83.80491825448337	-73.51694360936852	-70.64846859172715
2.283333333333333	0.6618227672415418	-13.071137851669718	3.7094462304448617	18.03011375585316	-0.08890414538723455	31.417211142916692	-3.999195211271141	14.16222958618294	28.4582463234811	13.243114610696479	-11.320224156361624	-7.867737012377247	-101.9820469236031	-84.7965991607075	-98.27260069315825	-66.76648540485432	2.9148935285129633	81.81630345222892	-3.7134152288185636	67.19476629367388	-102.18289175904216	-84.02146696158809	-73.72464543556107	-70.7783523508916
2.3	0.6391030622846327	-13.257340743566129	3.8063425794706185	18.23860213364178	0.1527819074308667	31.656102588415028	-4.0939458513751585	14.056673366793497	28.478701745990705	13.270951206974752	-11.285936245666948	-8.111318924704692	-101.92503930795152	-84.85397818113854	-98.11869672848091	-66.61537604749674	2.9025830119508713	81.72852136408815	-3.684808777871278	67.3851000547045	-102.36542448728693	-84.2148052691183	-73.88672274129624	-70.94385406214353
2.3166666666666664	0.631193086582802	-13.44681411474156	3.9278147824880727	18.40579401709997	0.4064863601042868	31.89306350354169	-4.252475312593422	14.000955921859886	28.615885952385085	13.24195952947377	-11.257888423986392	-8.327297716485221	-101.88908151056913	-84.88048360174363	-97.96126672808107	-66.47468958464366	2.8917962062042504	81.63224691181456	-3.6278587216743583	67.63047972861045	-102.62022840077876	-84.36679716632548	-74.00434244839371	-71.12483763685171
2.3333333333333335	0.6755920513372656	-13.628765729802717	4.0908966250638406	18.460732109020448	0.6396471248463249	32.05677991966396	-4.430302774783871	13.983072046697762	28.78422742241476	13.138960343022006	-11.231947398873439	-8.489007869152363	-101.90753945021063	-84.86024213934961	-97.81664282514681	-66.39951003032917	2.8847053888566254	81.54371005000677	-3.5591747338408286	67.85329177009702	-102.88659272477699	-84.47321790329539	-74.10236530236229	-71.33425756027339
2.35	0.776270275091983	-13.835271306058145	4.281080301212705	18.39945949384759	0.817902992748583	32.12457723296233	-4.5683819962277274	13.994483789962512	28.90332887317226	12.948192677892898	-11.209874364610966	-8.633120898182206	-101.98614463970287	-84.79784959212402	-97.70506433849019	-66.39839009827645	2.881828594675743	81.47703266876113	-3.4965323280173477	67.97323463084452	-103.09134932746649	-84.52848354127629	-74.18802045429429	-71.5802908633834
2.3666666666666667	0.9036260279212405	-13.974791434560446	4.404853963465611	18.260087865335535	0.8652414335691917	32.10467926928912	-4.64207271238452	14.021333861830362	28.940620397165137	12.711826967431762	-11.192613240957398	-8.686826769589054	-102.09623926887855	-84.71203533502857	-97.69138530541296	-66.45194746969307	2.8833533493384653	81.44337326101774	-3.4629493389295884	67.98189007294016	-103.19869945136669	-84.53529287715182	-74.25807905420159	-71.82346590972007
2.3833333333333333	1.0023668471284364	-13.976856478843649	4.4165952305275225	18.07113051911445	0.761418039153479	31.998385074999412	-4.657308197398662	14.033248205165666	28.887105483823426	12.496965077270792	-11.204288261029525	-8.60107983974259	-102.20665510815788	-84.6242233608989	-97.79005987763037	-66.55309284178449	2.8869304548695274	81.44852208321605	-3.4662704517579197	67.9087162205322	-103.20878611418254	-84.5182297116182	-74.32168063035914	-72.02126463434743
2.4	0.9918104079340074	-13.959784358034907	4.400266119468074	17.842782352584216	0.5969480102155253	31.801139350841442	-4.620797417328807	14.009175602906751	28.733535684458865	12.322256257615187	-11.320680171022238	-8.510599829481373	-102.31249057895617	-84.55081547144641	-97.91222445948812	-66.70803311886225	2.8871194905118465	81.49082753029626	-3.484349170771446	67.75977840124838	-103.12996988703247	-84.4999968667969	-74.39643420257362	-72.17774060918174
2.4166666666666665	0.8271634091843229	-14.07333027480513	4.4460172787029615	17.605911386274173	0.4598780494144512	31.536845999775057	-4.56358212354222	13.959944096002626	28.51415351485715	12.164496196350854	-11.592049720576474	-8.57546956177655	-102.41921312976075	-84.50213928697136	-97.9731958510578	-66.89622790069723	2.880311975288162	81.56692609952766	-3.491212445582195	67.55253675746101	-102.99665602401447	-84.47312980446964	-74.48250250915733	-72.3086336081188
2.433333333333333	0.5673078499535582	-14.28435623623178	4.529651719842982	17.419583207738803	0.33879506804169884	31.26508292759097	-4.565282728305376	13.908726655707369	28.349587953363454	12.015003415471373	-11.953503437810124	-8.76881115234204	-102.52081128776365	-84.4844549161102	-97.99115956792066	-67.06487170837143	2.8692098245172195	81.67004536403753	-3.479189171277481	67.36358121607418	-102.89523736426773	-84.42122798025501	-74.5456494109043	-72.40622456478364
2.45	0.340740932778588	-14.474270012722926	4.593456873373134	17.325679254899615	0.20652965195897294	31.045511333950323	-4.691693727449275	13.867513766973829	28.368167602507278	11.885591961048629	-12.26893150224313	-8.977183147279815	-102.6096724350217	-84.50291313455682	-98.01621556164855	-67.17723387965722	2.8601349807208036	81.77725478639238	-3.4412534035716495	67.26716332255802	-102.9144389410568	-84.3552314466337	-74.54627133854954	-72.46963948558509
2.466666666666667	0.24517446312322677	-14.630507356267334	4.65425002100115	17.314338724678617	0.11869640338355192	30.904242825044626	-4.9177008681813845	13.84215113802886	28.57994095036242	11.781263880005582	-12.438791482445884	-9.189015583852868	-102.68396594556908	-84.55850822758548	-98.02971592456794	-67.24416950290687	2.8569194787235084	81.85158767204844	-3.373500577554613	67.26087546487025	-103.06611319613287	-84.30626118992262	-74.48617224577046	-72.52499730991705
2.4833333333333334	0.28596924691367703	-14.777887974598004	4.741422852755344	17.345938562292694	0.1349044355696225	30.83362436040096	-5.152127815235108	13.83722357530208	28.874013988526208	11.708353376206178	-12.454308901069712	-9.423961907287419	-102.74027814798336	-84.64607393268936	-97.99885529522803	-67.30013537039667	2.858759110447283	81.86624026920231	-3.309743434160894	67.29644589634727	-103.28588754603275	-84.29653615549555	-74.41187355750655	-72.58818277928938
2.5	0.38747285961657013	-14.853560564221942	4.81299224364135	17.375977367487906	0.20796671928130273	30.795528644407863	-5.3206713203941725	13.842962112385477	29.116677531226614	11.688641786287619	-12.39075870718986	-9.607215329748362	-102.77823156680638	-84.75365476552636	-97.96523932316505	-67.37767739803847	2.8621060325044696	81.8267939575536	-3.304756674921876	67.34093035030031	-103.49387736284051	-84.33024393006086	-74.37719983161391	-72.64160214377324
2.5166666666666666	0.46145072847310586	-14.802157682436082	4.827920793305639	17.356706620089664	0.2509787497640676	30.730717720769935	-5.390262312506028	13.835297593576424	29.226238559851	11.727864849849439	-12.350303267482632	-9.662958534169967	-102.81175399595568	-84.86080085173383	-97.98383320265006	-67.50409423164419	2.862786501893338	81.76518804758582	-3.3745733807344154	67.37307782653912	-103.62507426492013	-84.39951435883768	-74.39883570506915	-72.67164950898825
2.533333333333333	0.478389921516286	-14.68184277507951	4.829429771751368	17.276723495109024	0.26051179730886764	30.61332478642064	-5.341580979770153	13.801643439030284	29.18411178853169	11.790313772740676	-12.37873747647621	-9.63345090731788	-102.85712739799246	-84.9516081322383	-98.02769762624109	-67.67488463712932	2.857292178280499	81.71179057644999	-3.4869833388216893	67.36850423283595	-103.62979040332009	-84.48656598451964	-74.4456786147884	-72.69625221177898
2.55	0.4647459745975824	-14.582811382593771	4.870553927069481	17.20148406742199	0.28275535735490487	30.4910820938889	-5.179157895426168	13.753467226158785	29.02017422579509	11.826141904359083	-12.441902097548237	-9.612062858558101	-102.90664807214579	-85.02925147596426	-98.0360941450763	-67.82776740854231	2.8445290222224924	81.68115049756874	-3.6026818431103127	67.3299198061589	-103.49800739785735	-84.56538227627239	-74.47783317206226	-72.73924037191333
2.5666666666666664	0.4600818398467548	-14.516608708965798	4.933595517976023	17.226985326336916	0.32054694730206523	30.442532230940206	-4.958606464604768	13.705356662794687	28.804515923220723	11.810467288638336	-12.477465634302547	-9.625560707837854	-102.93754747414927	-85.108951998872	-98.00395195617325	-67.88196667253511	2.8277805074389994	81.67550109652463	-3.7011402146447754	67.30271342096746	-103.28310536808006	-84.6191422406806	-74.47858944485932	-72.80867495204228
2.5833333333333335	0.5124758837965654	-14.45370396605499	4.993776291426121	17.39363916879835	0.3609107539551672	30.510225798564605	-4.7531072399681875	13.666415281724843	28.63224483956466	11.746772872252592	-12.437364674305904	-9.654092356920271	-102.94984055810244	-85.20038839086524	-97.95606426667634	-67.80674922206688	2.8148056237705124	81.68302497936844	-3.7735662996373946	67.33726306024147	-103.07008226059966	-84.65055973890664	-74.437837421035	-72.90378686665406
2.6	0.6708282108019503	-14.417088656947225	5.086403372012299	17.662324245218315	0.4385836188798991	30.688460061615345	-4.605602543403298	13.655644638581387	28.605850246842994	11.656284775900266	-12.300964644318267	-9.714925942538038	-102.97179285512019	-85.29783728559077	-97.88538948310791	-67.63551304037244	2.8139334999226815	81.67602689801214	-3.8136778753162677	67.45190648083111	-102.92957564539108	-84.66832846340641	-74.32372539854808	-73.01204368750616
2.6166666666666667	0.9306466422466012	-14.447920611602582	5.259719844661095	17.96560980292504	0.6045689619573865	30.95231945314685	-4.525672975628956	13.682341301556196	28.794099575976503	11.601129705982354	-12.099355297017107	-9.836062017940813	-103.03000193926367	-85.38814140633818	-97.7702820946026	-67.42253160341312	2.8274429073656284	81.62514894343997	-3.8299810404469987	67.63428282540544	-102.90052403218893	-84.69250975500378	-74.10642445621242	-73.09138004902147
2.6333333333333333	1.1970225207057843	-14.534907241136775	5.518369403132046	18.25650395263117	0.8616467571916735	31.26633163292737	-4.498477157392867	13.71201454176446	29.15797146454225	11.688584261216599	-11.936874197834028	-10.00225363344007	-103.13389671853976	-85.46734639230323	-97.61552731540775	-67.21084243967204	2.8495837615990185	81.52282592740052	-3.8451323400924595	67.84852901923561	-102.97565122999228	-84.76515953083498	-73.81767976545004	-73.07657526961839
2.65	1.342762901063953	-14.67115931572928	5.838784255275795	18.491459388836823	1.1551043268232513	31.554126114116436	-4.505048920443548	13.690125121729432	29.570076902534566	11.977064565154146	-11.94284385360028	-10.210419416661408	-103.28560675466417	-85.53926010093205	-97.4468224993884	-67.04780071209522	2.8719102406887256	81.39807317378826	-3.8541909856770564	68.02656763168562	-103.10697574665522	-84.91180170448227	-73.53689884412067	-72.93473713932809
2.6666666666666665	1.3189297718500836	-14.882048156871626	6.191243340414942	18.616551567575957	1.403392593602182	31.705272027691397	-4.55298055474858	13.596201656491777	29.946044575277824	12.383127305634966	-12.165703079567672	-10.490109801361223	-103.4846328514177	-85.60806164448951	-97.29338951100276	-66.99151007691357	2.8886759462096063	81.30321789539495	-3.817276462480125	68.08822494201297	-103.24976265935356	-85.10058044811325	-73.30371808407574	-72.71745314247822
2.683333333333333	1.188158716423646	-15.100321695966226	6.536270254694627	18.624734852345313	1.536063440997268	31.659798380622572	-4.654899664988557	13.45853446139811	30.280687939374474	12.746266850107212	-12.535804229531797	-10.789014299947075	-103.72396294595539	-85.68869260398077	-97.18769269126076	-67.06395775163547	2.898027614060971	81.27624386774187	-3.7219467719218526	68.000451345181	-103.37865579724664	-85.26522167085999	-73.09796785787215	-72.51895482075273
2.7	1.0620522938341193	-15.145291790742029	6.838510169616809	18.58082933849714	1.5287062245105625	31.460679363032064	-4.7788512593629715	13.325699041915943	30.561336721206434	12.970529777635484	-12.928984202673732	-10.946674317608712	-103.9910364965078	-85.80138252686662	-97.152526326891	-67.2205531883695	2.9010071420467964	81.31876744859834	-3.610035123509821	67.80160023387523	-103.46008381076459	-85.35553350948567	-72.89874708955811	-72.38500373185012
2.716666666666667	1.0366608749396795	-14.915035270422077	7.099651404445504	18.55178188239808	1.4292704480437763	31.206437728021417	-4.862014980758376	13.242087320281103	30.766817489373132	13.059673326230357	-13.230078656639588	-10.85673799997626	-104.26673953157923	-85.94170272955412	-97.16708812713372	-67.38992084715606	2.9002592819955098	81.4036414248224	-3.525027778585593	67.55750931426044	-103.45837355593592	-85.35427125489642	-72.69155606656275	-72.29459792866602
2.7333333333333334	1.1672901484812759	-14.476123634098972	7.358405592649194	18.54786918174574	1.3420468317507233	30.98164651135243	-4.86723362862803	13.240286963102463	30.941163504956727	13.062013779410558	-13.359041093242574	-10.552318785317633	-104.52633124172384	-86.0761951512186	-97.16792564907462	-67.52832596947287	2.898824070631778	81.49002751917456	-3.4691008540249335	67.31462338192715	-103.3772061094534	-85.26968551772286	-72.43604260449665	-72.2076717383123
2.75	1.4442255491640703	-13.926132637002073	7.615107812476156	18.54738032183237	1.327511390350713	30.82719164269489	-4.807847689923243	13.317291177922035	31.151275867421987	13.038421733959963	-13.298657842171663	-10.101608285349819	-104.74288339133572	-86.17547564834769	-97.12777557885954	-67.62809532651534	2.8986540466285198	81.54471303078967	-3.4173900927887324	67.1092726749954	-103.26313465913351	-85.1379957912882	-72.11185879171151	-72.09957405732824
2.7666666666666666	1.7763390735985018	-13.298796814848332	7.780633055567157	18.54554189655455	1.3319517701055106	30.741038488713816	-4.726854511554122	13.411490681768182	31.383992378261528	13.073978874121089	-13.10991826086492	-9.540876271690816	-104.88625733446341	-86.24207945684243	-97.10562427889622	-67.69653756028788	2.899797456973596	81.56242395099818	-3.3437050737959266	66.98596477031057	-103.16443056055587	-85.02608536723353	-71.78043818229432	-71.95210649311244
2.783333333333333	2.039714225306776	-12.669899837013261	7.782802977008121	18.552794389498004	1.2849618070577828	30.697357270969842	-4.652041080797412	13.441590734550978	31.5609533230089	13.250472641256689	-12.900689389423277	-8.967899400321121	-104.94040361473003	-86.29799956330781	-97.15760063772188	-67.74520517380981	2.901321723173216	81.55743755522025	-3.222447888223769	66.95869238127415	-103.09460352557711	-85.0009717102287	-71.53365020256818	-71.75049906897198
2.8	2.1569665293058695	-12.229865365750367	7.67456648326894	18.577971233874607	1.2065988273823927	30.679123869325696	-4.568884338866665	13.378457802193353	31.62384425543288	13.556972354415814	-12.76938521073703	-8.58709681445562	-104.92635174004288	-86.3572314487052	-97.25178525677391	-67.77926021483061	2.902540623196346	81.54161591584361	-3.0397322059710428	66.9776030053999	-103.027268423023	-85.07992628196297	-71.40342416759009	-71.52295392754712
2.8166666666666664	2.1295764278133977	-12.095896990399998	7.5429195470491415	18.63724500149202	1.1422465326692075	30.694516268985115	-4.441078351406987	13.25776444329348	31.557973390513677	13.88125078790516	-12.750241485781508	-8.51777062212187	-104.87981791359486	-86.42187363172182	-97.33689836654573	-67.78462863022985	2.903254845273987	81.52085510078497	-2.8314891806352236	66.98835738651682	-102.92022325062193	-85.22138045592146	-71.36224986010824	-71.34012966801627
2.8333333333333335	2.023493298226895	-12.156779237840937	7.398101316317643	18.742313145695455	1.0816917766630263	30.75420339008154	-4.254336396657677	13.137317975905889	31.376536463479397	14.110249665956154	-12.794015916981381	-8.645988669008517	-104.81750921520822	-86.48920943116751	-97.4194078988906	-67.74689628547213	2.9035545933020503	81.49890032444628	-2.672974686023685	66.99993420011991	-102.75543607221131	-85.36378169964775	-71.3788996087319	-71.25353203369156
2.85	1.9392389178115816	-12.242673070307855	7.248024222139849	18.873669711855012	1.0204448740255139	30.847340172805204	-4.035017658689787	13.068329185841085	31.137347143067398	14.185776835262397	-12.81514491692502	-8.795807095979942	-104.75438383473653	-86.55313402567201	-97.50635961259673	-67.67946431381708	2.903685669267042	81.47319551337769	-2.6032231110371455	67.03966129872254	-102.56182214531204	-85.45847530078117	-71.42447500224463	-71.27269846551873
2.8666666666666667	1.9638789363406048	-12.308689547160084	7.171354382940538	18.987423381140374	1.0137590387127628	30.9504353283126	-3.824283257070117	13.082399990303344	30.95267043947355	14.108360116109601	-12.758963371247333	-8.910924563348033	-104.72284230758785	-86.60223501618789	-97.55148792464738	-67.61481163504757	2.9039749330895335	81.4347530366398	-2.607028126746039	67.0850585543051	-102.38953022043026	-85.48284697305682	-71.43685978095671	-71.37448685694716
2.8833333333333333	2.111421347259514	-12.35551308946343	7.211012647477715	19.042990794588697	1.0961683123393784	31.044819614242005	-3.6451901562367044	13.161489996602876	30.924688914009312	13.972822752032306	-12.625620855034946	-8.975882136966257	-104.73704220229436	-86.62036904750278	-97.52602955481673	-67.57737825291413	2.904778362322264	81.37780213284384	-2.6743060825264404	67.10902156781215	-102.26738802339281	-85.46070787055325	-71.34269910938349	-71.48788511852088
2.9	2.319162322165771	-12.336934268046534	7.285813904666676	19.02758186933409	1.2124290809717262	31.120507678445666	-3.503212796374495	13.233286431605434	31.07173743559509	13.937247775055607	-12.448098359881751	-8.937884317287534	-104.76726068204744	-86.60095004924095	-97.48144677738084	-67.57336817990691	2.906398645519345	81.3061241416474	-2.801947207177906	67.14583843017401	-102.19708865472707	-85.46058942674713	-71.12535121913196	-71.52334165169147
2.9166666666666665	2.5070017981574777	-12.272250065702341	7.301963492520323	18.96099934078782	1.2920068975388703	31.172753579616412	-3.394805673406213	13.240044820187922	31.333724096470146	14.066420807707772	-12.275089442752183	-8.832630472801954	-104.7820912409096	-86.56038040709957	-97.48012774838932	-67.59938106631178	2.908916794370023	81.22786535407177	-2.9428247036591646	67.23637460423954	-102.16694031933442	-85.53208982574027	-70.83321622286425	-71.46566901803246
2.933333333333333	2.617808072254093	-12.304407563030745	7.275151443421891	18.875738010537248	1.3416406688186284	31.20218479879217	-3.303245332577025	13.196778004501255	31.62100780831695	14.272487975487564	-12.16806265808649	-8.830320730513138	-104.78587073034052	-86.52591316748236	-97.51071928691867	-67.65017515694511	2.912136133310564	81.14764004426266	-3.0397692386922692	67.34370057088518	-102.15560528831432	-85.65558195123603	-70.53459747999736	-71.38309397574844
2.95	2.6417021113682098	-12.502450537611114	7.260285406638597	18.80122778488663	1.4005085812956934	31.21902827194029	-3.2166507042681305	13.155159871233682	31.861217191178987	14.452988683948542	-12.148551769921507	-9.01512710650427	-104.79025388128967	-86.51267656889314	-97.5299684746511	-67.71144878400648	2.916339998193905	81.06952294405316	-3.105909504391456	67.39147330222339	-102.1471277602149	-85.77531718471309	-70.28591056903592	-71.32232850076454
2.966666666666667	2.624341407167222	-12.747036327398588	7.241889863362751	18.75155677244974	1.451730857007782	31.23240057449	-3.153519244508427	13.147406789521286	32.035418682001236	14.58334378691961	-12.161791206976899	-9.262166133147485	-104.78613261414408	-86.51512980574887	-97.54424275078135	-67.76357303329911	2.9235941217430956	81.00402639221083	-3.204454875274987	67.35846828862131	-102.14949285229753	-85.84856681826783	-70.11407417029629	-71.26522303134823
2.9833333333333334	2.6144029006927068	-12.926521099406944	7.177875316433964	18.704295334793695	1.452447639712796	31.228560119384838	-3.140260611034549	13.182587167212883	32.17291570748475	14.663266548216844	-12.14881284321622	-9.440044382003576	-104.76321574390889	-86.5135232825966	-97.58534042747496	-67.80922794780288	2.937296848319859	80.96221193281222	-3.354058792879618	67.28181715675319	-102.17804867822227	-85.85520089997485	-70.0051329707375	-71.19193435175801
3.0	2.6240346039299496	-13.08509325367795	7.085563970342951	18.609450868461103	1.4161376003788178	31.18426959274322	-3.1655640525729742	13.263470393833	32.300145996995894	14.680491644381261	-12.103651435358032	-9.568534198719696	-104.72768603928795	-86.4834409450417	-97.64212206894503	-67.8739900765806	2.9589418396876486	80.94174033067613	-3.4984283424845106	67.19847995876607	-102.22382372189678	-85.79478927549083	-69.92367772490087	-71.11429763110957
3.0166666666666666	2.6486919865246144	-13.277714089426397	7.006440107508689	18.442477820611266	1.3925337618632203	31.109849176203642	-3.1835384787661285	13.38760232223616	32.40749052681732	14.639254437232307	-12.040804600061893	-9.685932974775078	-104.68949658658647	-86.40821888534863	-97.6830564790778	-67.96574106473739	2.9839114369719697	80.92440975905893	-3.5751944528671817	67.13350455755428	-102.25912871970712	-85.68798791870486	-69.85163819288981	-71.04873348147257
3.033333333333333	2.6962577115760356	-13.447294804767187	6.933427637953285	18.241258739103824	1.394224781368093	31.05214619704924	-3.1704376056775665	13.537466170135893	32.49175985260284	14.567197840817242	-11.952052686763468	-9.745514888576102	-104.64831039833945	-86.29822008380886	-97.71488276038619	-68.05696134470507	2.9975926672452378	80.89089245824566	-3.581887375035329	67.1218724827198	-102.27954514743183	-85.5716413716184	-69.787785294829	-71.00444353080117
3.05	2.780536835627885	-13.553150390457288	6.846654904601412	18.07676103807322	1.4113475224038954	31.049572358968277	-3.1514858881871812	13.685234991732788	32.59910199555059	14.487033299569193	-11.82186943005034	-9.747437953042958	-104.60240626567817	-86.1942875625856	-97.75575136107679	-68.11752652451243	2.972262103117395	80.83290111651928	-3.5525487235175657	67.17677066353667	-102.31858477166787	-85.48186389174789	-69.71948277611726	-70.99483059217872
3.0666666666666664	2.8557060756113266	-13.665186690835379	6.775725308041899	18.008948706847995	1.468297045432006	31.114647953749227	-3.158238142479316	13.810513188909095	32.77377987132799	14.408945174855113	-11.702380695055975	-9.810145951991567	-104.55808677066724	-86.14495926115612	-97.78236146262539	-68.13601055430817	2.8671176935502016	80.7493414919426	-3.511308223200313	67.24019228922359	-102.40889665053673	-85.44014531914829	-69.6351167792087	-71.03120014429318
3.0833333333333335	2.7983370006965402	-13.826996429900127	6.757631878170836	18.07527945064929	1.5982303307156969	31.255649838650033	-3.195252188278595	13.908980521203633	33.003149538488415	14.3383332134102	-11.718240828263323	-10.003802323404111	-104.5165778289598	-86.17680589350391	-97.75894595078903	-68.10152644285468	2.6363441790800843	80.64282371849528	-3.481465589758985	67.24738149895661	-102.55242846978332	-85.44819576030106	-69.54927893129488	-71.10986254689087
3.1	2.5231910421516726	-13.956070765117934	6.778184674814937	18.26008328515448	1.7802747381873232	31.460226045740853	-3.2569484277594096	13.988633758865396	33.24610465304903	14.258750692442948	-11.94672133991363	-10.227930449969243	-104.46991238206523	-86.27185968485122	-97.69172770725037	-68.0117763996968	2.2516968872875385	80.5279975545623	-3.488220193316767	67.22381933970378	-102.72895087319709	-85.48336868657226	-69.48284622014805	-71.22461799412933
3.1166666666666667	2.099179657575869	-13.957315161279872	6.811936983826082	18.470315420799437	1.9578188416581455	31.662153194716865	-3.3427432928288825	14.065217050891178	33.46659720371237	14.120485109621601	-12.32193148391987	-10.332470386690236	-104.42111114149567	-86.37515522541028	-97.60917415766966	-67.90483980461089	1.7456925935857497	80.43300700067218	-3.5186125082152886	67.22958184820838	-102.90973629215667	-85.50177594843662	-69.4431390884443	-71.381290838815
3.1333333333333333	1.7101731039760744	-13.833922405948726	6.869663095775084	18.603356476441743	2.100268780770347	31.78586265802964	-3.4434050978530313	14.16138069278811	33.624061398519416	13.874135283595482	-12.680086965695978	-10.272281979028133	-104.390260069672	-86.43835957307934	-97.52059697389696	-67.83500309663762	1.242450186321923	80.37913424533265	-3.52298432133719	67.262294960265	-103.06427085252031	-85.45948506187919	-69.44020945400091	-71.58534977828369
3.15	1.4843044697084202	-13.629801808386466	6.94580535800122	18.64050039993064	2.1967803138125537	31.824574710209475	-3.5292037762134263	14.287679976870841	33.674501743143864	13.53701336191836	-12.904806481910022	-10.0858134055374	-104.38911095161839	-86.45601159715088	-97.4433055936172	-67.81551119722026	0.9038549198151028	80.35991409257018	-3.478920813373521	67.30102725102901	-103.16928968364316	-85.35240593055893	-69.49478794049932	-71.81539256864053
3.1666666666666665	1.4069877649566591	-13.355499656782314	6.976134129224156	18.631513777197107	2.225744210340333	31.83247119562349	-3.5759348140948903	14.420198599710453	33.61275912246845	13.215432387121433	-12.996973565878216	-9.80811365030698	-104.40396133083482	-86.45261399352461	-97.42782720161068	-67.82110021632755	0.8211976408629407	80.3464285880489	-3.4119416073604025	67.37739445848085	-103.2295062260459	-85.2333728122406	-69.61674710357748	-72.01794042511912
3.183333333333333	1.4259308521845426	-13.05145343035483	6.913464450977572	18.60141984769958	2.1871558630286607	31.845213651216707	-3.598845649895446	14.531026220767977	33.49785443345619	12.99968690459693	-12.988325657728707	-9.495607548802052	-104.41425650991319	-86.44415411844716	-97.50079205893564	-67.84273427074763	0.9785896466071264	80.3120520780356	-3.343096446140848	67.52362619822121	-103.28679357185973	-85.15692170119637	-69.78893913840356	-72.1572347965994
3.2	1.518425012595556	-12.839009217377537	6.792388377062881	18.52782447759848	2.1289286703046058	31.84618467015317	-3.638070499548688	14.63202250164539	33.40245661907707	12.846495459654689	-12.89259172413375	-9.268206054793886	-104.41101673672925	-86.42919683741628	-97.6186283596664	-67.90137235981784	1.3006326968459458	80.25244297002891	-3.271378502393099	67.69258655970489	-103.38562752951967	-85.11553452832565	-69.9831709104426	-72.26903906867092
3.216666666666667	1.630598834590257	-12.80147956899425	6.665081490695183	18.398980418197908	2.088779154862543	31.81084560167459	-3.719153147373684	14.742676365884787	33.356050376722685	12.661841148936302	-12.760574130434678	-9.204485014709876	-104.39117296502488	-86.40300544571555	-97.72609147432975	-68.00402502751768	1.7015186233544126	80.18512937080764	-3.2197069999620176	67.793898224356	-103.53402377656595	-85.07219426330751	-70.17797339984322	-72.41035311437118
3.2333333333333334	1.7047414792424138	-12.876101040531223	6.530173726787207	18.243203085470235	2.0492644419403	31.751920286547655	-3.838844543531191	14.838169945985246	33.36042855334259	12.47314816705278	-12.649125184796764	-9.240341218646094	-104.35386666403912	-86.36424017811478	-97.82369293725198	-68.12103709264458	2.1060083587767906	80.12704262080769	-3.2379623913506963	67.78985586998769	-103.71180192272344	-85.03478743320701	-70.3513733693808	-72.5616392661542
3.25	1.7666757934876656	-12.943538068470264	6.385672556403963	18.10573706124456	2.0026573827474894	31.709915392330757	-3.969628444464705	14.883271473920127	33.406118494790285	12.400752959280874	-12.541891668306418	-9.264912025521701	-104.30856746179403	-86.32137395705134	-97.92289490539012	-68.21563689580681	2.4555738992103064	80.07444771186235	-3.3330041929360714	67.70062374299845	-103.89518073260228	-85.04228081421748	-70.48906223781196	-72.64152785493657
3.2666666666666666	1.8792072325347782	-12.963591343786678	6.282857802359311	18.02376377892367	1.9971284906448898	31.71485490459696	-4.0749790592909685	14.88396246961833	33.44870262852744	12.504572412061435	-12.391894654150285	-9.257872793084049	-104.271101886685	-86.29428144929727	-97.98824408432574	-68.27051767037364	2.7124310672442897	80.01462742502932	-3.4499555042375007	67.55043386960617	-104.06035163426156	-85.1014101053523	-70.61164900573411	-72.59683769329084
3.283333333333333	2.03720578834314	-12.950731975535914	6.2429632093330465	18.01034414364463	2.0503809141190255	31.766708634039244	-4.142007581308302	14.859541334878163	33.43099749888801	12.754071682858308	-12.205045015836276	-9.244035994106712	-104.24225080417935	-86.29330401857071	-97.99928759484634	-68.28295987492609	2.8660670052788646	79.95033149103458	-3.5552254268982066	67.37821101911521	-104.19167609027366	-85.19012717408721	-70.76067859138563	-72.43605549122888
3.3	2.1754294182386364	-12.888881270684731	6.192761803684847	18.042808807269072	2.0904639878131053	31.84297468784804	-4.1930823957615315	14.81531754169815	33.33454124224363	13.073545382738944	-12.029556581903044	-9.19140357437571	-104.20498600014162	-86.30252230369092	-98.01222419645678	-68.25971349642182	2.933237100946004	79.89731181573003	-3.6750798892880345	67.25947819858787	-104.29577058003144	-85.28737064257176	-70.9612293377878	-72.2138252598328
3.3166666666666664	2.2593292626454824	-12.782063601246914	6.065209952762963	18.072284654397386	2.051929328721852	31.91133829019769	-4.249678048781492	14.777176555483209	33.17026895597162	13.357157109797464	-11.892198451665035	-9.081257055716012	-104.15152771431046	-86.29919345446908	-98.08631776154749	-68.22690880007164	2.9450353209472144	79.86175290973058	-3.8197870200140107	67.25168468494095	-104.38792513905086	-85.36107053478617	-71.21765618307924	-72.00391342498868
3.3333333333333335	2.3169145045269164	-12.717625563038927	5.8896402381465425	18.05546406497636	1.9630529738287406	31.939922430404014	-4.2938809959200075	14.793841090664014	32.94303696081438	13.517940443504488	-11.776840877745165	-9.000335315565538	-104.09375538227202	-86.2827097525266	-98.20411514412547	-68.2272456875502	2.931056085195622	79.83283188204572	-3.9436127748674563	67.33588563293048	-104.46104911387424	-85.37332702729022	-71.51801215305989	-71.85538658378573
3.35	2.383284662382954	-12.753637497547421	5.718513643909356	17.99165687895257	1.884463846092644	31.921507807456127	-4.275832438795479	14.886004004712493	32.650940189449685	13.545886885938515	-11.65519949458876	-9.028220928198847	-104.03848415697165	-86.27458343065142	-98.31997051306227	-68.28292655169882	2.9113164926932065	79.79556564084503	-4.017041124944412	67.4520515062381	-104.4802667979504	-85.31843035444246	-71.82932660850078	-71.77254346850394
3.3666666666666667	2.454029281802126	-12.810440441868577	5.543522920017564	17.921667485069545	1.8249001590953475	31.88499187753897	-4.1662292585357745	15.039104566790963	32.307221261957146	13.473663846221612	-11.520657776014922	-9.103180346293964	-103.97468705781696	-86.29273990442537	-98.43116413779937	-68.3710724193558	2.8957783292119164	79.74393570310521	-4.065867894472647	67.57267057651538	-104.42229355543053	-85.21695973010381	-72.11507229347343	-71.7432958838822
3.3833333333333333	2.5029269571748207	-12.789112692215287	5.354509003955309	17.882101112840058	1.7642703558261348	31.85680619714874	-4.004078517439995	15.233300042276117	31.955808482681736	13.315896236284662	-11.399320343055985	-9.126416260008224	-103.90224730023073	-86.33730356779292	-98.5477382962754	-68.45520245495284	2.8873437332855456	79.68799134789839	-4.102147986398919	67.67597376989605	-104.31608716954158	-85.07870860982544	-72.36027868685986	-71.7628123735408
3.4	2.5170871350892976	-12.723932065468665	5.217621544556784	17.890054576124808	1.7151489784762353	31.837610268656793	-3.87544482669082	15.441749148169144	31.655831773570032	13.084235332175608	-11.338348242104482	-9.129339184049915	-103.85543537719371	-86.40540711858121	-98.63781383263691	-68.5153525424564	2.885237391861985	79.64703718888677	-4.085503583507449	67.68762329397467	-104.22840763780401	-84.91121366294401	-72.57257586423398	-71.82697833076843
3.4166666666666665	2.503852550462873	-12.683791040549716	5.210206182036469	17.966759387699202	1.713661439791317	31.8396722885393	-3.8395921634477004	15.627725602371042	31.44871590114516	12.821761811138872	-11.367859798001707	-9.186045745929055	-103.87171234846453	-86.50225470537929	-98.66150616642804	-68.53549531768009	2.8874602063499983	79.62483239378055	-3.9956265490915897	67.56470932337308	-104.21475976966711	-84.74744200384832	-72.7660438685219	-71.92568019270945
3.433333333333333	2.4779095992081484	-12.620655622611592	5.316684492467818	18.133965247685712	1.7661484341763187	31.901132322306744	-3.8936436864113926	15.769066323098599	31.354378874748758	12.588100297575979	-11.47066131127792	-9.251523400185146	-103.94857091048604	-86.6308677775735	-98.6318864180182	-68.49690252988779	2.8922347971019953	79.6019651478054	-3.888147700796715	67.383558877656	-104.29167853860595	-84.6289685290959	-72.93729966385713	-72.04086823151992
3.4499999999999997	2.4571024133058974	-12.475398764186913	5.465052408062385	18.37996541404116	1.851326734790768	32.04079292002991	-4.0044897956976415	15.870802708520632	31.37909883570058	12.434063421210016	-11.596387142606547	-9.254335140839006	-104.05348955591244	-86.77893637665204	-98.58843714785002	-68.39897096261087	2.898667948135727	79.56023611735914	-3.8309569104403938	67.2510233266965	-104.44425367833846	-84.56896117412013	-73.06515484263781	-72.13489775291012
3.466666666666667	2.471771227296588	-12.315554469204105	5.620742716125503	18.64310923711828	1.9621145002788456	32.230338829252005	-4.1490902640177225	15.950035338772128	31.498973343387455	12.399699052715954	-11.68738984603632	-9.228857734556643	-104.15916107333291	-86.91330326535248	-98.53841835720736	-68.27019402823419	2.9068289339334203	79.49946714251371	-3.8324992638813136	67.19995239319528	-104.64962312150395	-84.55049751871407	-73.15064977811645	-72.15079846599811
3.4833333333333334	2.5437535621977574	-12.223379532463479	5.768813845551617	18.838741153323703	2.089958390522097	32.418235659770325	-4.317429133322964	16.007534237269834	31.65264049044756	12.505672189605525	-11.704801251718914	-9.213584384904017	-104.24855481391667	-86.99020485244048	-98.47974096836501	-68.15146369911676	2.917226027015589	79.43030064111282	-3.8723570686884328	67.21679214476374	-104.88712849221008	-84.56216512161728	-73.2344880017625	-72.05649293201174
3.5	2.652777275844016	-12.171217082896074	5.862880563219476	18.9017214912143	2.18920171885978	32.55460246257055	-4.499682084410299	16.017745088007246	31.778069085791415	12.728451957009606	-11.654242915969824	-9.151677458993975	-104.30702019181382	-86.98046037609785	-98.4441396285943	-68.07873888488353	2.929602914343504	79.36665865254582	-3.9425659212630837	67.30037996818278	-105.1330234318644	-84.61559625944687	-73.354954346073	-71.88714430243724
3.5166666666666666	2.7675576548824834	-12.125486317722315	5.871144903362768	18.810764596197075	2.214757608601481	32.59591749411656	-4.691963785964738	15.95945750907558	31.861486328456515	12.999935521556809	-11.563719665425133	-9.015223445349166	-104.33127732030758	-86.88973712762679	-98.46013241694479	-68.07897253142971	2.9416710455395045	79.32510997445364	-4.024999936839478	67.43684660954567	-105.36685381151102	-84.71543251647073	-73.50536748305454	-71.71549699491389
3.533333333333333	2.8722588280904597	-12.140904712877528	5.822823082848662	18.604534895287124	2.1772416589827794	32.52985407441452	-4.900743779845048	15.854917851641664	31.945130428417063	13.239651089216249	-11.458516619192835	-8.900779557167557	-104.33077544728324	-86.75987484428994	-98.5079523644346	-68.15533994900285	2.9495651645713616	79.31480597658256	-4.094406681114959	67.55772067477496	-105.58593780326241	-84.83027617177572	-73.6408073748454	-71.59062508255946
3.55	2.925516276265471	-12.220245092769128	5.753148467432044	18.37487841107562	2.1272097662719465	32.41100150459337	-5.115734428148893	15.770490063574305	32.089498019982464	13.388659185684366	-11.381762279807766	-8.865461854164543	-104.30727855607317	-86.64521676139532	-98.55413008864117	-68.27033835031975	2.950678475393683	79.31866014508685	-4.162109825739559	67.60657239927524	-105.79707428306197	-84.9108497913388	-73.70757626307955	-71.52219060565443
3.5666666666666664	2.8818823869302297	-12.220099720452186	5.655620954877482	18.20962940116774	2.1071928485179825	32.33396150771167	-5.285988242822861	15.776224984361615	32.31605944827983	13.41707747061114	-11.369950167620352	-8.799172062099371	-104.25183255455052	-86.57907234164709	-98.59621159967308	-68.36944294047942	2.946121303760852	79.2965955518089	-4.25841990979529	67.61887413859161	-105.9893926910139	-84.92717946382942	-73.67333324273406	-71.5101019932183
3.5833333333333335	2.7760426013362847	-12.064669413266397	5.531431187080798	18.13561541870955	2.1358845470666554	32.349278535041336	-5.352366442586398	15.903093841376059	32.576041951140446	13.309804072094332	-11.396150009381921	-8.627652267638709	-104.17219261071816	-86.56298285437221	-98.6407614236374	-68.42736743566275	2.939885422600338	79.22335402929593	-4.37531145622131	67.65445445383592	-106.12901241329041	-84.87355212932795	-73.55297046214994	-71.56374805723364
3.6	2.6985878205305003	-11.912133289887379	5.436489394965213	18.119807880473587	2.2133227956177945	32.42558052721825	-5.300155994424372	16.12168355406904	32.78674120815458	13.083874292876722	-11.406365947084817	-8.488147811410634	-104.10495376761527	-86.57601452152316	-98.66846437265009	-68.45620664104965	2.9356206388415584	79.11821283173211	-4.4662238931589355	67.6914796266592	-106.18194316269222	-84.7601036141988	-73.3952019545376	-71.6762293213221
3.6166666666666667	2.6943950802963252	-11.922429260220737	5.426681735436336	18.111284481023795	2.316704924742866	32.50115712222487	-5.160942064216165	16.352976956670037	32.89793370783646	12.80963537503643	-11.39125325138549	-8.508228140008015	-104.08564833168175	-86.58579887978719	-98.65896659624546	-68.47451439876346	2.9345023829450385	79.02432847901167	-4.4983430117633	67.66503342310578	-106.13661358520446	-84.62269456431825	-73.23867987736796	-71.81305918928182
3.6333333333333333	2.742983637586564	-12.012630232795724	5.479366140729544	18.083255734252194	2.40355057129489	32.55092636866979	-4.981317510063583	16.523726171586745	32.926211139919445	12.56685452529047	-11.369506478230553	-8.581634144760583	-104.11249011581705	-86.56900391196477	-98.63312397508756	-68.48574817771265	2.93586668636934	78.96332545361754	-4.482097694476692	67.56995552924555	-106.017992056446	-84.51294837479566	-73.09178091652652	-71.94609384950517
3.65	2.8082606341076644	-12.028283983696214	5.529473800479138	18.04568122966222	2.4537260283952445	32.592699172009375	-4.803828412886532	16.616682532612632	32.940561280236246	12.407072374952945	-11.344697904512348	-8.558476807885164	-104.15295853861996	-86.53019282418887	-98.62348473814085	-68.48451159452671	2.9381766320457423	78.92278923346387	-4.441304759189294	67.45129646059317	-105.8810391794226	-84.46052823392344	-72.94047789918633	-72.05345585897045
3.6666666666666665	2.8703259431312147	-11.990901430308277	5.562861115743302	18.024088308386354	2.503347287185792	32.651814916000326	-4.644581317881021	16.657989104503983	32.99920187426919	12.369804866095386	-11.309028512670569	-8.48301544993855	-104.17935445580171	-86.4921140196302	-98.61649334005844	-68.4680257112439	2.9387074268963653	78.88015937275571	-4.382591981880011	67.33617813368214	-105.76442194512522	-84.46185152274025	-72.76522007085605	-72.09204665664481
3.683333333333333	2.916140162352678	-11.976248641880185	5.602006338109919	18.0360030845852	2.5994619753148154	32.742546957691424	-4.472708748305381	16.673622260256757	33.087099215314396	12.479660463363368	-11.26536838076377	-8.448668949095278	-104.1815085431164	-86.47242030721502	-98.57950220500648	-68.43641722262987	2.934644909505691	78.82103581967864	-4.314840884489555	67.24848643996721	-105.65167292862665	-84.50534192006455	-72.56457371331227	-72.02568145670112
3.6999999999999997	2.9058528000128456	-11.91879352216463	5.633352449294836	18.08358485332346	2.726917377117109	32.86031057663367	-4.25418656126285	16.66759295422006	33.143081657169915	12.716133104348952	-11.25313226925235	-8.394617795941862	-104.15898506926514	-86.47582427377716	-98.5256326199703	-68.39223942045373	2.9257154944872363	78.74745000291252	-4.258786159852223	67.2322003542443	-105.50673655835025	-84.5849570428674	-72.36365490118035	-71.86882393851836
3.716666666666667	2.7949743329120054	-11.754740401790274	5.6280901497632865	18.15207088946655	2.8236052714800146	32.96816820479543	-4.01899477287848	16.64084175231504	33.140169648214886	13.006940240009614	-11.32687577796231	-8.256008319052407	-104.12185011087425	-86.50126791726208	-98.49375996111097	-68.34919702779555	2.9146607023781472	78.68263476740894	-4.212989220708846	67.28692043737921	-105.33636000546947	-84.67652348027602	-72.1961903572546	-71.66958324026632
3.7333333333333334	2.6013557208123714	-11.59066158588029	5.6022224885149665	18.217352497325024	2.859882713929188	33.01796122866371	-3.837506122460976	16.621213627984943	33.102187901187314	13.254975133523182	-11.489242573473076	-8.138311374241257	-104.09059829428539	-86.54764978836091	-98.48837580577043	-68.3302972910359	2.9055116667494394	78.6517414803003	-4.152153507708347	67.34190422198213	-105.18576464216062	-84.72704489171474	-72.0835767409733	-71.4720697581915
3.75	2.374912390070256	-11.533632701117067	5.582094029498348	18.26669375057512	2.8456747940853275	33.00278395796593	-3.7467660512436756	16.63951864052398	33.06893346184733	13.385491796577554	-11.704511298282979	-8.14054694666646	-104.07942368835319	-86.60691424554933	-98.49732965885484	-68.34022049497422	2.9019145268138304	78.65699554705975	-4.077883650310138	67.35340777989767	-105.08977050418387	-84.70348581241623	-72.02083704233652	-71.31799401583864
3.7666666666666666	2.12954429843025	-11.532154892163788	5.539121119865428	18.297432631749952	2.774769355902305	32.95544828337882	-3.743040506860815	16.682468284113945	33.08439429904934	13.373672332895966	-11.95115872334334	-8.190490498345394	-104.08070302177354	-86.65833560618155	-98.54158190190812	-68.36090297443158	2.905469969688637	78.6836487421895	-4.027168761784869	67.36922432457452	-105.05939176467126	-84.63388297369652	-71.9749974656219	-71.2602106408005
3.783333333333333	1.8865399528040627	-11.54003093165387	5.4347484493377145	18.291415415222552	2.633577551828799	32.88451812540864	-3.817507387308616	16.706786454043016	33.192274495276166	13.239958370279785	-12.192351633594482	-8.22464891035743	-104.0788915863985	-86.6846179787035	-98.64414313706078	-68.39320256348093	2.914170267114475	78.72227931111034	-4.010215887973682	67.44226483054081	-105.09522807619823	-84.57093423484659	-71.90295358092204	-71.33097586456677
3.8	1.7228497974863737	-11.642238325844826	5.303236270945447	18.222142489094843	2.4549296693359457	32.76482741241803	-3.947545920394344	16.68340021311993	33.4047822588138	13.058605202498214	-12.353548305729232	-8.32764490412777	-104.07639810321555	-86.68540657828288	-98.77316183227009	-68.46326408918802	2.923478161622137	78.77190849839387	-3.9915104500575715	67.54160409085554	-105.17563742200042	-84.54469128848615	-71.7708551631866	-71.4860860859879
3.8166666666666664	1.7076814380945509	-11.881153912291031	5.209353262777264	18.09387192199591	2.2961006809512114	32.60252140234131	-4.079077716931272	16.6011727041098	33.690067583316505	12.9492871739279	-12.378858827427718	-8.545792115641877	-104.08654026552222	-86.66463820335078	-98.87718700274493	-68.57076628135485	2.9304127385028726	78.82671231630378	-3.961529901904643	67.60847384541302	-105.25236540062747	-84.57211497958639	-71.56229781731093	-71.62282780565847
3.8333333333333335	1.830758891929021	-12.124936938294006	5.161716510403649	17.9523824452015	2.174714470572265	32.44883899792005	-4.165411192341907	16.448547682257875	34.001417435919784	12.992172879469935	-12.279366051223338	-8.751603288896458	-104.11012494315231	-86.62666635060239	-98.94840843274864	-68.67428390540087	2.9356789322431665	78.87687709667902	-3.9715615665455184	67.63404147845166	-105.28853409566287	-84.67457522106308	-71.28711665974305	-71.68240234159313
3.85	2.0234279940974176	-12.240199086786975	5.150114882667844	17.85004557458623	2.086935807616525	32.342699126286384	-4.1994078219618425	16.228508804480427	34.293990188136675	13.15064793720995	-12.121511545516602	-8.829305999649545	-104.14493953961397	-86.58910691286252	-98.99482465694612	-68.73906133827626	2.9415146946113895	78.9182395354373	-4.060830072442039	67.62290552353711	-105.28116828652453	-84.85325166008225	-70.98717809838782	-71.7026037228723
3.8666666666666667	2.2176505542258544	-12.25837118311278	5.208400313062092	17.811008514185794	2.05968896988112	32.28997614037018	-4.187932210322605	15.985993334800842	34.52363256310047	13.326443539058669	-11.985154478673829	-8.833497246647127	-104.20280503289963	-86.57512606353431	-98.99440471983756	-68.76411754934847	2.9493003232973916	78.94590631028127	-4.192758464288336	67.55480600572986	-105.2420259000413	-85.06810035491785	-70.7183933369408	-71.74165681585919
3.8833333333333333	2.361322840278233	-12.22618453237508	5.347790213671299	17.830583559969025	2.115739049454446	32.2938725663169	-4.125776297323442	15.774512246458238	34.65751000693332	13.488453884872847	-11.923894863242385	-8.816062065330991	-104.28521770352056	-86.58987753295588	-98.93742748984928	-68.75929397298681	2.9600589525365937	78.94683346069623	-4.297668464250921	67.4479604206793	-105.17894283662719	-85.27865429284549	-70.52143282969385	-71.79020040797266
3.9	2.406178344435092	-12.062231357069187	5.494606863286248	17.888433185587672	2.2215909327414054	32.36130997191723	-4.00425203538641	15.601884555241545	34.68020459042948	13.685524349840078	-11.956297789475965	-8.678814774105858	-104.362476133911	-86.61658341703665	-98.86786927062477	-68.72815023144894	2.975795241549631	78.91053979663378	-4.343235921779645	67.38699736288764	-105.0937122387526	-85.48757564812462	-70.41350764832312	-71.80205129828455
3.9166666666666665	2.3302926560667667	-11.738567563254836	5.582511959799591	17.961368691461285	2.334691940293763	32.47944326194687	-3.826593182376093	15.462854569765971	34.58874884508871	13.923001327344691	-12.077288991630123	-8.380254620960311	-104.40758164769686	-86.64168705770545	-98.82506968789724	-68.68031836624415	2.9972722508965344	78.84023837180895	-4.331455767707117	67.42047588637188	-104.98635481056712	-85.69690705842504	-70.39760596547843	-71.77390573108033
3.933333333333333	2.1811987604610446	-11.415368290111244	5.632577074632872	18.035192119494063	2.458810126351089	32.61261452474281	-3.6173646666537715	15.394779010261843	34.39751573652769	14.103130397769366	-12.241641479064944	-8.087019176106686	-104.42284023952597	-86.67165088599542	-98.79026316489305	-68.63645876650135	3.0177901347350535	78.75092670875581	-4.270415485909707	67.4959225025557	-104.86643795789793	-85.8542942809823	-70.46892222137028	-71.75116388321293
3.9499999999999997	2.037576352052015	-11.233982735516761	5.67000548956167	18.108744881408036	2.5957763060023975	32.72673832725366	-3.4329268438390628	15.43529804255198	34.15831118515881	14.11108568413321	-12.371310314809685	-7.950646772973539	-104.40888666686168	-86.71666403745674	-98.73888117729996	-68.60791915604871	3.0173901706199913	78.66534251669758	-4.190711195010897	67.55130016396973	-104.76758432714144	-85.89935944075039	-70.60927314198265	-71.78827375661716
3.966666666666667	1.91559475105737	-11.152045202078744	5.64788604311662	18.194780659995974	2.6930868878480534	32.803906049764656	-3.3455113363549307	15.560185935314058	33.95887900542549	13.904305463029871	-12.428361333956474	-7.932076742055313	-104.34395608501382	-86.78003153997652	-98.69607004189716	-68.58525087998055	2.9615159416138264	78.6108430702547	-4.151035910101789	67.59537242700141	-104.73466826610014	-85.82897099443117	-70.77578926067469	-71.92466553140126
3.9833333333333334	1.7894607470784434	-11.10457496837755	5.534845836518053	18.302033981437116	2.7023521902418906	32.831473453837184	-3.389535513894873	15.698739438573142	33.867806858936994	13.53737294528621	-12.434032031362657	-7.9661346281423855	-104.22349277844106	-86.86155965976478	-98.68864694192298	-68.55952567832767	2.8067301341567763	78.60900086783502	-4.188209613446557	67.64340889872544	-104.78053464605973	-85.69225969359175	-70.91272778712276	-72.15488674830551
4.0	1.6965958186958394	-11.143103216383283	5.408144990709589	18.403842894645727	2.6555823601452664	32.79926490554137	-3.5361626341764887	15.783437064556118	33.8962815161981	13.148016964980531	-12.395708094058756	-8.087422487677882	-104.09230391275453	-86.94431927129453	-98.68415892204494	-68.54047637664884	2.517517946620007	78.66025871780968	-4.2799351951304185	67.65389883842693	-104.87590391636668	-85.55630421763412	-70.9796224001686	-72.40828725265357
4.016666666666667	1.7213222267164225	-11.291969290840793	5.3645802571519	18.450981104594838	2.621124589622631	32.724652542092635	-3.7217777424382827	15.793327533231952	34.02187234411877	12.870315372410507	-12.285227305569661	-8.281391718099789	-104.00654953228602	-86.98942242725893	-98.64196927513412	-68.53844132266413	2.0925257381696385	78.73690613524315	-4.378048211279613	67.59138223940046	-104.984871607195	-85.46976633152484	-70.96299926307626	-72.59945095911431
4.033333333333333	1.8668033316398553	-11.444073258052908	5.38934506406935	18.415012750820033	2.610813137668448	32.654778050725504	-3.8780805387620534	15.76444336361265	34.19715778360198	12.73943349872924	-12.113679382769845	-8.40625874615622	-103.98048271440963	-86.96218548810326	-98.59113765034027	-68.54717273728323	1.582252886298586	78.79804921199118	-4.460237710370626	67.49735066081755	-105.08003132677077	-85.43750742439612	-70.8828735431688	-72.69807392566686
4.05	2.021684930157835	-11.531296499856744	5.40173798762224	18.301753033350472	2.5871784496777197	32.61757282444808	-3.9642085311659505	15.747940311484134	34.35064370564408	12.70881484262629	-11.969957627852384	-8.392559728824825	-103.99164255801016	-86.86126322896803	-98.58990457038789	-68.55951019561755	1.0822542869506504	78.82291697993428	-4.524639934868207	67.4433308768405	-105.14129155123157	-85.42914270858152	-70.7906478455875	-72.72032786595523
4.066666666666666	2.070989776825199	-11.638271729768915	5.379863703633779	18.149403947673058	2.536113484552267	32.60008388695813	-3.9917382586204138	15.76753977901885	34.43063063484379	12.724253259974908	-11.949623285079571	-8.364454633307094	-104.02061306190471	-86.72618290353813	-98.6407493582709	-68.57677895586505	0.7081678274468762	78.82313715717672	-4.561285187416432	67.44407446724816	-105.16860110144361	-85.40932306380437	-70.73797046659982	-72.68506980382945
4.083333333333333	2.0000516226994236	-11.807512104633286	5.361251414178302	18.022412601020182	2.4844026392943785	32.592875790652116	-3.993729393048843	15.810226076132736	34.43208574075018	12.761027151193439	-12.062664025119874	-8.422915787936732	-104.06271564781925	-86.6154036833034	-98.7014642336409	-68.59299108228319	0.5598482913769987	78.81413312706461	-4.567965350971237	67.46973292293147	-105.17959626598417	-85.37564079680259	-70.74751052523398	-72.61461364560915
4.1	1.8840127935564128	-11.895840294543088	5.36473586229392	17.978206225492656	2.4588251229000737	32.61030185356988	-3.989862983097058	15.835408008125905	34.37711887190271	12.820715202001928	-12.225230323873362	-8.467077044501805	-104.10924311742973	-86.57123674995867	-98.74450725513577	-68.59303052446599	0.678633302713067	78.79666762196406	-4.572362823072459	67.51006032823935	-105.19319536113295	-85.36792436990997	-70.81607648923023	-72.54720916790805
4.116666666666666	1.819240390679534	-11.78074955854416	5.38420534650332	18.030844272379557	2.464169851873156	32.64874694781999	-3.9977088626920554	15.808668724545932	34.283755466353746	12.887905266770291	-12.324346146596746	-8.386397925749865	-104.14358653727624	-86.60564836720565	-98.7593811907729	-68.57480409482608	1.0257388163246244	78.77644895735388	-4.594890734127069	67.55908854661067	-105.22125990533814	-85.41488231810014	-70.93750443898438	-72.52697705132985
4.133333333333333	1.8686909391644724	-11.545249408312218	5.42831224909104	18.14654828365582	2.490985664837944	32.666925808452405	-4.040645645794293	15.732027087665909	34.152996368662365	12.914899630175354	-12.292416068183973	-8.248652306611005	-104.16110700734838	-86.7034028982987	-98.73279475825736	-68.55685461464289	1.5042921005387508	78.77621957690465	-4.599919624834713	67.57888752358714	-105.26442606888962	-85.49175333542941	-71.11142970022723	-72.57685370525405
4.15	2.027071073546781	-11.302494202390935	5.495164734958058	18.27201087509669	2.50846122467172	32.63299784389808	-4.126390210506355	15.625605984477192	33.98044650777743	12.893990111991021	-12.144051903585764	-8.125926700435766	-104.17112297713246	-86.82343249804474	-98.67595824217445	-68.55142162294806	2.002006122556556	78.81558053315379	-4.533627471884882	67.55352541013809	-105.31080967735254	-85.558813482369	-71.3303631695751	-72.66482337037796
4.166666666666667	2.2378958794014974	-11.01608503753587	5.526958700037959	18.36971884727713	2.463492836194201	32.566683067305576	-4.2319501680002585	15.504761052147003	33.76458397440326	12.887750110252181	-11.936751903320719	-7.9303027363858964	-104.1746477827221	-86.91421769884994	-98.64768908268422	-68.54449885157281	2.4259771642134256	78.88881808112154	-4.399736709308128	67.53656361274699	-105.3431320868787	-85.60642086673145	-71.57854811247543	-72.71867075647924
4.183333333333334	2.439333044939294	-10.658953112074993	5.458340031274771	18.428076892374694	2.3237813339082445	32.5064551167684	-4.331781846429527	15.388770084515434	33.515204493622065	12.945749584353274	-11.721737144128529	-7.607086379382589	-104.1610701890677	-86.94813326730751	-98.70273015779301	-68.52005637493284	2.7255629346223484	78.9734885082987	-4.243350075169022	67.57482746614252	-105.35829333813079	-85.63774140718586	-71.84308884450873	-72.69199182283256
4.2	2.5688509807989153	-10.366075587262259	5.296921051384155	18.447050762720476	2.112773313466736	32.456735369029396	-4.43033372533578	15.301496943368893	33.26413453451882	13.047276039364169	-11.56002541931335	-7.301119643148184	-104.12887640011215	-86.93504405588585	-98.83195534872807	-68.4879932931654	2.898138363975166	79.05527133780515	-4.085511090246299	67.62877348662629	-105.37506238753059	-85.64323171882593	-72.11092785301176	-72.59595567946175
4.216666666666667	2.5784075451591697	-10.264519534732969	5.100788540065135	18.426029897285265	1.8839220289610408	32.405213345578744	-4.529218669577166	15.259469805798606	33.046835142375485	13.148248381744533	-11.513341759634308	-7.16021888012886	-104.09174930479338	-86.89569934539584	-98.99096076472831	-68.4696694481106	2.973875043009872	79.1251172063106	-3.9322874117046887	67.6353300708851	-105.40410146326649	-85.61541298789075	-72.35726632089101	-72.46716460614621
4.233333333333333	2.4881068756310976	-10.303008842759198	4.902896617003963	18.375435916377114	1.6773814191858267	32.369760461927505	-4.588771641861439	15.271246030325772	32.87960067755881	13.234821531449942	-11.57332239512332	-7.1445983701450695	-104.06142927075433	-86.84158952738582	-99.15853265375043	-68.46615361100874	2.9927047671367992	79.1640859270637	-3.815264022355807	67.59478708636601	-105.42468571479765	-85.56466804261048	-72.54508503723885	-72.32984651116053
4.25	2.3739951628028555	-10.376124099024677	4.713570337837737	18.33781144866371	1.518331239193272	32.386332074427365	-4.573013964973315	15.337264662883088	32.77058812057612	13.300149984719013	-11.661548627058343	-7.16790816447774	-104.03554378986112	-86.791784065453	-99.32197345202344	-68.45397261678933	2.9869672413687125	79.15969530878324	-3.7630772032766453	67.52923695898536	-105.41331865618997	-85.50304002833361	-72.64273053561385	-72.2028900436146
4.266666666666667	2.288479762593004	-10.476832109390323	4.571256384037212	18.37379247206865	1.4405944815225404	32.474132783094625	-4.49619332803352	15.442561563350285	32.725593252562305	13.319307268761941	-11.720072609973345	-7.254382268416012	-104.00855237256629	-86.77755015902562	-99.43729598852912	-68.40375768695702	2.9743168861857994	79.12210952994829	-3.7684640318977634	67.42584796420013	-105.37408379808514	-85.43532890670136	-72.64849054552282	-72.11602163793943
4.283333333333333	2.24785464212191	-10.60678827619744	4.528048997566846	18.517437715918938	1.4773554511436315	32.63978674646113	-4.387836613568578	15.558925854035653	32.72520341808476	13.28669148593793	-11.738995155521343	-7.420595496875278	-103.98684979764319	-86.81380722067777	-99.45880080007639	-68.29636950475887	2.9609621615586517	79.0638437487799	-3.8316767767681714	67.29452882719659	-105.32399286478856	-85.37723039718435	-72.59878944670379	-72.09053891124644
4.3	2.2903196065323375	-10.689264556653233	4.587943615768783	18.746305120213584	1.6236183091586964	32.875364194987185	-4.258169609424851	15.668361841142703	32.73420627617042	13.228395740471433	-11.690855824966203	-7.5770556067680745	-103.98117543149847	-86.8877910501148	-99.39323181572973	-68.14148592990124	2.948527703921904	78.98314987511148	-3.9765167593905195	67.21300893286633	-105.27501973431326	-85.34848828374571	-72.54081345814284	-72.12009254327431
4.316666666666666	2.465958766764637	-10.711275570377364	4.703666509424427	18.975653970912965	1.8254738681134353	33.11611908135274	-4.127135334258516	15.772878919368388	32.74727184888017	13.156462463752923	-11.525282824608794	-7.683859410000008	-103.99124159137337	-86.97258383962262	-99.28757508194896	-67.99692986870966	2.9376086961552677	78.88695104993751	-4.176247909672677	67.23329963261179	-105.2401842843209	-85.34017003069403	-72.49291243544073	-72.18370756694111
4.333333333333333	2.757224298986087	-10.7934067128413	4.827661729802196	19.096368123013278	2.0057981118732697	33.247180206702176	-4.045468255304559	15.861248265989541	32.792961078355184	13.065574161217016	-11.253173830757108	-7.831129140966646	-104.01039812974314	-87.03772242812532	-99.18273639994094	-67.94135430511206	2.928724719309498	78.8114654881857	-4.338103851992093	67.29134377840639	-105.23400276711878	-85.32728624582471	-72.44104168876358	-72.26171208460768
4.35	3.064166729935026	-10.97835463510297	4.926636770690664	19.063457176492133	2.101865524096517	33.21284336015607	-4.04997639761526	15.89515900837863	32.8896875842738	12.99227601101685	-10.970151746624555	-8.03851568140444	-104.03431847655952	-87.06016104630143	-99.10768170586886	-67.99670386980932	2.9229091741986473	78.79045277003455	-4.4066797546197485	67.2907508122934	-105.25952362758065	-85.31438822158678	-72.3698360433068	-72.32211221056993
4.366666666666666	3.270787000645846	-11.111793859139699	4.9658910008373836	18.9291896353359	2.093212693029476	33.07638741642784	-4.124030261630085	15.853869678562548	33.01950190616712	13.001000186229783	-10.784651561207403	-8.14735633209306	-104.0554385618532	-87.03556247295332	-99.0895475610158	-68.10637283761744	2.921447751569688	78.81723974595464	-4.415491666558703	67.23489071887721	-105.30679051567537	-85.32889057548276	-72.28728860950821	-72.32789038925299
4.383333333333333	3.310707865878933	-11.078359906484202	4.933695073612384	18.765489019351467	2.0052059326359304	32.926487119411746	-4.223912471603555	15.762191897401388	33.138499952276966	13.076802345683811	-10.75479712216076	-8.05437765348712	-104.06550498803965	-86.97601774700289	-99.13180991442727	-68.21052872765144	2.9245797066226715	78.86298415293673	-4.413919895806809	67.19076009342082	-105.36092831866675	-85.37482394966182	-72.22242836638974	-72.29802160397801
4.4	3.194651478704752	-11.006346570681142	4.867846932121994	18.595389803799442	1.8906073837897077	32.79247872201103	-4.309392065634548	15.654081136538817	33.199663365845424	13.132182821174707	-10.872248200963572	-7.89891778380555	-104.06689967966828	-86.8925712131244	-99.1990527475463	-68.29718140932496	2.930471071526001	78.91033986866393	-4.416158476968738	67.18258858278104	-105.39905219697056	-85.4355789947972	-72.19938883112508	-72.30339617362249
4.416666666666667	2.9974707411102046	-11.071195979557432	4.813439512186982	18.423469030898648	1.795630287441888	32.68365151666639	-4.342725940893463	15.534236713519297	33.18133183866963	13.146847297604365	-11.068201178546504	-7.858876188701275	-104.06567191965665	-86.78768020914383	-99.25223240746968	-68.3642111782452	2.9359295132759664	78.95213730508836	-4.436225325216414	67.20537670501601	-105.39058863580506	-85.5136259813923	-72.20925679713538	-72.36677868378791
4.433333333333334	2.8233144460999746	-11.231443963612824	4.773617867871716	18.286375379833718	1.7273054835641708	32.62633837076991	-4.301319719657705	15.397693841679235	33.093238664325085	13.179668154061451	-11.237350626903098	-7.90583366137214	-104.06066507300301	-86.67438969775928	-99.2870472051313	-68.3880143179256	2.9383316038207	78.98564731130443	-4.500336931026221	67.2676162504735	-105.31567240835321	-85.61665884701627	-72.2224337440281	-72.4369906929548
4.45	2.7562235185779205	-11.357337829761766	4.732819770094956	18.224593728421585	1.6586045777898064	32.615965669071784	-4.208226596865012	15.266143292711927	32.9561547472944	13.236837217705116	-11.295554426704333	-7.943528642088649	-104.0517779452822	-86.58619081232682	-99.31895817518723	-68.3615970839053	2.9367866343454194	79.02243724702285	-4.597340724084719	67.3569949496083	-105.1857893498421	-85.71141946026515	-72.22963460254768	-72.47458224256
4.466666666666667	2.792914205378308	-11.47215885294217	4.685610787746833	18.233980309003442	1.5656848488014476	32.59856922293578	-4.128880060629371	15.173567560966589	32.80819560566614	13.259883933992285	-11.248004836518732	-8.028563041961464	-104.04091904189698	-86.5564041890192	-99.35530825415013	-68.32242388001583	2.9321073776523408	79.0790068970483	-4.6666236381010044	67.42402847935205	-105.049873163581	-85.74742554198505	-72.24167755791485	-72.48754160799271
4.483333333333333	2.83055379856588	-11.64276019158437	4.61775679392443	18.28862024990609	1.4520066653469736	32.545035743951225	-4.11643101511045	15.131512914000286	32.71528216702616	13.241720802884586	-11.188390364061354	-8.23953873158899	-104.0189441626272	-86.59677854000451	-99.40118736870272	-68.30815829009849	2.92622124990947	79.1468059659502	-4.668251837884644	67.44328437411369	-104.96962504916021	-85.72168112004947	-72.25434288213404	-72.47996031716484
4.5	2.764585094425824	-11.80016527263214	4.519654802597257	18.374898361558444	1.350092754235672	32.49362304599637	-4.166003220023114	15.131434708287804	32.725947559189514	13.239744355009167	-11.213853335980014	-8.490316970238453	-103.9784384304058	-86.6901516976062	-99.4587836278085	-68.3152533360478	2.921088382562933	79.19112361795572	-4.631067584589509	67.45118357518854	-104.97487960206736	-85.67744167375642	-72.24893204287781	-72.43769731874723
4.516666666666667	2.575637991043766	-11.873617593332524	4.42974701555142	18.468219949801117	1.3068884921935302	32.48586300016045	-4.231854792328958	15.162673049210996	32.81966773847594	13.276557432178674	-11.359633571774458	-8.668387582433526	-103.9352715628182	-86.7947699891009	-99.50552454726673	-68.3265500392998	2.917355871509394	79.18758696053963	-4.60346952695062	67.48126865343566	-105.04426783178928	-85.6497399902493	-72.2246000933133	-72.37318255807061
4.533333333333333	2.2880082303576246	-11.932393897886996	4.409170681325329	18.522114633325483	1.3570755039705802	32.51405758054659	-4.2682799350395575	15.215493984303796	32.92283823497591	13.312014806700267	-11.623370319545824	-8.799734323214594	-103.91137854990342	-86.86734042532751	-99.50220786857807	-68.34522579200203	2.913705644361186	79.14071662745125	-4.59655539954514	67.50143357597601	-105.12756330758823	-85.64378938824485	-72.20472507261229	-72.33177458154456
4.55	1.9066778655778758	-12.042006281742273	4.464143085360733	18.526552591698817	1.4972617899494036	32.56630219152978	-4.247156326135194	15.270829066558434	32.96529707772656	13.316713625457474	-11.995106452302359	-8.937159704380232	-103.90178431788021	-86.89515342263788	-99.43764123251947	-68.36860083093906	2.9080237944010126	79.06509697753104	-4.602113028461815	67.4631219204399	-105.18205934860407	-85.6640739559104	-72.21676227087748	-72.34736033045293
4.566666666666666	1.4615805591040227	-12.128545426220843	4.5279473500636955	18.54531678665153	1.6762576588230442	32.66431257742819	-4.165532808673945	15.290554083278263	32.91627869108987	13.321477958699047	-12.414558611530778	-9.033999114838347	-103.87613917063476	-86.90545368861743	-99.34819182057107	-68.36013690196589	2.8999679765519706	78.97555052060581	-4.623474927769485	67.36950139496356	-105.18998228806807	-85.7338953961158	-72.27370359697815	-72.41241743741678
4.583333333333333	1.0734415747614319	-12.105135222378248	4.545919658277809	18.64750334335149	1.834522016470111	32.81797743475528	-4.048616291912996	15.238195859334322	32.79426800594833	13.387795994781735	-12.74359902823382	-9.040304092162028	-103.8170406029952	-86.93516886978371	-99.27112094471741	-68.28766552643222	2.892024589417891	78.8943570388124	-4.65442949304225	67.25495373078887	-105.15425925310053	-85.86744710185314	-72.35999124715215	-72.47965110707145
4.6	0.8961447295823954	-12.010670472445469	4.54306762937651	18.818297839703114	1.9608740370310855	32.98950650582345	-3.9355062699743186	15.121549209307444	32.660341474567495	13.547774686483395	-12.845923967657521	-8.999336911219636	-103.74206869723989	-86.9886664387741	-99.19900106786336	-68.170368599071	2.8873687678724216	78.84012489510546	-4.658786374700166	67.14824949168913	-105.0953813748688	-86.03832589558696	-72.43503990030126	-72.49055120910361
4.616666666666666	0.963602074424194	-11.907837950656653	4.561691680605708	18.97096986572562	2.0733114018376857	33.12767144566096	-3.852422219743912	14.995373872855055	32.57311048142585	13.777802549308252	-12.714459809730428	-8.940817976107924	-103.6780618841546	-87.03298002545121	-99.11637020354888	-68.0620101597256	2.8871949444089915	78.81031839461338	-4.610970699112745	67.0861168530675	-105.04210382513048	-86.19430773253148	-72.46899334370462	-72.41650518322325
4.633333333333333	1.136709530579574	-11.763420543711709	4.588125579857683	19.03067103763183	2.1662990562217805	33.21151942323801	-3.7985824073493384	14.912240756225826	32.543508910762846	14.019363034022804	-12.497367959108553	-8.794823124157757	-103.6340774896881	-87.03140258044598	-99.04595190983042	-68.00073154281418	2.8903977697880077	78.78774903394775	-4.533736707849464	67.11470643230398	-105.01083337340154	-86.30001020982635	-72.46732446263869	-72.28064717580355
4.65	1.249007198165811	-11.555911816495763	4.590899760981469	18.982372829328533	2.2234837463305928	33.24777937115185	-3.7660307901926453	14.889219306018237	32.556892578946055	14.19738429914892	-12.356461555052999	-8.528558013240374	-103.60546875321879	-86.97264619674455	-99.01456899223733	-67.99027336741605	2.8949346290474463	78.76194726143203	-4.463372190418236	67.23465459726857	-105.00408352876056	-86.34883343254965	-72.44719094981448	-72.15144913340073
4.666666666666667	1.2641743114281763	-11.380354712377278	4.568949865882508	18.857988556405815	2.248852409632973	33.24618190557947	-3.759212939029748	14.925809991680794	32.60450641207301	14.228283864659565	-12.316957873812962	-8.253196092195214	-103.58113218524112	-86.87284137981787	-99.0121823193586	-68.01485282341211	2.899124155876722	78.73896527100835	-4.4134287454503305	67.36717345916234	-105.02024766802133	-86.33522473731077	-72.41574125594828	-72.1069408726512
4.683333333333334	1.2575431826742336	-11.324480142611302	4.528134817787453	18.710677766650047	2.2578417712066	33.23036977658055	-3.7761698509953954	15.020121845621262	32.66845500192713	14.08175123521512	-12.288943884670083	-8.080982153444248	-103.54648706734429	-86.75650201083288	-99.01835224955683	-68.0458242441829	2.902228747232363	78.7238059792365	-4.396511627057506	67.42845623142347	-105.05236387175883	-86.25607217514215	-72.38390886983164	-72.17432093992703
4.7	1.312625507328278	-11.359865221986658	4.463822167906643	18.595980294360512	2.262365987546215	33.24853559077742	-3.7925730470922185	15.151825250334843	32.71494435411086	13.839886718663722	-12.18555468967199	-8.004033942209567	-103.49818019700024	-86.64416872022284	-99.0343580290936	-68.04818842586238	2.9043418095199773	78.70327598336011	-4.429466185770825	67.41374285123645	-105.08929706373203	-86.14489876630495	-72.37435270962109	-72.30501204764123
4.716666666666667	1.4771917904198222	-11.451842028921728	4.39721693132153	18.543658374817944	2.2740588855151724	33.32022713138356	-3.7851138345001396	15.28671707125511	32.71589812328684	13.613619827001239	-11.980436126548543	-8.0097431435181	-103.45762791696833	-86.5579011145963	-99.06041098564681	-68.0142427397784	2.9059442001193365	78.66553012883794	-4.490007720481579	67.35540048315163	-105.11958370566211	-86.04775279990687	-72.4036855823752	-72.43413297290562
4.733333333333333	1.757094130642355	-11.63604051992291	4.3844495101355685	18.54230209564491	2.302814638332163	33.4006244548277	-3.752839595352526	15.406773986451743	32.67022960691045	13.43625648020485	-11.701558871033518	-8.154736290612577	-103.45865300167584	-86.5186957706896	-99.07420349154027	-67.97639367504472	2.9074891558309206	78.62298187012749	-4.518626526578278	67.24924959584331	-105.12985772522495	-85.97024414342073	-72.45962811831447	-72.53398766321584
4.75	2.0945552257709	-11.885030093317015	4.435184028023259	18.564235677892565	2.328847146091877	33.43486252530962	-3.7112636045411334	15.498091569114022	32.62097530311982	13.3189927432238	-11.41472202829125	-8.417343618030724	-103.50927725406213	-86.53231352471364	-99.07409322603885	-67.96807784682112	2.9090797211669095	78.5970596278692	-4.491477664331035	67.08775413004648	-105.11420397667186	-85.90484880301676	-72.49322867355203	-72.58585605979292
4.766666666666667	2.365009471430994	-12.045995966362117	4.463740683850859	18.584718479393146	2.2975133099500176	33.40777599853199	-3.684366705213558	15.529214325808345	32.638834520277875	13.308053091820826	-11.20783355746946	-8.629554102222887	-103.57284302890042	-86.58355813586071	-99.10910234504955	-67.99883965646761	2.910187186791596	78.59338434500036	-4.445856920957708	66.92159883395301	-105.09098236021313	-85.87740132919127	-72.45214783993525	-72.56934823737042
4.783333333333333	2.445684135669621	-12.026417174383427	4.39865367831398	18.57839949381553	2.1872288372319337	33.328086899656874	-3.7007055705014475	15.487762450971502	32.75999423371432	13.393186033043353	-11.162836151750826	-8.673825214880484	-103.60852028742042	-86.647408040497	-99.20986660910643	-68.06900854668152	2.9094171934378714	78.60290455366159	-4.416485346360241	66.81587907873379	-105.09780101683981	-85.90933299536687	-72.33780678312547	-72.51614696232352
4.8	2.300123861613809	-11.911575386019479	4.281384469629298	18.542407588200568	2.0522078479858314	33.21443849046326	-3.780326361975647	15.406873582122307	32.95504675201808	13.471881122390583	-11.312530573678714	-8.62302229740584	-103.61265443529248	-86.71144691138632	-99.33126996566318	-68.16903932318579	2.904911159304767	78.61652218635092	-4.401163968279465	66.77779437112429	-105.16380417562465	-85.9766042315267	-72.20875742360657	-72.50472310913614
4.816666666666666	1.9784042722560078	-11.799063221839194	4.172628171771297	18.51286472371133	1.9508770760165377	33.10680407672398	-3.9159514669473894	15.317997094293144	33.16556045588009	13.488816149560344	-11.615326891815716	-8.577103937143491	-103.59373116407167	-86.77804071530426	-99.42110299230039	-68.26517599159295	2.896067334439951	78.62801993168301	-4.40650342551848	66.79057952714427	-105.28793153526428	-86.05398297402375	-72.1223710793842	-72.56516682446343
4.833333333333333	1.5861851296958087	-11.663817968498137	4.06043065909993	18.52088003788917	1.8866117536174212	33.05461711174397	-4.072726910726714	15.221493451922969	33.35032536965566	13.500667659350782	-11.960620099115681	-8.503067217972292	-103.54680522881144	-86.83924924947412	-99.48637456971153	-68.31836921158498	2.884887273460149	78.62701367667101	-4.474290321890633	66.86474618055142	-105.44571323405562	-86.15149287140595	-72.09538786439995	-72.65082521205518
4.85	1.2765270451703734	-11.493204517896478	3.9480804549662025	18.5543936462495	1.8571748494119558	33.07512178860779	-4.211332672582737	15.128187902471977	33.49172039045782	13.55301186497758	-12.211134519401774	-8.369232334556067	-103.4876615645721	-86.87602781665957	-99.53958110960592	-68.32163417041008	2.8746160209411293	78.60324404098209	-4.622755940003903	66.98583771466538	-105.60808863160058	-86.26856805654586	-72.11636824114274	-72.71555619156828
4.866666666666666	1.17656265254483	-11.39246741598956	3.915278339908044	18.58037484216046	1.8906358461453185	33.13789653177842	-4.3062292361318795	15.070629636473521	33.57477032438566	13.621711874690932	-12.29014831600825	-8.277014201161917	-103.46671096855303	-86.88454678517235	-99.55143262864502	-68.30417194301188	2.8673131479562564	78.55793152520963	-4.79767246651674	67.07535571557061	-105.74829771092219	-86.37143883831678	-72.1735273865365	-72.74972696362583
4.883333333333333	1.2832551225041933	-11.411823919578083	4.008344298814964	18.58074582464633	1.996056964396984	33.208723891718606	-4.348893532918148	15.0569458617551	33.587778350530606	13.689404777244533	-12.230952740046988	-8.285766380638986	-103.51420786255113	-86.87394246106089	-99.5058635637362	-68.29319663641455	2.8632133557479302	78.49807947186676	-4.929253606138083	67.08100837553313	-105.85081406105132	-86.44497466637806	-72.2630357105207	-72.7555698891335
4.9	1.4865346797092192	-11.40813230310934	4.1586680823311	18.56922370796607	2.125785029673453	33.288168813710016	-4.355044752251838	15.064842221877907	33.550206713805686	13.753202838911651	-12.117180146177109	-8.26001897059407	-103.60371482588629	-86.85188666748472	-99.44504674355522	-68.28266295951865	2.8615448763554436	78.42916822677128	-4.99827963537699	67.04989156463203	-105.9258765254805	-86.50598955135074	-72.37566981167478	-72.75278671243906
4.916666666666667	1.6972121612045916	-11.242059803954161	4.274985582182963	18.587893410965886	2.2188717608791086	33.38499874062215	-4.362907183842733	15.081570349075294	33.503961934050906	13.75883841369451	-11.994209124785817	-8.08026193898445	-103.69142128599037	-86.83820213503026	-99.41643570380744	-68.25030872406438	2.86132058530746	78.36469253531341	-5.017678405392844	67.04265737075326	-105.99821464852928	-86.55373711561123	-72.49425271447834	-72.79489870191671
4.933333333333334	1.9077183269068836	-10.996188438818628	4.349079815538376	18.67101297568926	2.2707413005602084	33.48962924943731	-4.388129985124992	15.121320310351697	33.45835001293915	13.6289414424817	-11.853239306663415	-7.860191283662712	-103.76095763357026	-86.86400284484404	-99.41187781803193	-68.19298986915481	2.861719308364129	78.31738088140783	-5.006926525720726	67.03952929338195	-106.07074910371712	-86.56129880824041	-72.61239909077794	-72.93235736575869
4.95	2.126432588271719	-10.826035314646681	4.408516169410272	18.806605632084853	2.32826189447891	33.59946411778573	-4.396965537728564	15.203647944861709	33.39259921714866	13.380283190247003	-11.68239797980248	-7.761753122088646	-103.80883056807414	-86.9357178074419	-99.40031439866392	-68.1291121753571	2.8621977912972705	78.27142370685712	-5.003468567261591	67.00226462123148	-106.12554183087138	-86.5249283482811	-72.73294261372271	-73.14464515803408
4.966666666666667	2.314669987236502	-10.732908289582456	4.439486336864805	18.947467981764966	2.418281046553664	33.72690878897919	-4.361384536048678	15.322051274522732	33.32056909886975	13.143484969967279	-11.51027095253718	-7.757203131830772	-103.82494093977363	-87.02429484224825	-99.38545460290884	-68.07682686048334	2.862468284716136	78.19626435053742	-5.054898690103565	66.95501027385515	-106.1651201855112	-86.48168437493977	-72.84455108664143	-73.33819940497249
4.983333333333333	2.4236309774877474	-10.67738642446743	4.435358532072694	19.047298329413817	2.5237433476822035	33.857318471816086	-4.308247066452773	15.453146212121935	33.29605208651912	13.018596915181389	-11.395352206049894	-7.774734281212303	-103.8189831835376	-87.09734785674482	-99.38362465146488	-68.05004952733104	2.862439531153241	78.09263200085282	-5.1794798983360275	66.93514635178566	-106.21561506559989	-86.45422178702518	-72.91956297908077	-73.43562487184377
5.0	2.4417369364733115	-10.733710810042828	4.446455335654749	19.081108248926203	2.618364840223612	33.94075358344968	-4.289823826577741	15.591643399235913	33.35944193166141	12.971896990414724	-11.390223141371758	-7.877935057933269	-103.83196007784503	-87.14422424789039	-99.38550474219025	-68.06311599896422	2.8621771069840687	77.99613041758604	-5.340909665013599	66.93316044729146	-106.29369340899162	-86.41222618317796	-72.93425147733024	-73.44032919276322
5.016666666666667	2.383028709797316	-10.916966036268178	4.501164578525534	19.06059796173245	2.6775533487304775	33.95418079175518	-4.325099378579295	15.739230161293104	33.499688266274696	12.916979086033614	-11.506225892451274	-8.089026578698968	-103.88925460224854	-87.17206054243074	-99.388090023723	-68.11146258069832	2.8619027108636805	77.93435662754645	-5.472209191970883	66.93019779474434	-106.39074275103275	-86.32641321116039	-72.8910544847581	-73.40943412512674
5.033333333333333	2.2666123473718125	-11.065082224117793	4.540102514260794	19.036056188285364	2.6795526648777597	33.94350984145129	-4.373285743125538	15.87751664228049	33.64516276041566	12.820204546751635	-11.69553903231591	-8.259230101256549	-103.96215137968767	-87.1941478771387	-99.42204886542687	-68.15809168885336	2.8620208961024067	77.89839846969528	-5.524406140419857	66.9342828942122	-106.47488727343016	-86.22408488802417	-72.82972451301453	-73.4038803412725
5.05	2.1080075083839063	-11.09280638169008	4.491815534729927	19.063860252791027	2.632293800546916	33.97571001023196	-4.373158401741387	15.981765421168763	33.70253358092873	12.692388883938872	-11.889568590625704	-8.319010989075746	-103.99757609900955	-87.22620460738561	-99.50576056427963	-68.16234435459461	2.863131789957635	77.86194563517336	-5.4860666720139815	66.93078493399065	-106.51121276656794	-86.15628894365781	-72.80867918563922	-73.46390005971891
5.066666666666666	1.9166226789170873	-11.152812823899614	4.365177741784608	19.168150083080697	2.578366681570792	34.06700230154021	-4.311249275017014	16.031177090122053	33.631181523549344	12.556991747992942	-12.053639087752712	-8.437411311896089	-103.97026176666974	-87.28459848799642	-99.60508402488514	-68.11644840491574	2.8659573295069034	77.81654929354397	-5.37734828118665	66.85276312185357	-106.49469998147298	-86.1522736163339	-72.86351845792362	-73.59528186834095
5.083333333333333	1.7114015902993753	-11.383441048333806	4.211129400453547	19.334832140945934	2.55392494080293	34.189171557901936	-4.22218975651929	16.007382646488736	33.459137347529456	12.455358303568826	-12.176531835232232	-8.759830597258796	-103.88793342553157	-87.37638954892495	-99.67680402507801	-68.04155740797901	2.8710816778142743	77.76927103411896	-5.24795632075993	66.66753999517195	-106.45291872240028	-86.22334631939223	-72.99378137487079	-73.7679880158234
5.1	1.5307269479601837	-11.685331165333816	4.039189790850566	19.53530947444171	2.5501583033992583	34.32094472827321	-4.1440014600200765	15.917921367510628	33.23326765946207	12.419954413768453	-12.235840894869055	-9.17723226688025	-103.7665678428292	-87.49190110154639	-99.72737805197863	-67.95659162710469	2.8784013871824286	77.72246364462201	-5.157696281806155	66.43743608578244	-106.42153781539801	-86.35961498786729	-73.18827015593592	-73.93966057409884
5.116666666666666	1.4232481753174624	-11.874659816246275	3.848334472725737	19.743481396682682	2.534001373925278	34.44899725734515	-4.116012241404096	15.808728015108745	33.00736232003651	12.434774886927288	-12.211507213030968	-9.489566245131787	-103.6347553883484	-87.61490642888546	-99.78642091562267	-67.8714250322028	2.8866796380734954	77.67957771045197	-5.135160144568673	66.23772611502767	-106.43643453095206	-86.51169427443921	-73.42907221091554	-74.07691938751192
5.133333333333333	1.4212371005350826	-11.909464379464291	3.6918300336358056	19.92714127494272	2.503799253003518	34.55039046123435	-4.173548504188374	15.742764554432547	32.85796982293842	12.453263444724179	-12.121841283261345	-9.64126279633681	-103.54307838379638	-87.73179841687246	-99.8512483501606	-67.80465714192975	2.894159842867877	77.6449523968358	-5.17364068679849	66.08459569879354	-106.52859610735248	-86.61228304873157	-73.67062628441407	-74.15901960400738
5.15	1.496493988411144	-11.853878063657822	3.6231232714350723	20.05361454384482	2.4986012536420805	34.624936532495234	-4.3035984896234885	15.773182513775671	32.84813050766187	12.436921641769604	-12.027216128502175	-9.681744174127743	-103.52371011691328	-87.82786611046987	-99.90058684547823	-67.77425156662505	2.8999537680059664	77.60081190087962	-5.267634124175242	65.98669835361626	-106.70278658874376	-86.62600558534461	-73.85465608108191	-74.18908394357501
5.166666666666667	1.58373498483485	-11.731121999627307	3.6280675996265987	20.118587164854475	2.558932818807481	34.71587781060841	-4.442018563537066	15.920586643546798	32.9738175663504	12.377820791029551	-11.97321921671853	-9.621650774607648	-103.55695420155334	-87.89052877498028	-99.92888660192678	-67.77194161012581	2.90459609305592	77.51218057926569	-5.41945375606815	65.98558869364709	-106.92983798427127	-86.56723277718743	-73.95602041792088	-74.18941198615786
5.183333333333334	1.662061102134138	-11.54958814555305	3.666785604347216	20.13780327645536	2.692469562695204	34.84987443051149	-4.535558654756226	16.157793321422027	33.16879448469741	12.300553718184796	-11.941313886641382	-9.466575938620453	-103.60337498877547	-87.91698779306734	-99.9365893844283	-67.77918451661198	2.9094242888500625	77.37094105287645	-5.612739890236973	66.08417632458826	-107.16461760187968	-86.47126562570145	-73.99582311718225	-74.17071190751663
5.2	1.7565192677324761	-11.39429704553356	3.7207355517483824	20.113355314243062	2.8621026793854534	34.98459036562123	-4.584468527499859	16.41803894523824	33.35449581776656	12.233903556628587	-11.884850059912763	-9.305798449437729	-103.6413693276452	-87.91150140390408	-99.92063377589686	-67.79814608966103	2.915641936554624	77.21726354471765	-5.80458428528001	66.19566434899389	-107.36720498278213	-86.36469751004402	-74.01270916501552	-74.13079395341543
5.216666666666667	1.8905990234957488	-11.312381174220356	3.7764015150262167	20.039385201882386	3.009803047081652	35.06098085713535	-4.608008408853518	16.636942765229207	33.46913452376489	12.18263377313439	-11.776832709700715	-9.19161878421931	-103.66743173319642	-87.87923760999887	-99.89103021817023	-67.8398524081165	2.9233610724662946	77.09916673474808	-5.94635372603581	66.22398081466888	-107.50884167410538	-86.26389050002264	-74.03970715034045	-74.08125672688826
5.233333333333333	2.0636802831163026	-11.185501663690689	3.816735727107703	19.926876523350032	3.10230816732842	35.07538730933671	-4.60403083502574	16.78506147786606	33.48713215540213	12.139575417183298	-11.625166367501668	-9.011409968542708	-103.68884665061793	-87.82590830485194	-99.87211092351023	-67.89903178150195	2.9308206130911065	77.0255809091613	-6.011484291032331	66.15262774657572	-107.5784499258644	-86.18935761297257	-74.09131777046223	-74.04978219578928
5.25	2.231457398157846	-10.923819871906165	3.839381085062511	19.80512790213623	3.139946071371675	35.060817373250316	-4.577967729854051	16.847539614278585	33.446845503435476	12.127273903263212	-11.488102647493093	-8.68825543275219	-103.7195600456509	-87.76443556084595	-99.8801789605884	-67.95930765870978	2.934804647645978	76.9798749680399	-6.002047471551212	66.0186329985302	-107.59809276181413	-86.17258541768145	-74.15124725837862	-74.04531151441824
5.266666666666667	2.328854961168895	-10.674083017479141	3.8621908006706667	19.708959113403957	3.1372443172983773	35.03758197475828	-4.563826234124753	16.812095357477105	33.41648466923551	12.197626814231763	-11.441208103072015	-8.390576736993436	-103.77006306424084	-87.71649371951423	-99.90787226357021	-68.00753460611033	2.9331840544294665	76.95488341913138	-5.937465884496609	65.85441468171642	-107.60894281499334	-86.23302122339146	-74.19245814575783	-74.0353944091597
5.283333333333333	2.3371020515338374	-10.609669785756786	3.9006494636382945	19.66104419967149	3.120440817238449	35.02136295829055	-4.5730088612524264	16.703552763057594	33.41469831438655	12.371409132694374	-11.498771916617224	-8.305016348888945	-103.83587396815099	-87.69534656313209	-99.93522450451273	-68.03430236346065	2.9282381152661348	76.94433467824878	-5.848629127179957	65.69704798363159	-107.6286741830036	-86.35211255869359	-74.21397586861707	-73.9807034259992
5.3	2.3069741506441908	-10.664915601906502	3.947081787560818	19.66400733619306	3.126063740220863	35.045651424659795	-4.559021311376123	16.590931530779194	33.39030493928127	12.603809002647	-11.590524109888747	-8.359751726632746	-103.89749826053288	-87.69483612472618	-99.9504164729721	-68.03082878853317	2.926754230569797	76.92351978680699	-5.762000128408751	65.60337565925141	-107.63550152456905	-86.48554868241376	-74.24519658528781	-73.88173967976674
5.316666666666666	2.3127285099007424	-10.701742121483688	4.006154867077774	19.719307667197505	3.1908239484085206	35.136128050346414	-4.467746207375242	16.542765090437797	33.27991128750503	12.816379259896467	-11.630852645009256	-8.413171974575521	-103.94358115490996	-87.71142985309176	-99.93742628783222	-67.99212218589432	2.934958208725698	76.87174976375921	-5.67963533271135	65.59618406124439	-107.59599644361592	-86.58548514580292	-74.31608515611096	-73.76910588590644
5.333333333333333	2.3723505589410436	-10.749418243951645	4.127199255574647	19.84409765733567	3.339890478494328	35.283238547649376	-4.300285465995692	16.593057136935688	33.085693942463195	12.947754704983987	-11.617207904540486	-8.512527040039151	-103.98955846348152	-87.76310879608742	-99.86235920790689	-67.91901113875181	2.952182485852129	76.79775031359874	-5.597093651296006	65.62446183595918	-107.50253515239685	-86.6091925494655	-74.41684120993372	-73.66143784448151
5.35	2.4071989069625053	-10.845805454141722	4.332490178850134	20.05620950417716	3.5666413346511625	35.473997611518804	-4.096250730496663	16.744685651816955	32.89505127262351	12.97352713757675	-11.643718878385863	-8.713086287949478	-104.05091778534835	-87.86728083380767	-99.71842760649825	-67.81107132963056	2.967565221059955	76.71493105885054	-5.5383016339435285	65.63641875993082	-107.38131967164603	-86.54038328933242	-74.48626839902256	-73.56685615175567
5.366666666666666	2.318824093400428	-10.858921704056751	4.551696592594431	20.342911684146372	3.8238962073569174	35.716809548253906	-3.8850940740541575	16.978404934608445	32.82029179459633	12.894665192892756	-11.794728780066071	-8.8707763281782	-104.11355287346646	-88.01185462412136	-99.56185628087208	-67.66894293997504	2.959678217129187	76.61424751177096	-5.54575592940876	65.6456866301714	-107.27084656228311	-86.40734755362053	-74.45055476768682	-73.51268236072777
5.383333333333333	2.1142673983862665	-10.715687142355211	4.691327021212968	20.65014638997032	4.043614090914844	35.99298888235968	-3.6935730210942315	17.238369100584627	32.91858151146942	12.751675723865667	-12.039705413927452	-8.879104531981435	-104.15397281231367	-88.16341738962613	-99.46264579110073	-67.51327099965587	2.898973764590559	76.49374011798434	-5.634785334151733	65.65576158416144	-107.19983290310978	-86.26789078143095	-74.2812513916404	-73.51621505756526
5.4	1.907829158525951	-10.587883038225245	4.723894998886822	20.916687129477268	4.173187898931668	36.23711354103237	-3.5650613973950684	17.43473901241757	33.15557339912069	12.652474588685633	-12.258174309479699	-8.882752994720628	-104.16600346800558	-88.2948699564953	-99.44210846911878	-67.3781828270181	2.756102942741369	76.38470363194946	-5.784832832865516	65.60708703240104	-107.1803577654455	-86.1805573556329	-74.02478436632485	-73.52808276694724
5.416666666666667	1.7970365684800327	-10.627322902714521	4.665294625358346	21.113882600284484	4.198482702008997	36.40717638837322	-3.5339762065780307	17.513751723492035	33.45103399631293	12.696561391937987	-12.355502096999606	-9.01975585675607	-104.15253866547955	-88.39243295404148	-99.48724404012123	-67.27855035375703	2.515460336494589	76.31427325786969	-5.970994012322758	65.47903416601912	-107.21970294870826	-86.17197501863822	-73.76866895239536	-73.47541362670019
5.433333333333334	1.7848873908280285	-10.726438072282717	4.515919413741429	21.237395369819502	4.1286818622956405	36.51516208307595	-3.60748332728669	17.506974624526027	33.759501600687464	12.86016168426952	-12.328630870310672	-9.174952068719191	-104.11351826113861	-88.44851399643642	-99.59759884739721	-67.21111862661694	2.183094600614934	76.27371929030707	-6.164866320844037	65.33993373201854	-107.33376403697955	-86.21930608516686	-73.57426243629209	-73.35914440089726
5.45	1.8168005949414907	-10.729804590942894	4.282253122279129	21.294492566389817	3.9809609720587957	36.579157744906404	-3.7706684636467807	17.4749533072764	34.068883825519364	13.038148358001074	-12.239061913522718	-9.199709770670202	-104.05586250846413	-88.46990517972725	-99.77360938618503	-67.17541261333746	1.7813199459229598	76.2454296417561	-6.320304315923414	65.23255603298504	-107.52523882189061	-86.27961705096746	-73.45635499637125	-73.24146869296631
5.466666666666667	1.8497088247202602	-10.675133633200243	4.027640081699207	21.321062047842595	3.7970705308849664	36.609475235232416	-3.9710955468836215	17.444748841774274	34.33275105533673	13.165920293424973	-12.1534079098076	-9.15926762952407	-104.00311673452781	-88.48413399632375	-99.9754766528286	-67.16307194848119	1.3389812915098895	76.22745281628636	-6.407814894701963	65.11251536615084	-107.74364273059722	-86.32779834193933	-73.41089167526047	-73.1618780485143
5.483333333333333	1.8842165008173584	-10.632469424597843	3.845094060491137	21.367552167762216	3.648657307644556	36.636884867237704	-4.116170739577374	17.42690180679472	34.473369171997845	13.22716560415213	-12.097975673315018	-9.148892146408183	-103.98219217413235	-88.51642272181024	-100.13709811364119	-67.14887055404806	0.8886126039524069	76.21424457871419	-6.4494731686656745	64.95965569499268	-107.90192616086316	-86.35885361449105	-73.4285569888653	-73.13168801033888
5.5	1.9433978927313256	-10.51370533319194	3.788152202941501	21.449379999450326	3.6034403094220044	36.69881019116942	-4.130565488116602	17.442675672139597	34.45179763327456	13.204634132280933	-12.058858457751178	-9.08181959843588	-104.0022563504825	-88.56811426524384	-100.21410414754097	-67.11873426579355	0.47042396593282454	76.18245554303698	-6.481178625483786	64.85147155965011	-107.9481099450796	-86.37486878482338	-73.49631231180503	-73.17023465254242
5.516666666666667	2.030220301087788	-10.246214860909888	3.8617609273319067	21.534546852877934	3.6853831493258804	36.786860417188	-4.017046935490414	17.499473697332498	34.281301058587616	13.11406834444355	-12.026170757220488	-8.873914576902093	-104.05639105830828	-88.62769971599211	-100.19463013097635	-67.09315286311421	0.1370279591926984	76.11998671969774	-6.500231544981818	64.84694460794604	-107.89706021579264	-86.38053958296972	-73.615759157205	-73.26647123852614
5.533333333333333	2.122541755768822	-9.951848708267727	4.048587570954494	21.584418366565828	3.8678020464003136	36.85271020638805	-3.841172303405562	17.57372112455834	33.9923122491634	13.043064826261759	-12.01451310847152	-8.639826208131687	-104.13705486424034	-88.68797749986388	-100.08846729328583	-67.10355913329808	-0.048603039618581034	76.04373066031381	-6.484087138657566	64.89090540342656	-107.79744164309167	-86.38254821512781	-73.80512939392828	-73.339483388866
5.55	2.2004982955013346	-9.76325651742677	4.289155077544396	21.590210365547343	4.094087820669487	36.88012425363656	-3.6644920337578983	17.64963067607446	33.63867047812709	13.073858017513393	-12.029082809463613	-8.507856477427605	-104.22958110496494	-88.74459996000076	-99.94042602742053	-67.15438959445345	-0.026292649443721228	75.96548615190994	-6.435251157789845	64.9117346727741	-107.69900588184788	-86.38488317201558	-74.06033540372079	-73.31102515450213
5.566666666666666	2.254842808842394	-9.628229314786317	4.472488899812482	21.55628929225716	4.29898472387313	36.89611042158868	-3.511348890941506	17.74012900838073	33.30973367799704	13.190955121846933	-12.044308395687239	-8.414055214045085	-104.29915120452961	-88.7858258992587	-99.82666230471712	-67.22953660700158	0.24138921084827092	75.8743529714097	-6.37645774230652	64.92274772818504	-107.63699591953173	-86.38551802020956	-74.32726224153468	-73.19456289836258
5.583333333333333	2.269554264892844	-9.480210753413413	4.514216626468523	21.472008895211	4.433020942130384	36.91090282115058	-3.385943785776724	17.84908891662895	33.0832143938322	13.31223505468218	-12.041901727540584	-8.271577135569126	-104.31145599243338	-88.79136638215566	-99.79723936596486	-67.3193574869447	0.7430374981284907	75.7697396919047	-6.319480564656865	64.96232534021858	-107.61620409387196	-86.38117139146635	-74.53298970003975	-73.06893633678413
5.6	2.2230209583783083	-9.416682726506286	4.428084100420185	21.34077704328888	4.488019760682386	36.916458379780096	-3.2947200029634	17.95302121048223	32.982793901225165	13.385416983578606	-12.043017634096852	-8.166975642752437	-104.2660385924751	-88.7502929162461	-99.83795449205492	-67.40951587295726	1.3886828029691596	75.67402574726263	-6.25990932660866	65.01188730520306	-107.6206942557007	-86.37295304225515	-74.63790035447555	-72.98753605867651
5.616666666666666	2.1174616814817706	-9.511276417248014	4.284092651582203	21.20922862706361	4.490093770856687	36.92965484606407	-3.242184149568632	18.033101688830634	32.99343592126037	13.403936925559137	-12.07358065176748	-8.187893650771299	-104.19104233324919	-88.67661723352323	-99.90694968166699	-67.46738860645965	2.0157158421889134	75.60295654747625	-6.1998459093177685	65.03355224216034	-107.63922760209232	-86.3639417636931	-74.64579168083195	-72.96000483813395
5.633333333333333	1.990191363090258	-9.640496625444966	4.137051210580812	21.124834696961972	4.471590079138606	36.97329396836553	-3.2177515763890816	18.093271000444624	33.0839589776585	13.359766512406404	-12.123435408356869	-8.240202994046335	-104.11362677144706	-88.59970636860133	-99.97657556086625	-67.47487167163936	2.457169008117788	75.55183435999507	-6.159553398263939	65.04035024785587	-107.66591721639395	-86.35489463956029	-74.58195823873547	-72.99512812715388
5.65	1.891227114251472	-9.679797634653738	4.033900971147185	21.099210008531347	4.466560292309825	37.03661466359799	-3.2083953639973286	18.141267921468657	33.21056384313018	13.258155154913364	-12.164815144194671	-8.231094559195887	-104.05604225844608	-88.5512969245421	-100.0221412872989	-67.45208691601076	2.6128834430658134	75.5112984203912	-6.151080729481469	65.06938907753594	-107.69709694360606	-86.3474336581401	-74.4865331004759	-73.08927850322674
5.666666666666667	1.8518401195254586	-9.689189279489579	4.025608396264545	21.130820872497562	4.5053793273773195	37.09188690463601	-3.2159940817015693	18.17156971180832	33.32756807142623	13.158915783068538	-12.189498892718595	-8.249233190707958	-104.041339012244	-88.56004391121833	-100.01573061597946	-67.42922303872076	2.4647996428035057	75.47889005664317	-6.156640519223335	65.11251970273426	-107.73710402505834	-86.34954023154847	-74.40953595363214	-73.19062444847994
5.683333333333334	1.8671612695007416	-9.74084684884637	4.113803550381315	21.2157173876761	4.580919005427599	37.12780569347068	-3.253414915414362	18.170331514049412	33.42767621107341	13.135012208324374	-12.210082347237925	-8.373117614836747	-104.07724361673863	-88.63227076599033	-99.96344006635732	-67.41655337831422	2.069386892207423	75.45564092821503	-6.159247704498249	65.1283996386266	-107.79777398719926	-86.3740275577355	-74.37009777612587	-73.23901534941113
5.7	1.8971773859876244	-9.749447452010623	4.231220292249708	21.331517735009918	4.6493345239612225	37.15293832288269	-3.3263009607571714	18.128772925885674	33.5576802590124	13.202083944868415	-12.246954125830023	-8.49027260766701	-104.14413151181762	-88.74082515565634	-99.9129112195679	-67.40930742064643	1.5633986475048465	75.43775425647081	-6.1729937494578	65.0979517088585	-107.8885467042863	-86.43347281764346	-74.3308664452739	-73.23138887277506
5.716666666666667	1.897549171717031	-9.655772885405742	4.324400082857714	21.453252223252754	4.6981430628355865	37.18374022384617	-3.4079870621554087	18.047573258976882	33.74466129748914	13.333539126808867	-12.314161326053279	-8.510738362560508	-104.21171049777028	-88.85496547715472	-99.88731041491255	-67.40171325390197	1.1374594973654393	75.41454652225177	-6.212820750317003	65.02283570852089	-107.99344053990356	-86.53788021877128	-74.24877924241443	-73.20434109196242
5.733333333333333	1.8809072440198755	-9.60029798273561	4.42022681672101	21.580203779715276	4.782164310972865	37.241288181407185	-3.4425138236741457	17.939542780146677	33.93600380475857	13.508025257209097	-12.383020312083106	-8.565078631398544	-104.26392755610296	-88.9647806486629	-99.84370073938193	-67.38457686894762	0.9440933622833635	75.3741349496451	-6.261022521497049	64.89810392785937	-108.06837887402894	-86.68632227020814	-74.13237506927038	-73.17829701299905
5.75	1.91496563244072	-9.71176862492986	4.558130261681711	21.717367240209438	4.948046350109655	37.345371355349236	-3.3876179508296898	17.835497385102265	34.05427250531888	13.687644633447217	-12.38587723685732	-8.77452346751605	-104.30084286929801	-89.06275484258616	-99.7427126076163	-67.34538760237672	1.0172981275963124	75.30924104227394	-6.292772385107715	64.72615716216121	-108.07837690855563	-86.85526157262369	-74.02410440323678	-73.1676169391765
5.766666666666667	2.0361125951575154	-9.887537623693536	4.704232872358728	21.849037821123762	5.153843032924446	37.492199707889164	-3.2490219193774155	17.77068499959174	34.064180499220235	13.799810572760872	-12.290890611990521	-9.020989104641881	-104.327003207148	-89.13345148094831	-99.62277033478928	-67.28441365982457	1.2808972027772358	75.22338663228616	-6.310498715253511	64.53843569781064	-108.02563528709112	-87.00592836812199	-73.96145478787092	-73.20611779536114
5.783333333333333	2.2064356315824263	-9.98711367709004	4.8025305435300565	21.963543247547225	5.316950930280144	37.6532067021412	-3.075429435057227	17.767603812832387	33.96957269033721	13.79194830032054	-12.145780551832976	-9.164086792661546	-104.35221618341535	-89.17697311557146	-99.54968563988531	-67.21342986802428	1.6106061318009721	75.13336342983443	-6.334937855575716	64.37380535121449	-107.94206600522267	-87.09903275733308	-73.9724933148855	-73.30708445701256
5.8	2.3438963695186974	-10.067543048111654	4.859427792776853	22.086387977492446	5.411147786852916	37.80814450629551	-2.9212632329315196	17.838580327667405	33.79222491724395	13.679119484028927	-12.045619310622008	-9.287022193525345	-104.38951568014066	-89.21947914541364	-99.5300878873638	-67.13309116792124	1.889516015477088	75.05876432578316	-6.3818911845525905	64.23781949124492	-107.86249890714825	-87.10265534654934	-74.07027398990431	-73.42353586252045
5.816666666666666	2.362107735986242	-10.214420642605765	4.906896176960386	22.251487617269035	5.4647852783094875	37.95777874542636	-2.801881680232183	17.97738832167254	33.55814961317863	13.526518682775551	-12.073409793750525	-9.5015361455343	-104.43551752973673	-89.28711550292849	-99.52862135277634	-67.03562788565948	2.05126713020722	75.00659336891407	-6.45544540005315	64.098941310466	-107.79528831131802	-87.01601830941331	-74.23713869813938	-73.4894996266378
5.833333333333333	2.217347588944057	-10.335784023850406	4.9349861711496645	22.447623344197844	5.4965776042684364	38.096606945503126	-2.693201308696929	18.137966347742665	33.30218112252797	13.408799310359573	-12.250663771082337	-9.716403215690288	-104.46801136002637	-89.38061919183983	-99.53302518887669	-66.932995847642	2.11350333508858	74.97039720685478	-6.545094898690613	63.92594889092973	-107.72280410184206	-86.89163644540248	-74.42062297931407	-73.48283713504294
5.85	1.9772561908380952	-10.328877568829867	4.930707765514563	22.61864714978379	5.510303125641043	38.19640047343285	-2.5852248307136723	18.247298424728015	33.096246370680404	13.38957409821619	-12.499634274518437	-9.807610070663818	-104.47689046535652	-89.47873250183387	-99.54618269984195	-66.86008535205012	1.3557721636663544	74.94351417451695	-6.623305376107619	63.715018412580115	-107.64171065619666	-86.80918740075498	-74.54546428551622	-73.4196133025388
5.866666666666666	1.816788097534682	-10.263438183693214	4.93265693690018	22.70826282559718	5.534258385764955	38.233644706082636	-2.5058999337024432	18.26195722781154	33.03641701617524	13.494732895250396	-12.661287820830951	-9.817733670438164	-104.4780759183656	-89.55429548674486	-99.54541898146546	-66.84603266114773	0.5816932289063462	74.92032263276955	-6.666442533823724	63.48909236885394	-107.58557730093284	-86.81772013941884	-74.54916028475755	-73.32298724416846
5.883333333333333	1.8613866476867282	-10.25986293345445	4.986372489169139	22.701367410776818	5.606480545351868	38.222880442384294	-2.477152620916435	18.2007458998882	33.16364854428436	13.694101009129463	-12.630827036739406	-9.850671642455813	-104.49221368442609	-89.59080870900128	-99.505841195257	-66.88944129822451	0.2796372769665856	74.88767825939111	-6.679850859724609	63.28750302801968	-107.58947436152529	-86.91157584072063	-74.42582581724089	-73.21747483159118
5.9	2.05968195184505	-10.340599222410445	5.081217853039752	22.625956828717243	5.716297696698284	38.20185340186804	-2.484345030826036	18.105215059834414	33.412763407997836	13.939971769037315	-12.468149808188855	-9.92761425295205	-104.52783176003386	-89.58701503054154	-99.44661390699414	-66.96105820182434	0.03989571491809785	74.83708839630754	-6.678320953664062	63.151177653999696	-107.64725663451846	-87.05769654385799	-74.2344932265206	-73.11772477482069
5.916666666666667	2.2696040339913806	-10.462985744185627	5.170664132186087	22.50697163281752	5.805171728556712	38.18056502132319	-2.508064115318437	17.997455009548563	33.67566638020501	14.187740625153785	-12.312541382522808	-10.006045368564735	-104.58214541651414	-89.54305962437904	-99.41148128432808	-67.03608799156156	-0.1114184793680768	74.78334698711515	-6.648176788967853	63.10498173056538	-107.72471712820321	-87.21919800333622	-74.0490507479982	-73.03145737818244
5.933333333333334	2.403895981732589	-10.569172939401703	5.229258423205765	22.34577077024069	5.834319204818387	38.135633684598844	-2.5477370526766485	17.895337180722418	33.89394660046953	14.369354006119362	-12.241662872790705	-10.029929661179432	-104.64555885452323	-89.46075672177766	-99.41630043131748	-67.114985951537	-0.18483270332267554	74.74938036386403	-6.556059168336563	63.144930280670316	-107.7983566888125	-87.35528245541346	-73.90441008834298	-72.9859284492941
5.95	2.429492184916664	-10.574998170589977	5.246417995924975	22.160519697397625	5.809280496778866	38.06249001361792	-2.5961029706604197	17.827144533654483	34.053648876746145	14.41424254904313	-12.268014190345513	-9.933396730485718	-104.69750637526212	-89.35839855989569	-99.45108837933714	-67.19787886249807	-0.2061881441402138	74.73963112388388	-6.396978474517595	63.2479698414096	-107.85647184677642	-87.43322434246154	-73.80282297003029	-73.0189817934184
5.966666666666667	2.32615326746937	-10.413150620553644	5.189686354236355	22.004721802402685	5.73124330363093	37.98660305541932	-2.6341661754343213	17.804596119009904	34.14139530438549	14.30701629989986	-12.381954965788955	-9.680934550189884	-104.70810823325827	-89.2677839296362	-99.51842187902191	-67.26306212723351	-0.20029124042252944	74.75033481734705	-6.2203230769753395	63.3965744192419	-107.88383135808715	-87.44506906364296	-73.74243605370168	-73.13805276374309
5.983333333333333	2.147427569162349	-10.127620477697068	5.045007038006157	21.932079033554334	5.587729317966333	37.92535839825921	-2.6651765718419105	17.805542422845082	34.160196973245476	14.108939931278016	-12.52141897312798	-9.34590993524269	-104.66884654229028	-89.21828945754558	-99.62383950428413	-67.28621042399124	-0.18473542799569787	74.78843117774946	-6.099922842470985	63.57783040854516	-107.87674539409235	-87.40602639940539	-73.71654842084689	-73.29708646812736
6.0	2.029387328705935	-9.866831403837564	4.874254031612855	21.956189977308142	5.407836092972594	37.8823200011801	-2.7171720097254775	17.795872478764903	34.16280753676287	13.93291022320859	-12.58254199763013	-9.086212767661413	-104.61192932633602	-89.21938136382381	-99.73767529472319	-67.26319138651567	-0.16938971265730163	74.85448861230417	-6.081544615473161	63.76103007310445	-107.86268339742124	-87.34963890893087	-73.69987586065835	-73.41672868572228
6.016666666666667	2.0468720425946367	-9.7222103789062	4.749632711648152	22.041017432754522	5.258644522654942	37.86702070481923	-2.802949098679008	17.761257315945187	34.23133362081434	13.870499688671854	-12.524243750376787	-8.976334710819712	-104.5711157929714	-89.25412433191347	-99.82148308132324	-67.21310689915894	-0.1582718865330397	74.91987239602177	-6.159503259293557	63.90922577040398	-107.88307670265718	-87.318870288033	-73.65174308184281	-73.44837059936116
6.033333333333333	2.130292057997109	-9.622811535435046	4.659126788834408	22.130740272961773	5.1778600348009025	37.8922492830568	-2.897374685112716	17.723342896547248	34.40605650485863	13.918309294693074	-12.409461903745997	-8.919789733049633	-104.53975396174309	-89.29697819761455	-99.88062717290865	-67.16623792465276	-0.15190066505855948	74.9415127922904	-6.286571793184316	64.0134664523391	-107.95586189282226	-87.33514431116234	-73.5498053879636	-73.41683501646926
6.05	2.1611114210421074	-9.479192643052523	4.566879824325566	22.18621459477174	5.168548548087696	37.954413969545435	-2.9593948494468263	17.723279425812695	34.63466061213765	14.00583213219545	-12.337636626389289	-8.811410039472355	-104.49874804743136	-89.33221739641981	-99.93186822310577	-67.14600280164804	-0.14921073207318947	74.89958322880646	-6.403184301019759	64.08279167152683	-108.05981162064029	-87.37713734538082	-73.42515100850261	-73.37130521318538
6.066666666666666	2.0748926840397997	-9.352483412946457	4.517208934302762	22.2009742923097	5.245159927583283	38.03538575510585	-2.9640612514941327	17.785141562714447	34.80609615751817	14.08194217086959	-12.386057567078995	-8.70697319454961	-104.46095025111875	-89.35448978160312	-99.94374131681596	-67.1535154892934	-0.1487703371095499	74.81109875560067	-6.475099455583494	64.11396988363178	-108.1529624958934	-87.40375968168486	-73.3468663383752	-73.32181751081528
6.083333333333333	1.8634958462969777	-9.34749950262845	4.573510275381498	22.20097360136443	5.416192058168011	38.127538713626414	-2.9145117223055115	17.905935716310875	34.84553510979278	14.11480390053759	-12.584927138436893	-8.712039157886826	-104.44842298473381	-89.36453965525834	-99.87491270935229	-67.1635660538939	-0.1493819585105911	74.70889523247959	-6.509666555857357	64.10686837196147	-108.20561648982587	-87.3851690512095	-73.36008138003304	-73.2703651506719
6.1	1.550944569223225	-9.43675978320952	4.701901367629236	22.220889857637665	5.633457015433329	38.23482212570884	-2.837140384235348	18.069241916518575	34.76929308764844	14.056371951943898	-12.898273735212925	-8.80360146737855	-104.44921830443609	-89.36684168416899	-99.74731693680684	-67.14595182653133	-0.1502655743548369	74.61922604775972	-6.531182673512487	64.09231887053325	-108.21791433647557	-87.31153203572167	-73.44862124882707	-73.25516008377775
6.116666666666666	1.2061248264633802	-9.54243003122967	4.813561115885458	22.266270793875293	5.82197224042497	38.34494215740775	-2.7618410539168408	18.24648334189583	34.637838265635125	13.890870553113487	-13.23041704334748	-8.90871166204754	-104.4365418698108	-89.36628163081782	-99.62298075392533	-67.10001083694254	-0.1510195797337559	74.55504700564958	-6.550111795917591	64.11039170290928	-108.20679404826718	-87.19846965245453	-73.56895578263202	-73.30759909934103
6.133333333333333	0.942485382449109	-9.665247627972597	4.877898987522383	22.302329886344957	5.949207398446602	38.42135851528418	-2.699927124724501	18.395673685433245	34.490942196906175	13.684117788718925	-13.470685757781192	-9.030698550187855	-104.41317114023023	-89.3654509222152	-99.53527215270786	-67.06312103587027	-0.15150036443489712	74.51552044884545	-6.565531091642836	64.17310375866616	-108.18440667587899	-87.08880586572127	-73.69346447897277	-73.40468807700232
6.15	0.8208421190321847	-9.793566028350043	4.913114685105093	22.289193210220922	6.0187987841637955	38.432509551918045	-2.6441678875532273	18.48537201660092	34.34823362102854	13.524316704076252	-13.581165855429333	-9.157941760173118	-104.40200797446145	-89.36437573182302	-99.48889328935637	-67.07518252160212	-0.1517019984243786	74.49230792647977	-6.5832431795773605	64.26193630557246	-108.15185996107341	-87.0223200569193	-73.80362634004483	-73.49800335284301
6.166666666666667	0.7806608442496205	-9.836521723348827	4.913436560496637	22.22534972812104	6.023611336277517	38.38070010152734	-2.590093745349269	18.5244120501919	34.22371564395834	13.430395510420398	-13.625656040368069	-9.197663010341088	-104.40631688461764	-89.3611412869922	-99.49288032412102	-67.13579155887119	-0.15167196141799777	74.48350833960141	-6.617053814501762	64.3407627959819	-108.10658540574781	-86.99207961020667	-73.88286976178942	-73.56168409978625
6.183333333333334	0.7673546263262252	-9.765205264810312	4.866571353436706	22.14384835474424	5.9544093442730235	38.292653634856535	-2.5578983517381717	18.54555013582444	34.12484373712971	13.369907785532693	-13.645763182138507	-9.117355783999072	-104.41311780846468	-89.35215051918868	-99.54654645502798	-67.20830216444449	-0.15147139310241875	74.49904420069893	-6.663635798952414	64.36327753888455	-108.05885415103917	-86.95540566347661	-73.93401041390943	-73.58549787794391
6.2	0.8579316952710218	-9.687413472103936	4.812222535710348	22.07472565764032	5.838469509186479	38.19364022268499	-2.584138712794197	18.563161156043332	34.066415713762055	13.33792004882825	-13.56765261735786	-9.020330193164286	-104.42558431262884	-89.33291672106029	-99.61336177691848	-67.25819106342	-0.15117499688119018	74.54816871389497	-6.687054850996476	64.28772096838475	-108.03596999889915	-86.88867013006167	-73.96955428513706	-73.55075008123342
6.216666666666667	1.1417206451155186	-9.693468598744126	4.807031137748908	22.027787650574584	5.730540165390541	38.10638765598212	-2.6723506245797792	18.573831912035555	34.066140260413654	13.344993243742046	-13.313909813970406	-8.994008080064159	-104.45563045908588	-89.30053948131999	-99.64859932133696	-67.27275183074542	-0.15089982425444304	74.62086051327242	-6.660966984311691	64.11284904665399	-108.05149011130729	-86.80530757469198	-73.98534985089361	-73.46031433094994
6.233333333333333	1.556330857316052	-9.741928377877205	4.846795878884153	22.00229938689362	5.665529645209701	38.05622988764964	-2.769611956268507	18.570421229046122	34.10578410860741	13.383214486452562	-12.93651813206438	-8.999580632827167	-104.49284898938038	-89.25765225494993	-99.64605311049621	-67.2553528680563	-0.15084722641667647	74.68841724429399	-6.611144064318245	63.901859530466915	-108.08119471197445	-86.74116152665982	-73.97541060336702	-73.35794704020725
6.25	1.9418433065347753	-9.779252790782193	4.888728294430617	22.003901844030718	5.640525845344511	38.0558750924836	-2.8202578235510076	18.52658016769607	34.128983553459165	13.474975531707322	-12.575457708337188	-8.996378108115177	-104.51730101487189	-89.21712531733296	-99.62857272044127	-67.21322347330221	-0.1513336292857661	74.7309014342141	-6.583887600544861	63.738673074928236	-108.08935638933684	-86.74251839808974	-73.96037283587766	-73.2675428663824
6.266666666666667	2.179779610948216	-9.85757993926843	4.921295957277721	22.052093786590305	5.63186225491461	38.09400554405037	-2.818844708573202	18.40556754782038	34.09064699476797	13.67766554489088	-12.351196401947654	-9.057210492341143	-104.53097601289579	-89.1996305530727	-99.60968005561807	-67.14753676648235	-0.15277190677661	74.75845768946719	-6.603019109572219	63.65124587581255	-108.06038701910593	-86.83597476271234	-73.96974002433797	-73.15830921782143
6.283333333333333	2.243634866963522	-10.03439579352192	4.941293875202917	22.15729054332083	5.599462976884488	38.14363844828415	-2.790768880080769	18.20235903486178	33.984314343012926	13.986707281117287	-12.299922801017637	-9.249774658221355	-104.54355766798109	-89.21537886469942	-99.60226379277817	-67.05808832137855	-0.15554918865938872	74.7982732303372	-6.67263020100972	63.600768026169256	-107.99249564974347	-86.99936773480093	-74.00818130673055	-73.0126604536836
6.3	2.194981136046339	-10.252651374754059	4.9069542313466785	22.28675160580914	5.493528067967971	38.16900920470753	-2.7530403113660085	17.96055115970811	33.82424982122481	14.287934420251622	-12.351702107390642	-9.503650855913978	-104.54668324343693	-89.2509994811599	-99.63972901209024	-66.96424787535074	-0.15973906198440568	74.86674291994166	-6.77334765748333	63.54392785887935	-107.88629739142425	-87.17270592035015	-74.06204757019944	-72.88477150009848
6.316666666666666	2.158673909938558	-10.401420224542269	4.791025365746801	22.369149636214487	5.301523242186221	38.12824127589874	-2.7135534944347888	17.755164423894126	33.63737039827208	14.430649061582555	-12.373083539704695	-9.684583910940727	-104.53175744964321	-89.28316368639842	-99.7407320838964	-66.91401405018394	-0.1650541371994212	74.95774467391726	-6.850192795856636	63.47280085349742	-107.75580882051742	-87.28709090218855	-74.11843842224536	-72.85644184060592
6.333333333333333	2.261175301302545	-10.416831805318141	4.639710798403949	22.3463080242853	5.081149643194551	38.00223113844444	-2.685380812785764	17.6481591579772	33.48029746895063	14.350060464180483	-12.249847548702375	-9.713370385954562	-104.51102285000488	-89.29653858063638	-99.87131205160094	-66.95023055635109	-0.1714790519330136	75.04753830520443	-6.84813233143007	63.39955934694172	-107.63784250758125	-87.30430253681834	-74.15754503863064	-72.95424207263778
6.35	2.523009295480505	-10.2877377794154	4.515609410355144	22.226944561020886	4.911602988846678	37.83271691092298	-2.682188893735595	17.640684359626103	33.41744812919264	14.123211875995114	-11.97302949596407	-9.573997799449444	-104.49603879144453	-89.286260020034	-99.98042938108941	-67.05931545901312	-0.1794566073810131	75.10796763006385	-6.7613272344629545	63.34278263229094	-107.57422126367169	-87.25134801031001	-74.15677313447904	-73.12813613431484
6.366666666666666	2.816686031001341	-10.040417263070497	4.428158037525278	22.081421304182427	4.824271505298283	37.70104772850742	-2.7061637985185456	17.684613557569513	33.46335486470529	13.885470202466806	-11.663232421171864	-9.296822758691734	-104.47991845217317	-89.25640549562121	-100.05176041464789	-67.17498419143877	-0.18894003035781015	75.12396808005377	-6.633838803807778	63.322963138650586	-107.58219571846475	-87.1914183623767	-74.11884085375944	-73.30594815990985
6.383333333333333	2.998837730223745	-9.770884273820938	4.372696880177585	21.98686818147359	4.805907262567355	37.65939965697969	-2.7525344300055523	17.729955808721655	33.5738068131598	13.723410783236051	-11.463230451812544	-8.993631362740908	-104.46206818203626	-89.22274708891995	-100.08937130185865	-67.23587890744633	-0.1989668435881271	75.10472143557392	-6.523097371596507	63.34192883105907	-107.64781299443159	-87.1653227557044	-74.07400618127178	-73.44191197246832
6.4	3.05318733214082	-9.636288215668248	4.378833081341591	21.988326272419723	4.836888482799667	37.69947352051449	-2.8159141782091046	17.746926912773418	33.67459675427775	13.653386057360699	-11.409352022181894	-8.845735723354277	-104.46253935432267	-89.209447507686	-100.08370627298106	-67.22112123526625	-0.20826149760833612	75.0794052442192	-6.464079523088761	63.373395498627	-107.73650893398987	-87.17366784300735	-74.06191217971212	-73.52028178564665
6.416666666666667	3.065754215263075	-9.706490390779006	4.470740796549281	22.08046048779828	4.900677317182053	37.77803002438601	-2.882885572297142	17.734482967876755	33.69947748901966	13.632191716841923	-11.43142898805597	-8.936040578143093	-104.49718320331898	-89.22955018736404	-100.0264424067697	-67.14908969956575	-0.21557025923710516	75.07288027604818	-6.461251249398661	63.39340896287287	-107.81000529624893	-87.19263675607503	-74.11052780722929	-73.56044503923312
6.433333333333334	3.0994443600658026	-9.859189550095454	4.623561827927301	22.205140178809547	4.981223363132845	37.85185468197982	-2.938835451246913	17.709257805562835	33.64528019669873	13.606882528732994	-11.46047288173008	-9.130053823926614	-104.5599172417958	-89.27086427383111	-99.93635541386853	-67.06572409502155	-0.2195414238341955	75.08242122299858	-6.499762459331867	63.40937032556198	-107.85641422824831	-87.20832097143855	-74.21113403154959	-73.60143844270557
6.45	3.1224788018549625	-9.93247920788332	4.791851590475378	22.29179849823857	5.065158330122408	37.89139177516491	-2.9828399338043043	17.670111407034025	33.564460625910236	13.59400451649646	-11.512895207741291	-9.241566680200277	-104.63537400959615	-89.3090874723169	-99.84352241912083	-67.01728897407833	-0.21881893744124103	75.09131925075671	-6.552243149668319	63.42905621315436	-107.89152068304756	-87.23856934220922	-74.32706005713732	-73.64456482571275
6.466666666666667	3.0631076609784045	-9.910234669475914	4.950943055535894	22.304567280880033	5.13797081492137	37.87921209043652	-3.023068779225982	17.594617554832116	33.503632107687984	13.659276098192002	-11.65069457169153	-9.236419851974857	-104.71380223266985	-89.32618518249889	-99.762859177134	-67.02161790161885	-0.212725035084951	75.0991700079446	-6.596636409985834	63.41867742336695	-107.92389877128136	-87.30621243722325	-74.42026666359337	-73.64693633903123
6.483333333333333	2.8967694545664733	-9.847913008310426	5.07841536505874	22.250909977116887	5.174731565980418	37.816131694697376	-3.070982250262109	17.47281510914791	33.4980215005551	13.812686492782403	-11.886908294765473	-9.162685240983585	-104.7836777493319	-89.31477223267309	-99.70526238427317	-67.06386225555622	-0.20232434227329943	75.1200060497464	-6.6384090048326385	63.339575183350085	-107.9509762005157	-87.40717884110568	-74.45295469996061	-73.59449234832326
6.5	2.652875642236969	-9.722047332246355	5.1330978722957195	22.167121000844524	5.147177247825228	37.72986043069885	-3.1407787732063666	17.318778749798422	33.585683272288954	13.981578737814099	-12.173531233777435	-8.99979415393596	-104.82640687601439	-89.27774682168953	-99.69330900371865	-67.11062582084503	-0.19073559087192904	75.15951374845612	-6.694925255087786	63.21362239754348	-107.98126502475026	-87.52170750174545	-74.39558175246133	-73.54012876393136
6.516666666666667	2.3846231509390283	-9.506262213797328	5.1034336919408005	22.09800043250506	5.058151715615221	37.65708593340271	-3.236469219478416	17.15361293780881	33.76809725530352	14.099458911436884	-12.449256150597781	-8.735774038110916	-104.8338793015368	-89.22951182431352	-99.73044560959598	-67.13151139180849	-0.18170266805048207	75.2114026747888	-6.76084532677345	63.10990217725122	-108.02506654468964	-87.63498438740238	-74.25696928938613	-73.53552547596551
6.533333333333333	2.1544265428604654	-9.30454781879678	5.039611995346725	22.08084019332698	4.959696226309919	37.62407674800872	-3.3360859280947013	17.003757216616993	33.9811806995512	14.172604909443303	-12.660135411300597	-8.4959574492393	-104.81456195416106	-89.19140963044245	-99.77494995881428	-67.1105694371155	-0.1772311795292747	75.26535381487577	-6.8087353726223965	63.07526856475328	-108.07073211321895	-87.73088896850722	-74.08955141366778	-73.55828405906394
6.55	2.012011348722921	-9.228408838690116	4.989598678662903	22.129986081094565	4.908805988147429	37.65126970660546	-3.400857346047757	16.91141950428371	34.150844009429505	14.21832657686441	-12.764204808712616	-8.402548680099272	-104.77621615743553	-89.1741398414091	-99.78661747877254	-67.04415376031456	-0.1763697226199512	75.30457653307995	-6.818694866924241	63.10968082393489	-108.09628081296782	-87.7840039626363	-73.94543680353831	-73.5656773857719
6.566666666666666	1.9802538984387625	-9.236675270435343	4.937743956310015	22.214040949091626	4.90576363620608	37.733962639952	-3.410427393340295	16.907277429449927	34.25377602028976	14.193706466731633	-12.739782847955658	-8.404810005865436	-104.7200367463944	-89.16813473543004	-99.7822927900843	-66.95409378633843	-0.17619048628122225	75.31194357370953	-6.793216755640084	63.197715221101554	-108.09848381963077	-87.7807789968405	-73.844707799341	-73.58707253010887
6.583333333333333	2.073166358767951	-9.265508563488257	4.84827877013955	22.27128511903516	4.906588739821198	37.81876415293719	-3.3836162379699823	16.971438318889934	34.29544650916422	14.059137311161779	-12.578583233334173	-8.428089091369962	-104.65174959210209	-89.16258052788166	-99.80347082196246	-66.89129540884652	-0.1739865289280158	75.28994043821623	-6.747760260332469	63.32530172191633	-108.09367579975373	-87.73862124289379	-73.79822929058949	-73.679483931732
6.6	2.2916459558982125	-9.360438590442334	4.729739648931292	22.273153171097633	4.894763819092225	37.85872461447107	-3.349167484342605	17.06428918836415	34.275515608989814	13.857067892856826	-12.290790429226668	-8.522327702354676	-104.58243638512484	-89.16188911191229	-99.85269673619348	-66.88873594081468	-0.16896350930395077	75.25253944471419	-6.7035288715859656	63.47141576602449	-108.09662803962837	-87.68317136692161	-73.82111243063855	-73.82610347406475
6.616666666666666	2.5846707535812086	-9.508141968347093	4.614834115208913	22.243225409990185	4.898423714672615	37.876250674779115	-3.306808094816524	17.17565391327536	34.211068126944014	13.665933840619237	-11.935365275789408	-8.678742332392446	-104.52003602937057	-89.17060036404528	-99.9052019141616	-66.92737495405514	-0.16232437544070977	75.19637437116569	-6.688046852046196	63.61409875736389	-108.11043372365079	-87.6279717155589	-73.89936559670676	-73.96203787493963
6.633333333333333	2.864660148717143	-9.537694271310293	4.52751888775651	22.201646267739324	4.942322611756075	37.91291702935045	-3.2471444374169924	17.296973037513617	34.17028572308426	13.53337160987858	-11.610751308239522	-8.716638690655358	-104.4754114569566	-89.17894441934499	-99.94789256920005	-66.9772981516057	-0.1559544483934756	75.10978481904378	-6.718216681973851	63.73278792999775	-108.13735961837315	-87.59324214344257	-73.96707389528888	-74.05987053356395
6.6499999999999995	3.058096680094249	-9.374468671420612	4.497702110702556	22.135641378398	5.026254965871486	37.9519943636528	-3.18761464015277	17.39338892697184	34.22919241428644	13.482107575475615	-11.408514582049449	-8.553279803478407	-104.46661126214364	-89.17881113205772	-99.96890915144105	-67.04316975365974	-0.15118173482660358	75.00483588268739	-6.778969285810953	63.795155520845334	-108.18277875746534	-87.60177519034073	-73.95358634317887	-74.11966761486511
6.666666666666667	3.109151692219258	-9.182453488943576	4.542873473699877	22.03869814128224	5.1323759123947	37.945157234502105	-3.148759712254508	17.449793026050227	34.378727373211944	13.510567186647023	-11.385899756490465	-8.360548283128233	-104.49505144870966	-89.17809479418457	-99.95217797500977	-67.13939665290236	-0.14866107699639697	74.91544611259548	-6.834963037955187	63.77111336365358	-108.23331359965903	-87.63476086135425	-73.85458622644701	-74.12419367470724
6.683333333333334	2.9924572980282305	-9.081672614528783	4.618604906570446	21.933750830643056	5.215552642863745	37.8791038001107	-3.1307562204308166	17.49851468519944	34.53908328015798	13.56014306779994	-11.539691435519618	-8.265416114902278	-104.53214873354779	-89.18374350037342	-99.91354382697733	-67.24999266973039	-0.1489337090581313	74.87090353015887	-6.86196783440479	63.66762467137635	-108.25985269027194	-87.63058178464163	-73.72076941011387	-74.0704387168417
6.7	2.7608619367453704	-8.96511478699267	4.650232752897167	21.843024350723006	5.216906677649957	37.77535001785185	-3.142380388182795	17.573670405891487	34.667319610035165	13.544248250496103	-11.790659417616373	-8.150984398978368	-104.55152135436168	-89.18586961198564	-99.90128860146451	-67.34284526126264	-0.15282408370334855	74.88180472088547	-6.859431088024489	63.533149577218396	-108.2605756672973	-87.54452487322298	-73.59325605726207	-74.00027662272689
6.716666666666667	2.5281832180076984	-8.756778822278665	4.6279429400494845	21.767833740792227	5.12580867258413	37.65192941086	-3.2032950619656564	17.665126430206374	34.76857135074333	13.45134604222902	-12.031460281794677	-7.930192384547941	-104.55964349980233	-89.17341356226922	-99.93170055975285	-67.40557982147699	-0.16131908765470548	74.94249076766297	-6.835129770609387	63.41482179789108	-108.26080429430264	-87.39238280213058	-73.49223294355927	-73.94103675990156
6.733333333333333	2.3780168046352106	-8.596506524258565	4.6176260784741165	21.70725483059396	5.007278653748291	37.52375505098272	-3.294723958779567	17.73771730823882	34.825151650181965	13.365683895744212	-12.198878243181127	-7.746553926960348	-104.57689504781631	-89.15004740270173	-99.9592689693422	-67.44279257210776	-0.1747948931102994	75.03345237690947	-6.791818410650907	63.32102241400477	-108.26127158187005	-87.22883031485163	-73.43611993168804	-73.86314641910741
6.75	2.3209158988055956	-8.600720984836448	4.666275933517942	21.664673722094005	4.942434186398535	37.42450208682098	-3.3532676448731	17.789068219309247	34.805982371784836	13.341940529916725	-12.283303942633598	-7.721270714429287	-104.60421984143915	-89.1205497295928	-99.93794390792124	-67.45587600749879	-0.1914855715133965	75.11962190568018	-6.736775639900338	63.251577039577306	-108.23364573919287	-87.0913098750105	-73.42766336740799	-73.74936934509375
6.766666666666667	2.3297982941176767	-8.660108352108681	4.750076641180852	21.62952447247284	4.957251400616639	37.38539335044374	-3.3333344146904937	17.850831598682745	34.72879561140177	13.332433969591078	-12.298492629205757	-7.739705156897027	-104.62829092332338	-89.0795968047883	-99.87821428214255	-67.45007233231544	-0.20526216719247636	75.16453431724072	-6.681064406990786	63.22864796787324	-108.16880009744969	-86.98463408407645	-73.4400044860479	-73.65220011448535
6.783333333333333	2.359458623506609	-8.645970465395017	4.828401518362105	21.59906826519355	5.030937656473106	37.41112109025908	-3.240945867765276	17.924082061803322	34.64210579712044	13.298850725373043	-12.283290219129174	-7.679202621076288	-104.64274884263571	-89.03323215568122	-99.81434732427361	-67.43416389048765	-0.2032295233991248	75.15471501925315	-6.621472680319687	63.25380212313066	-108.08623084851203	-86.92120291894342	-73.4441250513916	-73.62235219357038
6.8	2.343871963872114	-8.618296307140426	4.888404106460083	21.613124042468826	5.145169074733037	37.49957083937739	-3.1080413721852698	17.967025754507507	34.56730364863099	13.3093227428789	-12.297954228668278	-7.630440671045217	-104.64182619254031	-89.01214436390474	-99.75342208608023	-67.39902032143588	-0.16443370603427	75.10140883918659	-6.5565862007451825	63.286703638880326	-108.00663253299858	-86.9315654063058	-73.43932888436761	-73.6222426634269
6.816666666666666	2.2347109884943483	-8.656135993125588	4.907747134717496	21.703514586702113	5.276747252347616	37.64403195446265	-2.9689944264014736	17.956247441372525	34.50683018221296	13.438488965629329	-12.372885586306433	-7.692215317795962	-104.6075965748007	-89.03607932467033	-99.69984944008323	-67.33256473796818	-0.06206825115680714	75.02340330756904	-6.516612215196988	63.31351604435395	-107.94559111883234	-87.02034925105832	-73.4387609366194	-73.581860285429
6.833333333333333	2.045925620231671	-8.686584570916187	4.835627235778742	21.829424281698792	5.369241677171911	37.80548629214246	-2.8517099665823835	17.90088949818634	34.46939688020027	13.651152334519765	-12.480398408910396	-7.770461031007753	-104.52632402914199	-89.08387646009152	-99.69069679336327	-67.2544521783927	0.12731979143957162	74.94006152946471	-6.530663801372794	63.38358902727743	-107.91164843711758	-87.15904897234883	-73.44225155691733	-73.50789663782908
6.85	1.8494770820192	-8.668448549413586	4.663472303422873	21.92233268153206	5.3682355881338175	37.9206420813727	-2.7730014279958564	17.796243004242665	34.44769869932	13.865207029992636	-12.567447403468044	-7.791826919771137	-104.41692448548717	-89.12337837035751	-99.75345218206432	-67.20104568882542	0.4037081262688237	74.87831222980178	-6.576959498947648	63.53078334566429	-107.894689198194	-87.32544476595547	-73.44699049887402	-73.46023773596283
6.866666666666666	1.7429252378980542	-8.744118548128583	4.472845298888484	21.960635262807187	5.2777865903028	37.94928162586601	-2.739355951280381	17.63479261180671	34.40940612979024	14.04213612377754	-12.586415070356404	-7.889753784738541	-104.32934030825439	-89.14563523660992	-99.85649500936591	-67.1849999738027	0.7101999075931495	74.8657184003312	-6.611034596057853	63.705259879289905	-107.87363755094911	-87.49948898786201	-73.46423142115886	-73.45735286408447
6.883333333333333	1.795892376933272	-9.005447088827651	4.359646941941883	21.9546512418384	5.153071523846517	37.899503411022614	-2.7457233093177447	17.46031364857707	34.344686061369444	14.156676002199994	-12.506780490025655	-8.156692368507	-104.30267286695886	-89.15124527967933	-99.943025925017	-67.1965940378409	0.9229770961833659	74.90390255113643	-6.620955547966164	63.83140298041683	-107.84182075818127	-87.63578380028643	-73.49713469681181	-73.47910779808646
6.8999999999999995	1.9989039037551732	-9.294501064646669	4.336125733135445	21.901810832441964	5.040381528079062	37.8040168009814	-2.7857951618588115	17.33808825563241	34.29928434190777	14.168747605369926	-12.33058334383322	-8.426038138639244	-104.32948724758835	-89.13153707399256	-99.99336151445291	-67.22972624155057	0.9313545614945846	74.96625695746798	-6.617156088276603	63.88957982480049	-107.8195382043908	-87.69565478689955	-73.52025386248299	-73.52690718152965
6.916666666666667	2.2816843133100146	-9.427663235041384	4.354440699823836	21.8061565930093	4.953280211030442	37.69262561383947	-2.863368196685692	17.282221075539216	34.32509602703408	14.077905265499565	-12.090170900259844	-8.51188893898769	-104.37185521356983	-89.08422570394629	-100.017414513746	-67.27806911093695	0.7544278429244681	75.02930527522352	-6.5928212040764596	63.89546027976352	-107.83406292146213	-87.68847364923721	-73.50896689442803	-73.61056838373766
6.933333333333334	2.5770647393748227	-9.422409890613329	4.397505917007578	21.713821501251235	4.906584744735759	37.595782760581	-2.9755281329965992	17.26446290665602	34.41565858798099	13.957410183858991	-11.827925813712424	-8.454518012099001	-104.40499055308723	-89.03210812148566	-100.00748463607965	-67.31828662023439	0.5457557388858814	75.08593061918455	-6.530307041502205	63.85104035355292	-107.88959751381199	-87.64960647415938	-73.473938925831	-73.69219629030037
6.95	2.842261144192121	-9.348959559315333	4.477032959439741	21.6784169863299	4.914211749627606	37.542000108520966	-3.0981378391883894	17.2686543956492	34.52534859756562	13.889513788076604	-11.589857899775478	-8.35467427127974	-104.43211904396759	-89.0057147119644	-99.95508608452784	-67.32729772563447	0.48345658192980134	75.13070216584451	-6.433717819123395	63.7698677886812	-107.96743567334381	-87.60064343850624	-73.44208707577822	-73.71112965042961
6.966666666666667	3.0292487363114025	-9.177759402693782	4.560693748081543	21.697924933136736	4.939718281684935	37.528792490044104	-3.206522144316765	17.30102771429119	34.62436071501121	13.87301693971334	-11.433702793413824	-8.188867909115043	-104.46295152972522	-89.01110850642124	-99.90225778164364	-67.31318357328449	0.6656077804157081	75.15802393667134	-6.329818494526686	63.70985292430328	-108.04849820764535	-87.54094834903741	-73.42413749263416	-73.66793140932404
6.983333333333333	3.0809825350112052	-8.926165304167245	4.583995999350795	21.73121167249176	4.916330595185427	37.52387574463758	-3.297583800184771	17.368011559111896	34.69762726472109	13.845807503799167	-11.413447395793524	-7.960265758660799	-104.49442993080471	-89.03410045449353	-99.91043393145388	-67.30288878200174	1.0686571775985834	75.17323547336059	-6.248761406139997	63.72295082747752	-108.12434832682409	-87.45875296752745	-73.42672106210301	-73.61294546372825
7.0	2.98310948448323	-8.771256731397333	4.524771391044397	21.770066795788857	4.827030205080515	37.512133205144316	-3.3763333909946818	17.46809468311685	34.7180138847164	13.790905579399563	-11.52833886574406	-7.842897486305287	-104.51144835022727	-89.07164075490792	-99.98667695918284	-67.30157395911905	1.565092583410136	75.18629283573655	-6.213956119474796	63.7913090484134	-108.19004055525802	-87.34561248114652	-73.47202667054165	-73.55470690174694
7.016666666666667	2.7922824640664925	-8.855164784082305	4.403962293578386	21.836989263055244	4.713431753050254	37.514078345123124	-3.434702042107628	17.59437913382016	34.66495423217915	13.740545386575858	-11.703560137697458	-7.983387763250245	-104.49584260176393	-89.12822297916789	-100.09188030818552	-67.29123371611266	1.989930196647949	75.19468793876413	-6.230899427547456	63.85877273900244	-108.24001410334337	-87.21093292741561	-73.57505987116424	-73.47038754083974
7.033333333333333	2.58652504362449	-9.09711230089458	4.238276061969687	21.922145867095303	4.615726586812534	37.550696600895186	-3.458261503368271	17.727008949192253	34.55857193968688	13.696353554118312	-11.850335216844618	-8.282872352406658	-104.43686026046908	-89.185760051512	-100.1985841984994	-67.26361418441672	2.2238067847826004	75.18568921468798	-6.282129089258634	63.89818020613082	-108.27257228868015	-87.08730183611964	-73.7140003489933	-73.39094828200133
7.05	2.403055753275505	-9.334071347761823	4.0513366489081255	21.996391795180596	4.55109940010718	37.62168362964888	-3.4392562081063947	17.839256429576274	34.4335843859823	13.625359780895614	-11.941151240850848	-8.552749258618961	-104.34420699412631	-89.21867791085707	-100.29287034521823	-67.22228611567648	2.2366574113228515	75.15603025467453	-6.344111395542612	63.906525852078644	-108.28322595343172	-87.00471331574907	-73.84964156744945	-73.37935353485345
7.066666666666666	2.2340571537853733	-9.536420397129714	3.90259968796578	22.073473972036584	4.538153028514291	37.725545315113045	-3.372327291106555	17.933043869737723	34.28292814438222	13.505934304608452	-12.01525898330808	-8.769218531695236	-104.2493161370934	-89.23279813456546	-100.34671644912768	-67.15932416252888	2.068459472265477	75.11513052235799	-6.406227923970434	63.87205662588891	-108.25719676874844	-86.95182560790418	-73.97426862436625	-73.44589130329571
7.083333333333333	2.0570906686004737	-9.743162753495517	3.836130766375856	22.185643675009597	4.594602074309917	37.8706093276743	-3.249618421992078	18.046607588742408	34.0766392005724	13.327833030785637	-12.120828223491568	-8.994587300856935	-104.17791889209198	-89.25142454736134	-100.34178812571618	-67.06578087235175	1.7836227407614351	75.06360979997386	-6.475457838776667	63.79608150030257	-108.18600862201811	-86.88978261128365	-74.10936942144573	-73.56194958049798
7.1	1.8537694990556615	-9.894646566804408	3.826410981777668	22.31888396062216	4.71123920075317	38.0520329262674	-3.073853151565778	18.203074516097708	33.8372569270204	13.087535298892512	-12.274666874427817	-9.174762193618186	-104.12843637348341	-89.2801156268137	-100.30202539170578	-66.96123166619154	1.4403657542114685	74.98673540754099	-6.568209048571606	63.71533272590062	-108.08711774402468	-86.81019007636124	-74.24986081700432	-73.72265477746868
7.116666666666666	1.6314546034689896	-9.899360298677463	3.8316257884622336	22.42593166658256	4.860373844128958	38.23506888558737	-2.880681322076735	18.371670438937212	33.641054040697	12.828157288327898	-12.459752371779555	-9.21017811058798	-104.09120697524848	-89.31081781191044	-100.25958118678626	-66.88488614532785	1.0812090648506598	74.88004496908471	-6.6925991667357225	63.64849646034732	-108.00063635299193	-86.74828459197803	-74.35958231229496	-73.92012730365006
7.133333333333333	1.455434045894068	-9.784716002365057	3.858438142348552	22.48474057571819	5.027501519988983	38.38296376193408	-2.732930507856448	18.502174542508214	33.547327206663155	12.640124134967037	-12.614451315390403	-9.125441555074145	-104.06988536128442	-89.34072555270902	-100.21144721893586	-66.85598497699078	0.7351560131756623	74.76105126107507	-6.837888837599329	63.55030600020183	-107.97187924678128	-86.73677419641666	-74.42455204011816	-74.09665006144954
7.1499999999999995	1.4055079490821791	-9.626842684343977	3.9258146038287807	22.5180780833197	5.213628486191876	38.49765436027561	-2.670319969323716	18.578613265213022	33.56539117560795	12.57532124035646	-12.66207543084804	-9.002663669681452	-104.06758337993017	-89.37582098533741	-100.14176877610139	-66.85774290201766	0.42386961585566185	74.64460273770665	-6.980965439537038	63.3697389066924	-108.02571723161697	-86.77678399708026	-74.46032605600905	-74.20146275672373
7.166666666666667	1.4860831881090464	-9.417916903439915	4.012796266070038	22.563987869000265	5.408076711849032	38.6053303619603	-2.6786051545326925	18.606329420022732	33.6680309667528	12.611188317395806	-12.58624076280014	-8.84417880716808	-104.07232395090914	-89.4262619037281	-100.05952768483911	-66.86227403472785	0.16618572623556793	74.53239560331178	-7.089158038722679	63.125353338185526	-108.14620955122082	-86.86127497666541	-74.47817858446805	-74.25008665926958
7.183333333333334	1.6376042556986452	-9.148166410820918	4.089019869661966	22.641552373907338	5.5815179117988105	38.70981369987484	-2.7174792245731316	18.573571070767937	33.797602691314445	12.719343144256063	-12.436840420015441	-8.646847802704228	-104.07444467571403	-89.49868139188324	-99.9854248060521	-66.85712901797604	-0.023256093143831258	74.43305728214902	-7.126211665479755	62.88292601641229	-108.28442194242402	-86.99337164708295	-74.48681925110962	-74.27402850282701
7.2	1.8035197860950831	-8.91160035576044	4.1570585620197225	22.741433732553	5.715858771558738	38.79515388671242	-2.754963840542177	18.478795726345158	33.88478674705341	12.887647585825539	-12.276924935875375	-8.497125133110151	-104.08044472197041	-89.58552477734965	-99.9233861599507	-66.84409104479701	-0.14094001168437664	74.36075506849046	-7.089350964390634	62.69265887927117	-108.39420877205163	-87.16044920516427	-74.50942202499824	-74.27280161933906
7.216666666666667	1.9541954719095658	-8.777237506751526	4.223514070286631	22.83339273789212	5.815036659985194	38.85956270406624	-2.7863541124150353	18.365609092332075	33.912646121768404	13.055040229376212	-12.141840928701294	-8.438626530886141	-104.0960364006108	-89.66138902413456	-99.8725223303242	-66.82799628624313	-0.1983550679727375	74.31244100969052	-7.030750460028844	62.580812850712775	-108.47391310272442	-87.32194989797729	-74.56126698095605	-74.26690966860174
7.233333333333333	2.0837884261314854	-8.658225439991464	4.262538738042513	22.887809610282964	5.877367858895806	38.915460367552804	-2.836871713915434	18.288364808109012	33.940738432703064	13.107794804553818	-12.031085316444981	-8.360277546150325	-104.11487374257639	-89.7020521061588	-99.85233500453394	-66.81424249587691	-0.21605739895560538	74.27029713657018	-7.020258005473603	62.559823364976445	-108.56657457734515	-87.4413380553207	-74.62583614464212	-74.33354325076795
7.25	2.2058324248249357	-8.461892888789412	4.247746498961829	22.900055367128697	5.89291415978348	38.96867013187164	-2.9315064688754324	18.269269689248294	34.03022992362549	12.995500926874776	-11.928601823031194	-8.17288003272295	-104.13443424785605	-89.71098714393348	-99.8866877488943	-66.8109317768061	-0.21346133503849352	74.22039809132217	-7.095694302883628	62.604092814859655	-108.71110837755316	-87.51033221942944	-74.6808784539277	-74.51483129255602
7.266666666666667	2.3542654401712793	-8.270283321474235	4.195840468067806	22.887265606512152	5.873360687728913	39.01844658311171	-3.071060302101302	18.29922214685645	34.18446839061284	12.80279438170024	-11.81048604211651	-7.98137404682251	-104.16475148228771	-89.71109072534823	-99.96891101421998	-66.82382511883715	-0.2032447442022014	74.15772829805105	-7.251540140920466	62.63443132391784	-108.91333200405015	-87.54304955509241	-74.72886361343733	-74.74025517339335
7.283333333333333	2.5483007815001586	-8.191412073101935	4.1384983481969595	22.867769525236678	5.847912083573845	39.0750895635239	-3.2445833479680246	18.358137580394178	34.380451285895056	12.64229598465693	-11.66198581776251	-7.903792369454458	-104.21028659926259	-89.71238029635249	-100.0717882510657	-66.84461077111561	-0.19222249800851898	74.0802996653604	-7.465000919011163	62.569253606032284	-109.16428368260753	-87.56156275424533	-74.78383239671247	-74.91926676958839
7.3	2.7464678064727233	-8.157636821284921	4.077165617510863	22.854077607173814	5.83252609163916	39.15382719461758	-3.441106198221491	18.427297083990624	34.60488534443434	12.526438667808224	-11.51125833720517	-7.870973851650461	-104.25772614367783	-89.71333703036551	-100.18056052616701	-66.85925942318858	-0.18383158547283052	73.98691338219376	-7.7089603260090405	62.39555200095268	-109.45419281602763	-87.58578953381551	-74.84930747159328	-75.05935086600437
7.316666666666666	2.8745392924406974	-8.094572921208332	4.015559386560223	22.856336885017445	5.838477530939473	39.24389310644928	-3.6458046634316776	18.488705931396005	34.8397160222994	12.411141947097818	-11.420051929367546	-7.824526065972125	-104.29459122180818	-89.72995314476375	-100.27903183524799	-66.87361625973818	-0.17826330496095366	73.88249063381247	-7.9364714029509775	62.148050980775224	-109.76331402961911	-87.62880343479144	-74.92359800731971	-75.21766148768552
7.333333333333333	2.8805163210586464	-8.121434642155249	3.9984404667063704	22.88276181863533	5.902482149639448	39.32039299105178	-3.842768786735184	18.53643065313487	35.06159673895796	12.298373007848657	-11.44382424832477	-7.912185722070229	-104.32434056938334	-89.79075107991494	-100.32590010267702	-66.90798926126467	-0.17295376272651164	73.77161774768348	-8.10112810310756	61.84044875321509	-110.07115103905159	-87.69195159918155	-75.00955430009367	-75.3935785913176
7.35	2.751228876415419	-8.347509815069811	4.0536473033737455	22.935590106768487	6.0663056510871325	39.39584597252504	-4.017027241422446	18.5933206138236	35.27079381219975	12.22404475365175	-11.59676439027337	-8.247905563737097	-104.3479932666887	-89.90039574866725	-100.29434596331504	-66.96480564187709	-0.16556256341950304	73.6393483855978	-8.20804598271846	61.492794325851335	-110.37767885582451	-87.7673310005785	-75.10688504362483	-75.54328624690402
7.366666666666666	2.506352067801858	-8.646161104395091	4.129880436263462	23.006264478951497	6.323024730900609	39.51772161055611	-4.1467973183480344	18.6798387904198	35.47080649693575	12.21004917348402	-11.842873690272663	-8.67707402552592	-104.34922575807445	-90.03091292113079	-100.21934532181105	-67.02464844215551	-0.15646220905783648	73.4576299472883	-8.298172390899637	61.181800264363176	-110.68916737105961	-87.86253126229178	-75.21836087412389	-75.65248208878184
7.383333333333333	2.198951203661	-8.829331148995685	4.153808339163729	23.069680813619964	6.61656961390585	39.70826255413351	-4.210952569117747	18.769369611510356	35.62062200636356	12.277357403054888	-12.120102583991573	-8.972564470890184	-104.31905378765252	-90.14323332189446	-100.1652454484888	-67.07355250826114	-0.14823632422528887	73.21818493760527	-8.377119650819422	60.97343143053529	-110.99276763151236	-88.01244545088426	-75.37214562514878	-75.73508804781265
7.3999999999999995	1.9277818778153581	-8.880674160699973	4.123018018106184	23.0887392828191	6.901974031581545	39.94490966490957	-4.202076581198482	18.824191186712234	35.6573999133975	12.435281040003861	-12.354075040592214	-9.08531671047181	-104.28185691840753	-90.2046425497718	-100.15883890030132	-67.11590326697333	-0.14287306647974574	72.93918706811704	-8.418655530646356	60.84350287130719	-111.26288951308135	-88.23662174517064	-75.60548959968371	-75.80134070518326
7.416666666666667	1.7945948887946033	-8.86568400703606	4.084957936137277	23.04726783974859	7.184057662267249	40.209323172173235	-4.116477238929221	18.88067150778435	35.56493637778964	12.611672755487422	-12.473551874325624	-9.07087516377214	-104.26814676312019	-90.20519115673605	-100.18318882698289	-67.15792331707694	-0.13975455772612788	72.63275351074977	-8.442558074714032	60.71430476394826	-111.48372372817937	-88.4865749814658	-75.9187873503894	-75.87490222606455
7.433333333333334	1.8175867477925294	-8.776879586609436	4.054262085737343	22.976129518142827	7.486813503199882	40.517391437380645	-3.9557165621192687	19.048916358302055	35.39363880411461	12.656018738627864	-12.457621987137834	-8.943377819566756	-104.27520873493035	-90.16649823295728	-100.22094664919294	-67.19036871501224	-0.13663425330913048	72.29223984760706	-8.520034852466765	60.53062217040404	-111.66347671451213	-88.65884379409079	-76.26983791039699	-76.00282505566156
7.45	1.9347927166444756	-8.636709439807696	4.019346566107851	22.93216914697519	7.809162994086168	40.88782141715037	-3.758969124687931	19.394715787065753	35.22582792472106	12.48880515974777	-12.352785650658491	-8.758451964582976	-104.28757836730297	-90.12174252477523	-100.26823180119504	-67.1895733781309	-0.13166263509564002	71.92260520471869	-8.692459436803862	60.27559358872335	-111.83636391996919	-88.68267900821546	-76.61053599524743	-76.19387384880888
7.466666666666667	2.08498868585236	-8.60346934025967	4.000224482511046	22.961653495110426	8.13270003514141	41.3133958459008	-3.6088539021426036	19.850877715467217	35.147227305081245	12.214499983044055	-12.226909807122148	-8.696101034637232	-104.3118984929745	-90.0926316943775	-100.3116740104634	-67.13097819970406	-0.12433655075440231	71.5556259543951	-8.92970611394303	59.95244229258936	-112.05322794774744	-88.59349633013758	-76.9060006426656	-76.37899634755698
7.483333333333333	2.243480206821792	-8.752573641723572	4.026417416031243	23.076722087387775	8.441770661362657	41.76183472729899	-3.579922351310965	20.287764689316145	35.226387296190076	11.990593939692328	-12.115728921449115	-8.842023375006294	-104.35920912827089	-90.08944973328266	-100.33279171223961	-67.0127276463033	-0.1171282029374463	71.22543762639764	-9.166682046780767	59.59495648628387	-112.35448472491326	-88.4867976842861	-77.12809742872318	-76.49620374505045
7.5	2.390231089753177	-8.899885692923531	4.084112135625014	23.249522296082716	8.719587664341903	42.188341798547796	-3.685718605119976	20.653274086317154	35.47687882769088	11.823628221575781	-12.030271114101991	-9.01704392295824	-104.42050220385514	-90.11715823003466	-100.33639006823012	-66.86763593402422	-0.11830866880688706	70.9440222674279	-9.35826753044081	59.26899295848156	-112.74169633769202	-88.40270364625484	-77.2648175100026	-76.57907542482086
7.516666666666667	2.4918794986051798	-8.864991406494557	4.138870374612247	23.431731479002806	8.95993920375686	42.56290015426056	-3.880716260622293	21.007466889831736	35.841149588703146	11.597867786717279	-11.989658091356011	-9.0364291511318	-104.48153758996115	-90.17143774463722	-100.34266721534891	-66.73970626484518	-0.14244382870717898	70.69739358089416	-9.503530442957638	59.00918497563461	-113.18332267972808	-88.295139529274	-77.34217309102905	-76.69727174184311
7.533333333333333	2.545667870691587	-8.721255590631758	4.170433510526743	23.5841798034226	9.180130070007166	42.890722004070255	-4.0874818777426105	21.442927451581777	36.212323332154185	11.241108344564651	-11.989444895858645	-8.959522718374972	-104.53511276655018	-90.23826712774319	-100.36467925602345	-66.65408732196032	-0.20670339152434414	70.45519067396931	-9.632069899373356	58.78197826943501	-113.63229120377324	-88.10188187444881	-77.41996787162694	-76.8607735275648
7.55	2.579851030058514	-8.591930544247647	4.14587884783704	23.702508255846304	9.397351053543945	43.2051814159997	-4.212345515174415	21.997078748928015	36.475744325648776	10.78616169925445	-11.98367128158472	-8.904251906067639	-104.5635223116432	-90.31232136181995	-100.41764346380614	-66.60981310135035	-0.32378965562075845	70.18500548264984	-9.778569616640704	58.541320343992176	-114.02734003252449	-87.81791576842205	-77.55159570688753	-77.03175406447441
7.566666666666666	2.5884592793630543	-8.413736735087646	4.0125657550924325	23.81571804017458	9.612523989649283	43.54575361761497	-4.1879411699414675	22.616676214151155	36.57860915895428	10.346051315402828	-11.946753929653838	-8.818872608304464	-104.53521320901686	-90.40513587321678	-100.5226474539244	-66.58941782595869	-0.48950558488732	69.86482855642626	-9.96252037984734	58.27658971402329	-114.32311261351512	-87.51849522942253	-77.74450345457439	-77.17244390664362
7.583333333333333	2.539608063910615	-8.119497636878425	3.778998765729263	23.946574644135413	9.839541873336707	43.930725467174554	-4.036366169528873	23.195579518261958	36.57022787373831	10.045908659803036	-11.904054860362102	-8.639552854132715	-104.44366292427267	-90.52005521725425	-100.66466415854339	-66.57348056470555	-0.6770044575834604	69.49579396811986	-10.169526873724875	57.99275336337663	-114.54057220140893	-87.30862651361815	-77.97034432767948	-77.26271784476114
7.6	2.4283003262639866	-7.873656740108562	3.5582185254487517	24.089034572904428	10.123145108731011	44.3435161337875	-3.856140940230669	23.658368048989818	36.54908030598183	9.927600830740786	-11.9003772139059	-8.512779308813094	-104.32867754016983	-90.6391225687045	-100.77045901472104	-66.55008798966459	-0.8563741187895066	69.10639587654786	-10.352174681577383	57.67955717602065	-114.74974506368271	-87.23523607446226	-78.2006647576926	-77.30763523652087
7.616666666666666	2.2639591147122156	-7.860215347921437	3.452658557883206	24.227308223429375	10.491265964644876	44.75276125170474	-3.7370786239883884	24.003003656546504	36.59435259417404	9.950911337889531	-11.967991007139902	-8.60531984486703	-104.23195012185207	-90.74510449694553	-100.77929156396881	-66.517796276909	-1.0152934975777985	68.72944247138622	-10.469853013008379	57.31769033254732	-115.00763615260206	-87.26755387206721	-78.41328355838367	-77.3166425361733
7.633333333333333	2.0494677694494756	-7.9874341230581445	3.446603046165289	24.352334889622366	10.910747758332885	45.14261774021941	-3.7211212781174585	24.269458437188085	36.756382294929715	10.073027131686134	-12.111741892138616	-8.822505621959607	-104.16120966158803	-90.8350714989014	-100.7146066154227	-66.48273663353623	-1.1493365088632277	68.37464562624432	-10.533417936881456	56.900710563779555	-115.34647565187305	-87.35589593656753	-78.59009335684055	-77.28286882785024
7.6499999999999995	1.811278999507103	-8.057221122822966	3.47642164211401	24.46377833640659	11.323767195705077	45.51791792341395	-3.8164711032047487	24.50082813991898	37.05653434238868	10.248026660149858	-12.309393412628172	-8.971099442596746	-104.12067241213522	-90.91387831977373	-100.64425077002116	-66.45010004231236	-1.2483951368687747	68.03198203427365	-10.604392126650627	56.444570459102195	-115.78448906893102	-87.46718982580731	-78.72795472636524	-77.21916322442011
7.666666666666667	1.6038954594366075	-8.038152188050157	3.522059481318756	24.580444679980417	11.69847791208037	45.89077689311109	-3.9898002516897826	24.744781338204554	37.458586211371276	10.383149631163489	-12.52768781090913	-9.035821571579467	-104.13158327034569	-90.99766938352927	-100.6095237890269	-66.41722480799622	-1.3135542659083994	67.69199829889263	-10.754123129760968	55.98926807150382	-116.2978019527971	-87.56322036290275	-78.83921574118447	-77.18007083880218
7.683333333333334	1.4411537574868438	-7.958340452246634	3.5710400672158062	24.737750193632376	12.01914363478536	46.26934296805291	-4.162297684050775	25.050171360604356	37.870597408607324	10.39869719624781	-12.75800065747306	-9.07400551395086	-104.19915441495984	-91.11566506170419	-100.62811434774402	-66.3779150144765	-1.3659405818034045	67.35274201747052	-11.01673971318877	55.578067174685515	-116.80955566658024	-87.59708662192506	-78.9389582577337	-77.1983895797662
7.7	1.2777280517666774	-7.747549670227085	3.579850072062799	24.959459414247867	12.272410781202737	46.66197954602181	-4.264409868835511	25.441212422199204	38.21790383963526	10.311659816785713	-13.019424346797937	-9.034742493807684	-104.29715239856455	-91.28719282358055	-100.71730232650175	-66.3277335616827	-1.4160636090263174	67.01028689229541	-11.363862567723936	55.23041714668537	-117.25412297654009	-87.5485006855053	-79.03621913682721	-77.23684103600998
7.716666666666667	1.0905676839427603	-7.3798344057556795	3.526681237734685	25.252536659777324	12.47222210711738	47.09058053336381	-4.29506048673248	25.91011229223153	38.50393860754608	10.184466060529475	-13.306632359998789	-8.88453137832223	-104.3972000439415	-91.5046969725665	-100.8705188062068	-66.2521603799604	-1.4506535173658006	66.65725908667572	-11.7247559362134	54.943384731616945	-117.63780140005676	-87.43262862109266	-79.13386279287526	-77.24816265048698
7.733333333333333	0.9015168134959994	-6.99110114699164	3.4399982423862854	25.616625974715614	12.654982259029948	47.57224002877397	-4.30321859575125	26.419014949507805	38.77106857017942	10.041044228027587	-13.58660323147274	-8.738591337623072	-104.48812004496868	-91.7474901906314	-101.0481218025824	-66.1308640328384	-1.4554697769791474	66.29689593838756	-12.031413177099987	54.702360651692544	-118.00632265736367	-87.28408911210454	-79.23525408838175	-77.24304472780516
7.75	0.7214856191026723	-6.6679919039468905	3.3362879268761305	26.035656787960242	12.820299445189073	48.08251921625155	-4.328717378426137	26.90631695123581	39.02346061328138	9.879888898269403	-13.849546426668937	-8.676173709371957	-104.57103204577156	-92.00818180542502	-101.23474411889543	-65.97252434783297	-1.4323273888159618	65.94495643591542	-12.24340947305074	54.49772767709096	-118.3837609425107	-87.14872661284869	-79.36030033166175	-77.26883706405029
7.766666666666667	0.5418814884552713	-6.2830597211483115	3.1892694314442807	26.49020859183834	12.921580719932834	48.57519652141904	-4.3790700131330285	27.32204175748566	39.22160554173739	9.70592512175032	-14.115738973596374	-8.588004952709753	-104.6576204620516	-92.3049452315614	-101.46835103060732	-65.81473522912111	-1.4029393106715038	65.61006824945977	-12.355640572994629	54.3353932095592	-118.76900176367324	-87.06788999305446	-79.54739622576984	-77.36196344865911
7.783333333333333	0.3588177362465725	-5.7340835590320305	3.000149091554565	26.98883725110008	12.958916159133524	49.05048273574501	-4.428107842556439	27.66340356348913	39.33967583450125	9.528953591828124	-14.410042250322912	-8.400067412099148	-104.76885998656945	-92.66598385306706	-101.76871089501488	-65.67714431840338	-1.4054630412475586	65.27237294585154	-12.40449796712682	54.2158512943932	-119.15573489670487	-87.06422349065923	-79.81605906692683	-77.53526753564613
7.8	0.1717738025614924	-5.149071594466016	2.8419148663135565	27.56881616032787	13.040986834888402	49.57945570244956	-4.419160391850174	27.975380414417806	39.4041711284637	9.367612678621095	-14.748279084803947	-8.257559813958295	-104.92005288736542	-93.10848821949222	-102.07813802105184	-65.53966915349068	-1.4721429698799737	64.8808751440597	-12.44800860645351	54.121019198926035	-119.53828524779044	-87.1437444415224	-80.13411412311672	-77.77612866594303
7.816666666666666	-0.016618265506306535	-4.642102467200329	2.7909927091437488	28.262057442148794	13.304156972800437	50.248706604741116	-4.297870894175399	28.314721164891598	39.47501108393434	9.268240088141656	-15.12409600976547	-8.276097825994658	-105.10747774425913	-93.63399535879427	-102.31648503511538	-65.37193540317469	-1.5940068641595555	64.37935799208412	-12.532470851226135	54.02230209715103	-119.91851290209122	-87.3059208430242	-80.44350181720884	-78.03767790465632
7.833333333333333	-0.18158136975590852	-4.0931299265884995	2.861938962413019	29.06900826107833	13.79028488162856	51.08686127814359	-4.05703196454636	28.687008487654886	39.60481193370467	9.307995274981122	-15.504144859834735	-8.326186239298647	-105.32256349007879	-94.23305631271009	-102.46062452766577	-65.16404813115075	-1.7294277526862538	63.749090590705585	-12.681169704867141	53.87978819851502	-120.30794137384072	-87.56390092163946	-80.7031294283299	-78.2559052571378
7.85	-0.3101063624361502	-3.3827079025154565	3.0441241444187566	29.98392169426167	14.435399215640787	52.05535067972498	-3.742974519835343	29.01728738634752	39.83738412361496	9.551445989117118	-15.890053991235405	-8.28249530808762	-105.57994762879922	-94.8997874055721	-102.53582348438046	-64.91587202029628	-1.8638244472120762	63.02877729997866	-12.875412114833388	53.65374650764921	-120.71419721985664	-87.95393531367377	-80.87681306584895	-78.40249515062872
7.866666666666666	-0.45112028120375575	-2.600122428455328	3.3465759830572495	31.03969969892538	15.156106912512655	53.111298978646744	-3.4142106152451315	29.20792594445147	40.23343991824732	10.000980375059793	-16.364463557980507	-8.251380079042672	-105.91334327677671	-95.65125765058727	-102.56676729371945	-64.61157522758538	-2.0454671215900806	62.27712579376779	-13.042338648107638	53.33946014228339	-121.13708482147733	-88.51494826178069	-80.90364484767751	-78.51398496176947
7.883333333333333	-0.6298226369822143	-1.8054074504682065	3.7591620109916786	32.30423329217133	15.904286956304405	54.25589153557956	-3.0930975876909983	29.206244715769042	40.848296373738094	10.604681896467735	-16.96760965128557	-8.336628615789854	-106.33778701430333	-96.53122116532157	-102.57862500331163	-64.22702042403648	-2.3573140399390713	61.51708804038386	-13.115998537465194	52.97276915309009	-121.57600954730712	-89.27666724384704	-80.72771309337874	-78.67201851192024
7.8999999999999995	-0.7618149398271439	-0.8496969640905072	4.211504089535875	33.839633356486665	16.647138777376497	55.51380842930814	-2.7498986810958725	28.988938125015284	41.68325369506915	11.28261256274595	-17.591500634365868	-8.440793995965056	-106.82968569453871	-97.59109703187447	-102.61818160500282	-63.75151195307118	-2.8456816630357764	60.73467961762059	-13.094712062522008	52.59670482949054	-122.01521906347526	-90.27638225736406	-80.33196528094656	-78.99382015802517
7.916666666666667	-0.7582521345091829	0.3547222154626051	4.6146615801522035	35.699229571331465	17.356763012953653	56.92074248338797	-2.31275475337162	28.525993784453014	42.71222515036348	11.907679479516942	-18.10645584385125	-8.514015195155089	-107.34820370934204	-98.86873741061764	-102.73354212918984	-63.16956265875552	-3.4810602485917794	59.90969485785642	-12.987603334893643	52.24871694731021	-122.40305989551517	-91.5643113576905	-79.69083469724902	-79.65669126299554
7.933333333333334	-0.6126928584818123	1.6471299984150047	4.918026813451692	37.95993667898918	18.03814439824071	58.55476569445369	-1.6684924732528221	27.790988110905435	43.92875516398407	12.330256198559733	-18.47775577987702	-8.74318665740744	-107.86506292139518	-100.3903166558224	-102.9470361079435	-62.4304148117305	-4.198509033914926	59.01481949381572	-12.756674125715733	51.970500519008795	-122.65367297943708	-93.19419239527879	-78.72491789468646	-80.8639783774826
7.95	-0.27804243921515565	2.8740784561433155	5.098012283613157	40.69248679002473	18.71306903131106	60.506358584427396	-0.6640488741946651	26.76821357240246	45.300404433357244	12.505681540076305	-18.649137428971645	-9.298237833330058	-108.37109498975646	-102.17231628947333	-103.27308270614333	-61.47979315302698	-4.95162794900442	58.01384826254556	-12.374954038852339	51.78416305069197	-122.65020061164905	-95.21793816505192	-77.34979651371917	-82.71222955862773
7.966666666666667	0.3857341512356298	4.077458080791347	5.123006148049296	43.903856655873106	19.35804867598281	62.79971798824976	0.8306111177125617	25.442200005792124	46.76094423861804	12.550218004803412	-18.483219742221337	-10.130862032090839	-108.86895389345693	-104.20832011288215	-103.74594774540765	-60.30427843314071	-5.728739333663631	56.89600357860948	-11.896395943612184	51.66092540491296	-122.2733853036779	-97.66179641559833	-75.51244180186285	-85.11140128679203
7.983333333333333	1.3839978166658462	5.280018842175542	4.954335796371017	47.58407607156153	19.884288507125756	65.40094283127695	2.805581552101793	23.77911395470366	48.3680188540959	12.686096951065693	-17.983483390681098	-11.200972569055713	-109.3674812073469	-106.48099141123122	-104.41314541097589	-58.89649108682473	-6.569000585077414	55.70256608189828	-11.4185416886952	51.54707793670835	-121.49185236599986	-100.518319963398	-73.12383473942849	-87.83179815221844
8.0	2.4576012904462305	6.33281314898245	4.554265813316383	51.77955506362364	20.16779872735358	68.28216307285409	5.0766440150579415	21.695300522583064	50.397099238529364	13.267347182569253	-17.41632268663448	-12.652762205048019	-109.87392397708065	-108.98557535403043	-105.31965816376427	-57.205293818263804	-7.56740271948764	54.51254310888207	-10.996322058809893	51.41497730215841	-120.41081287605992	-103.7921563685348	-70.01371525146232	-90.52406189519688
8.016666666666666	3.300864602535247	7.155703870091576	3.8924628727698614	56.52321613637187	20.102611111050912	71.4164571622378	7.421202580493296	19.06972609080893	53.16288308481825	14.88194511982727	-17.090999678013315	-14.55405136579364	-110.39186428054849	-111.70975523588517	-106.49940140777862	-55.18555535659179	-8.793023838995042	53.39798748117037	-10.619745021452557	51.28170275141016	-119.18080993833625	-107.53228642802064	-66.01792834858975	-92.64930139297395
8.033333333333333	3.762230758989417	7.92509974116893	2.981744999257158	61.69026676195098	19.64904513993348	74.69856903773645	9.725114625529036	15.801560418671807	56.79540212529741	18.336846431411576	-17.182541846253468	-16.679634695280978	-110.94477260524283	-114.60473443644986	-107.96302760598564	-52.91350370818274	-10.190897386960476	52.38792725408077	-10.291000173607308	51.19273796397951	-117.88695812039012	-111.81051232724737	-61.09155622499993	-93.47259683008251
8.05	3.769200427211312	8.81642390026302	1.9187942925414787	66.96085144240041	18.837099422309144	77.8760333881441	11.958919207476814	11.85627965382033	61.22483170507938	24.422813837876276	-17.833467513300576	-18.789653201322135	-111.60266794051185	-117.60607710158507	-109.68387364797036	-50.64493968213545	-11.630162039286216	51.47902692972041	-10.1033055994638	51.19038005728873	-116.5620538628027	-116.6646934164592	-55.33721917253069	-92.24143867405792
8.066666666666666	3.2507065419059225	9.714598749462192	0.904686832819078	71.89624358758478	17.758695921935498	80.55883564353601	14.089838350287524	7.316431705387638	66.23568877342161	33.54568006897004	-19.229367961471723	-20.955349430350406	-112.48007450337761	-120.66994817981248	-111.57538767055854	-48.77524794895804	-13.017574163314205	50.66591640750589	-10.186383946967375	51.287518310190244	-115.24424524220649	-122.01765188710641	-49.00854764632829	-88.47334080624181
8.083333333333334	2.2619354351819987	10.391551360070132	0.24967223440510042	76.05449750387474	16.554874029794394	82.3107786199874	16.049280232264394	2.458788800895008	71.45561386216103	45.34963533125717	-21.47183413514641	-23.386172814524883	-113.73376957032836	-123.7777241745949	-113.4840973359233	-47.72819274573028	-14.280847996209896	49.96102863428225	-10.585077472454437	51.447173896557054	-113.98969113345326	-127.58018256482268	-42.53406007488776	-82.23540581756075
8.1	1.005761876254696	10.861164451650817	0.34788767278913957	79.11842486238451	15.373442219723625	82.7807073818862	17.668628130319412	-2.209971627626996	76.43119676116284	58.435945116067224	-24.56138885905559	-26.05924679418094	-115.56715073531025	-126.92041124583164	-115.21926306252115	-47.81199790035857	-15.330510082850434	49.40729471775518	-11.264972884335695	51.56975783306828	-112.92407715192532	-132.80267690987176	-36.4928541488621	-74.3768680885533
8.116666666666667	-0.4406969162970099	11.386655781942693	1.638944607999317	80.97433493173635	14.385979130504975	81.82808242883529	18.613286992772	-6.112012088165745	80.80218780162737	70.5495398150798	-28.63864195261283	-28.688886191247406	-118.19794503631579	-130.07554197319	-116.5590004283165	-49.11689712998619	-16.151084787680777	49.05502044117846	-12.223879392625587	51.524841592863226	-112.33169256604944	-137.05699164698723	-31.529473762662196	-66.52374780387458
8.133333333333333	-2.286894000902885	12.240254364180089	4.5856068921589035	81.66894139313615	13.877057444027466	79.57882771639268	18.47602389781424	-8.897765040835896	84.34787671839287	79.42353911062479	-34.09569995825446	-30.930925129691	-121.80880595735155	-133.171179493871	-117.22319906519267	-51.52142879282744	-16.84296315828931	48.89974349077981	-13.50469123577005	51.2307151774841	-112.62423261140584	-139.99802155005602	-28.276333624429906	-60.595048453513584
8.15	-4.753707063103033	13.578426329267904	9.615151866231676	81.30067639562756	14.26289740084588	76.38294665410153	16.99114507942346	-10.483994024370437	86.8875528897052	83.66269497540108	-41.26660654364799	-32.48482130972121	-126.51289948054493	-136.06324763898903	-116.89774761431329	-54.7776983610576	-17.501483703629727	48.8393549848408	-15.113452830606647	50.722861618141934	-114.16949993573564	-141.6446390395296	-27.281960488816555	-57.999411489587004
8.166666666666666	-7.7070392238967065	15.420646341112727	16.97627485428525	80.0275378896144	15.990297329462942	72.74499939276232	14.169508607954732	-10.68123076359764	88.21170537572436	82.88402997620261	-49.99803230929152	-33.17151208682553	-132.29099308539477	-138.59215842793816	-115.31471823110957	-58.56001616781015	-18.115684784371705	48.69498443942748	-17.027265211709345	50.1663906714366	-117.13550695261772	-141.98624632417014	-28.923892742784346	-59.10076023113924
8.183333333333334	-10.58539705912169	17.653913411561213	26.586749323280518	78.19684759394444	19.384848369143725	69.23713496996774	10.250655818759771	-8.862246026331476	88.08929586009867	77.25669007586488	-59.48900961726169	-33.05690457728042	-138.90361255813994	-140.71081798884154	-112.31686323485947	-62.464576634035424	-18.6122681693615	48.29828839599679	-19.24174482215477	49.782128971945426	-121.45105578524338	-140.56395763033464	-33.361979783910364	-63.26092146789723
8.2	-12.504123098485024	20.154397021031674	37.96811855919778	76.32602175775088	24.530442506799066	66.3321603605095	5.564800447745704	-4.184277160564298	86.30687620762251	67.50827905327206	-68.36287786357035	-32.38615242601499	-145.85875476508525	-142.54054944704657	-107.89063620588753	-66.08891835217707	-18.969288950838674	47.57892128731338	-21.724078353066147	49.69387208164838	-126.85627826494087	-136.60535587325086	-40.54978996374172	-68.97227944339213
8.216666666666667	-12.511010297619377	22.88605129684963	50.301172149889176	74.84292846016707	31.248224888325467	64.2220594647091	0.442331829240583	3.7217562439718597	82.72016918436537	55.53836164196491	-74.98665656073	-31.385653565022505	-152.47564626311052	-144.27170486187208	-102.17447411322142	-69.20063953683777	-19.293126501949963	46.57730099845308	-24.40861378233408	49.81753237956508	-132.98036717230627	-129.70094275757498	-50.26073943621558	-73.92930953410875
8.233333333333333	-10.093107525553828	25.76109636380594	62.601607655007825	73.8638059221263	39.15611246554056	62.74494395155792	-4.847182626113003	14.300745712106634	77.34512319212362	44.26947664193058	-78.1223807738623	-30.268932541902732	-158.02927324830836	-146.03002890570866	-95.42766559330062	-71.83883410728323	-19.817479168208106	45.41622194115878	-27.25276933307122	49.91769615860702	-139.43096068495413	-120.28303234673449	-62.08639698290711	-75.66998268202471
8.25	-5.485773572707718	28.438095073534914	73.95253460251747	73.19949792021305	47.75944767296457	61.476726963406634	-10.16941248712822	26.315935727403634	70.50794567675494	36.44080071623297	-77.41449419264698	-29.374141143508066	-161.92872061993916	-147.81223621704297	-87.97618601742175	-74.25890672697966	-20.803541360208683	44.26436630961363	-30.149331139443387	49.79180367322204	-145.9050461775145	-109.41969796298265	-75.39733799493276	-72.59269311026068
8.266666666666666	0.5880571699966198	30.371944486504113	83.69913917101584	72.41280046291752	56.59172712697331	59.9037093142725	-15.532366903091956	38.42232278889952	62.94723562466132	33.62206363689729	-73.24897190302808	-29.053375636372447	-163.8370290730246	-149.42532012287654	-80.13788990200881	-76.82590771470961	-22.285660326346456	43.270382971017824	-32.803400166872635	49.418289121396	-152.26198393207406	-98.3072942400826	-89.3140505415405	-64.44818991419757
8.283333333333333	7.2624445930932255	31.081474264583044	91.51313622472763	70.72407847452783	65.32619913970917	57.43342687045144	-21.008351396906406	49.546072965706465	55.722346311269426	35.94654410293783	-66.39578505596437	-29.340021233911802	-163.65822964905755	-150.42149549849483	-72.14509342432993	-80.03786569358768	-23.714453477304108	42.52870743596083	-34.78343383894469	48.96363405031851	-158.47964396094548	-87.92521959833266	-102.75479032662965	-52.257916785154926
8.3	13.658301157206086	30.34377956505093	97.26781547789231	67.15400720712734	73.68266909377388	53.37050535984403	-26.658691630707228	58.95551906664218	49.893014329641	42.25952419392384	-57.80756583539938	-29.9257338115958	-161.46586699260544	-150.2695133766467	-64.19805151471311	-84.51021524864298	-23.772802437472706	42.11927939151293	-35.690940498361385	48.67006798907566	-164.53941223919418	-78.92520154184483	-114.6411458574939	-38.01307532615756
8.316666666666666	19.083811563448695	28.18943084625346	100.83285838116663	61.34523945195378	81.24498190125227	47.3284400010848	-32.45698453901603	66.17811007863557	46.1311380031339	50.62494368863936	-48.38065901040426	-30.666967153200506	-157.46447057385296	-148.85639799945395	-56.63161219268632	-90.54815409285378	-20.743689596284135	42.12340590606134	-35.33954813359865	48.720401476656974	-170.33357863295453	-71.69848401530302	-124.19397246963959	-24.12781224407082
8.333333333333334	23.100728708276126	24.736977037946495	102.06021332952253	54.058659665758384	87.48470593188787	39.70560043934392	-38.18521418480368	70.90582665398877	44.51263724163587	58.93648801462645	-38.89582274414615	-32.0068220363609	-151.99655145242227	-146.7437990743074	-49.93633812289973	-97.71544361544368	-13.660171197930302	42.578955945212336	-33.83536162296571	49.17518936442742	-175.60625823959117	-66.51521740079883	-131.08289698443295	-12.771478839423036
8.35	25.380924827028323	19.999810882312026	101.01627668014827	46.36598947785681	91.93598146686703	31.5104694846104	-43.40495819403212	72.8681978878509	44.58841981562765	65.28649490020969	-30.227508200644678	-34.81278688708611	-145.6084330276729	-144.81259776939814	-44.59215634752459	-105.01766832978123	-3.30167888478067	43.4718621856083	-31.48343395203047	49.9925714001114	-179.93309600842366	-63.65993992654075	-135.3354970176149	-5.352438023256828
8.366666666666667	25.831005045914	14.07524800328914	98.11973352495193	38.704375685535965	94.29962964450672	24.006957459839114	-47.540153692422464	71.78815871248982	45.68922276080711	68.11994331624292	-23.226471214640263	-39.85111310691481	-139.05747626055395	-143.92636111020394	-40.93774273560198	-111.23041492026958	8.726083123581622	44.76262761989123	-28.612312423161914	51.08314956135961	-182.7775260725311	-63.44921366761893	-137.08886628256042	-2.0736809409621504
8.383333333333333	24.83275705478572	7.807191076923013	94.00127520259203	30.777001725434218	94.4756268122675	18.724050108466646	-49.99296247789427	67.672941401738	47.310081677718	66.2139814150191	-18.3302082548577	-47.16491714340076	-133.16296530964277	-144.97210822032375	-39.16169010705071	-114.91326681085154	22.152359114416313	46.36268308068172	-25.51188460489711	52.35613767422855	-183.6302793972124	-65.96437551758022	-136.34399278210066	-1.5181605343296443
8.4	23.11625704503229	3.104570768402331	89.29515666159675	21.63425896953396	92.55406254547363	17.282723574728617	-50.28785797292424	61.214165646123945	49.307082942017466	58.59942005779446	-15.501230909736698	-55.690136986942925	-128.61748795476794	-148.79470775534523	-39.32233129317119	-114.59367026391617	38.58722712305635	48.12360616135509	-22.508943027182433	53.70021574507144	-182.16425181156902	-70.66222819252087	-132.9216897481094	-0.6802497745627962
8.416666666666666	21.327431078117613	2.1729586055099475	84.50001070696108	9.741615736853896	88.75439907396624	20.645201295158987	-48.18829940094347	53.88518901683968	51.74011122557417	44.892626595220214	-14.51248317706759	-63.55284750788652	-125.8399142551839	-155.72580611339643	-41.33990354822283	-109.44910132703002	59.675882302362155	49.90569737781082	-19.952908216284044	54.92993409128332	-178.28260202313248	-76.20911360534939	-126.66349576416334	4.1689959274109025
8.433333333333334	19.781250548725453	5.902965043315087	79.89299371278577	-6.0398937546924385	83.3811921501272	28.132464473298175	-43.69621273462782	47.83374500295571	54.60021664721727	26.216492479455333	-15.1059864148745	-69.0171734367824	-124.88723696359888	-164.92013848009742	-44.994243250813135	-100.24297092764212	84.75426618585008	51.62456459905951	-18.043304330475756	55.839451238704115	-172.0716481355681	-80.54169039798464	-117.65017459235642	15.655882301789713
8.45	18.655487862257605	12.670263441896662	75.53293698436192	-24.779482086050095	76.82160000887501	37.085708970462726	-37.03743659829494	45.62829479957035	57.82980556031288	5.618985892241497	-16.836369949060934	-71.52800503027458	-125.4918578113187	-174.19826847217115	-49.958920826956835	-89.69481186536909	110.44622825861146	53.219479164167986	-16.700780914583216	56.33200642380495	-163.81795743412675	-81.1522260362615	-106.18993141299435	33.34176559896804
8.466666666666667	18.145518011145974	19.10629173013368	71.32153331027024	-43.47908902724626	69.49227057878542	44.23666370035882	-28.730715025518574	49.599007077733084	61.57004755384695	-13.570638354337433	-19.060201161481928	-72.01932293389497	-127.20571917263095	-181.12561466402855	-55.88418586236078	-81.13979274078739	132.7372955449175	54.62354355885364	-15.595838517073446	56.44287141770436	-154.10717146666477	-75.77744936341313	-92.66281861780081	53.954377992953376
8.483333333333333	18.22388945569346	22.40852646548974	67.02322698919318	-59.21165748748513	61.68051278904524	47.93034194719386	-19.638764542890293	61.061935962901	66.1926138557879	-30.175522987590277	-21.3098097861134	-72.07368061960324	-129.5336992418149	-184.48220708509288	-62.51047225262179	-76.26064309447318	149.21080045688302	55.809014958332945	-14.255521279818833	56.28109095567781	-143.82974958455733	-63.12904907876605	-77.49635879771971	74.11137303663304
8.5	18.44381506030436	21.809150660946088	62.328061105841975	-70.61050400282865	53.459851563388014	48.81916114918708	-10.813089484379828	79.87071055236515	71.91725517276244	-45.05935673985234	-23.572492908600413	-72.62744292946596	-132.01630796891962	-184.43659359041197	-69.6882468630777	-74.32893727727864	159.6107626127726	56.85190157353455	-12.130504805850574	56.011096055612335	-133.96118791084558	-43.277387874100576	-61.34965249861221	92.42872677883669
8.516666666666666	18.172475758854283	18.35726740292593	57.09267989897777	-77.73122142013932	44.859707404882165	48.77899789596724	-3.139484518982883	103.89237397597908	78.32323270371668	-58.71481955038013	-26.16083623794986	-73.24128227929933	-134.33331199682573	-181.5985496822252	-77.24063209784799	-73.32134160676291	165.16613644925704	57.89966049727059	-8.600457392068899	55.81716048846888	-125.23982402171308	-18.207965526751078	-45.33527029362339	109.14685173947521
8.533333333333333	16.959882579984587	14.031873442117421	51.57181015369992	-81.60303986389978	36.06958846878442	49.56950700490555	2.8903877965753675	128.72621994900572	84.31834105657707	-70.1259901832111	-29.45648731370106	-72.28078793611105	-136.41636989370937	-176.31266137822846	-84.84455974000946	-71.3446412038883	167.61507097473975	59.085851791207475	-2.9353866687222165	55.8005044206938	-118.02376041221852	7.812071740211841	-31.008872479908522	124.3075702345522
8.55	14.613186457547155	10.702897393349145	46.38137628676919	-83.8744153820953	27.441834871708117	52.004338311970685	7.127569399265618	149.3324113534257	88.70854356959526	-78.1429584984844	-33.83144850041826	-67.95374666239721	-138.44463495797874	-168.65664405574634	-92.06325867120952	-67.50075523094694	168.52272287540066	60.49490645708419	5.633774113291523	55.927745752080924	-112.37752414365204	29.827317810508063	-20.033385446285696	136.7470359391391
8.566666666666666	11.132550925879954	9.148244465845874	42.36143550315552	-86.3215679568735	19.4563880495747	55.766970639512415	9.704008228916368	162.85055267969503	90.85881579549714	-83.03632472119658	-39.63216842648407	-59.659884381884346	-140.76471935234335	-158.8081288477302	-98.40328384918782	-62.092701259250084	169.03720744169573	62.14032810123921	17.32119615035618	56.112578023627414	-108.15566366984615	44.990880780932514	-13.76278338146273	145.00773559919605
8.583333333333334	6.861098179993763	8.84138476853407	40.55996778021209	-90.30136957358296	12.78114248380616	59.856323191935495	11.137171354595743	169.67917957706723	90.92499091608701	-86.34866832511324	-47.000062941830876	-48.47796737040024	-143.8611611217351	-147.31935213893428	-103.30119334152299	-56.22601263339366	169.8048503398097	63.91766417467109	30.833268975448593	56.32240942559786	-104.94516447073342	53.59684375173807	-13.042048265939489	148.64801915519
8.6	2.6272203808363557	8.729394207595758	42.12337173877472	-96.39148984917492	8.251727644266326	63.250387727724586	12.332191798376432	172.3676779907438	89.70045019771135	-89.76951599956497	-55.63816818681467	-36.36292135807019	-148.26538856745321	-135.0923155656659	-106.14201682867844	-51.143356745220174	170.93936529754868	65.6062555270517	43.43640326915701	56.575711795947704	-102.06155267456832	57.973933517799026	-18.21400219913493	148.54405441038583
8.616666666666667	-0.5011080000171569	8.156653757776013	47.853512642459435	-104.33259363835435	6.611628053691784	65.27399281043354	14.18538875928061	173.79194554811872	88.35139124716726	-94.22341037705388	-64.76247388203868	-25.069629141109647	-154.26136588169064	-123.22628289888563	-106.40785323923114	-47.74548848248941	172.22095314412556	66.98051870706661	52.697912999834735	56.85695844306539	-98.8340925336423	60.77246425519575	-29.057909303971844	146.3593949282279
8.633333333333333	-1.7614185979567525	7.179212338196507	57.57491495082257	-113.17267350536322	8.143878993517944	65.62204147924434	16.976615111244534	175.73909442952092	87.90171048560511	-99.54562609196273	-73.2485203257365	-15.728306877383822	-161.48710172734275	-112.90751921558032	-103.91218677652017	-46.43402429079379	173.41001183210625	67.94393422994145	57.70564424478825	57.09397490934266	-95.07945065879355	63.68302865948275	-44.43098953866302	143.78042415458432
8.65	-1.2273254809501402	6.402172961793177	69.63712866829816	-121.5594654549964	12.465849195893313	64.28006538510186	19.81428906183505	178.6658176041964	88.21761484663176	-104.77965971868844	-79.83603364706507	-8.868336015111202	-168.60870816570653	-105.27050897690441	-98.97157949740846	-47.157363308199926	174.3904191353202	68.56257130666694	57.8814948288844	57.24811366492212	-91.62313963146667	67.22838891089464	-61.55580757008754	142.1190022917089
8.666666666666666	0.10498820644869344	6.579468000274957	81.11936954959944	-128.1383651280033	18.705607276510932	61.46180689977655	20.51944736525894	182.24035133193007	87.30032427583693	-108.76063466880417	-83.30392533667744	-4.587374377043546	-173.40891354305387	-101.16684237731855	-92.28954399345473	-49.53334437018912	175.18935146978166	69.00484872999714	52.147992782777514	57.36806806573474	-90.47570390470668	71.24520006196444	-75.92322927220917	142.2550561119775
8.683333333333334	1.1828530586412909	8.065170213639783	89.27901041350731	-131.89906774596383	26.037850221407922	57.59665870711611	16.988710194851276	185.72550748867542	82.69212176476499	-110.63402445436115	-82.60199732827616	-2.857184191769446	-173.78485038770665	-100.92235440540922	-84.50583997419997	-52.947031488491795	175.96534189008605	69.45630980436482	40.87083836287362	57.51466290635817	-93.55498000075659	75.18181729306754	-83.61070787933066	144.4215801316218
8.7	2.0650861398367826	10.474050431639697	93.08258661705173	-132.39596584917038	33.9569307482439	53.277551106172055	9.361722059377747	188.2209538631135	74.30729529212424	-110.32699103580386	-76.99740338322772	-3.739872508773959	-169.06248952542472	-104.21392294041352	-75.979902908374	-56.65928255044587	176.89257690743509	70.06316634339665	27.046614690729825	57.68725566185879	-100.57511159724012	78.28412020649557	-84.41809909036755	147.90761055246637
8.716666666666667	3.665843720303154	12.771363360796757	92.94097101161796	-129.80806382588372	41.923269661827675	49.082725271177964	0.042960850167287346	189.10187976598823	64.7854161276443	-108.76503394520367	-66.4334816582747	-7.414867205039877	-160.0993253832011	-110.18623056583625	-67.15835437158441	-59.998898762234155	177.987098304317	70.91837596669424	14.329415320959239	57.85335290228668	-109.03866318324478	80.02025573257609	-81.50649642107376	151.25071859887333
8.733333333333333	6.184706804377935	13.721059196039727	89.45590858132383	-124.83454301195589	49.12724425313385	45.395579550179185	-8.47797283380497	188.34623691720782	56.827653602789105	-107.41840024179012	-52.08588757333937	-14.005875416133053	-148.27059438480075	-117.72693461217203	-58.81468580347798	-62.54635050643267	179.071907539401	72.05806994364733	4.932120650453008	58.014243535235295	-116.41990289041676	80.40430686059595	-78.1674573051234	153.0011908291819
8.75	8.425512196748533	12.588203738590751	83.0864106641694	-118.52209345290767	54.794845789319524	42.33641619528114	-14.998385969892015	186.3789602278513	51.384531235585456	-107.49360619434798	-36.39834333422149	-23.104767969846108	-134.82385553938326	-125.69297170843569	-51.73744487521363	-64.19587446925203	179.9582939223829	73.4677093359268	-0.7096564205424325	58.22516443859349	-121.53067663442513	79.84666956331813	-75.99904512111786	152.37237643762847
8.766666666666666	8.89134276430481	9.713230678350762	74.52727783446247	-111.92961064607512	58.52786398202164	39.893846714150726	-19.374844433895056	183.68225209083218	48.08449323950282	-109.4687857583314	-22.021723870181912	-33.392654838134064	-120.91306664062216	-133.1058855164834	-46.38578880615654	-65.01980607402747	180.61581740345372	75.08634721246754	-3.3061991134787343	58.56541582333826	-124.2884972220732	78.76859930265397	-75.22587869386662	149.31556045459536
8.783333333333333	7.1202507932587285	6.3673121334390785	64.88153422453915	-105.7425843210154	60.37674534753501	38.17941511916993	-21.93676992165957	180.61792961913108	46.15172328888078	-113.1584936057089	-10.579198156694675	-42.91536001283521	-107.69944894656054	-139.28267214627314	-42.817914722013235	-65.01524495037832	181.10337493098373	76.80533993112537	-3.8054113744729117	59.093309691950054	-125.13142999120778	77.42326954958281	-75.44564220944886	144.27478881363427
8.8	3.815081700471145	3.8961379499406803	55.582315396378405	-100.2812504854706	60.72855515904288	37.47829111289552	-23.122608950624	177.52741855842908	44.83140394892075	-118.10427747756678	-2.523928759100002	-49.83453672466672	-96.33901043531391	-143.73067467460766	-40.756695038920554	-64.0069590850679	181.46008464759797	78.51474980233743	-2.86109403685039	59.81838261537258	-124.60785914858741	76.04216836046565	-76.14086007191051	137.9428429417266
8.816666666666666	0.20489794920222182	2.917220226752083	48.21783351989119	-95.79716270007125	60.1542385106775	38.096501784029144	-23.31992761203438	174.8657007818591	43.55373009701781	-123.85142294047212	2.2856569086027867	-53.046304618296645	-87.91924098165418	-145.96352484505223	-39.701407461741326	-61.75914418838967	181.82105405161326	80.14435402678234	-0.8666273751384777	60.715914523774174	-123.17557358445319	75.0100548094403	-76.92529661172405	131.1602121795866
8.833333333333334	-2.4279205978138494	3.1719702999323522	44.215324591236254	-92.65520313915182	59.24670311335369	40.19317722798586	-22.855993005734355	173.09928637119992	42.11101927822263	-129.80265939469578	4.263651412791756	-52.3191697629214	-83.308427884947	-145.49114006286283	-39.09310329368695	-58.14662917905476	182.57488391013527	81.66019359001862	1.8915681174338128	61.76181889684811	-121.19579941277499	74.7594799641593	-77.50345911020305	124.95671171674789
8.85	-3.04190378187215	3.9330451380010847	44.35050978711629	-91.30908234773308	58.360962325260864	43.623048466289355	-22.065060697607407	172.40371169929037	40.71460483925637	-135.10049311361558	4.059738779469434	-48.0426699120453	-82.8983572922537	-141.975715050063	-38.54784750512404	-53.285761364095556	184.27355669716815	83.09119016340783	5.182786402082994	62.904969879350325	-118.97387052799232	75.49490186890546	-77.56498544927831	120.39385976218176
8.866666666666667	-1.2017912397764525	4.50561975868579	48.3221112208757	-92.17637094188858	57.43617386145064	47.89222888557504	-21.290401221508542	172.55238275381242	39.78538702673784	-139.03167259701394	2.4326095946077615	-40.90445832479044	-86.36559901326576	-135.41007808350017	-38.043487792410666	-47.58743276828629	187.24446640907308	84.52033833607562	8.801989756230679	63.99607003092904	-116.77006287536987	77.0727210999511	-76.8438989175616	118.04078388670061
8.883333333333333	2.661644207564038	4.390962252258764	54.905772726670165	-95.61423836399963	56.19130807828909	52.23909135097827	-20.762694280535186	173.1541544312863	39.623823041301556	-141.46746467589566	-0.08305992905631299	-31.785220981777815	-92.7447040694491	-126.17618323406263	-37.8389313428684	-41.79114807017924	191.15932913749788	85.96976056601639	12.476697645342385	64.81743788711535	-114.7929337016927	79.12391501012878	-75.29480536528456	117.65670303973116
8.9	7.41245786860102	3.1141973836371255	62.72459395658081	-101.84629621576283	54.54319761947565	55.803832578376884	-20.50707546110054	173.89488933284227	40.19859547563899	-142.7070606547792	-3.446700329601974	-21.913011613750967	-100.85915838128031	-115.02720899740216	-38.13456442489726	-36.87392946599605	195.05687131665198	87.3222379444911	15.78264307999227	65.25680182902677	-113.18483750547347	81.21712728846937	-73.18802156881709	118.5106041606483
8.916666666666666	11.695308891265935	0.2789880411169754	70.87148168408488	-110.53521875247135	52.801099153426314	57.94851423254892	-20.422913814681692	174.54557930754274	41.22878210141509	-143.04539677321577	-7.979049912567578	-12.841070893131558	-109.67435947346526	-103.12005893422435	-38.80287778971121	-33.65546271058862	197.88078807036615	88.39602305709964	18.131904346682557	65.46343455547495	-112.02689075781922	82.94160236440523	-70.97685176007879	119.89630592835529
8.933333333333334	14.425259281833373	-3.94980253339191	78.90076997005436	-120.43586289100857	51.47171403982666	58.49327641127138	-20.43885845326859	174.98078610602357	42.41116300003705	-142.6261585087736	-13.90089660446877	-5.917728251802912	-118.326157296904	-91.96792571830993	-39.42538732728662	-32.40382495584191	199.03242178844275	89.10289866051993	18.93713638614457	65.7447639859358	-111.33595982038187	84.08368473891034	-69.04580178651284	121.45594672323627
8.95	15.21104193124508	-8.607266848810726	86.51915286085763	-129.67556238695443	50.94392202730417	57.66374764879966	-20.571268273849153	175.3081681931657	43.49303874149162	-141.4330851318439	-20.835499238994444	-1.7393042686108708	-126.04654345380307	-83.13203741957886	-39.52739059335385	-32.80756497185837	198.59479087292198	89.52868745527925	18.102218007794367	66.24160835847962	-111.04258089450717	84.83685557250773	-67.61406303116499	123.39883967638107
8.966666666666667	14.537934451056438	-12.374107527488034	93.37678306117996	-136.36164130317766	51.414977136419665	56.017720054157536	-20.84860283229421	175.81367791442187	44.199434162576125	-139.22560127966244	-27.596164111297853	-0.16709653296076743	-132.13410146802792	-77.79298900510487	-38.75731840692024	-34.15457548918237	197.19760182948633	89.82770459997737	16.288363834175826	66.80660867118048	-111.0208983756341	85.64138237108205	-66.84525927559193	126.40582485460352
8.983333333333333	13.357360760295785	-14.260782160553484	99.01797473098156	-139.03885238153148	53.039100869883015	54.44235564284472	-21.18373537928917	176.6770066389061	44.19729843019645	-135.65258536829737	-32.58708575051227	-0.7451975762506422	-135.9444490242788	-76.48441541521463	-36.92647429250805	-35.52321951954635	195.61876219240912	90.03442505047524	14.431630703168528	67.22708947526053	-111.14931054168022	86.71143147651509	-66.95257508310937	131.0432046279883
9.0	12.299342786094636	-14.0125202551599	102.87714538198352	-137.01901950874813	55.92943868380153	53.905370893369	-21.36728261063572	177.8172866944688	43.22416014308295	-130.7381527332324	-34.625984579397354	-3.0657829893599597	-136.92532728597297	-79.0532627337551	-34.048181901629206	-36.072249692061746	194.4116094997547	90.02237965677939	13.169754247736845	67.41307143955473	-111.34490319606647	87.83966610903809	-68.11156388016259	137.08235542927673
9.016666666666666	11.224043591216768	-12.087564698203494	104.27324322498144	-130.6497935445421	59.90358097059638	54.94377615817628	-21.254106875413914	179.09765015174133	41.3202126430018	-125.53648981142342	-33.48360593455383	-6.8319932291880905	-134.70764321678473	-84.74442853092148	-30.434399987179976	-35.394204799600104	193.83472759012287	89.66201919720157	12.732337730373915	67.387106559724	-111.59208783319033	88.75966919396497	-70.26115118128935	143.20806964464762
9.033333333333333	9.380222815521918	-9.260879303864279	102.50031371225603	-121.2097630814761	64.29446417574019	57.37437892418718	-20.951988146144572	180.51186044758538	38.90224984960899	-121.88100234326559	-29.831499650566382	-11.682599253760435	-129.21170519016482	-92.42171995079927	-26.71139147082522	-33.63147672237827	193.9753812358252	88.99414419579615	13.024578484781415	67.23363651103637	-111.95784379271007	89.50600480101991	-73.04712579000342	147.62961320824255
9.05	5.843155579923823	-6.2913226435614655	97.11052105856207	-110.35528773717168	68.11815820216931	60.5180510571772	-20.796117847380284	181.9892852232602	36.603996636798506	-120.92067875010076	-24.91448043020974	-17.183224523187757	-120.7576034592473	-100.89190188227973	-23.64708239227186	-31.247189537264017	194.82454473379474	88.23475859365402	13.685240973394665	67.05818949566262	-112.56135844182155	90.22404462881892	-75.95210976137697	149.35275980444416
9.066666666666666	0.020249428634734223	-3.86029877657554	88.29381172105846	-99.6464502097352	70.52463337299099	63.63382619499416	-21.145597777089613	183.18800682183044	35.07000721834595	-122.26283797196417	-20.125843978317516	-22.95688663346297	-110.14604512926887	-109.09658786204655	-21.852233402074837	-28.743040580071725	196.28826659262347	87.62313135877633	14.249701125266004	66.95185045792613	-113.52246455215554	90.81114004676448	-78.44995001689858	148.6739090180484
9.083333333333334	-7.753960254896841	-2.1992616890905055	77.08945176902081	-90.46663121947326	71.17888167260658	66.18369041677637	-22.19359814619983	183.5926225122869	34.79635759576847	-124.58144895690427	-16.389439539041373	-28.273791518844728	-98.63542446467514	-116.07452983761104	-21.545972699047102	-26.541163954877334	198.19812267758795	87.27514242807474	14.485649852468528	66.95128009023473	-114.91845251785357	90.86776814063312	-80.12139715281994	146.5144532725212
9.1	-15.954525148675838	-0.7263021234960111	65.27414158363908	-84.08726963373306	70.31468399439153	67.89640344592992	-23.884632271862657	182.75153053009737	35.96383241315094	-126.45018218696593	-13.753372350839037	-31.581981562558315	-87.79881236726584	-120.8556794483187	-22.524670807883982	-24.94295135634558	200.3214299638222	87.16064085740646	14.514265465636113	66.99443658064996	-116.72398707413821	89.91217572782178	-80.76039213090316	143.78938018582326
9.116666666666667	-22.600494856691462	1.216504358930492	54.91493253859168	-81.60061367058542	68.5282919442434	68.72471026830324	-25.92189998332498	180.47820711621665	38.31870471695843	-126.70955518906746	-11.816225436372301	-31.287296682257765	-79.21576692610239	-122.50380104778473	-24.300834446456086	-24.104416122396227	202.32291156858122	87.17086934423143	14.519246876903807	66.95694977766341	-118.75102637402449	87.64908072551711	-80.4328810881973	141.2933555049361
9.133333333333333	-26.49578139046084	3.120921611560935	47.692803564488244	-83.75848876533065	66.51199833411644	68.74113772718708	-27.873199639393107	176.9452312591832	41.282327253538845	-124.77110226876887	-10.493412707301925	-27.196462440985353	-73.99781634070936	-120.31738404838754	-26.30501288066887	-24.07587348759822	203.7589708677281	87.18298749022746	14.539728897957223	66.75680383829729	-120.69021085417843	84.12822004439789	-79.40842494446676	139.54372837899606
9.15	-27.67793177483255	3.0670853018979263	44.31248463843598	-90.83471504511051	64.83140255679051	68.07320709982781	-29.34355432571404	172.7150520134298	44.2654250486777	-121.08972240361467	-10.068048007997708	-20.93445092065861	-72.39054048601008	-114.00153619506183	-28.078055993979472	-24.83625145094217	204.29076306341227	87.09054819562805	14.591748354490834	66.3929444654942	-122.25301287648404	79.80559346265983	-77.98797558782488	138.37542079591952
9.166666666666666	-26.96044368668777	-0.9692800705882322	44.32366560368049	-102.41059551558372	63.793243191207196	66.9331015472684	-30.0765463648667	168.68477975013778	46.90111976236539	-117.29140148768667	-10.682701702911892	-14.818145302821378	-73.72298448836709	-103.84886516617918	-29.399319037037657	-26.259460680976463	203.92783749405865	86.8074595885036	14.703852500056904	65.9150993963324	-123.26910859311155	75.49221752189298	-76.36820853716168	136.80610473996364
9.183333333333334	-25.355596956383618	-9.351391106587803	46.47791886723487	-117.14287525207817	63.43157907235277	65.60370520774006	-29.97687497393678	165.7256908207496	49.06164518678224	-115.3279631188715	-12.121036916340811	-10.32489477385177	-76.7664237028787	-90.9735035509764	-30.288504902816335	-28.11637876742902	202.96783614818418	86.27996008890469	14.807626016608854	65.4135221779594	-123.69695894910586	72.0056068455806	-74.63540486104327	133.64064542940724
9.2	-23.70080440501762	-20.522265015240638	49.40706575894265	-132.9151514811931	63.5597660806107	64.30129228961702	-29.161164103017835	164.12641402944357	50.79074695205265	-116.18714069340436	-14.008940316273403	-7.767621406590503	-80.30909987757191	-77.24535622938232	-30.902033935552947	-30.1605077265466	201.77251712639338	85.53826913964593	14.841488862369639	65.0126612501764	-123.62296411918146	69.66461401327997	-72.83223079299215	128.44716674695607
9.216666666666667	-22.46546410937588	-32.15886237500316	52.153486063020665	-147.43995118359607	63.832373257200445	63.06002539765022	-27.947900479657612	163.33797045460972	52.20747533043966	-119.48261206145258	-16.053612546092573	-6.926206836445645	-83.58843441376591	-64.76734429468394	-31.434947681113233	-32.20729554066342	200.6220749896756	84.73276379892656	14.879473486315943	64.82825508702844	-123.21522141797126	68.07064951629607	-71.00772448858024	122.01697760119713
9.233333333333333	-21.72783847228019	-42.11239813720134	54.304427669500726	-158.9122804124819	63.86610621991629	61.788996494548826	-26.658884938130978	162.12947466992404	53.33375225013006	-124.0928588160726	-18.095927608509324	-7.339344209214317	-86.36654577949881	-55.22694600264736	-32.06211669939303	-34.13922642476045	199.61316666079534	84.07184417637045	14.983863632591879	64.91682807438328	-122.58710785744026	66.20125175061474	-69.25332601615229	116.09996980718465
9.25	-21.405866070458536	-48.82896990095409	55.8405820083533	-166.39657559324624	63.419379181978535	60.453494685966575	-25.398053862530006	158.88511282860622	53.961217463810144	-128.86411023672272	-20.132729916655098	-8.27959230959863	-88.72189777118642	-49.450622620550156	-32.88131347926141	-35.84719797527333	198.651979534646	83.69928784225978	15.082319940895047	65.24062631230687	-121.6987465237699	62.584420167366304	-67.73750510162323	113.00216691502152
9.266666666666666	-21.71108259211852	-51.71144913360581	56.86106518234291	-169.8773624098619	62.452822202999585	59.16239207030968	-24.043876610665762	151.96338912967673	53.72429669695307	-133.13049476691543	-22.487034532844877	-9.029389200233343	-90.76594042381491	-47.317940821395936	-33.9048723357834	-37.19530246847329	197.6176384497113	83.64208894122321	15.095981597370319	65.66657898722436	-120.40157114944871	55.605694590893776	-66.67726016176546	115.04201090030928
9.283333333333333	-23.383256572973202	-51.29838686720657	57.285482383254646	-170.074070452478	61.005225088436006	58.07032492728449	-22.387389911412516	140.32098983216613	52.326576525006985	-137.2763455811879	-25.844055499511725	-9.318840518087045	-92.44510883800599	-48.020455227376154	-35.1596239412589	-38.094524102410396	196.4875481805037	83.83459869136017	15.049378123966227	66.0490864068794	-118.55223894110739	44.156140802471256	-66.2256561071156	123.41493254259885
9.3	-27.245508267835536	-48.900510877855794	56.695405424516586	-168.12840495879723	59.07260476685819	57.265531473983195	-20.261649836397527	124.63905656296217	49.73998488223144	-142.4327148466116	-30.752478332637953	-9.371553239622084	-93.48777937270987	-50.4710448984217	-36.79237402768846	-38.59944732056344	195.2969743413025	84.13401654831506	14.982677163405056	66.34511325333672	-116.12662863094415	28.77407776841554	-66.38664068400237	137.0584790403751
9.316666666666666	-33.34329646162184	-45.86723994536582	54.500841678344784	-165.19542673946495	56.63454484230441	56.777852546308964	-17.656144021561108	108.04440832877924	46.25531729283982	-149.01493780483315	-36.87505912089281	-9.544305673150886	-93.51663554157486	-53.67706893235601	-39.015800172202525	-38.87249246819796	194.1007533437067	84.34821113309854	14.841357529589887	66.63580040122112	-113.30648903606803	12.394063314272325	-67.05116566415063	152.66209903046524
9.333333333333334	-40.65462359351921	-43.12075119616897	50.331515555582754	-162.1043031484606	53.7729416071394	56.65398460197335	-14.730193645962585	94.59419175994145	42.3331411793234	-156.03425212044368	-42.919322933648345	-10.073210475862437	-92.26930371064282	-56.95246200765448	-41.937805431004136	-39.05676243617019	192.99143756389583	84.28768892237555	14.501959305481957	67.06669267200067	-110.44094068410611	-1.1165552782020647	-68.10778372393077	166.31406720084263
9.35	-47.86362581542597	-41.22462173376392	44.259981878269556	-159.33617112393745	50.70306235129172	56.95826595530608	-11.68436367020145	86.43840176247613	38.34914799798394	-162.03935245528515	-47.55984946902175	-11.118915066358134	-89.74561741445753	-59.894293122893714	-45.48566808716365	-39.23046448314929	192.04528776238683	83.81043668144203	13.881066715645106	67.77301550427046	-107.87309410865683	-9.750328675979217	-69.52391517371528	175.64335531981243
9.366666666666667	-54.356496151454785	-40.59942014067075	36.808123452852016	-157.2231083057056	47.72083309448426	57.657573025266544	-8.68187223032601	82.9810565125949	34.465607525144584	-166.18891047517474	-50.43912950828441	-12.839739363425382	-86.2082426939483	-62.24031203372089	-49.40016751897739	-39.46342758819512	191.25004653319195	82.88048211762634	12.985965189441451	68.78472616448212	-105.80287284378767	-14.139944100866721	-71.33721826847612	180.3888814839253
9.383333333333333	-60.300175940724586	-41.41897964836901	29.01053014990392	-156.00256824495722	45.27639112328195	58.587361082679344	-5.88589606224159	82.3490294656992	30.706259757873365	-168.49022870384374	-52.22431297426533	-15.24723990794281	-82.15227389840801	-63.82824086230175	-53.14179856830427	-39.830828608906884	190.56527225960488	81.58793337779707	11.873881731529586	69.98157987865979	-104.3040857538278	-16.069160225886993	-73.59777191327314	181.44831408918017
9.4	-65.81075838047036	-43.357686178933115	22.3139678595532	-155.69927105039127	44.0015867584305	59.591260626233016	-3.4866229747766857	82.7880729436029	27.064762238227477	-169.4357383651006	-53.727735394954074	-17.999173981305795	-78.2443658907828	-64.6414515097079	-55.93043286656386	-40.34075899876136	190.027259110433	80.08134228508112	10.62502222999625	71.191875196075	-103.41864259977103	-17.143946681391455	-76.35384586205197	179.99039124215528
9.416666666666666	-70.2989524660818	-45.762506541894936	17.996745435534905	-156.14264110557164	44.366245357036995	60.60502372612284	-1.6931971586959402	83.07696093092763	23.515542474141032	-169.54284025774587	-55.078209899336	-20.517394136879414	-75.13308900310439	-64.75483409583072	-57.136307221556294	-40.89752885247047	189.72907987777947	78.51961141823197	9.34931826743726	72.29947809760735	-103.1957497372892	-18.42559164766567	-79.68024368877951	177.06090832719394
9.433333333333334	-72.76949071597565	-48.128987202309204	16.530092094508127	-157.1398360984592	46.27070143050842	61.56908153841002	-0.7173156524897292	82.47549904375043	19.991860621716903	-169.18300085669287	-55.78461501828762	-22.362230058364187	-73.20173624756129	-64.23318264353402	-56.67145912925714	-41.37307902135556	189.7136248536949	77.08683910062665	8.175174231631072	73.20962896991018	-103.65947621225527	-20.466661516015147	-83.66780056649074	173.38704718979375
9.45	-72.53706346507133	-50.29509073281372	17.47368454961725	-158.55506377450172	49.110853554949024	62.374503081700794	-0.7048172032669242	80.62035815218518	16.419193271447803	-168.63847160965975	-55.31969340497148	-23.444450081863675	-72.44218127027938	-63.149322230531546	-54.968072467028016	-41.70442294027627	189.9285296207663	75.94767767731568	7.228491180026254	73.81532908655025	-104.78374322524397	-23.45856786979189	-88.36497411920229	169.29921295999378
9.466666666666667	-69.56493788408606	-52.394150888758055	19.84651641096809	-160.2994355608781	52.211447524005564	62.95739946568013	-1.648711002859336	77.48977169379414	12.783254570439986	-168.18704350011856	-53.4628020229625	-24.004676230211317	-72.50315505975274	-61.61056842941174	-52.65591217428147	-41.90996023260691	190.25718727267207	75.13605077590032	6.5726596950734155	74.10250247918805	-106.51607070114639	-27.377588004492917	-93.73354252274864	164.7807832643662
9.483333333333333	-64.66509628972703	-54.862065567612404	22.4395870668737	-162.3924192440722	55.01277239715208	63.33154871515184	-3.449271358236461	73.32342310202895	9.185628163676174	-168.1674938611366	-50.509385410935785	-24.51759417760775	-72.80729357585507	-59.655737832089535	-50.366722761436606	-42.04794644343685	190.53179769721515	74.56550119341937	6.1286877851010315	74.25104059531758	-108.82876651682518	-32.05607205655976	-99.64412204071581	159.59983371293134
9.5	-59.76054128224186	-58.34951083115702	23.890355914236793	-165.00037288558846	56.82082936303887	63.42544776791502	-6.143623701673085	68.40469725991414	5.855635623766646	-168.9715393418943	-47.49813213229434	-25.560488579778838	-72.70728664315774	-57.21145267124026	-48.81596675552132	-42.21134835064517	190.55121234815502	74.20264594824285	5.70988666623872	74.5725999018205	-111.78041982023332	-37.23209885864607	-105.92574813272088	153.4582204225756
9.516666666666666	-57.57246789503409	-63.33588749698903	22.95510983379075	-168.28717422533578	56.669685890966946	62.94260032630519	-10.093123954929803	62.886338778189824	3.077866172527559	-170.95792434293296	-45.920174931388125	-27.597052920847293	-71.77664699811407	-54.26197357285877	-48.8212511788608	-42.548336743522555	190.20281394559663	74.19774887573791	5.153829059354626	75.35835044390876	-115.5840610247576	-42.604598291637934	-112.50648081790999	146.12927932760317
9.533333333333333	-60.674516896317755	-69.79926368300607	19.174857983901756	-172.20579999915356	53.65330650562701	61.48306734794302	-15.978137630932105	56.83918195045023	1.0593642199213589	-174.35885198790666	-46.89610292990314	-30.803547259686102	-70.21315653798369	-51.00537072347003	-51.03984190467675	-43.21008106236074	189.59867610266426	74.83382056925275	4.394829669887257	76.7597855739656	-120.67128604123587	-47.85396645985353	-119.61037846404452	137.57417195739671
9.55	-70.78711089904104	-77.37775512326856	13.475738060359154	-176.40204161664278	47.38501707140825	58.87899019307241	-24.623186458946915	50.428298809791	-0.17216534198782932	-179.19024743457032	-50.67617947863976	-35.181876587121394	-69.17090826363659	-47.8051738788286	-55.70013628168035	-44.20616316001622	189.02308515469628	76.35925001141655	3.4551453476884673	78.7086027791131	-127.70833981203549	-52.6568545432976	-127.87553908287549	128.02268438165575
9.566666666666666	-88.47860219713291	-85.63219367743415	8.222726866237904	-180.25627396422954	38.229003385238876	55.45057525638319	-36.697517602522986	44.0054452627919	-0.7819290027980744	-185.1379952234149	-56.66212824197431	-40.691930774712745	-70.75030456673625	-45.06001748138663	-62.53758924166695	-45.31601737052269	188.73812709101404	78.84095467438596	2.4185900067839077	80.92186724601349	-137.46411022942877	-56.761147364113924	-138.23602771924953	118.00206970766205
9.583333333333334	-112.65732844318569	-94.01636430723127	6.516772523910136	-183.1068735654697	27.311082125721057	51.94797354913718	-52.277412305691186	38.08058691104388	-0.9971997426240683	-191.53402919190754	-63.45203769649083	-47.10129796871446	-77.32979830281721	-43.08316055447376	-70.8287159263848	-46.19182450296876	188.86348607531838	82.11948111056164	1.4019725211888494	83.02865818017997	-150.417210357797	-60.05921114106197	-151.39872001336246	108.27654528976305
9.6	-139.90061251760977	-101.91530273208497	10.550728655577965	-184.59166397193982	16.348468137050737	49.20827440189004	-70.1832863442898	33.233235287879516	-0.8335224264081648	-197.60797503424723	-69.1432889163134	-53.89199979103483	-89.95973770585076	-41.97110839151403	-79.42819984681273	-46.56839358197351	189.36964684255727	85.89193923454059	0.5304833546238893	84.68638869610166	-165.95995432815323	-62.54343269598394	-166.77428606027814	99.63558111199536
9.616666666666667	-164.9048502110879	-108.90422347259742	19.759617448874273	-184.9181403171462	7.145974576899104	47.66912002119237	-87.66500530119214	29.889334990245843	0.10767134459473449	-202.8460557953712	-72.32639567804792	-60.422883408183374	-106.70448415981139	-41.50748112492682	-86.95999397503792	-46.43684853074469	190.1310209734318	89.88603720086456	-0.08035383662150664	85.67775579332725	-181.77097385312914	-64.21663356169117	-181.64817538495245	92.62911017516836
9.633333333333333	-183.1527442858522	-114.95743584891666	31.000910471517226	-184.91674471517084	0.6737478191894333	46.92762839854439	-101.79626927281687	27.95630990002322	2.5527930637187026	-207.11568225796466	-73.04847202145527	-66.14187973089541	-123.36063868608973	-41.16702995911041	-92.35512399640882	-46.10124341705378	191.02499148640453	93.9821900030163	-0.35050561667593616	86.17925224866337	-194.82514108841508	-65.07256191557501	-192.2769523871615	87.47361143947002
9.65	-193.68625155471824	-120.40707909983337	41.0380967319392	-185.82679584704076	-3.676662270139828	45.60519603993422	-111.85669861778058	26.563677478369875	7.322647491104826	-210.53327897418018	-72.6999932497482	-70.65786285491924	-136.44696317313458	-40.229647781551925	-95.35947274750484	-46.07761443743048	192.00034043884457	98.17909552403883	-0.2580856148056039	87.06095475910512	-203.53950909514558	-65.11913299899511	-196.26625535868945	84.1709850850168
9.666666666666666	-198.6629909199373	-125.68430379133072	48.38482440456754	-188.90864439232914	-7.723741829867942	41.82425745846667	-119.7477341257383	24.310859668851275	15.19291901778441	-213.23318174909247	-72.8997377925803	-73.67216972085902	-144.95490718860614	-37.97152858293308	-96.44447326384257	-46.89647397550732	193.0583098521706	102.47744843729693	0.18440319303079056	89.63144047673259	-208.46846555971297	-64.40987176512334	-193.40115588220078	82.70236130993443
9.683333333333334	-200.5852455597455	-131.12506564746164	53.15657712891299	-195.0037014272047	-13.016340923761023	34.425240154627616	-127.84960759221447	20.278590584440714	26.719852314344088	-215.21397880503588	-74.30612580189411	-75.02456324086548	-149.72930973775405	-33.905463425231346	-96.34459507434201	-48.90301399595235	194.21638210738766	106.81590921345412	0.9823676659860826	94.61367947481111	-211.1778617427955	-63.049663566140275	-184.68614631733445	83.13261637366372
9.7	-200.5539303392152	-136.87150049924674	56.1861734072659	-204.15619501927048	-19.448054482444935	24.14663084047884	-136.76719961250768	15.16875460447243	41.91603468304888	-216.39082346106707	-76.24408220977175	-74.86869262688889	-152.26121190880426	-28.053287298209025	-95.74764821463734	-52.15296289171229	195.5154901872052	111.0727549767993	2.158340643430825	101.18396408247838	-213.06679334470013	-61.130839127719966	-171.47814759671851	85.51506425544073
9.716666666666667	-198.5480630694424	-142.72260530192514	58.28330716591384	-215.51770520407507	-25.291883169397686	13.418368835976734	-145.00861358984054	11.268565904979326	59.9363057529453	-216.73768838897936	-77.34504716858048	-73.68552185594856	-153.8272883060451	-21.103782904069625	-95.19014728671743	-56.47989528134198	197.01589592464103	115.09109461985392	3.6987063409800607	107.18321110034334	-214.90687770716033	-58.62969821234043	-155.3244036284101	89.66198619014479
9.733333333333333	-194.4620233271517	-148.1809580017825	59.86760523201917	-227.69718813171787	-28.46285933722033	4.911205755380186	-150.26719703477258	11.236017292861881	79.01308593213747	-216.28929095653086	-76.50737919015889	-72.13881985288786	-155.08235140837593	-14.21200893164904	-95.02813132543372	-61.65406623283344	198.73277878790714	118.73749756653302	5.516926064932983	110.30575040537354	-216.83246902298598	-55.32925469535152	-138.0059951824588	94.95157892111915
9.75	-188.71568650893093	-152.85265435671607	61.02364981321321	-239.3566500144789	-27.587712689749836	0.4389105441172675	-150.7018886423068	17.04988626137658	97.00136776458014	-214.92816276293354	-73.46230076977429	-70.92846476599985	-156.14132333997904	-8.438257668409426	-95.45811968291572	-67.43149644905179	200.59943674976392	121.9510369588024	7.451453057301518	109.11808454357109	-218.5722956354727	-50.82052073178934	-121.2304793536146	100.25907434820493
9.766666666666666	-182.29603722232613	-156.79653862497833	61.67742385243931	-249.58210139191414	-22.56440380466367	0.6633072900711025	-145.79039500861754	29.428637506740085	112.36985587597134	-212.13355108077553	-68.81805596492062	-70.56676483992288	-156.8624674122118	-4.1791580474640115	-96.57975271841508	-73.35204162368849	202.54406692339003	124.73284812152778	9.289687553236096	103.62274677773115	-219.80574392236898	-44.58671140701136	-106.04117903445534	103.99750841022734
9.783333333333333	-176.36505419912083	-160.46708125090018	61.653357946453994	-257.8579703370032	-14.610408960401996	5.365893876994436	-136.5557484363522	47.66473253960772	124.75921250038866	-207.02449982733765	-63.60563089927968	-71.06887337915333	-157.05396475487078	-0.9642393873917012	-98.43760866275626	-78.46130582537482	204.56122984188414	127.11277176966594	10.828659536381782	95.20696547307371	-220.38294813870647	-36.16246716274657	-92.58673990990137	104.24603311773069
9.8	-171.64094805041975	-164.38479394559369	60.71359878496465	-263.95929736333267	-5.319528523360607	14.248899477782778	-124.61793288496956	70.21868025560114	134.69244805893354	-198.85375953529905	-58.65185991338617	-71.82590547279088	-156.65708029301723	2.3047413922467865	-100.97380299087078	-81.40537498974909	206.64290346834554	129.10497745833663	11.935526701755276	85.60798339685634	-220.27220735247977	-25.435594211909045	-80.54945441703124	99.1753358329895
9.816666666666666	-168.2640893078024	-168.78084004971143	58.61024348555331	-268.0135140776963	3.890098587788218	26.69099418340511	-111.58946125246442	94.6767675199366	142.85643913868049	-187.91361464330822	-54.55252819382346	-71.87831791380151	-155.96105000954157	6.761655785879889	-103.92189911311449	-81.12100351752139	208.68100677047406	130.64819849457933	12.546186084545457	76.28748618990531	-219.40145895336715	-13.135230180966092	-69.97395836584948	88.23370445063037
9.833333333333334	-166.16007385666248	-173.32608840875818	54.98614475762726	-270.58456725511473	11.525488369279113	40.55413986249393	-99.26932110485868	117.18623724419908	149.56194126133573	-176.19986640135195	-52.0548393326832	-70.38614109423376	-155.66662861089364	12.883852144044477	-106.68896162655146	-77.66031013334998	210.4611848758826	131.57712309018632	12.650086111254979	68.72452580402216	-217.48377110068924	-1.028212751631451	-61.913398060184214	73.48831050149086
9.85	-165.0356425048985	-177.18412702343906	49.19451580461728	-272.5745913065629	16.907760122280937	52.826921599557515	-88.7251640366712	134.1129117371606	154.8758811537185	-166.45750334251036	-51.83992589939386	-66.87355678930535	-156.67867405709424	20.304604402513853	-108.20237338790842	-72.28321191061119	211.70149719269654	131.68821999782617	12.307700332329608	63.95325108337642	-213.83529754686052	9.0027782269713	-58.241253171492815	59.0794284687353
9.866666666666667	-164.13234742698165	-179.54333581381798	40.29303232952057	-274.93281953515685	21.260111855712715	61.44388611005009	-79.18864306029086	144.54255913481117	159.32861430849405	-160.12827868470697	-53.93898121926379	-61.309078769276944	-159.75724003126763	28.250594391502606	-106.89746401474936	-66.71368976032247	212.17653417005357	130.8916995227124	11.646968577026733	61.85995360523822	-207.34621893075288	16.38498326434914	-60.58438063066142	48.822551686107104
9.883333333333333	-162.42956795300537	-180.24705274661966	27.38637820366811	-278.29571777821894	26.92543678938409	65.79014918299411	-68.58423849638129	150.26495360786046	164.00704305608787	-156.68064133277505	-57.610463752640705	-54.34601470789233	-165.1762914293828	35.92217401277239	-101.25478782978067	-62.39007543597284	211.9386819029462	129.32146189175418	10.831737961663327	61.57475359741375	-196.764463115546	22.084728988695733	-69.29250918846519	44.68565863883208
9.9	-159.26946336638244	-179.92858487633725	10.45951128599295	-282.81403077471	35.29818614677016	66.19792981750307	-55.24133276475332	154.04789585011838	169.38907239140318	-154.62618878598673	-61.52734137313051	-47.360451882696864	-172.27300512553722	42.585546917035316	-91.0962475085283	-60.19650383746452	211.36845477780582	127.30182685464297	10.039149620004867	62.17525992224934	-181.6357664200517	27.653462194819937	-82.96376164476806	47.02039357894598
9.916666666666666	-155.12062241617153	-179.37388321538631	-8.866581636415962	-288.27826643338744	45.19256128237654	63.41259617221247	-39.583179809351584	158.26986804848374	174.46063529965733	-152.5801448602955	-64.23697233853703	-41.71995120469519	-179.13554061685176	47.66511082156896	-78.71875930757068	-60.49872441729778	210.91212575800128	125.20898061604926	9.459887068836636	62.996367778234756	-163.49450039929877	34.35854745853653	-98.31682106843716	55.2123087145272
9.933333333333334	-151.6668106002433	-178.66041034049505	-28.00974083942605	-294.33448296838253	53.514580747469715	58.230039389613125	-23.82440699697274	164.32720247857503	177.56808089636723	-149.77359423088356	-65.07972504903132	-37.811314960191986	-183.4286045413003	50.85468404706793	-67.97270795809598	-63.257249315544165	210.7882760665195	123.32754731258662	9.279538814268806	63.71231321633222	-145.31169570253843	42.83991377300934	-111.208558307634	68.04602433866756
9.95	-150.61937111591618	-177.11508598397694	-45.17234434054565	-300.5890514224558	57.745633054082354	51.39914301815406	-9.695620474772259	172.60205771470675	177.87458026926015	-146.18639965551694	-64.62608672678518	-34.95478200491184	-184.01672713300098	52.1620770836864	-61.7548662525203	-68.10135628837631	210.91095599310847	121.799834742564	9.56938352237621	64.30114380392351	-129.1961197813749	53.101558408104054	-118.7548092681006	83.89385039008798
9.966666666666667	-152.54971560185805	-174.18543019279429	-59.982552826176864	-306.6110270666423	57.30759020924703	43.72585369645606	2.766665502551091	182.7656866731946	175.71518270653365	-142.33314247947104	-64.05668307178557	-32.28533620258929	-181.51193354975155	51.8998136011098	-60.77536209365027	-74.35709860723043	210.94916355390004	120.6830180422007	10.151711788322066	64.89261923824284	-115.3162868003462	64.68273437029723	-120.3193192295747	100.97407122022943
9.983333333333333	-156.87315400836664	-170.2360886574919	-72.58263802822746	-312.00247367499054	53.19690852118055	36.07755998047457	14.268798823204765	194.14496219054814	172.26888318127348	-138.85050114097996	-64.36396604128427	-29.605855924448537	-177.49235539033	50.62918031004405	-64.06627794590659	-81.18562648897282	210.47120950508193	120.01747343102917	10.538209016326993	65.5533065264239	-102.9943876438824	76.88177572346089	-116.73396879354476	117.70595161995902
10.0	-162.290635201766	-166.4631587165111	-82.66655380596936	-316.5844874622929	47.38532668826669	29.13485168122819	24.714575897359463	205.9320708005566	169.61438032884146	-136.13789275140203	-65.84250151591552	-27.43731496792075	-173.55158032732712	49.02475659166576	-69.64861745178683	-87.89909246344861	209.1823104838651	119.84036100704985	9.870956619266233	66.12304362462106	-92.31936824269408	88.898126660503	-109.27601160607931	132.9422408142227
10.016666666666666	-167.21979140187514	-164.06345378758672	-89.46188853348578	-320.4617957929938	42.36699065251326	23.1452343118555	32.3739723316864	217.24439943624216	170.6005773394522	-134.17759482236127	-67.76184448267833	-26.406338453840423	-170.54108908577442	47.65630717612166	-74.97763948737557	-94.19939583511683	207.08875913984994	120.1469677016918	6.791408324013171	66.22649535632613	-84.97065780820243	99.8997692963533	-99.40019965184882	146.0266120999414
10.033333333333333	-170.49411568437694	-163.52698292967997	-92.42527836343737	-323.8672052476222	40.542925867612446	17.941835992531065	34.4358519303043	227.15273269228962	177.67409039292312	-132.57485928191136	-68.60963780328062	-26.73668743478697	-168.11453832015675	46.78982057294641	-77.51283265515184	-100.11392253864653	204.48947232418797	120.83191421092585	-0.5825879988202249	65.49892036459474	-83.61990659245997	109.09697416952534	-88.98238749125628	156.72389449402814
10.05	-171.97658767374782	-164.69022829499315	-91.89373603810328	-327.0340545370378	43.35511225714584	13.214901599261152	29.039125138149974	234.78207674514803	191.24652476937783	-130.79819162265804	-67.0565128485273	-28.359963397581296	-165.07919861762042	46.33005569806971	-75.59391566513253	-105.73412632915269	201.83962937812916	121.69694218288826	-14.21434033342682	63.85148686090315	-89.90990278412836	115.83304882286971	-80.05736061937084	165.03485735264204
10.066666666666666	-172.32831202202993	-167.26893862615614	-89.230959253949	-330.2416183176599	50.44563575538767	8.890717420864434	17.31667992280445	239.4982622907765	208.84852827127068	-128.4360986611107	-62.793092331124534	-31.385187659540005	-160.46435595608932	45.88370794002685	-69.37405723251015	-110.92897556364055	199.54485406020794	122.54613576640907	-35.02200007046866	61.53140771232505	-102.50301306509334	119.67856930287873	-73.99394971589842	171.0406912490633
10.083333333333334	-172.17115800096374	-171.08808962623002	-86.30398051570899	-333.8856495407674	59.76350167051457	5.441156540136371	2.979090213358284	240.99722859684772	226.15532896273368	-125.18340133819986	-56.45171663121613	-36.30239411092292	-154.28037353500545	44.78573274863056	-60.78609311365994	-115.10843821978092	197.82117039132913	123.26315418320992	-61.665380256123	58.961934518658246	-117.57050457081621	120.44763381267326	-71.22759968943333	174.95979476993415
10.1	-171.74852598169625	-175.6662283318216	-84.59780034582656	-338.5028308962152	68.79372161443001	3.9338314238320873	-10.220648924064914	239.29595157998514	239.4527356893101	-120.54358015992695	-49.11231691696798	-43.615874679445405	-147.3637546338499	42.05041403410852	-52.31078217901305	-117.17067231066572	196.73402169242345	123.81220120244755	-90.49082366432025	56.5577579074921	-131.32515271750796	118.1914477865421	-71.51829947288495	177.4658601106578
10.116666666666667	-171.2781403699212	-179.58476426532823	-84.77700679731967	-344.8029702706341	75.64112429534754	5.723623859632858	-20.001771543703782	234.89393372402753	247.2344874817048	-113.63511043007983	-42.09124372257329	-53.134249532252454	-140.81313848505897	36.45056842263642	-45.86814039781609	-115.78564072908335	196.31022416217436	124.21558024102926	-116.79583813007756	54.61567243095352	-141.5110362368674	113.38466903086392	-73.95070322945818	180.07488017649922
10.133333333333333	-171.14399656954149	-180.54450861842554	-86.87053359020251	-353.61786299663663	79.32011185616483	11.775281986252999	-25.29928842713829	228.985484411999	250.00339851760222	-103.44283120394981	-36.69060646860058	-63.52647560064293	-135.5466654332734	27.018069427743402	-42.51972655122458	-110.06455627473169	196.55153251438017	124.54699435395482	-136.74459102407894	53.25620434817914	-147.13912683452767	107.14564600460963	-76.91255753046103	185.07833319019593
10.15	-171.57863928370594	-176.94990779711645	-90.57208745949393	-365.5061035238791	79.68595535834206	21.580709387261944	-25.82264072383149	223.3665403935408	249.36376664396025	-89.72154187377069	-33.62242552709607	-72.77993048563131	-132.04383577937753	14.169996572275604	-42.51339571112297	-100.61864152985305	197.38857460188535	124.90803801148378	-149.02211846016803	52.44647459881817	-148.0219917932965	101.16718932407579	-78.54262735338608	194.4669528996631
10.166666666666666	-172.31378442280348	-169.88534845454222	-95.4287578565513	-380.06594631623705	77.21385043780523	32.46351012070897	-22.117079899043098	220.04473207706678	246.98769206384455	-74.04761851328416	-32.61875024244804	-79.30916888245707	-130.30500012312098	0.5761860990773331	-45.45576286423501	-90.20610311416006	198.67309024840463	125.3797032281723	-154.59565408552723	52.07418264571473	-144.78669320108338	97.37511877502654	-77.76529752385464	208.34779294178702
10.183333333333334	-172.58519075902873	-162.56687131440404	-100.97101195594333	-395.79673559979875	72.66450861188359	40.86563016224091	-15.717797812435883	220.6573478939606	243.9567939847314	-59.28622005829855	-32.58292955297418	-82.65444954706902	-129.99775787430076	-10.087579525427158	-50.61954263090766	-82.4184212636277	200.19182270304157	125.99511276238664	-154.6741133934496	51.99181062889825	-139.00184905522718	97.37329665116934	-75.05964149652179	224.6531705480098
10.2	-171.50126158712987	-157.6827490688789	-106.78383345340131	-410.8699845789374	66.80505788823473	44.874564756818316	-8.598213294229204	225.94634783616212	241.14889988190794	-47.358921940201846	-32.13638457497667	-83.39466600918291	-130.63513004741174	-15.711922224563224	-57.21722443786767	-79.1477182389159	201.62859887236272	126.73387521443887	-149.0720436313644	52.05685531266188	-132.62049562033167	101.9240655100597	-71.5018501202204	240.57202970501186
10.216666666666667	-168.72699157239444	-156.1157470111199	-112.53227516195709	-423.8622062139002	60.23596882814812	45.16776701867513	-2.102737717727554	235.75596945426526	239.82111134809983	-37.80536051977603	-30.439875417894537	-82.60660423654569	-131.71288163206617	-16.49086386829808	-64.5664147715515	-79.63461799162646	202.4617004275004	127.51418276792346	-136.09842213122346	52.16607504141654	-126.90512131742724	110.95358585456566	-67.09859644325607	253.86667163038925
10.233333333333333	-164.97730679812742	-157.55872725320364	-117.99901819189161	-433.90428892668604	53.310445818588015	44.02832556085464	3.4027659908538466	249.45839460300897	241.31731912302925	-28.278038332836907	-27.778242720014486	-81.12241233244299	-132.80092524134602	-13.56369094343332	-72.17896242382888	-81.46108496512589	202.01443487116376	128.20122384013814	-113.69953008206389	52.27528186981802	-122.08664225156309	123.96898636059214	-60.73561952337561	263.1251334828944
10.25	-161.70950754545856	-161.20841140739444	-123.13824038938391	-440.63673570419735	46.171269369312704	44.08530471333096	8.068928812733418	266.1633391323133	246.24337046916727	-16.027515273140523	-25.30634883326155	-78.98579305207124	-133.59682132345213	-7.777384105399521	-79.76204574127841	-81.84801330293385	199.77404845687647	128.64506432247984	-81.569628225413	52.44709570724161	-117.86438629785772	140.23002402172222	-51.50541782540564	267.668403461937
10.266666666666666	-160.31537462834888	-165.96875081815395	-128.10088857363684	-444.31819728551494	38.89337444058923	47.170260783982805	12.199654281429092	284.1987064948341	253.82237779885654	0.20087499591054803	-24.3202384777061	-75.52504410335234	-134.00483411758304	0.44371157261875593	-87.1310608231046	-78.8541769931818	195.90918141332304	128.7361017699247	-43.26251274987218	52.8376028691498	-113.82478098226474	158.17427123114027	-39.77923172391912	267.65881141960614
10.283333333333333	-161.40907693072472	-170.5097457151539	-133.20784201359112	-445.9616388467838	31.695764906675283	53.33726898110205	16.140029625642764	300.6086476361581	262.08486612407154	18.698757747702253	-25.676725210807966	-69.97291246949875	-134.2676121940041	10.536850716100833	-94.04497088910499	-72.40346673515913	191.68247407234267	128.45233507684813	-5.8476638621015695	53.54424982857195	-109.60070617013751	174.8679118403778	-27.189993115895117	264.28415517554424
10.3	-164.54514192046463	-173.63201144600583	-138.92492962751163	-446.99165040978255	25.149263402306108	61.03685669059057	20.114584367394247	312.51137127916064	268.98697066882016	35.62370190546996	-29.614022288794317	-62.130817011601344	-135.06885018044048	21.501229866998646	-100.00249528060307	-64.11489568333249	188.7415628069468	127.863315106543	23.802491623115895	54.49728146315795	-105.03717431551496	187.3596125962514	-15.696083816231596	259.5185885845129
10.316666666666666	-168.442504116516	-174.88610421205033	-145.8955022817504	-448.55132092809066	20.238626852031135	68.4073436467395	24.117056395812675	319.44917449412776	273.5517945778403	47.743706938120155	-35.9638351012273	-52.62736549547571	-137.52133307072526	32.25879396337529	-104.13595963475387	-55.967225564121456	187.64466847368735	127.08612146727876	42.70253689785148	55.55301980618691	-100.25753009097238	195.07458800734273	-6.518156695892741	255.3851097736277
10.333333333333334	-171.40780265185043	-174.68847457981485	-154.96664595320667	-451.17231040805456	18.172429335139945	74.15843111784324	28.045511257492542	323.55230484611974	276.28140410738916	54.042423337599175	-44.34967394882397	-42.690918251643836	-142.94194915401926	41.99762333141491	-105.3428003282524	-49.3567659946619	187.7357066860375	126.22675763989314	52.04791986706671	56.62303715858324	-95.46971840589983	200.03707518272745	0.4722232882610542	253.36130323583953
10.35	-171.8277391405131	-173.77456924399405	-167.06320918314967	-454.8630271696536	19.84716211349838	77.55733353412163	31.951799707981564	327.5973394990908	278.80700770863865	55.26904410413393	-54.068926356808284	-33.66703139753525	-152.24139725935026	50.10758960555386	-102.77024386513052	-45.06002416682271	188.21111645010595	125.32893479031056	55.1040774794153	57.65562850948894	-90.66560627064736	204.979933520462	6.747418751491813	254.2404930370502
10.366666666666667	-169.00308353112743	-172.72130542684246	-182.67356388376385	-459.28312453650557	24.861816197188805	78.24598438171765	36.01128386544818	333.43821809071045	282.94597494674616	52.96429219678792	-63.81682460164679	-26.622980943532195	-164.81413392642372	56.098305618831134	-96.77106075588486	-43.38683775188567	188.60202679906874	124.34441003156317	55.07753098646626	58.5640968056145	-85.62159308762548	211.80534113763684	14.287804257626322	258.1985245879189
10.383333333333333	-163.99343997561112	-171.81581244771056	-201.05048372792854	-463.9218770798726	30.873578780887062	76.23590813493223	40.174942201827676	341.62116385927334	289.427282431551	48.81091205003213	-71.81102901615913	-22.11698953930566	-177.81816803954732	59.69864541711558	-89.58589809849208	-44.223533909549886	188.67210630672625	123.17101568255407	53.703201781135306	59.24299714838039	-80.28453467755146	221.16168697989423	24.112611295049863	264.9422617400575
10.4	-159.1246961534197	-171.01964964245136	-220.12836150171879	-468.2575934467467	34.81485121227428	71.95848340776188	44.02571009078782	351.7360092470377	297.1406773226224	44.27501825382244	-76.7062868114883	-20.065266105149643	-187.5822422544289	60.953937879484485	-84.24572915208192	-47.10213330301911	188.3668321667198	121.77212623167912	51.0541977273847	59.64245125346398	-75.03487027356836	232.67542888268153	35.53475080634959	273.9134338850477
10.416666666666666	-156.2493114018319	-170.0444569557024	-237.5684832303731	-471.8822865207548	35.23645951976443	66.206713414256	46.920161638929315	363.01026902796525	303.56636873618146	40.45476884471505	-78.45806940513059	-19.84014180921322	-192.2091596733124	60.20351120849615	-82.34438659068337	-51.37431772006831	187.7773611592331	120.29240111911338	47.171431506947634	59.81641254292525	-70.66068447151846	245.42942291751748	46.897171656480715	284.4894764719819
10.433333333333334	-155.83774363399831	-168.59170262087744	-251.66894956361207	-474.62061964983116	33.16341082022998	59.86891648668218	47.860165168473635	374.72547042667185	305.9241902404864	38.179449892197425	-78.04651798042875	-20.606583308605323	-192.20830811096326	57.98397295102042	-83.15904253914404	-56.45396112555177	187.08740026607774	119.03401986953847	43.51163855993079	59.92824956792122	-68.46228819090037	258.4030170672978	56.74363209468531	296.24201952338814
10.45	-157.4322219323862	-166.60808716364238	-261.393145618347	-476.59718546509407	31.121408290452404	53.5403005273752	45.11006707044068	386.2622913409675	302.3192516859441	38.17111114086599	-76.46977311594115	-21.687972261653467	-189.03528726253305	54.918888332545386	-84.41995510759514	-62.00178934283704	186.59834057595177	118.25294196090043	41.46972381301281	60.215695783783104	-70.43129632760687	270.72092794291996	64.45465076765163	309.07865694100286
10.466666666666667	-160.20477819229512	-164.4315084946857	-266.26276613858147	-478.15147152463425	31.802943281488844	47.32273898542333	36.520858902513964	396.9644613107076	292.36433529118494	40.92319173142273	-73.95971082147987	-22.829977403715898	-183.74979365879946	51.60091194096087	-83.44146720825492	-67.92265524726575	186.7201355001803	117.95599588664545	40.35417065048475	60.89369046400078	-78.72355158722982	281.7200508209638	70.17587654900296	322.99708325700067
10.483333333333333	-163.13343594439363	-162.72281177446828	-266.7364104453564	-479.6963769642672	36.806373388379434	40.96336707309629	21.25269237928177	406.1654262691781	277.5768366096465	46.367931960476405	-69.82775701402163	-24.24706741934637	-176.68557638115877	48.477001351224075	-78.39166534369714	-74.23563562530978	187.59719447791915	117.90961439682886	38.42411888342671	62.00532469282615	-93.94534635279486	290.96738753710156	74.3487193119442	337.662719672012
10.5	-165.309317125189	-162.20538809221728	-264.6534163838636	-481.7166030788556	45.59733871406621	34.14909014131543	1.5504843850545917	413.3490281000871	261.6615244267873	53.647576001254926	-63.2027692802076	-26.425788797195015	-167.88168853713591	45.78457957987536	-69.4981030666602	-80.94663761643956	188.6510768285838	117.80697401721291	34.91274963007546	63.333641130336005	-113.54495739567189	298.2535863193607	77.39992366782668	352.1293104661729
10.516666666666666	-166.4341367349481	-163.38702855732578	-262.71962902488616	-484.8519173460817	55.756583667364936	26.792863461376573	-18.068941096251127	418.15697178091403	248.93818790076162	61.284687431225166	-54.05064086491896	-29.87547545956703	-157.60511633446535	43.522297655937095	-58.93003620070904	-87.8922130498776	188.99605689444843	117.39805529485554	30.225486425591928	64.50911289938642	-132.75556096432518	303.47035191284004	79.64826427954793	364.88065484194493
10.533333333333333	-166.77890712761103	-166.29086973845764	-263.091727201086	-489.8577122683752	64.63367139808574	19.30439269559365	-33.786611685957524	420.2090708784783	241.4906856993695	67.9100903269391	-43.23591586735616	-34.96946157058495	-146.4539748062424	41.33909350362531	-49.20525585117849	-94.5295684784627	188.51473782030138	116.55019963925871	25.17188611987145	65.24616612425353	-147.6255389352218	306.3701436292141	81.29935449864495	374.32961919413276
10.55	-166.7606023865557	-170.24781436463334	-266.4852132362809	-497.44560926686916	70.71317496451732	12.785049493613045	-44.11378398806338	418.97039047788894	238.567429679023	73.23708975752984	-31.956972564462237	-41.89246510517758	-135.21555631302328	38.3782886946836	-41.88738440022715	-99.80549835388918	188.15256197843064	115.31161469142845	20.424174074980957	65.50415673933915	-156.71434335280773	306.3698311131446	82.57221351416715	379.611487766529
10.566666666666666	-166.8144902754844	-173.87751368351	-272.3589181901305	-508.2289692848268	73.74316663123551	8.858143243356366	-49.27486769632338	413.86249433713954	238.31965483910716	78.62918874846422	-21.507391716368982	-50.52570259924601	-124.75337434426513	33.372484433244935	-37.4661263878092	-102.3354596867189	189.06634669585006	113.92014218063697	16.313915754157623	65.49252698094202	-160.48416071536772	302.65320131809494	83.84421187995393	381.2671803111992
10.583333333333334	-167.21487113421503	-175.37548334792078	-279.4864831932841	-522.7185506399602	74.21957656045569	8.914749917137831	-50.202779332125395	404.6872320103919	239.21069272936188	86.7302609097091	-13.025388683319317	-60.14748221352563	-115.9314793244349	25.22967215441106	-35.74535280461953	-101.03098875543647	191.5316103317863	112.67573346571713	12.883227431020211	65.55679070149033	-160.1677086971999	294.7223026453168	85.61250212427358	381.43323494667095
10.6	-167.7676630336083	-173.53606413080044	-286.52391658799206	-540.8459839132355	72.82863490899216	12.938296643810657	-48.029489912246284	392.41929010744997	240.35611595642882	99.75590656864183	-7.058313889101616	-69.36477945778309	-109.47908047344842	14.125830862728632	-36.23113459593874	-96.10634574335188	194.45883610964253	111.77094825053462	10.0640705298766	66.00353639215916	-157.0892594171761	283.3595206025192	88.29219534076915	383.0995553341477
10.616666666666667	-167.93777618161832	-169.03473404977623	-292.5378161669198	-561.1397269537297	70.06858199587596	18.81159492012783	-43.86893010192422	379.74511074382013	241.40260235283105	117.16642738549375	-3.4815512089724887	-76.64586402989573	-105.77247957856946	2.258967812443271	-38.435905265684376	-89.6974967127354	196.16184309750275	111.21681249874824	7.806928068879037	66.94345387534831	-152.37341736348324	271.2406234822599	92.05616920086749	388.3968700926224
10.633333333333333	-167.27738883176698	-164.14122845287915	-297.2799498245174	-580.9626732506106	66.11013287751945	23.432885063532378	-38.690515818829226	369.95742272584033	242.30522918090472	135.49548973071768	-1.8203813745167923	-81.14302891607332	-104.7197729268481	-7.2513680047358156	-42.049116445055596	-84.77575802226464	195.82916728402319	110.87384145115281	6.048302212664698	68.25095575893617	-146.84976514140322	261.7981734032653	96.83448296292153	397.2886685768839
10.65	-165.73417261454682	-160.96585859133154	-301.0711516669054	-598.0798557245636	60.87342642694766	24.955889940867053	-33.20393065067742	364.7610490381358	243.15473099864525	151.15520937026108	-1.66789717629744	-83.09815225802558	-105.86917050241958	-12.508621247058644	-46.9449263874897	-82.98807221531226	193.92656338742515	110.53644426364447	4.654843314972564	69.67905067851011	-141.022283465115	256.9426962236984	102.45370535870852	408.09669331910413
10.666666666666666	-163.7090243845686	-160.50319658276211	-304.4697108758315	-611.691223007177	54.251826038830245	23.768225655237725	-27.77591583868597	363.4993795052379	244.0155238485032	162.84679398805542	-2.915781859588666	-83.3859029076404	-108.59977238492175	-13.320126010776024	-53.05435599665646	-83.76609325219972	191.36424017285984	110.02847106276957	3.490375583742157	71.04132194054243	-135.0820978741758	256.1931974697512	108.73168676497728	419.04126310054147
10.683333333333334	-161.79375787550146	-162.88389019047014	-307.942792319329	-622.1255543791206	46.33959020492583	21.82114121403082	-22.44555975436058	364.1450868114947	244.7486608626171	171.5508021869281	-5.600651752537706	-82.57364990281367	-112.28263121221221	-9.989260956087168	-60.20623273500994	-85.05207061061732	188.84080454265515	109.27125737922809	2.4787114111555884	72.32090800597757	-128.99138269430446	257.599263871559	115.4080508645287	429.1529571197003
10.7	-160.4686619670175	-167.54324384566945	-311.6154769122523	-630.1291014681552	37.56911081719412	21.517925036896756	-17.02789794792488	364.4503871337991	245.11615098128976	179.37972330502316	-9.629819351650312	-80.27383348594992	-116.41112583975564	-2.500223274834834	-68.01091260454466	-84.41592996082771	186.77195114660466	108.3039984852639	1.5928284176072833	73.60781156638598	-122.60792136967859	258.8703637120604	122.23023443722856	438.2540188242984
10.716666666666667	-160.12154326555995	-173.00023300748677	-315.2291716727737	-636.3018801976674	28.665067334014772	24.48122953620567	-11.2350491194724	362.7677274361828	245.13379448265198	188.14346347104708	-14.673490229534021	-75.30502750701758	-120.63003924895537	9.05858565809673	-75.8491993805796	-80.21964912024525	185.33540252671008	107.22658133423776	0.8663000613697055	74.91932045661163	-115.74931583408845	258.2534607215885	129.28195109655775	446.40114504886674
10.733333333333333	-161.01655007737648	-176.95794058844947	-318.3999011774774	-640.6514470061725	20.38824073158342	30.437135245453387	-4.860782016326777	358.7020565702473	245.10331649553362	198.00344559960612	-20.058370637855248	-66.72369667058345	-124.61692047235209	23.451165989853177	-83.01185557144474	-72.62251236369683	184.50161940733582	106.08366034510199	0.38729521606084594	76.12040661702395	-108.2608783193787	255.30196026721933	136.94496570051066	453.3083639067636
10.75	-162.83504496850955	-177.34698906239572	-320.82238627495883	-642.2862999682749	13.401025420007098	37.27984038008067	2.019904820642721	353.1343881049139	245.2857541162517	207.55411677484398	-24.73213265809142	-55.01965765438212	-127.97517997457547	37.93171632200366	-88.79602289894383	-63.52249880080135	184.0946244110131	104.82925377608488	0.2360887604903137	77.05630365045086	-100.17714349832154	250.93733978596316	145.38660573950298	458.4901921896285
10.766666666666666	-164.43968629204747	-173.5930674439109	-322.0347915640524	-639.4628407621998	8.462750819045947	42.434616925708134	9.091768980946437	347.4810157135606	245.66214301652406	215.32172445751203	-27.544429983279386	-42.286063523384406	-130.3547121463771	49.03173325330443	-92.38978969586026	-55.38092793939698	183.83600968403744	103.41218984823963	0.44436055088819026	77.71094393067803	-91.76077153393912	246.62847519865457	154.25059869033478	461.94008484047237
10.783333333333333	-164.39939365655187	-166.73733235532148	-321.01141542003626	-630.2401868763061	6.5474876704173965	44.1637662100081	15.900132380923749	342.92660912960594	246.05192054570477	220.70596771052723	-27.724524694436337	-31.00431523511944	-131.8008683730864	53.545075299351126	-92.81324776642388	-50.166664873533726	183.45870351178286	101.8439033558864	1.0082488306931163	78.17862544384118	-83.46060305582805	243.5658736927648	162.79305655990572	464.24721077062355
10.8	-161.91873928602075	-158.83664374184588	-316.1698692892803	-613.8906947122939	8.429322219734557	42.27543653524435	21.68119056675792	340.09639407045154	246.6446851296651	223.71479182916084	-25.678455349872603	-22.447597708123137	-133.15273097376908	49.30643021113722	-89.32358401039892	-48.906409504299134	182.92608588190856	100.20007467223434	1.9370823932702275	78.54481323801612	-76.07171566317778	242.34348784031815	170.25171149358252	466.0147139841366
10.816666666666666	-157.55845902008733	-152.38339168726384	-306.295608905452	-592.5646564421802	13.572891817186413	38.830209084012495	25.456505980099028	339.1021408626671	248.33315508615803	224.37634567694167	-23.839937494132283	-15.710160926448108	-136.21692441469418	35.82650689493061	-82.51325979434723	-51.24751296474826	182.46689251765858	98.6189173821658	3.204610967323742	78.90143178368048	-70.62964563110378	243.01598925113356	176.32449046682336	467.33139475042884
10.833333333333334	-153.1171493437313	-149.30954950127193	-292.3775540485583	-571.022753544436	19.14661498949413	37.99914920918164	26.66897941678123	339.8298379423915	252.25332958064712	222.24738624208342	-25.834110380534142	-8.09371171457465	-142.89374142080982	14.11574383554347	-75.2717197226387	-55.70102537006648	182.26316018095704	97.27531326474148	4.521260194864596	79.52250510402297	-67.74935529491465	245.41150323025877	181.4769902580794	467.59566097258363
10.85	-150.7215492124164	-150.2491013795278	-278.4081205134363	-553.7688915352968	21.266449041289054	43.61111998050676	25.559416727369488	342.1734563360726	259.03736662534834	216.22908799804765	-33.56502386144086	2.5730303780989727	-153.0721792000358	-13.62611918962007	-71.48048473699367	-61.70259298930282	182.20486644083329	96.29424773963518	5.298039357168671	80.98495441211205	-67.18751705050487	249.42652255778992	186.8245114428866	465.6281228494904
10.866666666666667	-151.5727361281744	-154.50796888394808	-268.96558507566175	-543.3914784500552	18.10038687831454	56.70208178748707	22.919157797597776	345.9782910282397	268.21139642626355	205.13043113734096	-45.32792852747641	15.84153782254343	-163.94362201691445	-43.43345606804005	-72.9092434387101	-70.84263898965197	182.0765915903925	95.6829746343308	5.094375756286384	83.93942388922805	-68.09047251935462	254.9686607112151	193.55140722499084	460.17611475298474
10.883333333333333	-155.22956609481227	-160.32209872381807	-265.76799783903544	-541.199493048466	11.117396122164072	75.69719210399282	19.610732658796223	350.7478476434139	277.8378130660975	189.21514922568008	-57.45873562108954	29.641053357982198	-172.35013130115374	-69.76632572507098	-78.11809430585426	-84.25536191473685	181.81784412469815	95.35431203063754	4.056574987955343	88.39865478113498	-69.62475777001131	261.5123572153955	202.20433982299826	451.0073340559133
10.9	-160.3943129257997	-165.87274865482192	-267.16192163823916	-547.0610075458928	3.593882762426201	97.51350210208507	16.202568370485093	355.4943557436197	285.14552182426615	171.59438544175288	-67.29429520202078	42.65019982243206	-176.96045517917463	-87.14949480346866	-84.12232200008826	-99.48564425895525	181.48153897117305	95.20840726899206	2.7887593780623687	93.11791854540003	-71.51363639438961	267.77815098110517	212.9127611472674	439.9607352669623
10.916666666666666	-165.97158423295747	-170.23796150483216	-270.1820487732688	-559.283567039644	-1.0676140153456553	118.93574562658078	12.764404750334542	359.2585139390328	287.94492619603966	157.10156904631822	-73.76411567099534	55.10450080457971	-177.81171757307268	-91.62826515113792	-87.99371807289145	-111.45527189492327	181.10319426144724	95.19654791346916	1.8556607355517827	96.13742722727808	-74.16169931183455	272.3324098814869	226.34902166298082	430.384727288506
10.933333333333334	-171.08804812430583	-173.11092165133365	-272.5629274174763	-576.0470967074627	-0.24640383626890128	138.5736488036992	8.81052764657669	361.96458733081846	285.45177912349624	149.1541321354972	-75.9791688140136	68.39286888215217	-174.88808675701242	-81.57349970526732	-87.4509816297875	-116.0641503884053	180.68582219403282	95.32083996287722	1.4273365218791674	96.19342777146746	-78.39405015402542	274.7600095372998	243.5920915467507	425.1217148321647
10.95	-174.7919057639575	-174.06526458512442	-273.8985070742005	-596.148794100058	6.913872286325325	156.86984122441947	3.761462724230541	364.5014252323346	278.6890421250711	148.13971019412116	-72.49232187931523	84.55954692577977	-167.68902832228605	-58.2042293334025	-81.5875181271812	-112.3497031960632	180.20392718401175	95.5974363635801	1.271598870106176	93.51675807779327	-84.7399276976893	276.000034818828	264.66575148166396	425.18016030140575
10.966666666666667	-176.0427510418957	-172.1172692983867	-275.7888489954068	-618.4166417988808	18.589598211145276	173.77962453794495	-2.222783205160755	367.8917792789215	270.668851695858	152.08680553659087	-62.030238181228306	105.66843219488244	-155.97572352623285	-25.813562875343518	-71.76456621584903	-102.58295210872748	179.5902016864143	95.99771043259328	0.9997526870368074	89.62295975498093	-92.57694763829055	277.5376148519271	287.3746577265647	429.57985219281056
10.983333333333333	-174.05172469828162	-165.81465389017697	-280.4748794284817	-641.6310802406326	30.954746538435636	187.3620576569629	-8.203519178764966	372.59786476531303	264.79283117047123	157.95903735178425	-44.75170094126578	132.8328453005348	-140.6912315618621	9.245449198604103	-61.16611090357654	-91.32982727240292	178.79521374552235	96.39413046271049	0.3451707229321943	86.46677097003084	-100.3243766173843	280.4770073233008	307.9333291571767	435.79226821827956
11.0	-168.68162798187876	-154.17291099219258	-288.8732433941073	-664.6884752088678	40.40213845498664	195.27730793129012	-13.34733484448088	378.56753560083064	262.33820585573744	163.2072811448228	-22.755399307669684	165.1981597122274	-124.06863236416231	41.06473588035615	-52.94187824391893	-83.0969646968267	177.91093380702497	96.6302514945987	-0.7078363931180054	85.3144324932555	-106.69135151912921	285.2235189019251	323.0801106496322	441.2185791431128
11.016666666666666	-160.50113213079754	-138.10783508213484	-299.86967069381484	-685.6551703736391	45.14188104127341	197.53487960985865	-17.381888180560182	385.31749614767654	262.0489273280989	166.8886293337275	0.5443162417330203	199.3999577398012	-108.95228771289511	66.0230113135471	-48.82196125292194	-79.4659034102209	177.21829018371685	96.68756252143623	-1.9175796082158667	86.13255918216423	-111.34573041581024	291.35365385348115	331.4214120477351	444.7526951416083
11.033333333333333	-150.77545049062638	-120.93199777084433	-311.22684870741705	-701.414525690954	45.275757557227344	197.1273750467132	-20.299745762065744	391.55180463587493	261.6769147068584	169.30088062282624	21.48921211438556	230.27338358393303	-97.73487115616047	82.9371733298526	-48.96172204991737	-78.50477880465778	177.05418401009882	96.72570760690881	-2.857329293699819	87.97460661563089	-114.53722526476301	297.31432502873	333.1481672153885	446.6794345184877
11.05	-141.2098889261084	-106.68732396695526	-321.0371849692475	-709.4786934004946	42.04325565782936	197.83346207347932	-22.157456728052058	395.45279155873914	259.44367409481225	171.01695531115465	37.38496554876113	253.30601125495824	-91.40554717022073	92.5856598633662	-52.44273342493443	-76.99301202532672	177.5940811310026	96.93726097082825	-3.1383886993531522	89.83608877587419	-116.64344566441109	300.9668024759751	329.3713210195304	447.66047451240587
11.066666666666666	-133.08783670750068	-97.65462313861316	-328.54988772786805	-709.7269573046198	36.92341383143395	201.8359109883973	-23.1360363532855	395.9610935107089	254.71312361366395	172.46064811803822	47.48536920627689	267.04878609248556	-89.42744562171416	96.95149925765169	-57.977333908266495	-72.87840982992202	178.77415431880718	97.4069910804877	-2.638829187882348	91.17403749391879	-118.03678394063589	301.06034577100826	321.70666115584646	448.2238511062507
11.083333333333334	-126.75066341782801	-93.678025263198	-333.98324056931233	-704.0761504115856	31.093370417170078	209.24350316361756	-23.520520545949974	393.37051289822114	247.88316381930653	173.8662397243682	52.80926180443473	273.054764082311	-90.44065366857768	98.23219665903767	-64.42389441691546	-65.92035435346264	180.38587837595867	98.1015950155184	-1.5051245602199874	91.89104806693554	-119.03778531286427	297.85324806413547	311.8823803607807	448.69320016603604
11.1	-121.93951742453717	-93.2907945549159	-337.9152524911417	-695.121922392003	25.33781229854404	218.9273432324465	-23.586190426068335	388.76590898366385	239.87591458526236	175.30285847238187	55.038181475171136	274.0684222570445	-93.02269380417407	98.14499498106424	-70.93794648569498	-57.0217531476364	182.18705293639184	98.92664839854271	-0.005306188584329741	92.11803032885533	-119.86194939338472	292.4901501994247	301.40867435051905	449.20868388276426
11.116666666666667	-118.28821510393931	-94.84793354828986	-340.8534027422938	-685.2231900948686	20.16009374593166	229.33225160303294	-23.527706337589446	383.3758915210061	231.7461435381291	176.72012523323983	55.64949870083378	272.5991933949002	-96.06249607936962	97.72629833457553	-76.9158993922445	-47.51658841319751	183.95272959835324	99.77072451397386	1.583289293457033	92.04790826669658	-120.60370014539744	286.2998983828298	291.48288954888056	449.780679399069
11.133333333333333	-115.55645824272227	-97.04147080197453	-343.0753879144929	-676.1900688851948	15.905027220117988	238.92429897146704	-23.451578600994047	378.26803977965585	224.4856290457987	177.99886461734724	55.61339560661905	270.3961939047685	-98.83022393597074	97.43238168000836	-81.90561308182848	-38.7616959596769	185.49120545633104	100.52800611616804	3.0225235008452978	91.85027454970799	-121.26222031354249	280.45739947770926	283.0367938813325	450.34677565210717
11.15	-113.64739569815636	-99.04311173307057	-344.6654133693778	-669.1867751902869	12.793744512755818	246.5092963056775	-23.398307835433638	374.19684040669136	218.8546861923347	179.01129578115388	55.419857348583314	268.42789039134976	-100.93274922561619	97.3497213313617	-85.59816455408551	-31.8335049773513	186.6633455337765	101.11704765375426	4.142846118963666	91.64050102954076	-121.79021918583861	275.8049313398499	276.710633153082	450.82522217494216
11.166666666666666	-112.49083490466957	-100.47348174750749	-345.65766777145484	-664.6440266939222	10.859735069060191	251.53854301046675	-23.372131729938566	371.49250345192183	215.17547402770873	179.68768605161262	55.248417635670734	267.06784218228097	-102.26071796149375	97.4048831898688	-87.91838804999932	-27.233432381348756	187.417726014748	101.50280230128462	4.8749433640516004	91.47788787969407	-122.1502577546718	272.71438033286216	272.69782598613585	451.16182215638804
11.183333333333334	-111.94090558450551	-101.29014261981253	-346.15092231484863	-662.2989500048485	9.911682679296613	254.20705678593274	-23.364633872947017	370.05649534706424	213.25524661152446	180.04994378000296	55.13795679935375	266.32281507250053	-102.92110298838529	97.5070734920258	-89.07202685885913	-24.786813794908987	187.80419648311386	101.70465501664069	5.2566515505532285	91.37797365084239	-122.34834592457361	271.0727858089083	270.67876315245184	451.35264783756446
11.2	-111.79052776623803	-101.63342332750611	-346.3057489101259	-661.4934209381375	9.626458433812111	255.18010942840533	-23.366733121553665	369.5320113782541	212.57885059834777	180.18403188517735	55.082371121747634	266.03291975107373	-103.12707374726672	97.60164245760879	-89.43282127265513	-23.888349453243073	187.9345070652534	101.77614727687772	5.390680376239206	91.33099997329337	-122.42601274850199	270.4727316717867	270.02722832964986	451.4315304317364
11.216666666666667	-111.84618616652689	-101.688886726928	-346.2795534114704	-661.5404831319444	9.69182386245086	255.19007385776698	-23.372132882211083	369.52566696600746	212.59813582030242	180.18722546771446	55.06436482121511	266.0092815334892	-103.08943206907166	97.66792587923682	-89.36897783473893	-23.870727839422862	187.92390825300328	101.77454957606855	5.386271209568549	91.3186245208409	-122.43292827041512	270.4648652688176	270.1158138561969	451.44272354793515
11.233333333333333	-111.97151603780155	-101.61042380349527	-346.1853893692937	-661.9269917915306	9.884268124429045	254.80023028454613	-23.37750612527047	369.7346873391202	212.8995843617364	180.1358855458737	55.06677855427474	266.1018228844232	-102.96169735844217	97.70438875561365	-89.14706889544321	-24.221927560145026	187.8580057516906	101.74320251758522	5.325926069791887	91.32382295067102	-122.40882586921933	270.70335031924793	270.4861542743535	451.4230887491656
11.25	-112.08951194882764	-101.49690148336873	-346.0866086789116	-662.3505637887083	10.077189542118429	254.35333760945142	-23.381836444974343	369.9747257770098	213.23737421467004	180.07816214701768	55.07727822933216	266.2166665053013	-102.8332075746981	97.71707062853687	-88.9197853992807	-24.633476289261754	187.78708084030853	101.70797672590345	5.2589100447922155	91.33457273243374	-122.37877883548728	270.97775083561055	270.8737226432837	451.3968709573877
11.266666666666666	-112.16721458286105	-101.39728239100441	-346.00788224334326	-662.6780761505469	10.2181193245347	254.01016267362974	-23.385560040537065	370.1592559797765	213.50189164883452	180.03880286132795	55.08901695667838	266.3080926503044	-102.74376905302708	97.71262225739723	-88.75160906935788	-24.96571344750684	187.73327930466613	101.68052001949981	5.207549714479314	91.34399650329836	-122.3552401567463	271.18952758588387	271.1658422886283	451.3770233609609
11.283333333333333	-112.19780690496167	-101.32632849527883	-345.9504458187091	-662.8827021862587	10.299323944017164	253.8141193701328	-23.389763537811806	370.2648679519666	213.66982314341487	180.0271508883932	55.09938705481104	266.3623164862452	-102.70280729617262	97.6954825128763	-88.65321094559387	-25.187523303290707	187.7011671907455	101.66344285032737	5.177083573723758	91.34907265158957	-122.3422436079535	271.3123330623555	271.34326968293925	451.3686890551653
11.3	-112.18751133956083	-101.28086860960296	-345.9058755674887	-662.9885156654443	10.333632126606194	253.74796408867508	-23.395431459388345	370.30078782354514	213.75955981661133	180.0432627031821	55.10817971000797	266.38257936918444	-102.70430956713234	97.66827148142552	-88.61017067389707	-25.320484082630664	187.6868168259708	101.6549304887401	5.1642582144457965	91.3492397530409	-122.33919942499433	271.3569850230418	271.4303719327857	451.3722479187255
11.316666666666666	-112.14964567359446	-101.25259176087165	-345.86696061928507	-663.0322792354456	10.338982000289263	253.769891313787	-23.402618060889555	370.289438099395	213.79995855451844	180.07995806684718	55.11577447589859	266.3792998713996	-102.7345792924119	97.63458225787139	-88.60160202965089	-25.397845838098853	187.68381659690604	101.65191485144331	5.162988354513434	91.34555082753305	-122.34323843725136	271.34885406945466	271.46168619567004	451.38475298848067
11.333333333333334	-112.10526443523922	-101.23679756489449	-345.8361995372192	-663.0415409042957	10.33078853802916	253.82888754625085	-23.40944292814211	370.25812541633405	213.81197101373067	180.12061164793897	55.121555094028196	266.36558140266345	-102.77317890782246	97.60346315056115	-88.60958547194714	-25.438148867881562	187.68636722939544	101.65184632736302	5.167155384928709	91.34055101087563	-122.35000196198679	271.31775140635756	271.4635124023387	451.39956267266
11.35	-112.08798040928899	-101.23779773994957	-345.8324431930954	-663.0244864725078	10.319640706884462	253.86536260307486	-23.410989336822684	370.2386342715566	213.79967116917365	180.13414733058997	55.12262439201206	266.3566351100562	-102.78939358992665	97.59456135549209	-88.62225952842189	-25.429944949236752	187.69032231373583	101.65345045816402	5.171370879449294	91.33870371378275	-122.35331382497404	271.2967340362501	271.4460713587371	451.40472097376977
11.366666666666667	-112.14882785280238	-101.27132142114921	-345.894657611568	-662.9675842651776	10.311812744074206	253.80599958162753	-23.39853415728079	370.26994663522123	213.74777749468066	180.07060873536517	55.11304026818848	266.3708579738365	-102.73813216337814	97.64187872177482	-88.63345877138381	-25.325698855211492	187.6931041035331	101.65685240785677	5.170716842344679	91.34687881760807	-122.34453214488181	271.32467511976307	271.4022813763992	451.3813998954564
11.383333333333333	-112.35481047055298	-101.3629517372012	-346.07915034888515	-662.8397861747128	10.310676959885603	253.56378720386033	-23.360044347300118	370.39824197861583	213.62516977230683	179.86317726786703	55.08415109273826	266.4297883288273	-102.56104364601765	97.79234335514074	-88.64102224834443	-25.047426988327317	187.6932332915071	101.6632830143268	5.160435925268742	91.37407267085423	-122.31272729845169	271.4465427703857	271.3114587263103	451.30464999511594
11.4	-112.77226157693718	-101.53995745917881	-346.4436327781908	-662.6053010604344	10.317786932669712	253.05616216531692	-23.283434698806335	370.66730269143466	213.39678552488692	179.4452702562243	55.02704892290142	266.5536981648282	-102.20070344150092	98.09332630957913	-88.64500889382101	-24.511959416947402	187.68996884978188	101.67437026932907	5.136466288958076	91.4291729766234	-122.24719449161324	271.7045068649438	271.14886455877036	451.14971348145616
11.416666666666666	-113.42466672541725	-101.81272807563685	-347.0095930654239	-662.2492898945103	10.332940822709734	252.2550073329382	-23.16442176143943	371.09202655311043	213.04833551177322	178.79299583574164	54.93845004039341	266.7494122950699	-101.63690923548958	98.56192773362501	-88.64635840580371	-23.68735116969088	187.68335059114617	101.69086162999079	5.097612970463463	91.51537903412094	-122.14400696700216	272.1127273245969	270.9039042911368	450.90774334329797
11.433333333333334	-114.2169692726804	-102.142640153141	-347.69611964566207	-661.8205290781832	10.352945226209004	251.2786580567244	-23.02041276557064	371.609660337971	212.62784258917247	178.00096361948442	54.83105529508082	266.9878532707532	-100.95201359005208	99.13038632537781	-88.64610527967317	-22.690136519946343	187.67477138893156	101.71060271161343	5.049880643224403	91.6202018963861	-122.01791991472257	272.61060983208876	270.6097376506538	450.6139087518821
11.45	-114.82889176097727	-102.39735626018182	-348.2272210415408	-661.489896860748	10.36922417265012	250.52276214115702	-22.909960237661558	372.01042744237486	212.30286106164036	177.38897968026754	54.74805578840284	267.1720885255377	-100.42309503590813	99.56941015113067	-88.64504957862428	-21.920484122763675	187.6680215744066	101.72581878020976	5.012796446789067	91.70136200949612	-121.91926791392595	272.99615369110046	270.38355680170116	450.38696863933444
11.466666666666667	-114.60344485202245	-102.3043100801744	-348.0350846602068	-661.6109229950474	10.365047311265089	250.79758384995944	-22.952996746869715	371.86473435779146	212.41986128954204	177.61353150775673	54.778264779686296	267.10382564087644	-100.6183157783164	99.40814034482986	-88.64373102480106	-22.202782266428528	187.67046776154115	101.72031872480619	5.026106316349619	91.67203051217301	-121.95176356602454	272.8559560217253	270.4681325588518	450.47062118928505
11.483333333333333	-112.49694080641146	-101.42981907919868	-346.2164804273589	-662.7469254279764	10.314134205133822	253.38986608019965	-23.339738870964574	370.4903721587748	213.53099231220565	179.71782962085905	55.06292408802615	266.4684056845755	-102.44010225834101	97.89824434587713	-88.64256759333536	-24.84868171129331	187.69359366915552	101.6682392538446	5.1528104273474895	91.39417224869112	-122.28075058090131	271.5336703603056	271.25029655110455	451.25203813066656
11.5	-107.21078882396644	-99.23373755767402	-341.64629549116853	-665.5999910636021	10.183708444117377	259.90089396065054	-24.30632339952762	367.03837016295654	216.32475753452724	185.00021217000958	55.777921307489194	264.87458962526176	-107.01113734412444	94.1083476561943	-88.64205120011232	-31.491644284993217	187.75155604264202	101.53729558741612	5.471260323205397	90.69589102484304	-123.11289235166483	268.2126105187268	273.21191346074363	453.21296980654614
11.516666666666666	-97.67751940833902	-95.27131673824917	-333.397485716935	-670.7487141052986	9.94636718676686	271.6481043847233	-26.045776830637237	360.8102482383966	221.36933731696195	194.52853189927544	57.06807595851724	262.0011239440288	-115.25406188281887	87.27245599928992	-88.64290951125426	-43.4762588493395	187.85585770023133	101.30081335118406	6.0459036425171435	89.43559202567948	-124.61992641096231	262.22097154037544	276.7494434569754	456.7494494434645
11.533333333333333	-84.08720403435005	-89.61973380764145	-321.62884139580257	-678.0939957654687	9.6055000354295	288.40059943527154	-28.520522981799484	351.9284198188189	228.56976546973587	208.1143674765149	58.90826908588026	257.90616153861555	-127.00394734705958	77.52590440190924	-88.6461328492716	-60.568091850903556	188.00411070269496	100.96317455370401	6.86543782981311	87.63761975305995	-126.77676023701432	253.67678693411773	281.79302250866573	461.7910319635775
11.55	-68.76261221817433	-83.24224468599542	-308.34316725149296	-686.3858704691503	9.217293363012645	307.3002134321715	-31.30314119532968	341.9082353862242	236.7041072427	223.43802895815668	60.98491840116125	253.290870176669	-140.2516950556498	66.53311889021128	-88.65273548898625	-79.85275182911583	188.17050278364457	100.58158290015191	7.790034855635938	85.60808197070651	-129.22256380819036	244.03820653422514	287.48154974348216	467.47611782749726
11.566666666666666	-55.19359207470701	-77.58849595078847	-296.5557893797693	-693.7428372582971	8.867671355231044	324.0489850087031	-33.75448845043703	333.028473909055	243.93126214475117	237.0124361465659	62.826275211391724	249.2076469054292	-151.97939263927321	56.796143721437495	-88.66309773521715	-96.94669362163049	188.3165307480226	100.24234575803021	8.609433239681804	83.80775069866462	-131.41086687800396	235.49770481860668	292.5203953462425	472.5100570228436
11.583333333333334	-45.69558078675075	-73.62422815155446	-288.2761011407116	-698.9122119568821	8.615853162909731	335.78990518594804	-35.454637930953275	326.80411963184946	249.02363106900214	246.52113872101867	64.1185607733095	246.35304776972816	-160.18568507674587	49.977275247634225	-88.67576791743147	-108.93493670286605	188.4169557696737	100.00323086718586	9.183860812671218	82.54356259392249	-132.9743958761618	229.5124985515081	296.0492326793479	476.0335899003339
11.6	-40.440876026641845	-71.43175060434753	-283.67879302605337	-701.7876374687054	8.4725705507586	342.2949441363461	-36.384467042318946	323.35652127435026	251.87070496531976	251.78392447697547	64.83607531379702	244.7743385300703	-164.72436145634197	46.206088007286745	-88.68576287183399	-115.58154941913095	188.47087863973343	99.86998045852874	9.502145764454063	81.841862894369	-133.87018934121068	226.1981878517575	298.00051271842045	477.9820928347677
11.616666666666667	-38.329142086182976	-70.57396734027485	-281.8660764085822	-702.9329078209498	8.42397798989531	344.886974691462	-36.77172015063162	321.9848649247209	253.0081851384805	253.88456065656413	65.1223485737129	244.13073578330997	-166.55256422905103	44.704702113379106	-88.68277280066518	-118.2282056618712	188.4927586173536	99.81842092652072	9.628967884615978	81.56473883373687	-134.23230251104235	224.8781141341603	298.7758803438664	478.76267206481907
11.633333333333333	-38.01118159135317	-70.51959569456767	-281.75765299644166	-703.025129502842	8.458143508923765	345.1758626472051	-36.906937038816956	321.8360062082446	253.06862207207564	254.14705807763366	65.15093917600863	244.00188575087168	-166.84592634850114	44.521480756075455	-88.65030765968089	-118.50364871198936	188.5016283180259	99.82009511019908	9.643020891911725	81.54593578510128	-134.202000152671	224.7275550396398	298.8666205087995	478.8746180487568
11.65	-38.38034482708698	-70.84129818679644	-282.5056761212019	-702.5930281040507	8.574670868351607	344.4593640219976	-37.049534913791334	322.2216134246679	252.52502501775595	253.64844006010793	65.05964150741701	244.03844044123863	-166.5724719688309	44.8797382571201	-88.56767862639255	-117.71328982604584	188.5155565328306	99.85386496100541	9.607706175123823	81.65439270627125	-133.85143573891477	225.0792639299236	298.67358860920905	478.72771075187893
11.666666666666666	-38.726193281416066	-71.26295524910176	-283.5886376459033	-701.9540595787164	8.77870892738969	343.5577367125775	-37.38108503406843	322.70511943147073	251.63849213465778	253.07747310021622	64.93329236136029	244.01558842236648	-166.35551546641918	45.27854353209015	-88.4175481724984	-116.67551603711148	188.5484905868311	99.90748027423219	9.563063478067455	81.80911556234845	-133.18263305483288	225.50886233158252	298.45585889674857	478.58634112473425
11.683333333333334	-38.73204042663588	-71.62727722685932	-284.725431147761	-701.2626235302744	9.059946352210599	342.8677731369587	-37.96415221474211	323.07221174304584	250.53105736503178	252.76186836221285	64.81239149163198	243.8464322271422	-166.4669238321228	45.47370944780937	-88.2020317268906	-115.78891408021117	188.606569996199	99.97270314507769	9.528468362671912	81.96719163167533	-132.1891347484897	225.81023366394444	298.34192268371464	478.57210574177014
11.7	-38.44188251639125	-71.83530930026484	-285.7091448299139	-700.6091391029811	9.357535881967419	342.486825024871	-38.678304158982584	323.26445790565043	249.33128188764576	252.74008155082757	64.711813725123	243.59368143254585	-166.8414062290848	45.42899078326865	-87.96898877008994	-115.18014832106407	188.6817766846986	100.03657858256611	9.508797004793204	82.10028606701376	-130.97452460414527	225.93793325359286	298.3567574358516	478.6780167012406
11.716666666666667	-38.25548767654887	-71.79090417399982	-286.224817761666	-700.134016197428	9.51585975459573	342.32590361183713	-39.1278992540126	323.3197162520285	248.35822917026033	252.81358318359997	64.64081985351817	243.49395589450796	-167.06262302854867	45.284860128736355	-87.84581187026514	-114.84915607116699	188.74239890591767	100.07107392841883	9.50009754263776	82.16926156237157	-129.91851084063356	225.95804462716745	298.43971847603217	478.771628444985
11.733333333333333	-38.94431698005926	-71.37251113744139	-285.70372191819047	-700.1305250888794	9.245768268525685	342.1847124643311	-38.55102424304478	323.3348921334558	248.30492672525804	252.56820775111532	64.61997831456608	243.9814963038004	-166.33385422428074	45.354007489252766	-88.06929337368925	-114.77651760189794	188.72256388420874	100.02428549529765	9.49340788352952	82.10415646922036	-129.85765638965808	226.0198304912407	298.44727044004765	478.588038184244
11.75	-41.616368766288666	-70.45172613615124	-283.28256756801767	-701.1027299096713	8.122154947443798	341.7976908161816	-35.807388857024094	323.4476470083107	250.3488651523034	251.3977126447098	64.69187220141518	245.66745994475434	-163.50924115196815	46.1191861109187	-88.98646855377743	-114.98354380032701	188.51735502483103	99.81893179887699	9.477080273745962	81.79818935352374	-132.1978520422833	226.33902350708934	298.15101316896533	477.7367358235722
11.766666666666666	-47.49698819160622	-68.9784042642229	-277.9715326260228	-703.7216549220542	5.66907779096571	340.88233233838804	-29.580619104972655	323.82158268339805	256.05756518760495	248.6005133446621	64.92101989737952	249.20004288824447	-157.3233594396915	48.17844716695275	-90.98459917533673	-115.54320775596345	187.9955618673353	99.36742020599954	9.43898823827856	81.1286574145013	-138.80107459317017	227.16790571709555	297.2564906186917	475.76841871058934
11.783333333333333	-57.34955944463175	-67.14747515751408	-269.16855219356523	-708.5946500641404	1.5998940041910266	339.2323539038335	-18.978216956848733	324.6119286397615	266.8898728680659	243.6479840495158	65.37550620157042	254.90997707218048	-147.00096741124185	52.057452233861596	-94.2952670719989	-116.53719783061425	187.0474419958254	98.61578807739907	9.370475524702025	80.02171832086368	-151.40846708255114	228.71676756357158	295.4814057889072	472.3647513472014
11.8	-70.3710581849222	-65.64159492229035	-257.649086334307	-715.7499489422562	-3.724828248450468	336.89732253227885	-4.7084419599903535	325.8859047048746	283.0605051094037	236.72439882616146	66.08056501825199	262.15834449992064	-133.4163366046204	57.79993942099433	-98.6215540652409	-117.95000952128936	185.68642398843863	97.62809178742127	9.273837501052906	78.57698324745509	-170.32222908392856	230.98917888808415	292.7382760193393	467.7135775553059
11.816666666666666	-83.40398318220251	-65.68640628841769	-246.2748597887302	-724.1652471148069	-8.970858260519323	334.3241533774033	10.037718174507742	327.53548058165563	302.4646307926089	229.16664385328153	66.97330676108079	268.90529505085976	-119.92078927415064	64.59170133616671	-102.87316178775913	-119.57354577853336	184.13660029674625	96.64672824479942	9.168299698149264	77.15505424819331	-193.1475240455843	233.63317705441582	289.317106738611	462.7998208357905
11.833333333333334	-92.32024019146289	-68.491568707811	-238.76841984559894	-732.1808809473761	-12.401585691398832	332.1573267436585	20.962807493332004	329.31266283187097	321.50661058432013	222.90697536367995	67.93092972405222	272.5988647527208	-110.8940265375174	71.09043345747847	-105.63423280705325	-121.09044748976416	182.73885170274752	95.98721453613224	9.08175700073447	76.21911111081837	-215.73475057280993	236.0800157162165	285.77186000442657	458.98699106331895
11.85	-94.79385796227228	-74.45814737830374	-237.22305627273045	-738.6200070187022	-13.037781303217928	330.80672136783244	25.542503821763862	330.99959754455136	337.51488317073523	219.1782379541024	68.83965740807585	271.87489026526487	-108.81525906420441	76.33303764136289	-106.11228135578038	-122.28696937723083	181.72289697305365	95.82551652959678	9.031513484781867	76.02241818989461	-234.9652177089035	237.92509749198885	282.5496654572084	457.10333545682676
11.866666666666667	-91.2049091266135	-83.06539338155733	-241.20662878052326	-743.2937660154627	-11.082344096980206	330.3046706567412	24.030156394886518	332.54620450964427	349.9069356034118	217.94393200802884	69.56871377191162	267.10992183431574	-113.23242986000555	80.17531521461244	-104.48977546553354	-123.11845080078146	181.11939913612983	96.12404545452007	9.014410592426778	76.51162868656286	-250.09543528962882	239.13877314109084	279.8115003114227	457.0827051682334
11.883333333333333	-83.35251518862123	-93.35694737238451	-248.7507039118479	-746.6179299281112	-7.475722407672116	330.5210395292042	18.19798257733091	334.1072697563574	359.4603178500013	218.28440017762532	69.83742576161927	259.68021479176764	-121.97008209816251	83.03716216362177	-101.56751818408972	-123.58076776445552	180.8579022321693	96.72175729376532	9.010064580501792	77.48025260480522	-261.9022426946883	240.01547397993974	277.55807515452386	458.29987417498006
11.9	-73.12011094063017	-104.32052433862773	-257.3723944399137	-749.120098243421	-3.439030108476164	331.39642547815055	10.003006538956912	336.0462865273275	367.32681516016845	218.8479737109253	69.0887059495378	251.23552088184036	-132.3739002969137	85.5560452203824	-98.39454253444737	-123.56405302302836	180.87947968079763	97.42888587367739	8.985680339743038	78.7277620054952	-271.5235659252542	241.09077410135617	275.80324923498665	459.93874782429623
11.916666666666666	-61.88519304113114	-114.9754783730122	-264.51361918309857	-751.1750532109008	-0.2836229688383405	333.04241879068405	0.9985640038884582	338.9183420891513	374.5142593748837	218.06248067476005	66.46809824047774	243.41872659279872	-141.8355000056464	88.39420496593196	-96.105346647674	-122.78084824497118	181.1880492429457	98.07144357876824	8.899709817311143	80.13361914918548	-279.8534638818419	243.09661841031556	274.66079549345034	461.15909909161934
11.933333333333334	-50.39343189415584	-124.3390566478467	-267.79694080326846	-752.8985614500363	0.7114336483283359	335.71055724499183	-7.80188118212623	343.36945226132303	381.678540461901	214.3268508122787	61.008484717268075	237.7651042282347	-148.01931516955855	92.10416087625515	-95.79381014748026	-120.79440057378795	181.84622205499812	98.51503348407395	8.709816318455582	81.67506552010492	-287.3441205232885	246.86420846551442	274.3344199390496	461.19105928031274
11.95	-38.86530681275302	-131.4472692188706	-265.5265752144046	-754.1428885240396	-1.4255231942798154	339.61303239240607	-15.870552537271378	349.863323034508	389.0664136806319	206.44319576160825	52.15486125379674	235.5003136088262	-149.23160140547708	96.94758282784545	-98.23482524921657	-117.19530569620099	182.91536082333067	98.69655828796193	8.391769967577169	83.40836159985912	-294.0745636713318	253.05402097957125	274.99185000963104	459.4972167413581
11.966666666666667	-27.185697836878578	-135.48852166636846	-257.49927458687915	-754.5509959517915	-6.906444877893074	344.64333968597344	-23.072616151560844	358.2661975244201	396.50868501341256	194.3003425536754	40.53911557028924	237.1673654599508	-145.03791087156011	102.65588712641751	-103.44587713219093	-111.89510882537894	184.36016584314004	98.66863731183152	7.967273399769039	85.42735105684825	-299.95249707547947	261.72676527012226	276.5561879381309	456.02710782296174
11.983333333333333	-15.094869685121555	-135.868234686952	-245.42141582367694	-753.6216695912331	-14.952695964562473	350.2143151920626	-29.54100739890464	367.60610891812684	403.4515012786517	179.25993414479552	28.391302571265406	242.44877560181274	-136.55425915639515	108.31701028881574	-110.47239693121007	-105.3046593024202	185.9936061599736	98.61565674924142	7.519133143198979	87.81769760066805	-304.87409642030286	272.0864079514793	278.5774048584383	451.3463420952457
12.0	-2.3670020084796217	-132.11521841525777	-232.3105348375608	-750.7967870919039	-24.121999208747965	355.4001127847431	-35.4902287209414	376.2923540697537	409.0732549898286	163.7640731281615	19.010996496053675	250.47015609260038	-125.91689938121513	112.58537450787594	-117.73394883038046	-98.2114125840293	187.52542802917682	98.79856689641328	7.173008550532462	90.61069045314252	-308.74834677272355	282.68040444812135	280.32490821712565	446.4444775754516
12.016666666666666	10.976361715875381	-123.96959021767108	-221.25396237016207	-745.6974431713722	-32.94828558441341	359.3196686255875	-41.025511494676714	382.70625910209674	412.5540453933779	150.4255459868692	15.38074628507174	260.24813387781245	-115.32666489651949	114.21772409548285	-123.74785830976732	-91.47971907588982	188.69079819489474	99.4329658955873	7.048346319421783	93.70917283007996	-311.4976953437314	291.906686376743	281.0563500496332	442.3322323630869
12.033333333333333	24.41530639191894	-111.85825678934228	-214.26745124480396	-738.5240514730585	-40.46587348252187	361.55672891425934	-46.02066994245727	385.85341314814303	413.4600318012051	141.16167754490155	18.530148385942965	270.8714665951673	-106.30968253526655	112.7297233845015	-127.81696683176307	-85.79432808855704	189.38818650136605	100.54755795327809	7.199672311792041	96.78352676106019	-313.1436264268311	298.50231979890185	280.31640537435015	439.66399734354616
12.05	36.79323451136359	-97.24720276729428	-211.8234740818716	-730.2804186425014	-46.364392061926694	362.3455560217128	-50.08617574185394	385.65449560894683	411.9586921980284	136.85562719631992	26.75845547027703	281.4606120880089	-99.49024548981028	108.70781485529426	-130.28251703594955	-81.57260378720704	189.73741255766564	101.9157589179251	7.586961114793907	99.22042553383547	-313.87869137875805	301.7363706349239	278.0800008192486	438.5919978311667
12.066666666666666	46.48379381140892	-82.34556402871426	-213.204022015605	-722.5036476120299	-50.73828568718949	362.3710226148379	-52.65092819128195	382.6708710926985	408.66619892396443	137.66014254957616	36.452901333733585	291.11733501313455	-94.85720712141618	103.46289904184201	-132.15000205274495	-79.0407485701878	190.0056118149103	103.12956455123904	8.099285266876857	100.23007875239401	-314.0132507959756	301.25915472714297	274.6529481279738	438.91929727673715
12.083333333333334	51.96365524081719	-69.34769912814241	-217.0947251499474	-716.609690128951	-53.70054024762264	362.3677330996493	-53.22080316324203	377.65669751734515	404.36715325381334	143.33793166685217	43.88031908262233	298.9766064765353	-92.15981466722072	98.32430560467365	-134.3536095938648	-78.28538452427733	190.45154988209916	103.78098240164756	8.605512301348892	99.16760872687857	-313.86926813897037	297.00362817110295	270.4978851148346	440.3415598380075
12.1	52.63193197291564	-59.70002970989148	-221.8386523318449	-713.1993495627058	-55.14165438480108	362.7890784395668	-51.773083944294264	371.36631367432585	399.8950813676041	153.13368528591988	46.84497358553367	304.34838994927287	-91.10269250318773	94.04841965916252	-137.0816301770243	-79.15092990354343	191.17793510998231	103.65782397790626	8.994008674497353	95.98307797430337	-313.7281868542134	289.42633788210253	266.1668945133872	442.5600231680749
12.116666666666667	49.24065166863527	-53.82427702011397	-225.46653526586815	-711.7585985776049	-54.65478195100744	363.68157135080213	-48.97630015628643	364.55147515775695	396.1376499439132	165.58002212824175	45.36690399135444	306.7798609946131	-91.39690005467205	90.60413801472669	-139.49079658876408	-81.15446056287837	192.06809025114921	102.83364858165793	9.18639632909751	91.45721506474337	-313.83150548613537	279.7154605200002	262.3061444577771	445.29548264828037
12.133333333333333	43.479186856480986	-51.42950260900287	-225.88743412358957	-711.0009252199051	-51.60175353522647	364.7832867452422	-45.977671719378236	357.9315181205974	393.99489433384724	178.76153608710086	41.086338429767615	305.96370133881567	-92.81141482301956	87.39320394781885	-139.9927552435692	-83.60772127208641	192.84542573747206	101.58746631237861	9.131185360327068	86.94721572911403	-314.38436351625325	269.5405164122545	259.6105308175945	448.3020524993776
12.15	37.14176858386075	-51.9479607874402	-221.47588073932644	-709.5849275047602	-45.43711361332353	365.741818139292	-43.901420399351345	352.0906250290358	394.1618331616114	190.89859745574068	36.065035954220406	301.77098666832256	-95.17470024352716	83.71894745576331	-137.04491172209373	-85.86598004899709	193.2200755945575	100.24119127900315	8.80431896329071	83.79098591897389	-315.51923002503275	260.4828269202654	258.64260313657945	451.3814243760157
12.166666666666666	31.51199321819771	-54.6497227257472	-211.94040789747714	-706.7690452198663	-36.2727885005454	366.3160024941155	-43.36450573304247	347.3619685413379	396.7650379575283	200.85521437624368	31.83538435040048	294.58691470887703	-98.26420763656463	79.23663743462473	-130.12120129337353	-87.53240778524165	193.04676683990087	99.03503006761002	8.232020089552709	82.71028811305393	-317.2178846008805	253.51355574850965	259.5471533566484	454.36877012475514
12.183333333333334	27.1770522750111	-58.6047418562453	-198.76513782133452	-702.6860763468464	-25.22088646597227	366.4684328610652	-44.27845802367418	343.80216323327267	401.1730570624635	208.28939550859877	29.033226613175366	285.56106403293063	-101.70257607910175	74.16580588917627	-120.20959269038153	-88.52027045767021	192.39967489031662	98.0846620070071	7.506630980293962	83.55675090572913	-319.2687076048135	248.81345700886337	261.9043494576502	457.1028525174603
12.2	24.20324473901024	-62.797903840677826	-184.65610536188268	-698.1223428775843	-14.108323679430905	366.32080587640024	-46.047993575366895	341.30230447333815	406.24062574754	213.39063017517933	27.579739940984958	276.36436199213875	-104.99369750081243	69.16226583281677	-109.3892088841624	-88.96007704476752	191.5126436220104	97.4100902622736	6.764182202349644	85.55948969112609	-321.328592803049	246.02141926860668	264.912032944491	459.4120494437832
12.216666666666667	22.412176962638675	-66.37747787915072	-172.36018292541644	-694.0192712996464	-4.748642489435296	366.0449664265149	-47.96248078384914	339.71303189016953	410.81095564229344	216.5304233059584	27.080984772324445	268.5892665150329	-107.67725529512786	64.96674439418368	-99.84613723201527	-89.05252690546293	190.6476011188393	96.9847509756187	6.134625151715262	87.8150266672175	-323.0590115601128	244.61553714758958	267.7519440821805	461.1459604535455
12.233333333333333	21.53499545933275	-68.87494350281123	-163.57697289530464	-691.0139806840235	1.7840608619215168	365.7776922716738	-49.510120373381596	338.8664273231299	414.1535204233242	218.13342100852458	27.11898621770335	263.1657916299096	-109.50098442459526	62.04073513272089	-92.96687763068716	-88.97324555130287	189.98377039838076	96.76072818089109	5.694133786617045	89.6728586519553	-324.26007512306865	244.1154888305212	269.8934453002554	462.2489098390442
12.25	21.268929422567606	-70.26344187775508	-158.53240571119494	-689.2404674139516	5.451545891863248	365.5868091443233	-50.49873510596686	338.55419671538	416.12407717982506	218.67549521786498	27.376554519465156	260.1360327618894	-110.4918430638662	60.39947463964447	-88.976256209845	-88.84099277430737	189.57539720424322	96.67752200165533	5.446819912722763	90.8783702035191	-324.92581073553197	244.12639461367166	271.1982664442928	462.8018898315359
12.266666666666666	21.33003593206377	-70.81442842697992	-156.39645705095282	-688.454056727669	6.944667855330557	365.4803147099509	-50.98763414623107	338.55129580810257	416.9977157454695	218.6269225110204	27.658553416202935	258.9184557489738	-110.8693629812979	59.73288417595372	-87.25681933916486	-88.72117255171547	189.3826649879422	96.67486064220039	5.346330747797091	91.48733398292575	-325.1886970878814	244.34980861360705	271.8090186575879	462.97673112462735
12.283333333333333	21.499431725815562	-70.88780345209433	-156.02374145264594	-688.2870112917982	7.144044185029799	365.4329317429723	-51.145600006428765	338.66203074712814	417.17903272380613	218.3688823683955	27.86368184059068	258.7558175985672	-110.89901240317207	59.643621050661594	-86.93227764672949	-88.64339024113667	189.330952929749	96.7062833490685	5.332408369918628	91.69232410127145	-325.2217368143196	244.58570891536885	271.9572959094864	462.95459128376444
12.3	21.631817785127545	-70.80300106696616	-156.4312196865931	-688.4196537432093	6.779066536329897	365.4071189312882	-51.14978066195161	338.737826394144	417.0123747433847	218.16841045328417	27.94367235040818	258.9966787605962	-110.80220546979585	59.79967982756242	-87.24802616420087	-88.61997391564692	189.3514072224202	96.74370678639383	5.353926078757421	91.6983351204253	-325.17683701606074	244.71073369361335	271.835537727324	462.87914414689766
12.316666666666666	21.638416753562566	-70.79788009914554	-156.95061890734337	-688.638017344885	6.328418652482773	365.36473800708677	-51.14220874828645	338.6707983154651	416.71949542509196	218.20035988962738	27.87137014249312	259.18153198234427	-110.73154837507055	59.979412081489826	-87.69492451355217	-88.65860526339526	189.39613290028723	96.7743596428755	5.3758522644127895	91.66855228384489	-325.16558674921873	244.6474551494304	271.55390867587334	462.8478150390578
12.333333333333334	21.47145334922309	-71.02270530375922	-157.21549778381333	-688.8293206422917	6.042234017938436	365.2749693152721	-51.21653950698275	338.38989861930423	416.40939318356993	218.56733841528373	27.629020158037427	259.0408433368092	-110.77445550919971	60.06354864056845	-87.99850724011188	-88.76577200172319	189.43880991294483	96.79530867824266	5.378544614835556	91.70890137053496	-325.25733558450247	244.34915736125427	271.1520575990676	462.91649577653783
12.35	21.12720346764813	-71.52779985724035	-157.10195663734038	-688.9534012469619	5.999516715922454	365.1245040331638	-51.41112748427272	337.8790024615442	416.1203529447835	219.28502547944765	27.222584282015802	258.4862187998366	-110.95790245617638	60.01401865707697	-88.06436988286934	-88.93938258988481	189.46912607417156	96.80831131603034	5.355615221961234	91.8639605635578	-325.4750623607478	243.81511586275263	270.64529058403565	463.10014134220006
12.366666666666667	20.67576894840097	-72.21945663660028	-156.69284802439086	-689.0125183872465	6.151647406592385	364.93454975394707	-51.69253506184711	337.22787061854785	415.87126103459474	220.21606772179766	26.723957472777375	257.64301146121596	-111.23847994775286	59.8624680978163	-87.93295263339235	-89.15005028943014	189.48615971497037	96.81596601041818	5.314019046629329	92.10591331784178	-325.77716765271794	243.14327057856326	270.09409338187675	463.35933830036066
12.383333333333333	20.315609202606854	-72.77912091346933	-156.29049521760533	-689.029270308236	6.334204485321951	364.7854970456757	-51.924162703312255	336.7143379855478	415.71091609336895	220.95561677532976	26.336308651765137	256.93708353874564	-111.47386830982812	59.71620445221503	-87.76435842251044	-89.31306585602097	189.49311427275464	96.81918990927278	5.277484539561869	92.30965439101034	-326.02274288706803	242.61577507771543	269.68817320630086	463.57139185304504
12.4	20.435657533154785	-72.56949768444261	-156.4621848179744	-689.0341753638994	6.254632717526857	364.8433315766521	-51.82866436587532	336.89464985871626	415.7576568048568	220.7028271253026	26.464104759678484	257.20596454126684	-111.38590368534136	59.77546222570955	-87.8474120057285	-89.2587131381898	189.49403168107713	96.81578796407085	5.291757292934477	92.22115008242854	-325.9307153981165	242.79260513546092	269.82694140674033	463.4954322607635
12.416666666666666	21.64454346472814	-70.59204494034113	-158.061102861948	-689.0600264053985	5.485844840471928	365.37128471227857	-50.971553633139514	338.64497982882665	416.2172056498337	218.2010463713159	27.745811386460637	259.7494965710665	-110.54359302716493	60.34154151140772	-88.60392477288109	-88.7184848939908	189.49220940842133	96.8000779135453	5.427009477103939	91.44390682701926	-325.0613233260115	244.5552102154736	271.15588232382225	462.75625658678956
12.433333333333334	24.69575028641741	-65.61199723060847	-162.12081918603286	-689.1381339623902	3.5179166261522914	366.6964212796823	-48.81636012760702	343.0523663947923	417.35628447753857	211.89321251934356	30.9750528764642	266.1677905347237	-108.41663378071159	61.77978776533221	-90.53685085521143	-87.35834619705801	189.489747882521	96.76399133876039	5.769134708534197	89.48954382204796	-322.8711250954999	248.99759891342853	274.4851593820386	460.8908114327721
12.45	30.207967112759192	-56.6160017450011	-169.48215316642046	-689.2910060165154	-0.06136027053319132	369.0876862720202	-44.92310024384555	351.0101600811355	419.39804644848624	200.50038353945124	36.804581703286914	277.7715370115226	-104.57073052221473	64.38753875652378	-94.05251380490543	-84.9034672599916	189.48768665389085	96.70055584373017	6.388320127060559	85.95793735685372	-318.914250872544	257.01900654676325	280.48379557594205	457.51939008621457
12.466666666666667	38.07240792822549	-43.779780022728595	-180.00303987894688	-689.5165878235084	-5.18305682909621	372.49848206359644	-39.36717480523078	362.36194070689925	422.301505193966	184.24699323081424	45.11919479387628	294.33446952545194	-99.08101150715125	68.11424954818064	-99.08387716880993	-81.40233827532782	189.4863468511253	96.61087427583121	7.272518503764799	80.91718422979771	-313.2679928613807	268.4611203671855	289.0335123325851	452.70811359799995
12.483333333333333	46.94680692395303	-29.29384629353199	-191.88445127593718	-689.7749173195674	-10.96993612886477	376.347060795397	-33.096668179831646	375.1708315751334	425.5732089138818	165.90678460620995	54.50036112978249	313.0288288802451	-92.8848342324117	72.32267517377721	-104.76923906998007	-77.45224214579032	189.4856663900431	96.5100280085712	8.270680535905024	75.2276255286051	-306.8959697103448	281.3715286340181	298.67723920353683	447.2783132402283
12.5	54.81301677560355	-16.452762461476297	-202.4202079765898	-690.0056059940715	-16.102555891019687	379.7583492374575	-27.53787637125454	386.5242122056643	428.4713020153471	149.65048062509976	62.81526646631515	329.6016011467842	-87.3919206982655	76.05436360826059	-109.81214751388022	-73.95124238581124	189.48544174164348	96.42081478771392	9.155622096186182	70.18370733948151	-301.247467324483	292.8146205828038	307.2238346908639	442.46510120790373
12.516666666666666	60.329207242588055	-7.447270561439589	-209.81017646314416	-690.1682162337588	-19.703066127922245	382.15046415321626	-23.639324850640698	394.4854734149228	430.50285338980245	138.25118086306136	68.64592111725179	341.22452450906576	-83.53973427834026	78.67179507050544	-113.34995144395549	-71.49642116325384	189.48546588869547	96.35840075243243	9.776250273772899	66.64634674202905	-297.28620998359634	300.8385880988896	313.21664340620595	439.08976896195117
12.533333333333333	63.387113041950485	-2.454385156672336	-213.90755582037886	-690.2588834617904	-21.699439284620333	383.47646221385	-21.477763275160388	398.8984242752613	431.62881844345156	131.93260285202922	71.87810539645993	347.66863619357156	-81.4041690439564	80.12302135024396	-115.31176360968652	-70.13586211154696	189.48558620088718	96.32396820696825	10.120303398036254	64.68529992982907	-295.0900876673976	305.2860999501951	316.5387307760538	437.2187028022245
12.55	64.60528245785233	-0.46467248583424325	-215.54016644032046	-690.2954136716513	-22.494828138469426	384.00461297257255	-20.616278916201907	400.6559745414968	432.0773427489935	129.4162198410528	73.16571194695717	350.23659245341855	-80.55339591978672	80.70126493925287	-116.09358984324317	-69.59414873239898	189.48571363541188	96.31043174779543	10.257347792356546	63.90405448476119	-294.2150407733255	307.05721283672307	317.86230197566795	436.47343267777603
12.566666666666666	64.73522734494196	-0.2518306919867752	-215.7148200492138	-690.2997228041145	-22.57992618592073	384.0608837048997	-20.524046619308965	400.8431094454952	432.125063764001	129.14837492615888	73.30304251981815	350.5112870024284	-80.46257953267124	80.76311769441521	-116.17741500043076	-69.5366051096998	189.4858093701861	96.30913573771753	10.271964615619915	63.82065312690668	-294.12153558022356	307.2456206309852	318.00352818377746	436.3939955571442
12.583333333333334	64.38031176033601	-0.8317417789956304	-215.24060286929858	-690.289461532322	-22.34941914064916	383.9070480437218	-20.775073080814362	400.33124447329055	431.9936127286453	129.8810856554498	72.92767707853687	349.7633725719609	-80.71020521840299	80.59511435095656	-115.95081436571627	-69.69434718136598	189.48586575237465	96.3130049249253	10.232121593038446	64.04797744752558	-294.37646841032875	306.7298492482234	317.6171443183166	436.6109349036733
12.6	63.9196284279423	-1.5867908757765392	-214.6267260526411	-690.2756988116613	-22.05217246942102	383.70767808793977	-21.102028307199156	399.6683782199178	431.821654478877	130.82933199661474	72.44003046230954	348.79076580031096	-81.03126582945927	80.3775566760876	-115.65799269294848	-69.8981421355743	189.48589008904662	96.31739692333986	10.180601595067323	64.3425938370452	-294.7078485896717	306.06255799639035	317.1138058892053	436.8918899930052
12.616666666666667	63.53716394911765	-2.2180532576870995	-214.1212573059637	-690.2637555170252	-21.809939103250816	383.5427631924984	-21.37554725425186	399.1210433788369	431.6758429466855	131.61105711031806	72.03424399040235	347.980190598117	-81.29695831582166	80.19824385580425	-115.4182139569945	-70.06551166122148	189.4858940590233	96.31982920185958	10.138256836847235	64.58612810001618	-294.98382213225256	305.51276852509324	316.6920208144329	437.1238256354113
12.633333333333333	63.28682252515949	-2.6384905265728276	-213.79751165299265	-690.2551624881087	-21.659046679637186	383.43581806184466	-21.55797431139626	398.76770920578775	431.5752707555569	132.1136212172483	71.7670690782757	347.44460903699763	-81.46941825059234	80.08309956357056	-115.26692766604215	-70.17206292453862	189.48588839089737	96.31942340787913	10.11125636930983	64.74374415640847	-295.16585530119386	305.15982821938286	316.409415454363	437.2734494366312
12.65	63.155125613473196	-2.8692937545209642	-213.63673295283726	-690.2496319063544	-21.58991538903827	383.3808942575118	-21.658444902226886	398.58839220641397	431.5155015270661	132.36586608610267	71.62442898507989	347.15621656393097	-81.5582001518699	80.02551031845198	-115.19493123446773	-70.2241215879027	189.48588121680132	96.31655385541151	10.098010178719248	64.82426523484243	-295.26346074152065	304.98337636098455	316.2520407855453	437.34924244708736
12.666666666666666	63.10655175872641	-2.9638647280451047	-213.58684499897157	-690.246598178067	-21.57451476417149	383.36196603632663	-21.69990630168031	398.52873382152256	431.4866984240736	132.44693738918807	71.56978021986184	347.0433512786918	-81.58901918685086	80.00721600673693	-115.17586297183655	-70.23938217133026	189.48587835495354	96.31288608482298	10.094071313279262	64.85159799206754	-295.3012545009319	304.9273856138575	316.18544392314163	437.3743230030458
12.683333333333334	63.10989556984742	-2.962401439752039	-213.59539931531575	-690.2462432062805	-21.581027750243994	383.36403012690886	-21.699374681766535	398.536418978128	431.48503273584925	132.43481850633123	71.57249162926314	347.04767533850196	-81.58582560539115	80.0100767782541	-115.18122430518257	-70.23616642802656	189.48588406184922	96.31173607831127	10.094864178487828	64.84842333818499	-295.2995712296215	304.9362224231894	316.18546150622774	437.3710409295209
12.7	63.14958616597455	-2.8716744108490264	-213.62299862207186	-690.2500153912288	-21.579372518544268	383.37776701023483	-21.65912228324167	398.57631094577437	431.51810133804145	132.38515571116886	71.62018360270733	347.1492247072553	-81.56325738222894	80.02089911810444	-115.18625580190385	-70.2291162731245	189.48590116164118	96.31842471305748	10.096782697521265	64.82937586650321	-295.2660055619779	304.9694276624148	316.2520957760636	437.354583373584
12.716666666666667	63.22647052085605	-2.6646877240348203	-213.64526229543225	-690.2605645116863	-21.54270648769146	383.399998702712	-21.566570803367153	398.6321943807175	431.60455055200026	132.32848850296108	71.71934153690785	347.3674070167964	-81.52591264307186	80.0320947408313	-115.17117496125783	-70.22846977085533	189.485929790608	96.34001137508079	10.097368469623099	64.80031323965967	-295.1950392745732	305.0037259071512	316.40951127742704	437.3322144101126
12.733333333333333	63.35073877469286	-2.2990605800496353	-213.65010877252953	-690.2808427835313	-21.450085282445514	383.43154630300756	-21.40249965912362	398.70116971402837	431.7665997554326	132.27631530855228	71.88633278322352	347.7413804880079	-81.47192441883948	80.04044106805762	-115.12203330092588	-70.24040171547402	189.48596436934565	96.38349181203847	10.095189198970907	64.7611589407335	-295.0744476768147	305.0292216955481	316.6921520786179	437.30553700410064
12.75	63.527465998435176	-1.7572695669843232	-213.6348944140802	-690.3119840399587	-21.294776227897586	383.47323671118505	-21.159063666291726	398.7840530043728	432.01283548455496	132.2300735937873	72.12847543050529	348.28812132818445	-81.39971155396304	80.04539089516888	-115.03460608387189	-70.26659314479028	189.4859890456462	96.45137411912799	10.089861688301632	64.71103462760139	-294.8988935223382	305.0442231483986	317.11394196221676	437.2742967421861
12.766666666666666	63.73424819219499	-1.1126774502891374	-213.6057918809923	-690.3496273864974	-21.10118711564842	383.5202658436323	-20.86942112036916	398.873139196766	432.3088745771739	132.19021458844762	72.41394170308982	348.93497120135163	-81.31763972598023	80.04764865164088	-114.92343169413721	-70.3019787348571	189.4859729939273	96.53378917750578	10.08246997537611	64.65524300359742	-294.6916656992662	305.0508946182773	317.6172088779077	437.24110920672507
12.783333333333333	63.892009561571	-0.6186164286412671	-213.57992908432038	-690.3788095510656	-20.95010483064681	383.55526957175726	-20.647743222568412	398.9382639253063	432.5369689847549	132.16431887889314	72.63185930662192	349.4296188820293	-81.25601950666558	80.04823531067069	-114.83594864279925	-70.33057424039549	189.48586878148092	96.59738892512802	10.076409322410026	64.61364034838334	-294.5335870351576	305.05242011315397	318.0033819495971	437.2167389920472
12.8	63.83550661108125	-0.7997317416554197	-213.58901145506607	-690.3686454380279	-21.005713582933	383.54156067199074	-20.730228799432037	398.91375185525345	432.454178344874	132.17345763762708	72.5517423490112	349.24826842854657	-81.27890804444401	80.0480001702021	-114.86791952274996	-70.32064526782634	189.48561938213754	96.57375199305363	10.07839044825842	64.62872519464405	-294.5924347395797	305.05154591543646	317.8617436052941	437.2250035530637
12.816666666666666	63.30007620490515	-2.492852027733836	-213.6810873641358	-690.269904951679	-21.527762305538985	383.42019057769636	-21.493371839393987	398.6927224013145	431.67356528483407	132.25490159915432	71.80538320660399	347.55459046666505	-81.48932797120597	80.04744249439898	-115.17041534051592	-70.22246245728053	189.48518158429846	96.35420052683298	10.098916645346394	64.76922793723325	-295.13602487456853	305.0500693663374	316.53754041026536	437.3049709654919
12.833333333333334	61.954939215653624	-6.7412537601040015	-213.91470931104206	-690.0211467951309	-22.83885205499094	383.1175653467089	-23.406213959466864	398.1408377337297	429.71291767672784	132.45722269847096	69.93345160880872	343.3054551977393	-82.01614593162526	80.04670895784338	-115.93085523898786	-69.97443783728794	189.48457378654078	95.8035523365524	10.151008177610784	65.12138961577855	-296.49821714355306	305.04883454973276	313.21470053317455	437.50605724820383
12.85	59.52680007769972	-14.404057131769576	-214.33753174749364	-689.5715507797817	-25.20391766735872	382.5733406692855	-26.85439221873733	397.14713065303084	426.17494331336604	132.82164709671582	66.55763037901421	335.6416219337402	-82.96559830976423	80.04567906550984	-117.30313005091645	-69.52587171427211	189.4839515870581	94.81076256492241	10.245434039955187	65.75657734490612	-298.95360460231547	305.04791826947314	307.2213387110503	437.869565366189
12.866666666666667	56.06118057307694	-25.331201059928137	-214.94090626000093	-688.9292712895419	-28.575635953256903	381.7991154128254	-31.76877596242382	395.7311226086124	421.1280920163081	133.34273757288196	61.74411795639036	324.71290408792936	-84.31901125349536	80.04410514785756	-119.25991750776707	-68.88516614168464	189.48370125645033	93.39583048354838	10.38057524424985	66.66288229949461	-302.45305751692047	305.04684105410223	298.6750344993874	438.3895786269843
12.883333333333333	52.14579492702967	-37.65935808526369	-215.62112397659368	-688.2029031553495	-32.37729574893713	380.9282762332747	-37.30885379293255	394.1341345883282	415.4316713551427	133.9346530505132	56.31378001135089	312.3824577517243	-85.84553532791072	80.0418158369881	-121.46665930057378	-68.16108731836182	189.4845154092848	91.80090646668091	10.53380830442405	67.68665397517722	-306.39821734454534	305.0447710366915	289.03345401059727	438.9794240872048
12.9	48.66654508619277	-48.58559504026942	-216.22234921854798	-687.5567498579667	-35.74224270987221	380.1603235738109	-42.21183461211469	392.7188519636638	410.37887399327843	134.46702245348357	51.50115554375815	301.4534137206846	-87.19795816427566	80.03900876095412	-123.42030738069604	-67.51774109701277	189.4873760772468	90.3895939379926	10.671242396558437	68.59624362817893	-309.8898992829169	305.04078729283987	280.48897471036145	439.5078097463236
12.916666666666666	46.2148487936855	-56.245054336593455	-216.64069843758813	-687.1017940587482	-38.09468540757777	379.6261781962563	-45.639488307035634	391.72566151270826	406.8304644163943	134.8523572731114	48.12700058263942	293.79158253238916	-88.14532235682101	80.03663686898274	-124.78602079359993	-67.06515718976566	189.49332452410994	89.40284142146864	10.771047462783471	69.23692582139279	-312.3308236930429	305.0343261266859	274.49964072335126	439.8866833997976
12.933333333333334	44.84571218664958	-60.48490952094777	-216.86756832531876	-686.851438439437	-39.39025323831939	379.33161836593365	-47.529056691418134	391.1721707078311	404.85872647727297	135.0800814990695	46.25714734932075	289.55190994518273	-88.66892225228763	80.03681946613061	-125.53649057755977	-66.81461897330661	189.50286490549323	88.85771211035005	10.832717021877237	69.5941573508357	-313.67529403065043	305.02593336859053	271.1834324466224	440.10601486766035
12.95	44.30442318016619	-62.16111380574976	-216.9516631578908	-686.7634540447476	-39.90083233924788	379.2058601083272	-48.27969833741522	390.9445962688007	404.07408142024155	135.17955644557628	45.51239429660627	287.8819598395936	-88.87540968880809	80.04307364534345	-125.82707284697969	-66.72038039940448	189.5148707182878	88.63768499477311	10.867404852173374	69.73437478444767	-314.205938845144	305.0183557610686	269.86814257509747	440.1979122066452
12.966666666666667	44.290479196190965	-62.31516164964235	-216.95468822439773	-686.78785788884	-39.96209831384909	379.15974889742955	-48.384037718026654	390.9054137743897	404.00718573820586	135.1773292081174	45.431720067145925	287.74481028957194	-88.89504493616687	80.05997193921435	-125.8497331609048	-66.72788594962604	189.5250015563362	88.59907122396555	10.886065125510727	69.73613309310889	-314.2716725650822	305.0177789273338	269.7355131731236	440.19510813545145
12.983333333333333	44.57955011453901	-61.7866251612655	-216.9310772070313	-686.8868378573568	-39.85386777763745	379.11580074356533	-48.252338233174854	390.94562083852077	404.28870216649557	135.07724786545634	45.64428510121167	288.3050109298782	-88.83379308011205	80.09163609114373	-125.76487028741636	-66.79520176621345	189.5239684609934	88.62248979707147	10.89236875391689	69.65844917283695	-314.16334074295486	305.0346183287418	270.12536142354065	440.1118661941983
13.0	45.045719393554705	-61.11195034286477	-216.92265859124092	-687.0337830946326	-39.76461841678707	379.02316726113844	-48.1579225901564	391.00125955885653	404.69366662191686	134.86051495292048	45.916361093776864	289.02644299440607	-88.76051684387514	80.13839333727084	-125.68317543528768	-66.89538975736201	189.49656632385913	88.63020491730441	10.879088676697764	69.53528750826011	-314.0764796086583	305.08270254035585	270.61718701325844	439.94321749327656
13.016666666666666	45.62160589392182	-60.570367070220264	-216.9591312802356	-687.1981740818655	-39.793956621896356	378.86987046705315	-48.23629770762123	391.05196537223935	405.1116765883705	134.50499582824412	46.13445278510193	289.6207960570598	-88.7117067632164	80.19116312728005	-125.67083804353548	-67.00701095458571	189.42319690620107	88.58885069984221	10.827625423445445	69.38626577548905	-314.11317912926137	305.1750839506002	270.99849745910905	439.6800797788445
13.033333333333333	46.22209011707033	-60.27825450042525	-217.05693042577053	-687.3223580331608	-39.95957437941851	378.70019625443894	-48.489856970270004	391.1129501662351	405.4852054103582	134.02539447753944	46.26732174631014	289.9457570616641	-88.70118667913431	80.22401156208936	-125.75811710492943	-67.09834647107161	189.28642980879664	88.5110127746112	10.711989384592373	69.23664622268412	-314.28839969578155	305.3144074407242	271.19680571457667	439.33980191826384
13.049999999999999	46.650254459382985	-60.27439441403108	-217.21134566533493	-687.2976401543104	-40.19051494606939	378.63782523604533	-48.77384661027346	391.2247181727302	405.74095312094425	133.53465773293115	46.33027748297937	289.9127371837024	-88.72750307336365	80.18713159773354	-125.93884873869226	-67.11050855657717	189.08547925978985	88.46141186248883	10.51016890525047	69.14139009064469	-314.5221804028967	305.47638438010733	271.21877271804766	439.0110421130386
13.066666666666666	46.50884390038068	-60.56806955587841	-217.3796882237471	-686.9519669747832	-40.30422092014817	378.9048507848485	-48.76441162199277	391.4387386852994	405.73043307490286	133.31859989224768	46.360394082741884	289.43737229129084	-88.77590860888158	80.00544184716937	-126.15559683261132	-66.94652512761425	188.860394225424	88.5649243896363	10.226465376647205	69.2066985479118	-314.61578753445605	305.58736277283623	271.11464554044693	438.905962665084
13.083333333333334	45.15978392296324	-61.13892584421228	-217.4578219788026	-686.0694577329972	-39.98190288830485	379.81319438878876	-47.93706837080472	391.793195513762	405.19796107253666	133.89724740740212	46.40213780624819	288.4527858758533	-88.81502131124054	79.59171172006565	-126.27284329002597	-66.47774601293202	188.72396729091056	89.00431844718483	9.926707837797096	69.5974474202259	-314.2280087725258	305.50225511204076	270.96995230001096	439.39950251944305
13.1	41.80538702439407	-61.88697345490282	-217.25965680257582	-684.4704055689946	-38.77659728231366	381.6900060116339	-45.614618655578674	392.2718742991627	403.80505748884707	136.01708672803295	46.4981344688999	286.9993237120466	-88.79105489343003	78.88629716694946	-126.05071169599343	-65.58410840204559	188.89148531541903	89.98588101310625	9.782483178459879	70.51113002015465	-312.88873306925836	304.9977598854828	270.9163244195888	441.01484661351594
13.116666666666667	35.79662035910548	-62.540725521508406	-216.51977838248632	-682.1827674891581	-36.20942592697461	384.68861602912494	-41.17278019879041	392.7430788350081	401.254204116394	140.4831848526606	46.67804850853211	285.3946418781156	-88.62566366315497	77.935367399624	-125.1454420456342	-64.24740008953447	189.68580581189678	91.64373375184823	10.108871745402407	72.09152765978787	-310.10879631744996	303.8070627163484	271.14540779894423	444.2902475690092
13.133333333333333	27.281934343490576	-62.54920959885921	-214.9518022555255	-679.7217146143419	-32.02439728220381	388.4440118540344	-34.50483415481455	392.8868225142728	397.5607382718316	147.71433306420408	46.939036738378505	284.4620338675863	-88.22707802861231	77.01124346644552	-123.17888028413486	-62.71047114789659	191.47934251119835	93.8548933876185	11.362098962416297	74.25488981190577	-305.6593171567456	301.7323395123417	271.9014211150862	449.44667257654595
13.15	17.75787899985195	-61.1165414678214	-212.36906534506727	-678.2146972095583	-26.482372420053135	391.85353841451524	-26.46489852051504	392.20771895106935	393.29817547089317	157.24632797444542	47.21426866958248	285.5376352054118	-87.52736602582694	76.65417667323315	-119.89643137089377	-61.560520536325335	194.53582018137158	96.10404526063631	14.027056412829271	76.55460467048482	-299.8789574713557	298.7936600002287	273.41921799953764	456.0399879746742
13.166666666666666	9.464463368319048	-57.584498235501925	-208.78490780837967	-678.886669098504	-20.3000815379284	393.5685795787159	-18.538663112368745	390.2704772835432	389.36448866717006	167.9003963179636	47.33279078368218	289.8409766431633	-86.54494752810292	77.42547487866517	-115.32985533648338	-61.461194219838994	198.78540261252104	97.70859913412512	18.376032092530867	78.37527802053914	-293.5684369109237	295.24070348498833	275.79605175624647	463.14109980295194
13.183333333333334	3.9398823233320357	-51.894657402349566	-204.3941394242464	-682.2323610315452	-14.22309900989612	392.9129403366973	-11.87392470696547	386.99498825951656	386.3268329278811	178.6298784962992	46.98606051350946	297.6420915128111	-85.43751203873083	79.53674891516063	-109.83165146297831	-62.6956121163848	203.65970854805502	98.28172688990892	24.292849929888998	79.35843771241164	-287.48247716004767	291.38643580643446	278.84435576783346	470.01631430273363
13.2	1.4705774632306785	-44.61777345569886	-199.47015157415575	-687.8293258351698	-8.768268710808353	390.1699969009974	-6.828743955699838	382.6827484786383	384.01349335499	189.0495648652881	45.73425111686667	308.16978617919153	-84.50988023792893	82.78755963489039	-103.98003181208564	-65.04176620027977	208.06676280244255	97.89632825743838	31.351148234325088	79.57119846831114	-282.0405070569771	287.4709853773611	281.97298629801287	476.5205502426491
13.216666666666667	1.6903890661106593	-36.639336349731764	-194.29246334207974	-694.7890362589944	-4.309384219745027	386.1605435997387	-3.2878764624096393	377.8265363817404	381.53566906829633	199.27508333029567	43.10618732900499	320.15131431274864	-84.17585007391796	86.79065066248042	-98.46831341599842	-67.99838559651451	210.48172782770982	96.88872254179604	39.0125635608437	79.34584058156699	-277.4468056586629	283.66760718548716	284.08886340963335	482.9426905157828
13.233333333333333	4.2041785711813935	-28.904728397363375	-189.15030729629785	-702.1674603233186	-1.1965137648321598	381.8113374175049	-1.0529676665122	372.9643429451968	377.4262261003908	209.536211147762	38.8616689497302	332.2553261463924	-84.86494966560227	91.16005454375579	-94.0152569619006	-71.00740577956333	209.19948819965353	95.64617235478215	46.72941197697675	79.0880577464887	-273.8717108635805	280.1455997481285	283.55451523681023	489.6818108958904
13.25	8.739742601290311	-22.28282858986131	-184.39010238068494	-709.1401916491587	0.29823186634573456	377.93766552588096	0.02523044932238655	368.62525268128826	369.8584581327016	219.81436506430663	33.476148568973095	343.28358133017315	-86.8231130079749	95.56640992003447	-91.2132153886601	-73.57378172912462	202.954465608987	94.49965011269143	53.94182397877967	79.15599958427408	-271.48621680568334	277.1138054262826	278.37224132701823	496.9281704905892
13.266666666666666	14.884310725251133	-17.393360406413706	-180.45161738569752	-715.0931848553614	0.2654456541908691	375.0956627012415	0.14929733050528537	365.2771649234572	357.1843141999864	229.49571219218794	28.515947395026693	352.329322178244	-89.74910193205703	99.7226825846577	-90.20071931775468	-75.37050227070384	192.15372908758678	93.66300411547694	60.06617754360673	79.74922530520004	-270.3168676414402	274.81099995151175	266.86744655854625	504.30671214369977
13.283333333333333	21.683722776784318	-14.377209006919777	-177.82927878989778	-719.6982032850433	-0.53622448355204	373.4689650394633	-0.23619236616775657	363.2364305801957	338.55275358364383	237.34013452354716	26.09561671385564	358.98260402348865	-92.51430098775255	103.35981303040843	-90.34357977765038	-76.33839025463487	179.99305989278503	93.1924047237097	64.68376692669216	80.67725357502624	-270.043547660266	273.42907528609743	248.50920592337783	510.7692098096447
13.299999999999999	27.68206577457826	-12.861923288255706	-176.89706949731652	-722.8898198973667	-0.9515551502326325	372.9011123404496	-0.5076321585044087	362.57627060215276	313.8096324004924	242.17986149242296	27.48984655061815	363.3689539904676	-93.61454061200901	106.2308772787234	-90.51161010932555	-76.65894261864321	171.33698708840242	93.00121857405871	68.05602578319092	81.26900327384912	-270.06768711759713	273.01621564305987	223.74194528289507	515.1960771354829
13.316666666666666	31.485563769125484	-12.286621937413912	-177.5857318758269	-724.7241816012001	-0.3665474043166663	373.04039246248897	-0.2837059433524638	363.065568168868	283.29660627861114	243.7388831327909	32.05764713942073	365.86207764559	-92.39669000917485	108.14869958300397	-89.98242188500174	-76.57548201819606	169.37165275827468	92.92387603892166	71.47130394941183	81.03964620727685	-269.8995804240373	273.4496936881829	193.39702585457354	517.1885768209739
13.333333333333334	32.075160372775294	-12.27176286421361	-179.20754897497267	-725.2947463406058	0.713130212485009	373.4604165014382	0.27655441430624284	364.23157080804816	248.82786934719866	242.63480809054087	37.07096675183003	366.76587996688636	-89.79684082348615	109.03764283110007	-89.00438979845883	-76.25710350950563	173.43426299702034	92.77635063844431	77.02982125894071	80.36494716536366	-269.44096559663734	274.5140507971042	159.38690375056103	517.1488588876452
13.35	28.891637093117097	-12.659384020972592	-180.93509467465987	-724.7781189867776	1.351926529792923	373.79326814955255	0.8273071400100546	365.5954463284307	214.2273631822343	239.94598216190593	38.9643372600568	366.30105609888443	-87.32392581202038	108.9604401198571	-88.25902048668027	-75.81767886692057	179.89020172026716	92.44452504767061	86.92392970670207	79.99346513735433	-268.7836398764629	275.9844993119572	125.4437233057711	515.9304814738633
13.366666666666667	22.728845380144435	-13.310230397546837	-182.53167078584278	-723.4588782024282	1.3067676080858726	373.85121309243294	1.4275586716552406	366.8188153012449	183.71836294776114	236.98191179127022	36.209666590916676	364.783020012744	-85.37840249064188	108.09325041029082	-87.9100732764847	-75.3656277921375	184.86844630083408	91.96605973202817	101.9150920205018	80.27734772421452	-267.78928221291517	277.60197441667407	95.92908073484574	514.5838862079444
13.383333333333333	16.19075353589028	-13.970904640029342	-184.28196881018405	-721.6603281545293	1.090366024399078	373.60968797323807	2.521400454814723	367.62697001896515	160.19421891969205	234.93082360075746	30.97673621977475	362.6981614046716	-83.22861524848369	106.66906604470097	-87.51058405866779	-74.99126210982861	186.70932044202883	91.4897315839269	120.12354714009197	81.15396873462836	-266.07954962825204	279.0260199358981	74.11466929143982	513.9568435366555
13.4	12.08012755398392	-14.332248345291616	-186.3773276649563	-719.6774710393985	1.2526842339914759	373.1192071114382	4.447045887249318	367.7934601775164	144.96333225234596	234.29605365592676	27.108973889084044	360.5861107729525	-80.24830713364533	104.91835911824411	-86.62563479860165	-74.75911192115477	186.13529623360446	91.18722311413944	138.11972261456825	82.40087910624776	-263.43127314534377	279.9151411449232	61.53205910700209	514.2111948008499
13.416666666666666	11.913493819673834	-14.188246893394577	-188.77930872696078	-717.7522874590869	1.811689923149359	372.47449417686374	6.977606258678202	367.2902483912658	137.91514578365695	234.84922011480262	27.07507914510078	358.8349075206429	-76.61262857180382	103.02315441403739	-85.39193729876462	-74.72913304505005	184.60172356342397	91.21602832154741	153.1181939042381	83.73066752971933	-260.2260209632357	280.08662116935176	57.689124820421135	514.9358412841542
13.433333333333334	15.395407107769255	-13.538685719841189	-191.36879878352588	-716.0637169304364	2.1718226624553205	371.80551928888065	9.20543842977502	366.3341343380525	137.81711565464784	236.15965248617124	30.43912417140086	357.57386774250426	-73.21606131099121	101.11255346234539	-84.5848600945171	-74.95116346809158	183.09845062870815	91.63712869750503	163.93092676721108	84.92517161140498	-257.55124432719737	279.57745158107997	60.26587132745043	515.7371040672512
13.45	19.648715795754722	-12.549043899765422	-193.61282392259994	-714.7211890323064	1.8239184842614553	371.2263239217609	10.051895582789685	365.2366990731054	143.07131550947747	237.83972575271684	33.606607466691614	356.74366633816396	-71.21806030927728	99.29271023792936	-84.83088423187723	-75.42847879437763	182.04018411051598	92.31510219328952	170.74995170663237	86.00432958644704	-256.602907133349	278.58189635696664	66.46840837612847	516.4216221096835
13.466666666666667	20.421783399715054	-11.418320421500294	-194.32124170419712	-713.7664584490785	0.9552068484390192	370.7445874721175	8.963669679376775	364.24056689909315	152.08307767945337	239.35727021482037	31.922480999995354	356.22866394606024	-71.58761300099981	97.64698436756056	-85.90885470519699	-76.11947408151846	181.4950429962384	93.00502175064543	174.4906966901508	87.05463163243662	-257.90039187425924	277.37650534545713	74.18268580519413	516.7337755602775
13.483333333333333	15.316248342869947	-10.254220845405122	-192.48744577232685	-713.2024661282774	0.03667644580400456	370.19938785031184	6.309548319918403	363.412218875471	162.67966863792844	240.16226100450234	23.18088232229429	355.9554599956603	-74.66805091939324	96.20968084106548	-87.15549669172017	-76.99278528721226	181.36519203210867	93.53359673599589	176.11815649737952	87.8346000941246	-260.88262481760574	276.2200457379469	81.79704382032264	516.3823067424493
13.5	4.937271278293794	-9.061510128834252	-188.21099437426034	-713.0016010962888	-0.7116287384733981	369.3627655692978	3.2028317773100117	362.6430068019796	172.00689478534937	240.18269271036357	8.459415675679047	355.91290749428185	-79.89058340668379	94.97441762311614	-88.10157778094421	-78.027183473173	181.49161241784054	93.83815496321292	176.4348720162074	87.82764700805093	-264.1871172651608	275.25305775950886	87.81977752018855	515.4357504698726
13.516666666666666	-8.470960926834607	-7.871937052381529	-182.22893082383152	-713.0728596131189	-1.1659709624654395	368.18624784028395	0.6105280205225146	361.8579440153675	178.168771238077	239.82396189655668	-9.773374595387315	356.0460719060438	-86.27813863361165	93.91800895842535	-88.50706945744327	-79.15485065469379	181.71357153177368	93.91753976233842	176.09370275996892	86.85643620337652	-266.7305704744553	274.5168455203898	91.43820076362168	514.3408074169466
13.533333333333333	-22.292959815183607	-6.786252647886823	-174.99993871764195	-713.2579402081275	-1.0263990915597538	366.9136178417833	-1.266239409593708	361.20692748284	181.51926776234242	239.4164215139567	-28.96001072021045	356.21130094497937	-93.20046483096266	92.99755359286623	-88.20040354860473	-80.26038661526155	181.92813879676245	93.78767962531744	175.48623033926202	85.41720305633882	-268.4402438666387	274.0329230257951	93.07902389570376	513.4493445397519
13.549999999999999	-33.9784574836954	-5.801676170913462	-166.8399686913843	-713.3713844936258	-0.018376072451534678	365.88411473039776	-2.662110419066837	360.9297684627	183.59266874662507	238.97196826073426	-46.432293712401325	356.3332433816936	-100.298987052484	92.1349195526071	-87.13895574386842	-81.23646494101901	182.1052087770385	93.45903860028116	174.76880268185033	84.1996746531457	-269.78269009048375	273.80918879128313	93.80997865614137	512.7811570520174
13.566666666666666	-41.3993717347655	-4.766941891530549	-158.43818361375997	-713.2754496373839	1.8164985077384097	365.26399242802216	-3.766136837472924	361.0953179265609	185.44140214247304	238.38791713177747	-59.57349062509602	356.46914135514186	-107.04867669723565	91.23608324667246	-85.48686031099574	-82.03936639071183	182.22758761989965	92.96214883866972	174.058576559445	83.49841864791908	-271.06949565620704	273.79195910782676	94.37190648626601	512.1798762396043
13.583333333333334	-43.50734240233661	-3.622776608930442	-150.6577095941531	-712.9527745310207	4.226747899364514	365.00720072694924	-4.664102873462225	361.5864008531932	187.30067533109278	237.62173748708346	-66.7424936874893	356.6287212037753	-112.82401995174709	90.25149781270582	-83.4817295459003	-82.70127671831537	182.27510536098578	92.35572528158013	173.49864999316796	83.20826866229379	-272.372580318727	273.8779234079284	94.92809501236574	511.4996608950118
13.6	-40.80479818413098	-2.525886931659736	-144.0916326105122	-712.4943379490952	6.9822708616746345	364.969700813959	-5.444935767861411	362.2539728987635	189.10205409845446	236.7366920643089	-68.001364210869	356.67301252241776	-117.19123583679028	89.19889945407765	-81.28286844730259	-83.29543849501806	182.267477994236	91.69864117073332	173.16648529945374	83.12350378193317	-273.71007507683856	273.9888335897862	95.39197902161577	510.72552565409495
13.616666666666667	-35.02458163487036	-1.6735804244325716	-139.09241249510293	-712.0423089979673	9.892188417381636	364.96851338950626	-6.199499854858414	362.98591489038574	190.75817867892414	235.89359878095212	-64.75579357845169	356.4578036474292	-119.89483740312765	88.13138407186194	-78.98724989823064	-83.91092492610584	182.22347238443	91.05266049064177	173.02406125926387	83.08070921177912	-275.0789381704706	274.1064765747734	95.67924050845339	510.0000753557253
13.633333333333333	-28.17083762274329	-1.1548074803566113	-135.96132541389576	-711.7463927332255	12.752036202933972	364.8240091780027	-6.9463469350469556	363.7002813370122	192.08626475294443	235.28868694262627	-58.72208203821102	355.9617629735111	-120.7404698405312	87.11657045386788	-76.70179525442698	-84.6298222793581	182.10266203834823	90.483510277946	172.98949951260894	82.94210789529053	-276.40017839240784	274.2464498796512	95.68608636053648	509.53513682227725
13.65	-21.617692588341054	-0.9970133522008482	-134.86714411248087	-711.7007211378658	15.359745326503838	364.4573300148141	-7.663734311649993	364.36362262853294	192.90201381248252	235.08999114972136	-51.17634764377164	355.2267500574861	-119.7073983040086	86.22376340968711	-74.57454241648948	-85.4769577281791	181.86597594673813	90.02212480343049	173.0170594871512	82.63014875555753	-277.59802205464325	274.4293348855396	95.30399175783921	509.5193260352608
13.666666666666666	-15.879646762274797	-1.208475413578113	-135.72793927601026	-711.9114548548085	17.519548145182682	363.901379091288	-8.389979958042126	365.014543391581	193.2541902280637	235.36779641038314	-42.85988707932482	354.2847236508683	-117.07214746045751	85.49319906444653	-72.80008673646778	-86.41825579036237	181.53112811976837	89.65641094055579	173.09917586484335	82.21616790784145	-278.7096148396925	274.69490850993054	94.54457538837113	510.06270492031354
13.683333333333334	-11.014247357096554	-1.654303771951518	-138.23911735589135	-712.3198235829633	19.0844255157574	363.21474682692065	-9.188171565814091	365.7462029815264	193.37001457968802	236.04138451534965	-34.275067861379505	353.2522487993977	-113.30447496688612	84.90655257134935	-71.5435923227775	-87.41327101161414	181.13255829111043	89.36259597378563	173.2428135360013	81.88814398181567	-279.8161894043489	275.1181851429914	93.55382517533904	511.159569658341
13.7	-7.018331294808959	-1.9537863235531878	-141.94178176784564	-712.819521009688	20.06122341278063	362.44477364001705	-10.05893235634075	366.63835440452755	193.44366661397257	236.91207299241754	-25.884816995157028	352.4290609201684	-108.87844222535718	84.38284724372171	-70.82022399320287	-88.43667376596636	180.69912858097857	89.11771268738	173.4678804788538	81.79459883925249	-280.94037976232426	275.7569069985439	92.50328685164834	512.6689799909614
13.716666666666667	-3.950531239786266	-1.698199145522282	-146.33626519756942	-713.3010916906408	20.594380628990066	361.6041246210117	-10.990644080248842	367.68498657783863	193.5999021947953	237.69981049922626	-18.11742487192567	352.1138519743566	-104.16251936521405	83.812051119879	-70.49878456278354	-89.48904057076183	180.2830098037496	88.90974944459103	173.79393131983352	81.94073920351184	-282.0838092720225	276.59182138606485	91.51609292277293	514.291631885291
13.733333333333333	-1.9473894359887023	-0.787660115873585	-151.0326085721057	-713.7147062836881	20.83171861892925	360.63866877563515	-11.996861286671916	368.7960892354467	193.9143270194372	238.0808575019564	-11.340064356240015	352.3187021530576	-99.38268559935715	83.10636226893126	-70.4152941714629	-90.6083440147569	179.9590913919649	88.75666529694638	174.2107478286739	82.2082863223847	-283.2438740770641	277.5490764450543	90.6704529423732	515.6299339470107
13.75	-1.074454643144372	0.5838938726932665	-155.83900542607284	-714.0968160240935	20.84849373607274	359.469215061931	-13.038823117124258	369.8617010512101	194.3582575885672	237.86920901663348	-5.703584286012476	352.84300967048557	-94.61941612608683	82.2591157977923	-70.45842155215976	-91.83770022630134	179.78866891646518	88.69608552733288	174.68042172520558	82.44821292422922	-284.34573840535677	278.55478576297736	90.01251918321051	516.4239947796109
13.766666666666666	-1.0500755131043378	2.2137997456161718	-160.72118469108605	-714.5847483619731	20.6454755202139	358.0442101923913	-14.045667816925258	370.78937171177984	194.85200763463004	237.19800718428723	-0.9330312335654456	353.6002718123389	-89.8758262763421	81.38647206672272	-70.59701096742822	-93.19827629525062	179.80104100715488	88.75942506570954	175.16102307852543	82.57334768595396	-285.28815430456734	279.54688522413755	89.56385333006274	516.7448924084249
13.783333333333333	-1.2598660693317347	3.983186089994767	-165.66247114166694	-715.3276540940109	20.17218822713259	356.3486981760017	-15.032914545336634	371.50654227558357	195.39722025799188	236.39812526119843	3.5334988507110516	354.62255403504247	-85.20232495616573	80.6393679450477	-70.86479609783277	-94.68828614896347	179.99302126715702	88.96396180178414	175.6104019474657	82.58049611153109	-286.0698988703019	280.4695579506181	89.3273213876899	516.8676832118166
13.799999999999999	-1.1348205125435067	5.750472720290492	-170.54299782925472	-716.2815233674935	19.401636246005992	354.44484162486606	-16.07564084257487	371.9878988215608	196.02724114444646	235.71243129903925	8.108813637576151	355.77792973011685	-80.7542739072729	80.02745700982638	-71.2972717365277	-96.25406635766744	180.3213568504423	89.30138432961546	175.99081795996827	82.52687800745431	-286.7745488251085	281.288990839027	89.25269231933783	517.0014221380662
13.816666666666666	-0.4446879473224861	7.390980351148338	-175.10146811584602	-717.1801233785704	18.420707858623285	352.49197274895045	-17.178634538685085	372.2778664598766	196.681534785692	235.22044389687989	12.800565131428334	356.7866517090804	-76.75424879512003	79.39567135793204	-71.85571691096612	-97.78445202063871	180.7018300552131	89.72351877486354	176.3064330424627	82.5082088794036	-287.4550593082745	282.0014416902871	89.22647547741744	517.221885587167
13.833333333333334	0.670853581350664	8.898260135277766	-178.96770815389	-717.7297000742595	17.429946419709967	350.6708924546124	-18.25526629405958	372.4445544327195	197.24478352487506	234.92327611549757	17.23357998075186	357.46305238829507	-73.43814570225523	78.56479225301729	-72.40585385614531	-99.16490782124262	181.0422428730732	90.16401452963285	176.61876891908594	82.60918870063001	-288.09106656991486	282.6087541568642	89.15371695496015	517.5320302723618
13.85	1.7558450620437605	10.29311426975766	-181.76284212060588	-717.7388783708146	16.647733731313068	349.11616526041064	-19.19426622526042	372.52377475594244	197.63055895363556	234.7488655401575	20.746970345735928	357.72618024785766	-71.01140180120689	77.43306597809996	-72.77424392181285	-100.30581239271507	181.2890888257626	90.57783397809787	176.98433517495053	82.84295974979099	-288.61624387838634	283.10179710281653	89.01431507524919	517.850662642974
13.866666666666667	2.1894071644866004	11.515034481852883	-183.2412937238632	-717.107385695801	16.211021452592853	347.9174997893297	-19.899762869905466	372.53177101641927	197.77923649411187	234.54192907567568	22.60086701149015	357.49426838762815	-69.59333640289981	75.97923390577525	-72.83463012676313	-101.12815179002614	181.43700690504744	90.95420956739595	177.40035692925773	83.15382090755048	-288.9454144492614	283.4861194370633	88.83382204485045	518.0280485127389
13.883333333333333	1.5208218832609681	12.44424460008168	-183.38712238686082	-715.7744244926109	16.1456505136989	347.1460031704339	-20.300886099442913	372.48545052341836	197.65676477992596	234.2048395124721	22.360482548400032	356.6640508518764	-69.16784851069077	74.21980625179474	-72.55497089755171	-101.5546182408167	181.50112032386198	91.29929764112593	177.83789599604796	83.48174978879553	-289.00150751069356	283.78482911216776	88.65525726923248	517.9896686246396
13.9	-0.2881658373110296	12.927919770472608	-182.39742217034882	-713.6981586422697	16.397727847884944	346.8571118873636	-20.378284729289728	372.37742397939775	197.2785161942035	233.84377068463377	20.130926888893008	355.09752258478466	-69.59051769708779	72.1696028143121	-71.98793986743672	-101.52855582795813	181.48961546591465	91.61429708196567	178.28301898185103	83.8100074554719	-288.76395244461145	283.99175626407606	88.51456374959214	517.8355269487096
13.916666666666666	-2.9157427805322658	12.809071754492894	-180.60685436281094	-710.8890876123005	16.843430423101342	347.0370800456291	-20.196957614033522	372.17036859457636	196.69180442987852	233.60403592531875	16.448319017108116	352.6402422819445	-70.64471234456585	69.83117052745168	-71.25156670737687	-101.05791708484918	181.3917126813626	91.90499604881587	178.7213221082018	84.14563896040428	-288.29195474451177	284.07537146409817	88.39984968536682	517.6794073894167
13.933333333333334	-5.817474465599785	12.012400204645933	-178.40929031467508	-707.3940279816125	17.27837991548729	347.5892673039136	-19.87989864351613	371.81274916038143	195.94260322592015	233.41319906595422	12.078185764435466	349.20244690473413	-72.10557835527537	67.19004670008827	-70.51486866995052	-100.20398128152432	181.20037566357118	92.20675815036432	179.12288152956262	84.46905646064958	-287.67314722895395	284.01950057494366	88.26945599696626	517.4326996408978
13.95	-8.401158844691953	10.578347932314	-176.15556184681589	-703.2065110690085	17.478099194742672	348.4409668603276	-19.53441791888427	371.251194781603	195.09523406511641	233.0858637569416	7.785001363090667	344.7960397108929	-73.79612510919841	64.21769177857898	-69.95168695601437	-98.98881929042955	180.96965799074655	92.57022436373174	179.4725517906854	84.71945793645413	-286.96420406964126	283.82140863084595	88.13102999547513	516.9072723877875
13.966666666666667	-10.246117862189944	8.593296940626841	-174.05771247275737	-698.2589625129334	17.311032564273034	349.62465532998345	-19.21179492303822	370.4708162013081	194.2588570564146	232.53932342955105	4.0915206590359094	339.4978239704815	-75.61034577603166	60.9045270298547	-69.6680582487891	-97.3544354830787	180.80358603928465	93.02091842424363	179.79904578997542	84.83316530124128	-286.1908857361002	283.49172538824604	88.06797132031426	516.031048817797
13.983333333333333	-11.180349374879977	6.1704891721074855	-172.17167049905376	-692.5201158041016	16.803340397058683	351.23942221571036	-18.92017744172617	369.50895502582335	193.56959181374773	231.7723775739456	1.2240998378802983	333.4663936147505	-77.48862268105634	57.295904442643064	-69.66029318011014	-95.22421136145846	180.7476597116506	93.53637264049377	180.15059877080094	84.79351952951987	-285.3838110188948	283.0453214486547	88.18578079485272	514.8176990226001
14.0	-11.221631136130446	3.521522845662106	-170.48150767199076	-686.0878626680096	16.09393038317849	353.37619346669146	-18.65171760975865	368.41048031811135	193.16159485402466	230.8092194593385	-0.794941302222367	327.03679992270787	-79.37334100248594	53.515277077045795	-69.85484867447676	-92.5725855909638	180.75366800845154	94.05122423583727	180.5437045758896	84.64067541464732	-284.6004966674136	282.46170126045627	88.56109818661072	513.2709207197946
14.016666666666666	-10.508157211849523	0.933716918689429	-169.0116794774704	-679.2446274073831	15.31518248429354	356.0552956408257	-18.393083586156	367.22877763214365	193.13651488409323	229.70647898256576	-2.0545874321344186	320.72165072670487	-81.18512727842935	49.787933808015445	-70.19680675589984	-89.45669359936767	180.77399483500952	94.48801195754326	180.9492848981587	84.43826944682417	-283.9050728263491	281.7167883919504	89.2314420577438	511.42326737451606
14.033333333333333	-9.243256130598557	-1.3403858057370925	-167.85136774191096	-672.4360807874291	14.51454013863531	359.1933141711195	-18.121799500396726	366.06799781214	193.5183393676765	228.50543349204997	-2.685350147357112	315.08405606702524	-82.83904520524003	46.42444187276234	-70.69041294715106	-86.01163891466693	180.8245411732752	94.79504692364426	181.32826183199964	84.21713261719695	-283.32675258618286	280.8630447263536	90.19158678149336	509.3684782184036
14.049999999999999	-7.661474343178075	-3.0918947893751727	-167.09628244437215	-666.1664915438797	13.649271643291865	362.58158287125866	-17.796945483091527	365.04653533002124	194.1941655927881	227.19587854597242	-2.816000403752425	310.62842503453265	-84.28220050356677	43.720319823907865	-71.37848294793896	-82.44617171997226	180.93697134296187	94.97224492512058	181.660946753312	83.94790075286642	-282.82470007432215	280.0187807387903	91.36946551846567	507.2146592847627
14.066666666666666	-6.00346407984714	-4.129506670801981	-166.7958503917938	-660.8947983546379	12.625118121876348	365.8910245790878	-17.34159531188355	364.2070159518583	194.89447413738228	225.76044306111152	-2.5678968741665082	307.7245395169707	-85.51080823228315	41.85404618777277	-72.30665862407699	-79.04075216686559	181.10491794313603	95.06822269735275	181.93670513904416	83.60617028143996	-282.27337205783675	279.2752392059049	92.6211020795453	505.0356822670164
14.083333333333334	-4.4652058337120994	-4.403253002908813	-166.9417555004215	-656.9314180992304	11.377898593763467	368.83002964506073	-16.660357002281597	363.4993023177655	195.333741502756	224.1727636427743	-2.07903600439983	306.4946849535365	-86.54385569366114	40.89793795644541	-73.48561119408264	-76.03348014278541	181.30680295376138	95.1364897755145	182.1420726304766	83.24574518030991	-281.5238667901276	278.63579252991934	93.80987471262821	502.80855617269367
14.1	-3.181492127929622	-4.090585464007231	-167.48157071865637	-654.3416304659737	9.927583343565717	371.33641205502335	-15.732300507627354	362.8595682293571	195.45628376124785	222.32248514476032	-1.525161268451819	306.78470101651976	-87.39360197824817	40.87528648052716	-74.87517269690454	-73.46634398544685	181.5412531645726	95.19724369026355	182.2745929542354	82.95514427603038	-280.5350565480975	278.0568121888868	94.92122721315015	500.37929733364723
14.116666666666667	-2.252286671115647	-3.413702104394239	-168.32670923560045	-652.9484831864647	8.345906335724454	373.53553327931746	-14.681025668968944	362.2764735006547	195.49622699718995	220.0448935384219	-1.0831847286574738	308.3204525304064	-88.07724625965675	41.7341546348008	-76.40395549525721	-71.21432855166411	181.8126601130946	95.25013804149775	182.35576667786077	82.75241161026736	-279.4308874999504	277.52661166967306	96.06533949723926	497.5715052080951
14.133333333333333	-1.7053230696352206	-2.460943311086882	-169.36035840772928	-652.4501541246933	6.692383034053587	375.561063398859	-13.707090287530956	361.75900440745147	195.76531489941613	217.25482667703903	-0.8670037014860019	310.85415849925477	-88.64337427142786	43.315101810341815	-78.00373267915718	-69.13505231435161	182.11048833961706	95.30388425218918	182.41429695097577	82.55673852847954	-278.4032060007415	277.06288869424077	97.36210889867435	494.31771537128
14.15	-1.4677110420053587	-1.3083542564681923	-170.47126764804148	-652.5997764895146	4.9730326154686075	377.451747325902	-12.94061340095239	361.26908418785047	196.41222916272812	213.99847682146049	-0.9305623178574554	314.12686774528567	-89.17200155015269	45.43522200175402	-79.64326919819423	-67.1645544877607	182.44974907476123	95.38369819943065	182.4524342700467	82.26776423442097	-277.556915214615	276.6527823741877	98.85531394811288	490.65125919564827
14.166666666666666	-1.438110165004495	-0.2539604411852603	-171.5872945209709	-653.3475579426492	3.1640233672021796	379.1461300363475	-12.356962206817048	360.7245924780257	197.35100870264796	210.40660750814004	-1.295200058172581	317.7497976282369	-89.73861202140162	48.003758069422275	-81.32590654237262	-65.34379987322716	182.93207469768308	95.51007011967374	182.4519748945619	81.8576785733341	-276.84689211639164	276.23466256845103	100.5041165862561	486.641270076591
14.183333333333334	-1.5363421450134898	0.2989961303752605	-172.67001718240337	-654.804026644546	1.2884918194531028	380.54260080350656	-11.83475817715865	360.0465349055194	198.37064049569062	206.67119011573573	-1.9209287048631192	321.317882682567	-90.3692318940044	51.01888655219185	-83.03924907640788	-63.785140092354276	183.68339229645588	95.6722591321645	182.4196048356451	81.38036846648407	-276.1624990730195	275.7187940096585	102.20814142267096	482.38998412539405
14.2	-1.6970860506185443	0.34565569176205013	-173.6950332351325	-657.0628861059978	-0.561284346983383	381.5780775196172	-11.279165649382266	359.1869083077617	199.31428882527544	203.05086975836338	-2.6984349003422103	324.82016380838576	-91.03270662084246	54.47450811662381	-84.72773985597506	-62.58837798937429	184.69455022910907	95.83354451096702	182.38729955307113	80.89916026183063	-275.44562115837385	275.02045279877	103.86866766690146	478.0713225571332
14.216666666666667	-1.8793385636980082	0.3706255538631642	-174.64621832268693	-660.0999403618058	-2.266393359168718	382.29967487384744	-10.646555196717582	358.1753526370572	200.17150308852595	199.81462474478857	-3.5136723408458996	328.7139022972433	-91.67651352875538	58.34327674338023	-86.32273185144234	-61.75666361842601	185.78623175705192	95.94366151896979	182.36757058168715	80.44293145657645	-274.70289368899114	274.11901414478353	105.46860939953471	473.93363888957197
14.233333333333333	-2.0457588853855744	0.7166326258185344	-175.5179540782437	-663.8237499757972	-3.727537846211596	382.8664919944226	-9.897456191836742	357.14254816084184	201.04167120699412	197.15487031834644	-4.274921399779537	333.3520297539053	-92.26442861010145	62.6353971280868	-87.78238268834517	-61.18835284771085	186.71933490267497	95.94515516247846	182.34681374089206	80.03853949069678	-273.9523010339703	273.0877033187083	107.08937017302378	470.24257363705453
14.25	-2.1158893163789236	1.14984848047868	-176.32717520996317	-668.1631841721737	-4.926049603401306	383.411409020076	-9.011575885530549	356.2356807982079	202.02384314426277	195.1641342059903	-4.880185955373545	338.5361228361538	-92.78719323001316	67.38627435567517	-89.11436843997637	-60.776909816498964	187.29564114764344	95.81168116405507	182.3149362567431	79.7189650526041	-273.19989472210557	272.0473619616329	108.82394842215714	467.211496167623
14.266666666666666	-1.9985558378059853	1.1328064353156855	-177.10767158552548	-673.0948035046597	-5.943248585571052	383.92107545039335	-8.015659150884886	355.5208209556444	203.11242864537007	193.85365662546934	-5.246574422520084	343.7246313491133	-93.25963104130142	72.59182491379761	-90.36730262682697	-60.502978590862504	187.42164937655429	95.57594595756046	182.28227147340831	79.48601367900062	-272.43971319214074	271.09676691438847	110.67271545322923	464.95042353985775
14.283333333333333	-1.6686812088549503	0.3268716053425246	-177.87409244023482	-678.5973139397016	-6.884870759352414	384.2895158023449	-6.959542783944907	354.9644083702469	204.21341300951423	193.19349491880064	-5.380052150895659	348.5092876621922	-93.71519200431486	78.1824160568497	-91.58928444454978	-60.41489788285243	187.1270673864574	95.29558631318966	182.26001096774763	79.30315798378987	-271.6639564691422	270.25999468504955	112.54945654037193	463.45348960385013
14.299999999999999	-1.1684773363853367	-1.148186967639024	-178.59178157344385	-684.588930866146	-7.806133854661634	384.4248754155937	-5.894054814274942	354.4739563436587	205.2469772760182	193.1579597044732	-5.374259137958202	352.8746160345811	-94.20535556073781	84.02280300222016	-92.79713713418178	-60.56612786392641	186.51027970250664	95.00899671912484	182.20477187333017	79.13356277053587	-270.885058093795	269.48295306413854	114.36191918222312	462.6409127686117
14.316666666666666	-0.549969734310314	-2.8525313539484296	-179.16607885284347	-690.9151631417989	-8.693581200566522	384.2883222605058	-4.867174905718153	353.9664728535402	206.19480518241951	193.70824844503284	-5.358410588324005	357.0720800677165	-94.80637632836321	89.92461142166505	-93.9724551812068	-60.990551720134356	185.69543565704097	94.7211260184768	182.01664954513205	78.978307648192	-270.1460488863584	268.6875988728998	116.04875629606109	462.39584731793263
14.333333333333334	0.1297884399120117	-4.34761946011716	-179.48495505620508	-697.3707233240341	-9.500066396754967	383.88198093685685	-3.9317536338846146	353.3999172235182	207.1049604726667	194.76021522822282	-5.4721024284502615	361.3204890331322	-95.59970710819181	95.66810849324955	-95.08466216439699	-61.70261483078502	184.83557656833426	94.41540423190816	181.6344963379436	78.85536586011146	-269.5163494015266	267.81532145587596	117.58861107114005	462.57553668409884
14.35	0.7643193064064141	-5.319141306993827	-179.49665317807762	-703.69182266223	-10.227651754701109	383.2168300395233	-3.1573062162981596	352.760033467438	208.06311537163197	196.1770968153603	-5.875151547641112	365.68268287435956	-96.63782709702375	101.0018241813536	-96.13448027510147	-62.6899984808769	184.0655795301822	94.09317147944996	181.09973053571616	78.75070418467692	-269.0641347366985	266.85320494703745	118.99898063493342	463.03030176239787
14.366666666666667	1.251894259517738	-5.58960506193992	-179.20015532549186	-709.5081800515737	-10.944725327179224	382.32752383894507	-2.612039483925352	352.06957708144915	209.12025966321897	197.75803372487437	-6.7007516662101745	370.0390002292241	-97.95166860104241	105.62860529116422	-97.15182392653438	-63.879574760409874	183.42257965329952	93.79290140065945	180.5188088839273	78.62671283976604	-268.8191380832805	265.8624784820938	120.30112157993845	463.62051220696844
14.383333333333333	1.6251219739369862	-5.260300814977414	-178.56556630163047	-714.3498162261188	-11.696294225244571	381.3302043480617	-2.3450595929089957	351.37241407421243	210.29028786243424	199.33429420724832	-7.9512281943181256	373.9745360350923	-99.57591164772526	109.23483685006991	-98.1414779493558	-65.11497937604922	182.8751144137493	93.55481627596721	179.99586624411268	78.45543078802604	-268.7902433170202	264.92723035010107	121.50004454541401	464.2615245573496
14.4	2.025612931633601	-4.733530132167979	-177.52606908604798	-717.7790036485029	-12.470875927820467	380.38686467603105	-2.4079826448485058	350.6695051841605	211.58891158862798	200.9178378910085	-9.519227760821622	376.83240212400716	-101.5447429101316	111.56593225617532	-99.07081199617964	-66.21307139232785	182.4317387382591	93.40006393172443	179.5854894987318	78.21272268851783	-269.0079187132077	264.0695691158013	122.58099287542032	464.98740700681
14.416666666666666	2.5444019859537392	-4.441507363711436	-176.03268691198178	-719.5642881407923	-13.270855966418875	379.58132826635494	-2.8595128689125717	349.92657131892395	212.99413066465772	202.61780763038416	-11.336981593542776	378.0608252610166	-103.88145283685674	112.50233262472813	-99.91413974883856	-67.06195551606442	182.17938247019356	93.35671621764347	179.28897800078295	77.8830710779764	-269.5027966513323	263.28328753650425	123.49133401332548	465.90109516688847
14.433333333333334	3.1758668682512305	-4.587452269919946	-174.09064994499428	-719.7960513666989	-14.143375841271068	378.87233083858894	-3.7023910255126986	349.1293465837304	214.39623205920145	204.45372685728336	-13.415101173405079	377.5425682616383	-106.59108757000676	112.13002053155833	-100.6817375150011	-67.6660308351408	182.22454972985184	93.46163832630762	179.08626294200522	77.49836938515577	-270.24075269924276	262.5909849100003	124.15547935995872	467.0447117672838
14.45	3.893624181533162	-5.121524379765588	-171.7882884214588	-718.8830306125825	-15.134982593165137	378.1714350992526	-4.829758416604268	348.28159905224857	215.65220090151774	206.3747994459656	-15.733243643759	375.6526596356185	-109.62697586815769	110.77418401538418	-101.41526428961652	-68.10884659719851	182.59735192817558	93.71971830356557	178.9508991298294	77.12310610605904	-271.1100401130557	262.0013173557971	124.54216078846211	468.37611680176286
14.466666666666667	4.67302968122643	-5.8686965357845065	-169.29415101135567	-717.4222547436738	-16.231141720434742	377.4388792346006	-6.080323297184874	347.39519866588944	216.74510121718484	208.34486147483318	-18.188219300348226	373.06810499157694	-112.8613231599923	108.93680152736157	-102.15547417134803	-68.48545321631244	183.18528570735134	94.07566754909054	178.84774543273318	76.78195411947236	-272.0046557480982	261.470866214976	124.7404454690867	469.8157276898093
